[load_obj] 'datasets/3dshape/2denv1_zup.obj': 12 objects/groups
  [0] 'Body1'  (32 triangles)
  [1] 'Body2'  (12 triangles)
  [2] 'Body3'  (12 triangles)
  [3] 'Body4'  (12 triangles)
  [4] 'Body5'  (12 triangles)
  [5] 'Body6'  (12 triangles)
  [6] 'Body7'  (12 triangles)
  [7] 'Body8'  (32 triangles)
  [8] 'Body14'  (12 triangles)
  [9] 'Body15'  (12 triangles)
  [10] 'Body16'  (12 triangles)
  [11] 'Body17'  (12 triangles)
[--2d] environment flattened onto z=0
[load_obj] 'datasets/3dshape/Lshape3d_zup.obj': 1 objects/groups
  [0] 'Body1'  (20 triangles)
[--2d] shape z extent 0.0286 -> 0.0100 (env-normalized units)
Delaunizing vertices...
Delaunay seconds:  0.001321
Creating surface mesh ...
Surface mesh seconds:  3.9e-05
Recovering boundaries...
Boundary recovery seconds:  5.7e-05
Removing exterior tetrahedra ...
Exterior tets removal seconds:  1.9e-05
Recovering Delaunayness...
Delaunay recovery seconds:  8.3e-05
Refining mesh...
  15 insertions, added 0 points, 0 tetrahedra in queue.
  4 insertions, added 0 points, 0 tetrahedra in queue.
Refinement seconds:  9.4e-05
Improving mesh...
Mesh improvement seconds:  1.4e-05

Writing nodes.
Writing elements.
Writing faces.
Writing edges.

Output seconds:  2.4e-05
Total running seconds:  0.001705

Statistics:

  Input points: 12
  Input facets: 20
  Input segments: 30
  Input holes: 0
  Input regions: 0

  Mesh points: 12
  Mesh tetrahedra: 12
  Mesh faces: 34
  Mesh faces on exterior boundary: 20
  Mesh faces on input facets: 20
  Mesh edges on input segments: 30

Tetrahedralized shape: 12 tets, 20 boundary triangles, 12 verts
Sampling 800000 (x0, x1) pairs [TRAINING (narrow-band correlated pairs) | PLANAR 2-D (z=0, rotation about z only)]   margin=0.05  offset=0.001  ...
generated: 12 / 800000
generated: 28 / 800000
generated: 44 / 800000
generated: 61 / 800000
generated: 72 / 800000
generated: 88 / 800000
generated: 101 / 800000
generated: 117 / 800000
generated: 141 / 800000
generated: 156 / 800000
generated: 174 / 800000
generated: 180 / 800000
generated: 190 / 800000
generated: 207 / 800000
generated: 225 / 800000
generated: 241 / 800000
generated: 257 / 800000
generated: 275 / 800000
generated: 285 / 800000
generated: 302 / 800000
generated: 315 / 800000
generated: 336 / 800000
generated: 355 / 800000
generated: 374 / 800000
generated: 392 / 800000
generated: 404 / 800000
generated: 417 / 800000
generated: 424 / 800000
generated: 442 / 800000
generated: 459 / 800000
generated: 471 / 800000
generated: 492 / 800000
generated: 508 / 800000
generated: 518 / 800000
generated: 534 / 800000
generated: 549 / 800000
generated: 560 / 800000
generated: 577 / 800000
generated: 589 / 800000
generated: 606 / 800000
generated: 617 / 800000
generated: 629 / 800000
generated: 640 / 800000
generated: 655 / 800000
generated: 667 / 800000
generated: 684 / 800000
generated: 690 / 800000
generated: 709 / 800000
generated: 725 / 800000
generated: 737 / 800000
generated: 755 / 800000
generated: 776 / 800000
generated: 786 / 800000
generated: 799 / 800000
generated: 814 / 800000
generated: 833 / 800000
generated: 850 / 800000
generated: 867 / 800000
generated: 876 / 800000
generated: 887 / 800000
generated: 903 / 800000
generated: 920 / 800000
generated: 939 / 800000
generated: 950 / 800000
generated: 962 / 800000
generated: 974 / 800000
generated: 986 / 800000
generated: 1001 / 800000
generated: 1021 / 800000
generated: 1039 / 800000
generated: 1053 / 800000
generated: 1064 / 800000
generated: 1077 / 800000
generated: 1092 / 800000
generated: 1106 / 800000
generated: 1119 / 800000
generated: 1136 / 800000
generated: 1154 / 800000
generated: 1160 / 800000
generated: 1171 / 800000
generated: 1185 / 800000
generated: 1208 / 800000
generated: 1231 / 800000
generated: 1243 / 800000
generated: 1260 / 800000
generated: 1280 / 800000
generated: 1300 / 800000
generated: 1309 / 800000
generated: 1323 / 800000
generated: 1337 / 800000
generated: 1356 / 800000
generated: 1367 / 800000
generated: 1383 / 800000
generated: 1401 / 800000
generated: 1414 / 800000
generated: 1433 / 800000
generated: 1443 / 800000
generated: 1454 / 800000
generated: 1460 / 800000
generated: 1476 / 800000
generated: 1495 / 800000
generated: 1512 / 800000
generated: 1528 / 800000
generated: 1547 / 800000
generated: 1558 / 800000
generated: 1572 / 800000
generated: 1590 / 800000
generated: 1600 / 800000
generated: 1615 / 800000
generated: 1632 / 800000
generated: 1649 / 800000
generated: 1666 / 800000
generated: 1685 / 800000
generated: 1700 / 800000
generated: 1723 / 800000
generated: 1734 / 800000
generated: 1747 / 800000
generated: 1757 / 800000
generated: 1769 / 800000
generated: 1792 / 800000
generated: 1808 / 800000
generated: 1820 / 800000
generated: 1836 / 800000
generated: 1844 / 800000
generated: 1862 / 800000
generated: 1878 / 800000
generated: 1888 / 800000
generated: 1897 / 800000
generated: 1916 / 800000
generated: 1930 / 800000
generated: 1945 / 800000
generated: 1959 / 800000
generated: 1972 / 800000
generated: 1990 / 800000
generated: 1998 / 800000
generated: 2007 / 800000
generated: 2019 / 800000
generated: 2037 / 800000
generated: 2047 / 800000
generated: 2067 / 800000
generated: 2089 / 800000
generated: 2104 / 800000
generated: 2117 / 800000
generated: 2128 / 800000
generated: 2148 / 800000
generated: 2164 / 800000
generated: 2178 / 800000
generated: 2191 / 800000
generated: 2199 / 800000
generated: 2203 / 800000
generated: 2216 / 800000
generated: 2224 / 800000
generated: 2240 / 800000
generated: 2246 / 800000
generated: 2264 / 800000
generated: 2276 / 800000
generated: 2286 / 800000
generated: 2302 / 800000
generated: 2320 / 800000
generated: 2331 / 800000
generated: 2339 / 800000
generated: 2357 / 800000
generated: 2372 / 800000
generated: 2386 / 800000
generated: 2395 / 800000
generated: 2416 / 800000
generated: 2435 / 800000
generated: 2451 / 800000
generated: 2465 / 800000
generated: 2479 / 800000
generated: 2495 / 800000
generated: 2508 / 800000
generated: 2518 / 800000
generated: 2527 / 800000
generated: 2534 / 800000
generated: 2545 / 800000
generated: 2556 / 800000
generated: 2572 / 800000
generated: 2583 / 800000
generated: 2603 / 800000
generated: 2616 / 800000
generated: 2633 / 800000
generated: 2646 / 800000
generated: 2655 / 800000
generated: 2671 / 800000
generated: 2689 / 800000
generated: 2702 / 800000
generated: 2723 / 800000
generated: 2739 / 800000
generated: 2757 / 800000
generated: 2769 / 800000
generated: 2775 / 800000
generated: 2782 / 800000
generated: 2794 / 800000
generated: 2812 / 800000
generated: 2831 / 800000
generated: 2845 / 800000
generated: 2859 / 800000
generated: 2877 / 800000
generated: 2893 / 800000
generated: 2908 / 800000
generated: 2924 / 800000
generated: 2945 / 800000
generated: 2959 / 800000
generated: 2976 / 800000
generated: 2988 / 800000
generated: 2998 / 800000
generated: 3015 / 800000
generated: 3034 / 800000
generated: 3047 / 800000
generated: 3066 / 800000
generated: 3085 / 800000
generated: 3099 / 800000
generated: 3110 / 800000
generated: 3127 / 800000
generated: 3144 / 800000
generated: 3154 / 800000
generated: 3161 / 800000
generated: 3176 / 800000
generated: 3186 / 800000
generated: 3200 / 800000
generated: 3214 / 800000
generated: 3231 / 800000
generated: 3243 / 800000
generated: 3264 / 800000
generated: 3282 / 800000
generated: 3299 / 800000
generated: 3312 / 800000
generated: 3325 / 800000
generated: 3343 / 800000
generated: 3366 / 800000
generated: 3378 / 800000
generated: 3395 / 800000
generated: 3408 / 800000
generated: 3415 / 800000
generated: 3427 / 800000
generated: 3439 / 800000
generated: 3456 / 800000
generated: 3473 / 800000
generated: 3491 / 800000
generated: 3502 / 800000
generated: 3521 / 800000
generated: 3531 / 800000
generated: 3545 / 800000
generated: 3557 / 800000
generated: 3571 / 800000
generated: 3585 / 800000
generated: 3596 / 800000
generated: 3611 / 800000
generated: 3625 / 800000
generated: 3637 / 800000
generated: 3648 / 800000
generated: 3658 / 800000
generated: 3664 / 800000
generated: 3675 / 800000
generated: 3685 / 800000
generated: 3703 / 800000
generated: 3723 / 800000
generated: 3736 / 800000
generated: 3746 / 800000
generated: 3759 / 800000
generated: 3767 / 800000
generated: 3773 / 800000
generated: 3787 / 800000
generated: 3804 / 800000
generated: 3821 / 800000
generated: 3832 / 800000
generated: 3852 / 800000
generated: 3865 / 800000
generated: 3875 / 800000
generated: 3890 / 800000
generated: 3904 / 800000
generated: 3920 / 800000
generated: 3932 / 800000
generated: 3944 / 800000
generated: 3960 / 800000
generated: 3977 / 800000
generated: 3994 / 800000
generated: 4007 / 800000
generated: 4021 / 800000
generated: 4034 / 800000
generated: 4052 / 800000
generated: 4062 / 800000
generated: 4077 / 800000
generated: 4092 / 800000
generated: 4111 / 800000
generated: 4125 / 800000
generated: 4136 / 800000
generated: 4152 / 800000
generated: 4164 / 800000
generated: 4183 / 800000
generated: 4201 / 800000
generated: 4219 / 800000
generated: 4231 / 800000
generated: 4248 / 800000
generated: 4262 / 800000
generated: 4273 / 800000
generated: 4287 / 800000
generated: 4306 / 800000
generated: 4323 / 800000
generated: 4341 / 800000
generated: 4355 / 800000
generated: 4368 / 800000
generated: 4380 / 800000
generated: 4393 / 800000
generated: 4405 / 800000
generated: 4414 / 800000
generated: 4425 / 800000
generated: 4441 / 800000
generated: 4453 / 800000
generated: 4468 / 800000
generated: 4484 / 800000
generated: 4496 / 800000
generated: 4510 / 800000
generated: 4519 / 800000
generated: 4540 / 800000
generated: 4553 / 800000
generated: 4568 / 800000
generated: 4581 / 800000
generated: 4587 / 800000
generated: 4603 / 800000
generated: 4617 / 800000
generated: 4628 / 800000
generated: 4649 / 800000
generated: 4668 / 800000
generated: 4684 / 800000
generated: 4702 / 800000
generated: 4711 / 800000
generated: 4723 / 800000
generated: 4741 / 800000
generated: 4760 / 800000
generated: 4773 / 800000
generated: 4784 / 800000
generated: 4809 / 800000
generated: 4824 / 800000
generated: 4832 / 800000
generated: 4847 / 800000
generated: 4869 / 800000
generated: 4881 / 800000
generated: 4889 / 800000
generated: 4901 / 800000
generated: 4917 / 800000
generated: 4935 / 800000
generated: 4949 / 800000
generated: 4968 / 800000
generated: 4985 / 800000
generated: 4994 / 800000
generated: 5001 / 800000
generated: 5018 / 800000
generated: 5032 / 800000
generated: 5045 / 800000
generated: 5058 / 800000
generated: 5071 / 800000
generated: 5094 / 800000
generated: 5113 / 800000
generated: 5131 / 800000
generated: 5148 / 800000
generated: 5170 / 800000
generated: 5187 / 800000
generated: 5206 / 800000
generated: 5222 / 800000
generated: 5235 / 800000
generated: 5255 / 800000
generated: 5270 / 800000
generated: 5288 / 800000
generated: 5302 / 800000
generated: 5313 / 800000
generated: 5326 / 800000
generated: 5342 / 800000
generated: 5358 / 800000
generated: 5375 / 800000
generated: 5386 / 800000
generated: 5399 / 800000
generated: 5405 / 800000
generated: 5418 / 800000
generated: 5434 / 800000
generated: 5447 / 800000
generated: 5458 / 800000
generated: 5469 / 800000
generated: 5481 / 800000
generated: 5498 / 800000
generated: 5511 / 800000
generated: 5523 / 800000
generated: 5537 / 800000
generated: 5547 / 800000
generated: 5562 / 800000
generated: 5585 / 800000
generated: 5600 / 800000
generated: 5613 / 800000
generated: 5626 / 800000
generated: 5636 / 800000
generated: 5647 / 800000
generated: 5660 / 800000
generated: 5673 / 800000
generated: 5691 / 800000
generated: 5702 / 800000
generated: 5711 / 800000
generated: 5727 / 800000
generated: 5738 / 800000
generated: 5750 / 800000
generated: 5765 / 800000
generated: 5786 / 800000
generated: 5797 / 800000
generated: 5812 / 800000
generated: 5832 / 800000
generated: 5844 / 800000
generated: 5868 / 800000
generated: 5885 / 800000
generated: 5901 / 800000
generated: 5918 / 800000
generated: 5934 / 800000
generated: 5947 / 800000
generated: 5957 / 800000
generated: 5976 / 800000
generated: 5989 / 800000
generated: 6005 / 800000
generated: 6019 / 800000
generated: 6035 / 800000
generated: 6051 / 800000
generated: 6072 / 800000
generated: 6089 / 800000
generated: 6105 / 800000
generated: 6119 / 800000
generated: 6128 / 800000
generated: 6140 / 800000
generated: 6156 / 800000
generated: 6165 / 800000
generated: 6175 / 800000
generated: 6183 / 800000
generated: 6197 / 800000
generated: 6215 / 800000
generated: 6226 / 800000
generated: 6241 / 800000
generated: 6257 / 800000
generated: 6270 / 800000
generated: 6281 / 800000
generated: 6303 / 800000
generated: 6316 / 800000
generated: 6330 / 800000
generated: 6342 / 800000
generated: 6359 / 800000
generated: 6367 / 800000
generated: 6377 / 800000
generated: 6396 / 800000
generated: 6409 / 800000
generated: 6419 / 800000
generated: 6435 / 800000
generated: 6451 / 800000
generated: 6462 / 800000
generated: 6473 / 800000
generated: 6485 / 800000
generated: 6498 / 800000
generated: 6513 / 800000
generated: 6528 / 800000
generated: 6545 / 800000
generated: 6558 / 800000
generated: 6574 / 800000
generated: 6584 / 800000
generated: 6600 / 800000
generated: 6617 / 800000
generated: 6626 / 800000
generated: 6638 / 800000
generated: 6658 / 800000
generated: 6666 / 800000
generated: 6683 / 800000
generated: 6698 / 800000
generated: 6710 / 800000
generated: 6732 / 800000
generated: 6745 / 800000
generated: 6758 / 800000
generated: 6776 / 800000
generated: 6786 / 800000
generated: 6798 / 800000
generated: 6814 / 800000
generated: 6835 / 800000
generated: 6847 / 800000
generated: 6865 / 800000
generated: 6886 / 800000
generated: 6902 / 800000
generated: 6915 / 800000
generated: 6924 / 800000
generated: 6934 / 800000
generated: 6953 / 800000
generated: 6964 / 800000
generated: 6976 / 800000
generated: 6993 / 800000
generated: 7014 / 800000
generated: 7029 / 800000
generated: 7036 / 800000
generated: 7050 / 800000
generated: 7068 / 800000
generated: 7087 / 800000
generated: 7092 / 800000
generated: 7111 / 800000
generated: 7121 / 800000
generated: 7140 / 800000
generated: 7153 / 800000
generated: 7171 / 800000
generated: 7182 / 800000
generated: 7190 / 800000
generated: 7203 / 800000
generated: 7218 / 800000
generated: 7237 / 800000
generated: 7250 / 800000
generated: 7268 / 800000
generated: 7283 / 800000
generated: 7297 / 800000
generated: 7313 / 800000
generated: 7321 / 800000
generated: 7339 / 800000
generated: 7355 / 800000
generated: 7367 / 800000
generated: 7385 / 800000
generated: 7399 / 800000
generated: 7418 / 800000
generated: 7433 / 800000
generated: 7447 / 800000
generated: 7460 / 800000
generated: 7480 / 800000
generated: 7491 / 800000
generated: 7502 / 800000
generated: 7520 / 800000
generated: 7540 / 800000
generated: 7555 / 800000
generated: 7566 / 800000
generated: 7579 / 800000
generated: 7602 / 800000
generated: 7618 / 800000
generated: 7636 / 800000
generated: 7656 / 800000
generated: 7667 / 800000
generated: 7684 / 800000
generated: 7698 / 800000
generated: 7715 / 800000
generated: 7729 / 800000
generated: 7744 / 800000
generated: 7756 / 800000
generated: 7772 / 800000
generated: 7791 / 800000
generated: 7808 / 800000
generated: 7823 / 800000
generated: 7839 / 800000
generated: 7850 / 800000
generated: 7862 / 800000
generated: 7873 / 800000
generated: 7890 / 800000
generated: 7906 / 800000
generated: 7924 / 800000
generated: 7943 / 800000
generated: 7964 / 800000
generated: 7973 / 800000
generated: 7993 / 800000
generated: 8004 / 800000
generated: 8022 / 800000
generated: 8032 / 800000
generated: 8050 / 800000
generated: 8060 / 800000
generated: 8072 / 800000
generated: 8078 / 800000
generated: 8094 / 800000
generated: 8102 / 800000
generated: 8112 / 800000
generated: 8125 / 800000
generated: 8142 / 800000
generated: 8153 / 800000
generated: 8165 / 800000
generated: 8179 / 800000
generated: 8191 / 800000
generated: 8206 / 800000
generated: 8217 / 800000
generated: 8232 / 800000
generated: 8250 / 800000
generated: 8262 / 800000
generated: 8277 / 800000
generated: 8297 / 800000
generated: 8312 / 800000
generated: 8325 / 800000
generated: 8339 / 800000
generated: 8354 / 800000
generated: 8361 / 800000
generated: 8369 / 800000
generated: 8382 / 800000
generated: 8392 / 800000
generated: 8409 / 800000
generated: 8422 / 800000
generated: 8431 / 800000
generated: 8447 / 800000
generated: 8467 / 800000
generated: 8478 / 800000
generated: 8493 / 800000
generated: 8503 / 800000
generated: 8515 / 800000
generated: 8534 / 800000
generated: 8546 / 800000
generated: 8561 / 800000
generated: 8577 / 800000
generated: 8591 / 800000
generated: 8607 / 800000
generated: 8627 / 800000
generated: 8640 / 800000
generated: 8646 / 800000
generated: 8657 / 800000
generated: 8670 / 800000
generated: 8681 / 800000
generated: 8690 / 800000
generated: 8706 / 800000
generated: 8714 / 800000
generated: 8730 / 800000
generated: 8744 / 800000
generated: 8759 / 800000
generated: 8777 / 800000
generated: 8787 / 800000
generated: 8801 / 800000
generated: 8815 / 800000
generated: 8826 / 800000
generated: 8837 / 800000
generated: 8851 / 800000
generated: 8864 / 800000
generated: 8878 / 800000
generated: 8894 / 800000
generated: 8910 / 800000
generated: 8927 / 800000
generated: 8941 / 800000
generated: 8962 / 800000
generated: 8973 / 800000
generated: 8985 / 800000
generated: 9005 / 800000
generated: 9019 / 800000
generated: 9040 / 800000
generated: 9055 / 800000
generated: 9076 / 800000
generated: 9087 / 800000
generated: 9101 / 800000
generated: 9113 / 800000
generated: 9121 / 800000
generated: 9134 / 800000
generated: 9143 / 800000
generated: 9152 / 800000
generated: 9164 / 800000
generated: 9174 / 800000
generated: 9188 / 800000
generated: 9205 / 800000
generated: 9219 / 800000
generated: 9234 / 800000
generated: 9247 / 800000
generated: 9258 / 800000
generated: 9270 / 800000
generated: 9281 / 800000
generated: 9290 / 800000
generated: 9311 / 800000
generated: 9326 / 800000
generated: 9338 / 800000
generated: 9355 / 800000
generated: 9366 / 800000
generated: 9375 / 800000
generated: 9389 / 800000
generated: 9409 / 800000
generated: 9421 / 800000
generated: 9440 / 800000
generated: 9454 / 800000
generated: 9472 / 800000
generated: 9481 / 800000
generated: 9499 / 800000
generated: 9514 / 800000
generated: 9530 / 800000
generated: 9542 / 800000
generated: 9559 / 800000
generated: 9575 / 800000
generated: 9595 / 800000
generated: 9602 / 800000
generated: 9613 / 800000
generated: 9625 / 800000
generated: 9637 / 800000
generated: 9647 / 800000
generated: 9663 / 800000
generated: 9679 / 800000
generated: 9693 / 800000
generated: 9712 / 800000
generated: 9725 / 800000
generated: 9732 / 800000
generated: 9747 / 800000
generated: 9761 / 800000
generated: 9778 / 800000
generated: 9793 / 800000
generated: 9808 / 800000
generated: 9818 / 800000
generated: 9835 / 800000
generated: 9848 / 800000
generated: 9861 / 800000
generated: 9878 / 800000
generated: 9890 / 800000
generated: 9904 / 800000
generated: 9915 / 800000
generated: 9931 / 800000
generated: 9945 / 800000
generated: 9957 / 800000
generated: 9973 / 800000
generated: 9991 / 800000
generated: 10001 / 800000
generated: 10016 / 800000
generated: 10030 / 800000
generated: 10040 / 800000
generated: 10053 / 800000
generated: 10067 / 800000
generated: 10080 / 800000
generated: 10097 / 800000
generated: 10107 / 800000
generated: 10123 / 800000
generated: 10131 / 800000
generated: 10139 / 800000
generated: 10149 / 800000
generated: 10165 / 800000
generated: 10177 / 800000
generated: 10187 / 800000
generated: 10202 / 800000
generated: 10219 / 800000
generated: 10238 / 800000
generated: 10249 / 800000
generated: 10262 / 800000
generated: 10284 / 800000
generated: 10302 / 800000
generated: 10316 / 800000
generated: 10331 / 800000
generated: 10344 / 800000
generated: 10358 / 800000
generated: 10370 / 800000
generated: 10386 / 800000
generated: 10405 / 800000
generated: 10422 / 800000
generated: 10431 / 800000
generated: 10441 / 800000
generated: 10457 / 800000
generated: 10469 / 800000
generated: 10489 / 800000
generated: 10503 / 800000
generated: 10514 / 800000
generated: 10520 / 800000
generated: 10537 / 800000
generated: 10551 / 800000
generated: 10568 / 800000
generated: 10579 / 800000
generated: 10593 / 800000
generated: 10600 / 800000
generated: 10610 / 800000
generated: 10628 / 800000
generated: 10640 / 800000
generated: 10663 / 800000
generated: 10674 / 800000
generated: 10692 / 800000
generated: 10705 / 800000
generated: 10718 / 800000
generated: 10729 / 800000
generated: 10744 / 800000
generated: 10760 / 800000
generated: 10777 / 800000
generated: 10792 / 800000
generated: 10803 / 800000
generated: 10817 / 800000
generated: 10835 / 800000
generated: 10845 / 800000
generated: 10858 / 800000
generated: 10874 / 800000
generated: 10887 / 800000
generated: 10901 / 800000
generated: 10911 / 800000
generated: 10928 / 800000
generated: 10947 / 800000
generated: 10957 / 800000
generated: 10971 / 800000
generated: 10985 / 800000
generated: 11001 / 800000
generated: 11016 / 800000
generated: 11028 / 800000
generated: 11038 / 800000
generated: 11046 / 800000
generated: 11058 / 800000
generated: 11068 / 800000
generated: 11084 / 800000
generated: 11099 / 800000
generated: 11117 / 800000
generated: 11133 / 800000
generated: 11141 / 800000
generated: 11160 / 800000
generated: 11173 / 800000
generated: 11186 / 800000
generated: 11198 / 800000
generated: 11216 / 800000
generated: 11238 / 800000
generated: 11253 / 800000
generated: 11268 / 800000
generated: 11283 / 800000
generated: 11313 / 800000
generated: 11323 / 800000
generated: 11338 / 800000
generated: 11346 / 800000
generated: 11367 / 800000
generated: 11381 / 800000
generated: 11396 / 800000
generated: 11409 / 800000
generated: 11422 / 800000
generated: 11436 / 800000
generated: 11449 / 800000
generated: 11466 / 800000
generated: 11481 / 800000
generated: 11495 / 800000
generated: 11509 / 800000
generated: 11518 / 800000
generated: 11531 / 800000
generated: 11543 / 800000
generated: 11564 / 800000
generated: 11576 / 800000
generated: 11592 / 800000
generated: 11611 / 800000
generated: 11624 / 800000
generated: 11634 / 800000
generated: 11648 / 800000
generated: 11660 / 800000
generated: 11678 / 800000
generated: 11691 / 800000
generated: 11711 / 800000
generated: 11726 / 800000
generated: 11742 / 800000
generated: 11750 / 800000
generated: 11761 / 800000
generated: 11775 / 800000
generated: 11784 / 800000
generated: 11801 / 800000
generated: 11813 / 800000
generated: 11831 / 800000
generated: 11842 / 800000
generated: 11856 / 800000
generated: 11872 / 800000
generated: 11891 / 800000
generated: 11907 / 800000
generated: 11919 / 800000
generated: 11934 / 800000
generated: 11947 / 800000
generated: 11956 / 800000
generated: 11966 / 800000
generated: 11979 / 800000
generated: 11992 / 800000
generated: 12005 / 800000
generated: 12018 / 800000
generated: 12025 / 800000
generated: 12035 / 800000
generated: 12040 / 800000
generated: 12053 / 800000
generated: 12074 / 800000
generated: 12091 / 800000
generated: 12107 / 800000
generated: 12117 / 800000
generated: 12132 / 800000
generated: 12140 / 800000
generated: 12152 / 800000
generated: 12173 / 800000
generated: 12192 / 800000
generated: 12207 / 800000
generated: 12217 / 800000
generated: 12228 / 800000
generated: 12245 / 800000
generated: 12254 / 800000
generated: 12269 / 800000
generated: 12284 / 800000
generated: 12298 / 800000
generated: 12311 / 800000
generated: 12324 / 800000
generated: 12335 / 800000
generated: 12349 / 800000
generated: 12360 / 800000
generated: 12375 / 800000
generated: 12391 / 800000
generated: 12406 / 800000
generated: 12418 / 800000
generated: 12433 / 800000
generated: 12450 / 800000
generated: 12469 / 800000
generated: 12483 / 800000
generated: 12499 / 800000
generated: 12515 / 800000
generated: 12536 / 800000
generated: 12550 / 800000
generated: 12564 / 800000
generated: 12580 / 800000
generated: 12597 / 800000
generated: 12611 / 800000
generated: 12626 / 800000
generated: 12639 / 800000
generated: 12648 / 800000
generated: 12660 / 800000
generated: 12674 / 800000
generated: 12685 / 800000
generated: 12696 / 800000
generated: 12710 / 800000
generated: 12721 / 800000
generated: 12734 / 800000
generated: 12743 / 800000
generated: 12762 / 800000
generated: 12772 / 800000
generated: 12791 / 800000
generated: 12800 / 800000
generated: 12820 / 800000
generated: 12833 / 800000
generated: 12855 / 800000
generated: 12869 / 800000
generated: 12882 / 800000
generated: 12891 / 800000
generated: 12901 / 800000
generated: 12913 / 800000
generated: 12934 / 800000
generated: 12948 / 800000
generated: 12964 / 800000
generated: 12980 / 800000
generated: 12998 / 800000
generated: 13018 / 800000
generated: 13030 / 800000
generated: 13042 / 800000
generated: 13045 / 800000
generated: 13061 / 800000
generated: 13067 / 800000
generated: 13076 / 800000
generated: 13090 / 800000
generated: 13099 / 800000
generated: 13111 / 800000
generated: 13119 / 800000
generated: 13133 / 800000
generated: 13146 / 800000
generated: 13158 / 800000
generated: 13175 / 800000
generated: 13183 / 800000
generated: 13197 / 800000
generated: 13212 / 800000
generated: 13220 / 800000
generated: 13232 / 800000
generated: 13250 / 800000
generated: 13265 / 800000
generated: 13279 / 800000
generated: 13296 / 800000
generated: 13319 / 800000
generated: 13330 / 800000
generated: 13343 / 800000
generated: 13356 / 800000
generated: 13363 / 800000
generated: 13371 / 800000
generated: 13389 / 800000
generated: 13403 / 800000
generated: 13414 / 800000
generated: 13428 / 800000
generated: 13447 / 800000
generated: 13467 / 800000
generated: 13484 / 800000
generated: 13499 / 800000
generated: 13515 / 800000
generated: 13531 / 800000
generated: 13549 / 800000
generated: 13558 / 800000
generated: 13581 / 800000
generated: 13596 / 800000
generated: 13610 / 800000
generated: 13624 / 800000
generated: 13646 / 800000
generated: 13658 / 800000
generated: 13670 / 800000
generated: 13681 / 800000
generated: 13698 / 800000
generated: 13713 / 800000
generated: 13725 / 800000
generated: 13741 / 800000
generated: 13755 / 800000
generated: 13762 / 800000
generated: 13777 / 800000
generated: 13793 / 800000
generated: 13811 / 800000
generated: 13822 / 800000
generated: 13839 / 800000
generated: 13852 / 800000
generated: 13869 / 800000
generated: 13881 / 800000
generated: 13894 / 800000
generated: 13908 / 800000
generated: 13928 / 800000
generated: 13951 / 800000
generated: 13961 / 800000
generated: 13982 / 800000
generated: 14002 / 800000
generated: 14022 / 800000
generated: 14037 / 800000
generated: 14050 / 800000
generated: 14063 / 800000
generated: 14073 / 800000
generated: 14089 / 800000
generated: 14100 / 800000
generated: 14108 / 800000
generated: 14126 / 800000
generated: 14142 / 800000
generated: 14157 / 800000
generated: 14176 / 800000
generated: 14196 / 800000
generated: 14209 / 800000
generated: 14223 / 800000
generated: 14235 / 800000
generated: 14248 / 800000
generated: 14272 / 800000
generated: 14283 / 800000
generated: 14296 / 800000
generated: 14314 / 800000
generated: 14324 / 800000
generated: 14346 / 800000
generated: 14363 / 800000
generated: 14369 / 800000
generated: 14383 / 800000
generated: 14397 / 800000
generated: 14408 / 800000
generated: 14428 / 800000
generated: 14438 / 800000
generated: 14453 / 800000
generated: 14467 / 800000
generated: 14484 / 800000
generated: 14500 / 800000
generated: 14509 / 800000
generated: 14527 / 800000
generated: 14535 / 800000
generated: 14547 / 800000
generated: 14556 / 800000
generated: 14568 / 800000
generated: 14585 / 800000
generated: 14598 / 800000
generated: 14614 / 800000
generated: 14630 / 800000
generated: 14641 / 800000
generated: 14655 / 800000
generated: 14674 / 800000
generated: 14684 / 800000
generated: 14699 / 800000
generated: 14717 / 800000
generated: 14739 / 800000
generated: 14756 / 800000
generated: 14774 / 800000
generated: 14786 / 800000
generated: 14797 / 800000
generated: 14809 / 800000
generated: 14822 / 800000
generated: 14841 / 800000
generated: 14852 / 800000
generated: 14862 / 800000
generated: 14884 / 800000
generated: 14902 / 800000
generated: 14919 / 800000
generated: 14931 / 800000
generated: 14942 / 800000
generated: 14963 / 800000
generated: 14974 / 800000
generated: 14991 / 800000
generated: 15005 / 800000
generated: 15019 / 800000
generated: 15038 / 800000
generated: 15059 / 800000
generated: 15081 / 800000
generated: 15093 / 800000
generated: 15118 / 800000
generated: 15131 / 800000
generated: 15145 / 800000
generated: 15159 / 800000
generated: 15174 / 800000
generated: 15188 / 800000
generated: 15203 / 800000
generated: 15213 / 800000
generated: 15232 / 800000
generated: 15237 / 800000
generated: 15248 / 800000
generated: 15258 / 800000
generated: 15274 / 800000
generated: 15291 / 800000
generated: 15303 / 800000
generated: 15309 / 800000
generated: 15319 / 800000
generated: 15336 / 800000
generated: 15351 / 800000
generated: 15363 / 800000
generated: 15379 / 800000
generated: 15388 / 800000
generated: 15400 / 800000
generated: 15408 / 800000
generated: 15424 / 800000
generated: 15436 / 800000
generated: 15452 / 800000
generated: 15468 / 800000
generated: 15486 / 800000
generated: 15503 / 800000
generated: 15516 / 800000
generated: 15524 / 800000
generated: 15533 / 800000
generated: 15547 / 800000
generated: 15560 / 800000
generated: 15575 / 800000
generated: 15582 / 800000
generated: 15589 / 800000
generated: 15601 / 800000
generated: 15609 / 800000
generated: 15625 / 800000
generated: 15642 / 800000
generated: 15654 / 800000
generated: 15665 / 800000
generated: 15683 / 800000
generated: 15698 / 800000
generated: 15712 / 800000
generated: 15720 / 800000
generated: 15739 / 800000
generated: 15747 / 800000
generated: 15763 / 800000
generated: 15779 / 800000
generated: 15796 / 800000
generated: 15815 / 800000
generated: 15826 / 800000
generated: 15844 / 800000
generated: 15851 / 800000
generated: 15866 / 800000
generated: 15886 / 800000
generated: 15903 / 800000
generated: 15921 / 800000
generated: 15937 / 800000
generated: 15948 / 800000
generated: 15969 / 800000
generated: 15984 / 800000
generated: 16001 / 800000
generated: 16020 / 800000
generated: 16034 / 800000
generated: 16047 / 800000
generated: 16064 / 800000
generated: 16075 / 800000
generated: 16097 / 800000
generated: 16107 / 800000
generated: 16118 / 800000
generated: 16139 / 800000
generated: 16153 / 800000
generated: 16174 / 800000
generated: 16192 / 800000
generated: 16202 / 800000
generated: 16217 / 800000
generated: 16235 / 800000
generated: 16245 / 800000
generated: 16262 / 800000
generated: 16283 / 800000
generated: 16300 / 800000
generated: 16311 / 800000
generated: 16324 / 800000
generated: 16337 / 800000
generated: 16353 / 800000
generated: 16367 / 800000
generated: 16377 / 800000
generated: 16396 / 800000
generated: 16412 / 800000
generated: 16430 / 800000
generated: 16447 / 800000
generated: 16455 / 800000
generated: 16468 / 800000
generated: 16482 / 800000
generated: 16495 / 800000
generated: 16509 / 800000
generated: 16521 / 800000
generated: 16533 / 800000
generated: 16549 / 800000
generated: 16558 / 800000
generated: 16577 / 800000
generated: 16585 / 800000
generated: 16598 / 800000
generated: 16610 / 800000
generated: 16625 / 800000
generated: 16642 / 800000
generated: 16657 / 800000
generated: 16675 / 800000
generated: 16685 / 800000
generated: 16704 / 800000
generated: 16717 / 800000
generated: 16740 / 800000
generated: 16751 / 800000
generated: 16767 / 800000
generated: 16774 / 800000
generated: 16784 / 800000
generated: 16804 / 800000
generated: 16818 / 800000
generated: 16831 / 800000
generated: 16847 / 800000
generated: 16857 / 800000
generated: 16875 / 800000
generated: 16891 / 800000
generated: 16902 / 800000
generated: 16923 / 800000
generated: 16934 / 800000
generated: 16958 / 800000
generated: 16973 / 800000
generated: 16984 / 800000
generated: 17000 / 800000
generated: 17010 / 800000
generated: 17021 / 800000
generated: 17035 / 800000
generated: 17051 / 800000
generated: 17056 / 800000
generated: 17076 / 800000
generated: 17088 / 800000
generated: 17105 / 800000
generated: 17124 / 800000
generated: 17136 / 800000
generated: 17149 / 800000
generated: 17169 / 800000
generated: 17185 / 800000
generated: 17204 / 800000
generated: 17220 / 800000
generated: 17233 / 800000
generated: 17255 / 800000
generated: 17268 / 800000
generated: 17278 / 800000
generated: 17293 / 800000
generated: 17311 / 800000
generated: 17328 / 800000
generated: 17343 / 800000
generated: 17361 / 800000
generated: 17381 / 800000
generated: 17396 / 800000
generated: 17408 / 800000
generated: 17416 / 800000
generated: 17424 / 800000
generated: 17438 / 800000
generated: 17451 / 800000
generated: 17466 / 800000
generated: 17476 / 800000
generated: 17490 / 800000
generated: 17507 / 800000
generated: 17518 / 800000
generated: 17533 / 800000
generated: 17546 / 800000
generated: 17555 / 800000
generated: 17570 / 800000
generated: 17580 / 800000
generated: 17591 / 800000
generated: 17610 / 800000
generated: 17620 / 800000
generated: 17636 / 800000
generated: 17651 / 800000
generated: 17664 / 800000
generated: 17679 / 800000
generated: 17691 / 800000
generated: 17709 / 800000
generated: 17724 / 800000
generated: 17733 / 800000
generated: 17747 / 800000
generated: 17766 / 800000
generated: 17781 / 800000
generated: 17793 / 800000
generated: 17805 / 800000
generated: 17821 / 800000
generated: 17838 / 800000
generated: 17848 / 800000
generated: 17864 / 800000
generated: 17883 / 800000
generated: 17898 / 800000
generated: 17907 / 800000
generated: 17922 / 800000
generated: 17935 / 800000
generated: 17946 / 800000
generated: 17957 / 800000
generated: 17966 / 800000
generated: 17980 / 800000
generated: 17999 / 800000
generated: 18011 / 800000
generated: 18027 / 800000
generated: 18040 / 800000
generated: 18061 / 800000
generated: 18078 / 800000
generated: 18089 / 800000
generated: 18098 / 800000
generated: 18117 / 800000
generated: 18128 / 800000
generated: 18138 / 800000
generated: 18155 / 800000
generated: 18172 / 800000
generated: 18185 / 800000
generated: 18198 / 800000
generated: 18214 / 800000
generated: 18225 / 800000
generated: 18240 / 800000
generated: 18253 / 800000
generated: 18272 / 800000
generated: 18286 / 800000
generated: 18303 / 800000
generated: 18313 / 800000
generated: 18328 / 800000
generated: 18348 / 800000
generated: 18360 / 800000
generated: 18373 / 800000
generated: 18386 / 800000
generated: 18400 / 800000
generated: 18412 / 800000
generated: 18423 / 800000
generated: 18442 / 800000
generated: 18456 / 800000
generated: 18473 / 800000
generated: 18489 / 800000
generated: 18504 / 800000
generated: 18520 / 800000
generated: 18530 / 800000
generated: 18543 / 800000
generated: 18561 / 800000
generated: 18566 / 800000
generated: 18579 / 800000
generated: 18591 / 800000
generated: 18599 / 800000
generated: 18612 / 800000
generated: 18624 / 800000
generated: 18635 / 800000
generated: 18653 / 800000
generated: 18671 / 800000
generated: 18679 / 800000
generated: 18698 / 800000
generated: 18707 / 800000
generated: 18724 / 800000
generated: 18737 / 800000
generated: 18752 / 800000
generated: 18765 / 800000
generated: 18779 / 800000
generated: 18792 / 800000
generated: 18812 / 800000
generated: 18824 / 800000
generated: 18838 / 800000
generated: 18858 / 800000
generated: 18869 / 800000
generated: 18882 / 800000
generated: 18894 / 800000
generated: 18908 / 800000
generated: 18920 / 800000
generated: 18936 / 800000
generated: 18958 / 800000
generated: 18970 / 800000
generated: 18988 / 800000
generated: 19009 / 800000
generated: 19021 / 800000
generated: 19037 / 800000
generated: 19055 / 800000
generated: 19068 / 800000
generated: 19088 / 800000
generated: 19101 / 800000
generated: 19111 / 800000
generated: 19124 / 800000
generated: 19137 / 800000
generated: 19154 / 800000
generated: 19169 / 800000
generated: 19180 / 800000
generated: 19196 / 800000
generated: 19213 / 800000
generated: 19227 / 800000
generated: 19237 / 800000
generated: 19259 / 800000
generated: 19273 / 800000
generated: 19290 / 800000
generated: 19305 / 800000
generated: 19319 / 800000
generated: 19327 / 800000
generated: 19340 / 800000
generated: 19357 / 800000
generated: 19379 / 800000
generated: 19391 / 800000
generated: 19397 / 800000
generated: 19410 / 800000
generated: 19431 / 800000
generated: 19443 / 800000
generated: 19459 / 800000
generated: 19475 / 800000
generated: 19489 / 800000
generated: 19501 / 800000
generated: 19515 / 800000
generated: 19527 / 800000
generated: 19540 / 800000
generated: 19553 / 800000
generated: 19566 / 800000
generated: 19582 / 800000
generated: 19590 / 800000
generated: 19598 / 800000
generated: 19609 / 800000
generated: 19620 / 800000
generated: 19638 / 800000
generated: 19657 / 800000
generated: 19669 / 800000
generated: 19684 / 800000
generated: 19696 / 800000
generated: 19706 / 800000
generated: 19718 / 800000
generated: 19728 / 800000
generated: 19746 / 800000
generated: 19762 / 800000
generated: 19778 / 800000
generated: 19803 / 800000
generated: 19819 / 800000
generated: 19839 / 800000
generated: 19859 / 800000
generated: 19875 / 800000
generated: 19892 / 800000
generated: 19901 / 800000
generated: 19916 / 800000
generated: 19931 / 800000
generated: 19946 / 800000
generated: 19961 / 800000
generated: 19974 / 800000
generated: 19985 / 800000
generated: 19998 / 800000
generated: 20010 / 800000
generated: 20021 / 800000
generated: 20033 / 800000
generated: 20044 / 800000
generated: 20059 / 800000
generated: 20069 / 800000
generated: 20084 / 800000
generated: 20102 / 800000
generated: 20109 / 800000
generated: 20124 / 800000
generated: 20140 / 800000
generated: 20157 / 800000
generated: 20171 / 800000
generated: 20189 / 800000
generated: 20199 / 800000
generated: 20218 / 800000
generated: 20232 / 800000
generated: 20247 / 800000
generated: 20267 / 800000
generated: 20276 / 800000
generated: 20289 / 800000
generated: 20297 / 800000
generated: 20313 / 800000
generated: 20327 / 800000
generated: 20341 / 800000
generated: 20363 / 800000
generated: 20379 / 800000
generated: 20393 / 800000
generated: 20413 / 800000
generated: 20425 / 800000
generated: 20448 / 800000
generated: 20463 / 800000
generated: 20480 / 800000
generated: 20493 / 800000
generated: 20506 / 800000
generated: 20522 / 800000
generated: 20537 / 800000
generated: 20552 / 800000
generated: 20561 / 800000
generated: 20579 / 800000
generated: 20590 / 800000
generated: 20604 / 800000
generated: 20620 / 800000
generated: 20630 / 800000
generated: 20645 / 800000
generated: 20657 / 800000
generated: 20672 / 800000
generated: 20689 / 800000
generated: 20702 / 800000
generated: 20717 / 800000
generated: 20733 / 800000
generated: 20755 / 800000
generated: 20772 / 800000
generated: 20788 / 800000
generated: 20808 / 800000
generated: 20822 / 800000
generated: 20830 / 800000
generated: 20845 / 800000
generated: 20857 / 800000
generated: 20868 / 800000
generated: 20881 / 800000
generated: 20892 / 800000
generated: 20905 / 800000
generated: 20917 / 800000
generated: 20928 / 800000
generated: 20944 / 800000
generated: 20963 / 800000
generated: 20975 / 800000
generated: 20993 / 800000
generated: 21005 / 800000
generated: 21017 / 800000
generated: 21029 / 800000
generated: 21042 / 800000
generated: 21055 / 800000
generated: 21067 / 800000
generated: 21082 / 800000
generated: 21099 / 800000
generated: 21112 / 800000
generated: 21124 / 800000
generated: 21142 / 800000
generated: 21166 / 800000
generated: 21182 / 800000
generated: 21201 / 800000
generated: 21210 / 800000
generated: 21225 / 800000
generated: 21248 / 800000
generated: 21263 / 800000
generated: 21275 / 800000
generated: 21294 / 800000
generated: 21308 / 800000
generated: 21329 / 800000
generated: 21347 / 800000
generated: 21354 / 800000
generated: 21368 / 800000
generated: 21383 / 800000
generated: 21396 / 800000
generated: 21415 / 800000
generated: 21427 / 800000
generated: 21445 / 800000
generated: 21458 / 800000
generated: 21480 / 800000
generated: 21496 / 800000
generated: 21507 / 800000
generated: 21532 / 800000
generated: 21548 / 800000
generated: 21571 / 800000
generated: 21585 / 800000
generated: 21595 / 800000
generated: 21609 / 800000
generated: 21623 / 800000
generated: 21640 / 800000
generated: 21653 / 800000
generated: 21672 / 800000
generated: 21684 / 800000
generated: 21700 / 800000
generated: 21711 / 800000
generated: 21724 / 800000
generated: 21741 / 800000
generated: 21752 / 800000
generated: 21767 / 800000
generated: 21785 / 800000
generated: 21799 / 800000
generated: 21810 / 800000
generated: 21830 / 800000
generated: 21839 / 800000
generated: 21854 / 800000
generated: 21865 / 800000
generated: 21874 / 800000
generated: 21893 / 800000
generated: 21897 / 800000
generated: 21909 / 800000
generated: 21926 / 800000
generated: 21942 / 800000
generated: 21953 / 800000
generated: 21965 / 800000
generated: 21983 / 800000
generated: 21994 / 800000
generated: 22006 / 800000
generated: 22018 / 800000
generated: 22034 / 800000
generated: 22045 / 800000
generated: 22054 / 800000
generated: 22066 / 800000
generated: 22083 / 800000
generated: 22097 / 800000
generated: 22114 / 800000
generated: 22126 / 800000
generated: 22135 / 800000
generated: 22149 / 800000
generated: 22161 / 800000
generated: 22177 / 800000
generated: 22189 / 800000
generated: 22204 / 800000
generated: 22217 / 800000
generated: 22229 / 800000
generated: 22247 / 800000
generated: 22266 / 800000
generated: 22283 / 800000
generated: 22290 / 800000
generated: 22307 / 800000
generated: 22318 / 800000
generated: 22330 / 800000
generated: 22339 / 800000
generated: 22350 / 800000
generated: 22372 / 800000
generated: 22387 / 800000
generated: 22400 / 800000
generated: 22415 / 800000
generated: 22426 / 800000
generated: 22443 / 800000
generated: 22456 / 800000
generated: 22475 / 800000
generated: 22495 / 800000
generated: 22503 / 800000
generated: 22511 / 800000
generated: 22527 / 800000
generated: 22537 / 800000
generated: 22547 / 800000
generated: 22567 / 800000
generated: 22576 / 800000
generated: 22587 / 800000
generated: 22605 / 800000
generated: 22616 / 800000
generated: 22632 / 800000
generated: 22647 / 800000
generated: 22658 / 800000
generated: 22673 / 800000
generated: 22685 / 800000
generated: 22695 / 800000
generated: 22699 / 800000
generated: 22713 / 800000
generated: 22730 / 800000
generated: 22742 / 800000
generated: 22760 / 800000
generated: 22777 / 800000
generated: 22792 / 800000
generated: 22809 / 800000
generated: 22825 / 800000
generated: 22839 / 800000
generated: 22849 / 800000
generated: 22867 / 800000
generated: 22875 / 800000
generated: 22888 / 800000
generated: 22908 / 800000
generated: 22921 / 800000
generated: 22933 / 800000
generated: 22949 / 800000
generated: 22965 / 800000
generated: 22977 / 800000
generated: 22987 / 800000
generated: 22997 / 800000
generated: 23015 / 800000
generated: 23035 / 800000
generated: 23047 / 800000
generated: 23061 / 800000
generated: 23075 / 800000
generated: 23088 / 800000
generated: 23100 / 800000
generated: 23118 / 800000
generated: 23129 / 800000
generated: 23150 / 800000
generated: 23167 / 800000
generated: 23181 / 800000
generated: 23199 / 800000
generated: 23214 / 800000
generated: 23224 / 800000
generated: 23244 / 800000
generated: 23262 / 800000
generated: 23276 / 800000
generated: 23288 / 800000
generated: 23304 / 800000
generated: 23318 / 800000
generated: 23335 / 800000
generated: 23355 / 800000
generated: 23370 / 800000
generated: 23382 / 800000
generated: 23398 / 800000
generated: 23414 / 800000
generated: 23424 / 800000
generated: 23437 / 800000
generated: 23451 / 800000
generated: 23460 / 800000
generated: 23474 / 800000
generated: 23488 / 800000
generated: 23507 / 800000
generated: 23519 / 800000
generated: 23531 / 800000
generated: 23539 / 800000
generated: 23551 / 800000
generated: 23571 / 800000
generated: 23588 / 800000
generated: 23600 / 800000
generated: 23615 / 800000
generated: 23628 / 800000
generated: 23639 / 800000
generated: 23655 / 800000
generated: 23670 / 800000
generated: 23682 / 800000
generated: 23697 / 800000
generated: 23706 / 800000
generated: 23721 / 800000
generated: 23731 / 800000
generated: 23745 / 800000
generated: 23752 / 800000
generated: 23765 / 800000
generated: 23780 / 800000
generated: 23790 / 800000
generated: 23808 / 800000
generated: 23825 / 800000
generated: 23842 / 800000
generated: 23855 / 800000
generated: 23872 / 800000
generated: 23888 / 800000
generated: 23902 / 800000
generated: 23907 / 800000
generated: 23920 / 800000
generated: 23935 / 800000
generated: 23946 / 800000
generated: 23955 / 800000
generated: 23971 / 800000
generated: 23983 / 800000
generated: 23999 / 800000
generated: 24018 / 800000
generated: 24030 / 800000
generated: 24049 / 800000
generated: 24062 / 800000
generated: 24084 / 800000
generated: 24097 / 800000
generated: 24115 / 800000
generated: 24126 / 800000
generated: 24145 / 800000
generated: 24157 / 800000
generated: 24175 / 800000
generated: 24187 / 800000
generated: 24200 / 800000
generated: 24218 / 800000
generated: 24235 / 800000
generated: 24249 / 800000
generated: 24262 / 800000
generated: 24279 / 800000
generated: 24288 / 800000
generated: 24304 / 800000
generated: 24318 / 800000
generated: 24329 / 800000
generated: 24346 / 800000
generated: 24359 / 800000
generated: 24376 / 800000
generated: 24387 / 800000
generated: 24398 / 800000
generated: 24415 / 800000
generated: 24425 / 800000
generated: 24445 / 800000
generated: 24463 / 800000
generated: 24480 / 800000
generated: 24494 / 800000
generated: 24509 / 800000
generated: 24523 / 800000
generated: 24539 / 800000
generated: 24552 / 800000
generated: 24569 / 800000
generated: 24584 / 800000
generated: 24595 / 800000
generated: 24605 / 800000
generated: 24617 / 800000
generated: 24630 / 800000
generated: 24646 / 800000
generated: 24661 / 800000
generated: 24676 / 800000
generated: 24690 / 800000
generated: 24708 / 800000
generated: 24718 / 800000
generated: 24733 / 800000
generated: 24739 / 800000
generated: 24750 / 800000
generated: 24765 / 800000
generated: 24781 / 800000
generated: 24798 / 800000
generated: 24810 / 800000
generated: 24820 / 800000
generated: 24835 / 800000
generated: 24849 / 800000
generated: 24866 / 800000
generated: 24883 / 800000
generated: 24893 / 800000
generated: 24907 / 800000
generated: 24924 / 800000
generated: 24935 / 800000
generated: 24947 / 800000
generated: 24954 / 800000
generated: 24965 / 800000
generated: 24978 / 800000
generated: 24996 / 800000
generated: 25011 / 800000
generated: 25026 / 800000
generated: 25047 / 800000
generated: 25064 / 800000
generated: 25081 / 800000
generated: 25094 / 800000
generated: 25101 / 800000
generated: 25118 / 800000
generated: 25133 / 800000
generated: 25144 / 800000
generated: 25156 / 800000
generated: 25167 / 800000
generated: 25185 / 800000
generated: 25206 / 800000
generated: 25213 / 800000
generated: 25230 / 800000
generated: 25244 / 800000
generated: 25257 / 800000
generated: 25272 / 800000
generated: 25282 / 800000
generated: 25292 / 800000
generated: 25311 / 800000
generated: 25328 / 800000
generated: 25342 / 800000
generated: 25361 / 800000
generated: 25380 / 800000
generated: 25393 / 800000
generated: 25410 / 800000
generated: 25417 / 800000
generated: 25426 / 800000
generated: 25433 / 800000
generated: 25447 / 800000
generated: 25460 / 800000
generated: 25472 / 800000
generated: 25486 / 800000
generated: 25504 / 800000
generated: 25523 / 800000
generated: 25535 / 800000
generated: 25554 / 800000
generated: 25570 / 800000
generated: 25586 / 800000
generated: 25593 / 800000
generated: 25603 / 800000
generated: 25613 / 800000
generated: 25623 / 800000
generated: 25629 / 800000
generated: 25642 / 800000
generated: 25656 / 800000
generated: 25672 / 800000
generated: 25685 / 800000
generated: 25695 / 800000
generated: 25708 / 800000
generated: 25724 / 800000
generated: 25740 / 800000
generated: 25766 / 800000
generated: 25781 / 800000
generated: 25799 / 800000
generated: 25816 / 800000
generated: 25832 / 800000
generated: 25843 / 800000
generated: 25862 / 800000
generated: 25872 / 800000
generated: 25886 / 800000
generated: 25903 / 800000
generated: 25915 / 800000
generated: 25936 / 800000
generated: 25946 / 800000
generated: 25957 / 800000
generated: 25968 / 800000
generated: 25976 / 800000
generated: 25988 / 800000
generated: 26000 / 800000
generated: 26015 / 800000
generated: 26032 / 800000
generated: 26050 / 800000
generated: 26061 / 800000
generated: 26076 / 800000
generated: 26089 / 800000
generated: 26103 / 800000
generated: 26115 / 800000
generated: 26130 / 800000
generated: 26144 / 800000
generated: 26157 / 800000
generated: 26166 / 800000
generated: 26177 / 800000
generated: 26192 / 800000
generated: 26204 / 800000
generated: 26218 / 800000
generated: 26234 / 800000
generated: 26243 / 800000
generated: 26257 / 800000
generated: 26268 / 800000
generated: 26281 / 800000
generated: 26288 / 800000
generated: 26307 / 800000
generated: 26323 / 800000
generated: 26343 / 800000
generated: 26360 / 800000
generated: 26372 / 800000
generated: 26383 / 800000
generated: 26395 / 800000
generated: 26412 / 800000
generated: 26423 / 800000
generated: 26443 / 800000
generated: 26468 / 800000
generated: 26480 / 800000
generated: 26499 / 800000
generated: 26515 / 800000
generated: 26533 / 800000
generated: 26553 / 800000
generated: 26561 / 800000
generated: 26577 / 800000
generated: 26586 / 800000
generated: 26602 / 800000
generated: 26622 / 800000
generated: 26632 / 800000
generated: 26649 / 800000
generated: 26665 / 800000
generated: 26681 / 800000
generated: 26695 / 800000
generated: 26710 / 800000
generated: 26717 / 800000
generated: 26726 / 800000
generated: 26736 / 800000
generated: 26755 / 800000
generated: 26766 / 800000
generated: 26784 / 800000
generated: 26793 / 800000
generated: 26807 / 800000
generated: 26825 / 800000
generated: 26842 / 800000
generated: 26864 / 800000
generated: 26880 / 800000
generated: 26890 / 800000
generated: 26901 / 800000
generated: 26912 / 800000
generated: 26925 / 800000
generated: 26945 / 800000
generated: 26959 / 800000
generated: 26972 / 800000
generated: 26982 / 800000
generated: 26997 / 800000
generated: 27009 / 800000
generated: 27017 / 800000
generated: 27029 / 800000
generated: 27042 / 800000
generated: 27053 / 800000
generated: 27066 / 800000
generated: 27081 / 800000
generated: 27094 / 800000
generated: 27115 / 800000
generated: 27130 / 800000
generated: 27142 / 800000
generated: 27155 / 800000
generated: 27169 / 800000
generated: 27183 / 800000
generated: 27196 / 800000
generated: 27211 / 800000
generated: 27219 / 800000
generated: 27240 / 800000
generated: 27253 / 800000
generated: 27270 / 800000
generated: 27281 / 800000
generated: 27302 / 800000
generated: 27316 / 800000
generated: 27329 / 800000
generated: 27343 / 800000
generated: 27354 / 800000
generated: 27375 / 800000
generated: 27390 / 800000
generated: 27406 / 800000
generated: 27415 / 800000
generated: 27430 / 800000
generated: 27441 / 800000
generated: 27448 / 800000
generated: 27463 / 800000
generated: 27474 / 800000
generated: 27487 / 800000
generated: 27495 / 800000
generated: 27507 / 800000
generated: 27525 / 800000
generated: 27535 / 800000
generated: 27551 / 800000
generated: 27574 / 800000
generated: 27585 / 800000
generated: 27599 / 800000
generated: 27617 / 800000
generated: 27636 / 800000
generated: 27646 / 800000
generated: 27657 / 800000
generated: 27666 / 800000
generated: 27681 / 800000
generated: 27700 / 800000
generated: 27717 / 800000
generated: 27729 / 800000
generated: 27740 / 800000
generated: 27756 / 800000
generated: 27764 / 800000
generated: 27777 / 800000
generated: 27792 / 800000
generated: 27810 / 800000
generated: 27821 / 800000
generated: 27837 / 800000
generated: 27854 / 800000
generated: 27872 / 800000
generated: 27877 / 800000
generated: 27886 / 800000
generated: 27895 / 800000
generated: 27911 / 800000
generated: 27929 / 800000
generated: 27945 / 800000
generated: 27957 / 800000
generated: 27968 / 800000
generated: 27980 / 800000
generated: 27992 / 800000
generated: 28010 / 800000
generated: 28021 / 800000
generated: 28032 / 800000
generated: 28045 / 800000
generated: 28062 / 800000
generated: 28073 / 800000
generated: 28088 / 800000
generated: 28110 / 800000
generated: 28124 / 800000
generated: 28140 / 800000
generated: 28159 / 800000
generated: 28179 / 800000
generated: 28195 / 800000
generated: 28208 / 800000
generated: 28215 / 800000
generated: 28230 / 800000
generated: 28243 / 800000
generated: 28257 / 800000
generated: 28269 / 800000
generated: 28281 / 800000
generated: 28287 / 800000
generated: 28301 / 800000
generated: 28315 / 800000
generated: 28332 / 800000
generated: 28347 / 800000
generated: 28367 / 800000
generated: 28383 / 800000
generated: 28405 / 800000
generated: 28421 / 800000
generated: 28438 / 800000
generated: 28449 / 800000
generated: 28462 / 800000
generated: 28481 / 800000
generated: 28501 / 800000
generated: 28519 / 800000
generated: 28535 / 800000
generated: 28547 / 800000
generated: 28561 / 800000
generated: 28573 / 800000
generated: 28598 / 800000
generated: 28612 / 800000
generated: 28629 / 800000
generated: 28646 / 800000
generated: 28662 / 800000
generated: 28676 / 800000
generated: 28685 / 800000
generated: 28701 / 800000
generated: 28713 / 800000
generated: 28734 / 800000
generated: 28744 / 800000
generated: 28759 / 800000
generated: 28770 / 800000
generated: 28781 / 800000
generated: 28794 / 800000
generated: 28810 / 800000
generated: 28817 / 800000
generated: 28837 / 800000
generated: 28850 / 800000
generated: 28861 / 800000
generated: 28880 / 800000
generated: 28892 / 800000
generated: 28903 / 800000
generated: 28916 / 800000
generated: 28926 / 800000
generated: 28942 / 800000
generated: 28962 / 800000
generated: 28969 / 800000
generated: 28987 / 800000
generated: 28994 / 800000
generated: 29012 / 800000
generated: 29029 / 800000
generated: 29048 / 800000
generated: 29057 / 800000
generated: 29071 / 800000
generated: 29087 / 800000
generated: 29106 / 800000
generated: 29122 / 800000
generated: 29139 / 800000
generated: 29154 / 800000
generated: 29167 / 800000
generated: 29175 / 800000
generated: 29187 / 800000
generated: 29199 / 800000
generated: 29214 / 800000
generated: 29229 / 800000
generated: 29243 / 800000
generated: 29258 / 800000
generated: 29269 / 800000
generated: 29281 / 800000
generated: 29296 / 800000
generated: 29310 / 800000
generated: 29329 / 800000
generated: 29347 / 800000
generated: 29360 / 800000
generated: 29380 / 800000
generated: 29394 / 800000
generated: 29409 / 800000
generated: 29423 / 800000
generated: 29443 / 800000
generated: 29456 / 800000
generated: 29466 / 800000
generated: 29480 / 800000
generated: 29487 / 800000
generated: 29494 / 800000
generated: 29505 / 800000
generated: 29521 / 800000
generated: 29538 / 800000
generated: 29544 / 800000
generated: 29557 / 800000
generated: 29570 / 800000
generated: 29580 / 800000
generated: 29594 / 800000
generated: 29610 / 800000
generated: 29625 / 800000
generated: 29643 / 800000
generated: 29660 / 800000
generated: 29669 / 800000
generated: 29690 / 800000
generated: 29702 / 800000
generated: 29723 / 800000
generated: 29735 / 800000
generated: 29751 / 800000
generated: 29764 / 800000
generated: 29775 / 800000
generated: 29793 / 800000
generated: 29811 / 800000
generated: 29827 / 800000
generated: 29844 / 800000
generated: 29853 / 800000
generated: 29870 / 800000
generated: 29886 / 800000
generated: 29897 / 800000
generated: 29909 / 800000
generated: 29916 / 800000
generated: 29932 / 800000
generated: 29942 / 800000
generated: 29956 / 800000
generated: 29964 / 800000
generated: 29977 / 800000
generated: 29993 / 800000
generated: 30010 / 800000
generated: 30023 / 800000
generated: 30032 / 800000
generated: 30051 / 800000
generated: 30065 / 800000
generated: 30075 / 800000
generated: 30092 / 800000
generated: 30105 / 800000
generated: 30120 / 800000
generated: 30134 / 800000
generated: 30149 / 800000
generated: 30157 / 800000
generated: 30166 / 800000
generated: 30178 / 800000
generated: 30197 / 800000
generated: 30213 / 800000
generated: 30223 / 800000
generated: 30238 / 800000
generated: 30251 / 800000
generated: 30266 / 800000
generated: 30282 / 800000
generated: 30300 / 800000
generated: 30313 / 800000
generated: 30325 / 800000
generated: 30336 / 800000
generated: 30356 / 800000
generated: 30371 / 800000
generated: 30382 / 800000
generated: 30402 / 800000
generated: 30410 / 800000
generated: 30424 / 800000
generated: 30436 / 800000
generated: 30449 / 800000
generated: 30459 / 800000
generated: 30470 / 800000
generated: 30486 / 800000
generated: 30497 / 800000
generated: 30508 / 800000
generated: 30521 / 800000
generated: 30537 / 800000
generated: 30556 / 800000
generated: 30565 / 800000
generated: 30584 / 800000
generated: 30602 / 800000
generated: 30614 / 800000
generated: 30628 / 800000
generated: 30640 / 800000
generated: 30648 / 800000
generated: 30660 / 800000
generated: 30676 / 800000
generated: 30691 / 800000
generated: 30707 / 800000
generated: 30717 / 800000
generated: 30733 / 800000
generated: 30751 / 800000
generated: 30767 / 800000
generated: 30783 / 800000
generated: 30799 / 800000
generated: 30810 / 800000
generated: 30825 / 800000
generated: 30839 / 800000
generated: 30853 / 800000
generated: 30868 / 800000
generated: 30886 / 800000
generated: 30900 / 800000
generated: 30913 / 800000
generated: 30924 / 800000
generated: 30940 / 800000
generated: 30953 / 800000
generated: 30964 / 800000
generated: 30979 / 800000
generated: 30997 / 800000
generated: 31014 / 800000
generated: 31025 / 800000
generated: 31036 / 800000
generated: 31054 / 800000
generated: 31065 / 800000
generated: 31079 / 800000
generated: 31097 / 800000
generated: 31111 / 800000
generated: 31132 / 800000
generated: 31146 / 800000
generated: 31161 / 800000
generated: 31173 / 800000
generated: 31192 / 800000
generated: 31208 / 800000
generated: 31221 / 800000
generated: 31232 / 800000
generated: 31243 / 800000
generated: 31249 / 800000
generated: 31258 / 800000
generated: 31281 / 800000
generated: 31297 / 800000
generated: 31307 / 800000
generated: 31317 / 800000
generated: 31326 / 800000
generated: 31341 / 800000
generated: 31349 / 800000
generated: 31366 / 800000
generated: 31380 / 800000
generated: 31397 / 800000
generated: 31417 / 800000
generated: 31431 / 800000
generated: 31443 / 800000
generated: 31460 / 800000
generated: 31475 / 800000
generated: 31492 / 800000
generated: 31504 / 800000
generated: 31512 / 800000
generated: 31526 / 800000
generated: 31545 / 800000
generated: 31553 / 800000
generated: 31564 / 800000
generated: 31577 / 800000
generated: 31595 / 800000
generated: 31606 / 800000
generated: 31623 / 800000
generated: 31638 / 800000
generated: 31657 / 800000
generated: 31670 / 800000
generated: 31679 / 800000
generated: 31692 / 800000
generated: 31707 / 800000
generated: 31723 / 800000
generated: 31740 / 800000
generated: 31758 / 800000
generated: 31776 / 800000
generated: 31793 / 800000
generated: 31809 / 800000
generated: 31824 / 800000
generated: 31844 / 800000
generated: 31855 / 800000
generated: 31863 / 800000
generated: 31877 / 800000
generated: 31891 / 800000
generated: 31906 / 800000
generated: 31917 / 800000
generated: 31934 / 800000
generated: 31947 / 800000
generated: 31962 / 800000
generated: 31970 / 800000
generated: 31983 / 800000
generated: 31994 / 800000
generated: 32003 / 800000
generated: 32016 / 800000
generated: 32032 / 800000
generated: 32043 / 800000
generated: 32062 / 800000
generated: 32074 / 800000
generated: 32093 / 800000
generated: 32109 / 800000
generated: 32123 / 800000
generated: 32131 / 800000
generated: 32145 / 800000
generated: 32162 / 800000
generated: 32172 / 800000
generated: 32187 / 800000
generated: 32201 / 800000
generated: 32218 / 800000
generated: 32224 / 800000
generated: 32247 / 800000
generated: 32267 / 800000
generated: 32286 / 800000
generated: 32305 / 800000
generated: 32318 / 800000
generated: 32336 / 800000
generated: 32345 / 800000
generated: 32363 / 800000
generated: 32379 / 800000
generated: 32393 / 800000
generated: 32405 / 800000
generated: 32419 / 800000
generated: 32430 / 800000
generated: 32448 / 800000
generated: 32464 / 800000
generated: 32478 / 800000
generated: 32491 / 800000
generated: 32508 / 800000
generated: 32524 / 800000
generated: 32533 / 800000
generated: 32545 / 800000
generated: 32556 / 800000
generated: 32575 / 800000
generated: 32592 / 800000
generated: 32610 / 800000
generated: 32622 / 800000
generated: 32629 / 800000
generated: 32641 / 800000
generated: 32655 / 800000
generated: 32674 / 800000
generated: 32689 / 800000
generated: 32706 / 800000
generated: 32717 / 800000
generated: 32732 / 800000
generated: 32742 / 800000
generated: 32760 / 800000
generated: 32773 / 800000
generated: 32783 / 800000
generated: 32793 / 800000
generated: 32809 / 800000
generated: 32820 / 800000
generated: 32836 / 800000
generated: 32844 / 800000
generated: 32856 / 800000
generated: 32871 / 800000
generated: 32882 / 800000
generated: 32898 / 800000
generated: 32907 / 800000
generated: 32929 / 800000
generated: 32937 / 800000
generated: 32955 / 800000
generated: 32972 / 800000
generated: 32978 / 800000
generated: 32989 / 800000
generated: 33002 / 800000
generated: 33018 / 800000
generated: 33035 / 800000
generated: 33043 / 800000
generated: 33060 / 800000
generated: 33076 / 800000
generated: 33097 / 800000
generated: 33105 / 800000
generated: 33117 / 800000
generated: 33132 / 800000
generated: 33142 / 800000
generated: 33165 / 800000
generated: 33179 / 800000
generated: 33197 / 800000
generated: 33210 / 800000
generated: 33223 / 800000
generated: 33250 / 800000
generated: 33267 / 800000
generated: 33281 / 800000
generated: 33296 / 800000
generated: 33310 / 800000
generated: 33318 / 800000
generated: 33336 / 800000
generated: 33352 / 800000
generated: 33375 / 800000
generated: 33395 / 800000
generated: 33408 / 800000
generated: 33420 / 800000
generated: 33436 / 800000
generated: 33447 / 800000
generated: 33465 / 800000
generated: 33478 / 800000
generated: 33494 / 800000
generated: 33513 / 800000
generated: 33526 / 800000
generated: 33544 / 800000
generated: 33553 / 800000
generated: 33564 / 800000
generated: 33578 / 800000
generated: 33597 / 800000
generated: 33614 / 800000
generated: 33624 / 800000
generated: 33639 / 800000
generated: 33650 / 800000
generated: 33662 / 800000
generated: 33672 / 800000
generated: 33690 / 800000
generated: 33702 / 800000
generated: 33717 / 800000
generated: 33724 / 800000
generated: 33742 / 800000
generated: 33751 / 800000
generated: 33769 / 800000
generated: 33786 / 800000
generated: 33805 / 800000
generated: 33816 / 800000
generated: 33830 / 800000
generated: 33844 / 800000
generated: 33861 / 800000
generated: 33877 / 800000
generated: 33892 / 800000
generated: 33909 / 800000
generated: 33925 / 800000
generated: 33941 / 800000
generated: 33953 / 800000
generated: 33966 / 800000
generated: 33974 / 800000
generated: 33985 / 800000
generated: 34000 / 800000
generated: 34014 / 800000
generated: 34023 / 800000
generated: 34032 / 800000
generated: 34047 / 800000
generated: 34063 / 800000
generated: 34076 / 800000
generated: 34090 / 800000
generated: 34102 / 800000
generated: 34112 / 800000
generated: 34129 / 800000
generated: 34141 / 800000
generated: 34154 / 800000
generated: 34163 / 800000
generated: 34177 / 800000
generated: 34195 / 800000
generated: 34215 / 800000
generated: 34224 / 800000
generated: 34240 / 800000
generated: 34259 / 800000
generated: 34271 / 800000
generated: 34279 / 800000
generated: 34293 / 800000
generated: 34315 / 800000
generated: 34327 / 800000
generated: 34337 / 800000
generated: 34353 / 800000
generated: 34367 / 800000
generated: 34385 / 800000
generated: 34399 / 800000
generated: 34416 / 800000
generated: 34429 / 800000
generated: 34443 / 800000
generated: 34457 / 800000
generated: 34468 / 800000
generated: 34481 / 800000
generated: 34501 / 800000
generated: 34510 / 800000
generated: 34527 / 800000
generated: 34540 / 800000
generated: 34556 / 800000
generated: 34571 / 800000
generated: 34595 / 800000
generated: 34607 / 800000
generated: 34624 / 800000
generated: 34640 / 800000
generated: 34654 / 800000
generated: 34668 / 800000
generated: 34676 / 800000
generated: 34688 / 800000
generated: 34705 / 800000
generated: 34726 / 800000
generated: 34743 / 800000
generated: 34752 / 800000
generated: 34771 / 800000
generated: 34778 / 800000
generated: 34788 / 800000
generated: 34807 / 800000
generated: 34818 / 800000
generated: 34832 / 800000
generated: 34843 / 800000
generated: 34856 / 800000
generated: 34872 / 800000
generated: 34890 / 800000
generated: 34906 / 800000
generated: 34916 / 800000
generated: 34935 / 800000
generated: 34953 / 800000
generated: 34972 / 800000
generated: 34984 / 800000
generated: 34998 / 800000
generated: 35008 / 800000
generated: 35022 / 800000
generated: 35027 / 800000
generated: 35042 / 800000
generated: 35060 / 800000
generated: 35072 / 800000
generated: 35090 / 800000
generated: 35109 / 800000
generated: 35129 / 800000
generated: 35142 / 800000
generated: 35155 / 800000
generated: 35169 / 800000
generated: 35177 / 800000
generated: 35190 / 800000
generated: 35208 / 800000
generated: 35222 / 800000
generated: 35230 / 800000
generated: 35246 / 800000
generated: 35260 / 800000
generated: 35272 / 800000
generated: 35288 / 800000
generated: 35306 / 800000
generated: 35326 / 800000
generated: 35342 / 800000
generated: 35351 / 800000
generated: 35364 / 800000
generated: 35377 / 800000
generated: 35387 / 800000
generated: 35395 / 800000
generated: 35409 / 800000
generated: 35420 / 800000
generated: 35433 / 800000
generated: 35447 / 800000
generated: 35465 / 800000
generated: 35481 / 800000
generated: 35502 / 800000
generated: 35517 / 800000
generated: 35530 / 800000
generated: 35539 / 800000
generated: 35552 / 800000
generated: 35566 / 800000
generated: 35585 / 800000
generated: 35602 / 800000
generated: 35609 / 800000
generated: 35623 / 800000
generated: 35636 / 800000
generated: 35650 / 800000
generated: 35659 / 800000
generated: 35676 / 800000
generated: 35696 / 800000
generated: 35711 / 800000
generated: 35720 / 800000
generated: 35730 / 800000
generated: 35745 / 800000
generated: 35763 / 800000
generated: 35783 / 800000
generated: 35793 / 800000
generated: 35810 / 800000
generated: 35825 / 800000
generated: 35841 / 800000
generated: 35863 / 800000
generated: 35884 / 800000
generated: 35898 / 800000
generated: 35908 / 800000
generated: 35928 / 800000
generated: 35948 / 800000
generated: 35969 / 800000
generated: 35980 / 800000
generated: 35992 / 800000
generated: 36008 / 800000
generated: 36021 / 800000
generated: 36035 / 800000
generated: 36044 / 800000
generated: 36055 / 800000
generated: 36076 / 800000
generated: 36093 / 800000
generated: 36111 / 800000
generated: 36126 / 800000
generated: 36139 / 800000
generated: 36154 / 800000
generated: 36171 / 800000
generated: 36184 / 800000
generated: 36199 / 800000
generated: 36217 / 800000
generated: 36232 / 800000
generated: 36251 / 800000
generated: 36262 / 800000
generated: 36283 / 800000
generated: 36297 / 800000
generated: 36314 / 800000
generated: 36327 / 800000
generated: 36339 / 800000
generated: 36350 / 800000
generated: 36367 / 800000
generated: 36386 / 800000
generated: 36398 / 800000
generated: 36411 / 800000
generated: 36427 / 800000
generated: 36439 / 800000
generated: 36455 / 800000
generated: 36472 / 800000
generated: 36490 / 800000
generated: 36508 / 800000
generated: 36519 / 800000
generated: 36529 / 800000
generated: 36536 / 800000
generated: 36556 / 800000
generated: 36569 / 800000
generated: 36584 / 800000
generated: 36590 / 800000
generated: 36602 / 800000
generated: 36622 / 800000
generated: 36636 / 800000
generated: 36654 / 800000
generated: 36664 / 800000
generated: 36679 / 800000
generated: 36700 / 800000
generated: 36710 / 800000
generated: 36719 / 800000
generated: 36735 / 800000
generated: 36751 / 800000
generated: 36766 / 800000
generated: 36780 / 800000
generated: 36798 / 800000
generated: 36809 / 800000
generated: 36822 / 800000
generated: 36836 / 800000
generated: 36851 / 800000
generated: 36860 / 800000
generated: 36874 / 800000
generated: 36889 / 800000
generated: 36907 / 800000
generated: 36924 / 800000
generated: 36933 / 800000
generated: 36947 / 800000
generated: 36958 / 800000
generated: 36963 / 800000
generated: 36977 / 800000
generated: 36991 / 800000
generated: 37000 / 800000
generated: 37018 / 800000
generated: 37034 / 800000
generated: 37045 / 800000
generated: 37059 / 800000
generated: 37073 / 800000
generated: 37082 / 800000
generated: 37102 / 800000
generated: 37114 / 800000
generated: 37127 / 800000
generated: 37139 / 800000
generated: 37146 / 800000
generated: 37159 / 800000
generated: 37174 / 800000
generated: 37185 / 800000
generated: 37196 / 800000
generated: 37214 / 800000
generated: 37227 / 800000
generated: 37243 / 800000
generated: 37253 / 800000
generated: 37264 / 800000
generated: 37272 / 800000
generated: 37291 / 800000
generated: 37302 / 800000
generated: 37317 / 800000
generated: 37333 / 800000
generated: 37352 / 800000
generated: 37370 / 800000
generated: 37386 / 800000
generated: 37399 / 800000
generated: 37412 / 800000
generated: 37422 / 800000
generated: 37434 / 800000
generated: 37449 / 800000
generated: 37466 / 800000
generated: 37495 / 800000
generated: 37513 / 800000
generated: 37521 / 800000
generated: 37540 / 800000
generated: 37549 / 800000
generated: 37564 / 800000
generated: 37576 / 800000
generated: 37592 / 800000
generated: 37603 / 800000
generated: 37624 / 800000
generated: 37637 / 800000
generated: 37647 / 800000
generated: 37658 / 800000
generated: 37665 / 800000
generated: 37673 / 800000
generated: 37688 / 800000
generated: 37703 / 800000
generated: 37716 / 800000
generated: 37734 / 800000
generated: 37741 / 800000
generated: 37760 / 800000
generated: 37779 / 800000
generated: 37787 / 800000
generated: 37807 / 800000
generated: 37818 / 800000
generated: 37823 / 800000
generated: 37840 / 800000
generated: 37849 / 800000
generated: 37860 / 800000
generated: 37871 / 800000
generated: 37885 / 800000
generated: 37903 / 800000
generated: 37919 / 800000
generated: 37935 / 800000
generated: 37947 / 800000
generated: 37957 / 800000
generated: 37970 / 800000
generated: 37980 / 800000
generated: 37990 / 800000
generated: 38003 / 800000
generated: 38016 / 800000
generated: 38032 / 800000
generated: 38036 / 800000
generated: 38055 / 800000
generated: 38078 / 800000
generated: 38096 / 800000
generated: 38115 / 800000
generated: 38123 / 800000
generated: 38137 / 800000
generated: 38148 / 800000
generated: 38164 / 800000
generated: 38183 / 800000
generated: 38199 / 800000
generated: 38213 / 800000
generated: 38225 / 800000
generated: 38232 / 800000
generated: 38258 / 800000
generated: 38272 / 800000
generated: 38281 / 800000
generated: 38293 / 800000
generated: 38307 / 800000
generated: 38324 / 800000
generated: 38336 / 800000
generated: 38349 / 800000
generated: 38362 / 800000
generated: 38373 / 800000
generated: 38388 / 800000
generated: 38401 / 800000
generated: 38413 / 800000
generated: 38432 / 800000
generated: 38446 / 800000
generated: 38462 / 800000
generated: 38478 / 800000
generated: 38500 / 800000
generated: 38523 / 800000
generated: 38539 / 800000
generated: 38555 / 800000
generated: 38570 / 800000
generated: 38579 / 800000
generated: 38595 / 800000
generated: 38612 / 800000
generated: 38627 / 800000
generated: 38635 / 800000
generated: 38646 / 800000
generated: 38659 / 800000
generated: 38672 / 800000
generated: 38683 / 800000
generated: 38699 / 800000
generated: 38719 / 800000
generated: 38732 / 800000
generated: 38745 / 800000
generated: 38764 / 800000
generated: 38774 / 800000
generated: 38785 / 800000
generated: 38803 / 800000
generated: 38815 / 800000
generated: 38833 / 800000
generated: 38854 / 800000
generated: 38866 / 800000
generated: 38878 / 800000
generated: 38893 / 800000
generated: 38904 / 800000
generated: 38921 / 800000
generated: 38942 / 800000
generated: 38957 / 800000
generated: 38967 / 800000
generated: 38984 / 800000
generated: 38991 / 800000
generated: 39001 / 800000
generated: 39017 / 800000
generated: 39025 / 800000
generated: 39044 / 800000
generated: 39061 / 800000
generated: 39071 / 800000
generated: 39090 / 800000
generated: 39102 / 800000
generated: 39116 / 800000
generated: 39127 / 800000
generated: 39137 / 800000
generated: 39151 / 800000
generated: 39171 / 800000
generated: 39181 / 800000
generated: 39195 / 800000
generated: 39214 / 800000
generated: 39229 / 800000
generated: 39251 / 800000
generated: 39268 / 800000
generated: 39282 / 800000
generated: 39297 / 800000
generated: 39311 / 800000
generated: 39325 / 800000
generated: 39334 / 800000
generated: 39347 / 800000
generated: 39357 / 800000
generated: 39368 / 800000
generated: 39386 / 800000
generated: 39402 / 800000
generated: 39419 / 800000
generated: 39434 / 800000
generated: 39448 / 800000
generated: 39460 / 800000
generated: 39474 / 800000
generated: 39485 / 800000
generated: 39499 / 800000
generated: 39514 / 800000
generated: 39522 / 800000
generated: 39536 / 800000
generated: 39552 / 800000
generated: 39569 / 800000
generated: 39583 / 800000
generated: 39591 / 800000
generated: 39611 / 800000
generated: 39627 / 800000
generated: 39641 / 800000
generated: 39657 / 800000
generated: 39670 / 800000
generated: 39688 / 800000
generated: 39707 / 800000
generated: 39718 / 800000
generated: 39732 / 800000
generated: 39750 / 800000
generated: 39764 / 800000
generated: 39783 / 800000
generated: 39800 / 800000
generated: 39810 / 800000
generated: 39830 / 800000
generated: 39841 / 800000
generated: 39855 / 800000
generated: 39867 / 800000
generated: 39884 / 800000
generated: 39895 / 800000
generated: 39916 / 800000
generated: 39930 / 800000
generated: 39945 / 800000
generated: 39962 / 800000
generated: 39981 / 800000
generated: 40000 / 800000
generated: 40015 / 800000
generated: 40027 / 800000
generated: 40041 / 800000
generated: 40060 / 800000
generated: 40074 / 800000
generated: 40090 / 800000
generated: 40099 / 800000
generated: 40109 / 800000
generated: 40119 / 800000
generated: 40129 / 800000
generated: 40146 / 800000
generated: 40161 / 800000
generated: 40175 / 800000
generated: 40195 / 800000
generated: 40208 / 800000
generated: 40226 / 800000
generated: 40243 / 800000
generated: 40255 / 800000
generated: 40265 / 800000
generated: 40275 / 800000
generated: 40287 / 800000
generated: 40293 / 800000
generated: 40306 / 800000
generated: 40325 / 800000
generated: 40342 / 800000
generated: 40357 / 800000
generated: 40371 / 800000
generated: 40381 / 800000
generated: 40392 / 800000
generated: 40404 / 800000
generated: 40418 / 800000
generated: 40430 / 800000
generated: 40448 / 800000
generated: 40462 / 800000
generated: 40477 / 800000
generated: 40491 / 800000
generated: 40509 / 800000
generated: 40520 / 800000
generated: 40530 / 800000
generated: 40542 / 800000
generated: 40554 / 800000
generated: 40568 / 800000
generated: 40587 / 800000
generated: 40601 / 800000
generated: 40617 / 800000
generated: 40633 / 800000
generated: 40649 / 800000
generated: 40661 / 800000
generated: 40675 / 800000
generated: 40690 / 800000
generated: 40704 / 800000
generated: 40722 / 800000
generated: 40733 / 800000
generated: 40749 / 800000
generated: 40763 / 800000
generated: 40776 / 800000
generated: 40788 / 800000
generated: 40802 / 800000
generated: 40816 / 800000
generated: 40833 / 800000
generated: 40850 / 800000
generated: 40866 / 800000
generated: 40885 / 800000
generated: 40896 / 800000
generated: 40916 / 800000
generated: 40927 / 800000
generated: 40941 / 800000
generated: 40951 / 800000
generated: 40969 / 800000
generated: 40989 / 800000
generated: 41002 / 800000
generated: 41021 / 800000
generated: 41034 / 800000
generated: 41044 / 800000
generated: 41058 / 800000
generated: 41069 / 800000
generated: 41089 / 800000
generated: 41106 / 800000
generated: 41124 / 800000
generated: 41139 / 800000
generated: 41156 / 800000
generated: 41170 / 800000
generated: 41189 / 800000
generated: 41207 / 800000
generated: 41221 / 800000
generated: 41233 / 800000
generated: 41246 / 800000
generated: 41259 / 800000
generated: 41273 / 800000
generated: 41292 / 800000
generated: 41307 / 800000
generated: 41322 / 800000
generated: 41337 / 800000
generated: 41349 / 800000
generated: 41364 / 800000
generated: 41377 / 800000
generated: 41391 / 800000
generated: 41405 / 800000
generated: 41417 / 800000
generated: 41428 / 800000
generated: 41442 / 800000
generated: 41454 / 800000
generated: 41471 / 800000
generated: 41483 / 800000
generated: 41497 / 800000
generated: 41513 / 800000
generated: 41521 / 800000
generated: 41533 / 800000
generated: 41545 / 800000
generated: 41558 / 800000
generated: 41566 / 800000
generated: 41575 / 800000
generated: 41587 / 800000
generated: 41598 / 800000
generated: 41615 / 800000
generated: 41629 / 800000
generated: 41644 / 800000
generated: 41657 / 800000
generated: 41670 / 800000
generated: 41683 / 800000
generated: 41700 / 800000
generated: 41714 / 800000
generated: 41735 / 800000
generated: 41750 / 800000
generated: 41767 / 800000
generated: 41779 / 800000
generated: 41794 / 800000
generated: 41809 / 800000
generated: 41815 / 800000
generated: 41829 / 800000
generated: 41843 / 800000
generated: 41851 / 800000
generated: 41864 / 800000
generated: 41874 / 800000
generated: 41891 / 800000
generated: 41906 / 800000
generated: 41923 / 800000
generated: 41937 / 800000
generated: 41946 / 800000
generated: 41954 / 800000
generated: 41971 / 800000
generated: 41980 / 800000
generated: 41988 / 800000
generated: 42003 / 800000
generated: 42021 / 800000
generated: 42037 / 800000
generated: 42050 / 800000
generated: 42058 / 800000
generated: 42068 / 800000
generated: 42083 / 800000
generated: 42097 / 800000
generated: 42112 / 800000
generated: 42128 / 800000
generated: 42147 / 800000
generated: 42161 / 800000
generated: 42181 / 800000
generated: 42198 / 800000
generated: 42208 / 800000
generated: 42223 / 800000
generated: 42237 / 800000
generated: 42258 / 800000
generated: 42264 / 800000
generated: 42274 / 800000
generated: 42281 / 800000
generated: 42302 / 800000
generated: 42315 / 800000
generated: 42332 / 800000
generated: 42344 / 800000
generated: 42358 / 800000
generated: 42370 / 800000
generated: 42384 / 800000
generated: 42396 / 800000
generated: 42405 / 800000
generated: 42416 / 800000
generated: 42430 / 800000
generated: 42439 / 800000
generated: 42457 / 800000
generated: 42469 / 800000
generated: 42477 / 800000
generated: 42491 / 800000
generated: 42501 / 800000
generated: 42513 / 800000
generated: 42524 / 800000
generated: 42537 / 800000
generated: 42544 / 800000
generated: 42559 / 800000
generated: 42571 / 800000
generated: 42589 / 800000
generated: 42603 / 800000
generated: 42612 / 800000
generated: 42622 / 800000
generated: 42634 / 800000
generated: 42648 / 800000
generated: 42661 / 800000
generated: 42672 / 800000
generated: 42688 / 800000
generated: 42698 / 800000
generated: 42709 / 800000
generated: 42722 / 800000
generated: 42740 / 800000
generated: 42757 / 800000
generated: 42770 / 800000
generated: 42780 / 800000
generated: 42796 / 800000
generated: 42809 / 800000
generated: 42823 / 800000
generated: 42836 / 800000
generated: 42841 / 800000
generated: 42853 / 800000
generated: 42864 / 800000
generated: 42873 / 800000
generated: 42890 / 800000
generated: 42900 / 800000
generated: 42912 / 800000
generated: 42923 / 800000
generated: 42938 / 800000
generated: 42950 / 800000
generated: 42962 / 800000
generated: 42976 / 800000
generated: 43002 / 800000
generated: 43017 / 800000
generated: 43030 / 800000
generated: 43039 / 800000
generated: 43056 / 800000
generated: 43076 / 800000
generated: 43086 / 800000
generated: 43098 / 800000
generated: 43110 / 800000
generated: 43122 / 800000
generated: 43132 / 800000
generated: 43149 / 800000
generated: 43164 / 800000
generated: 43173 / 800000
generated: 43188 / 800000
generated: 43203 / 800000
generated: 43209 / 800000
generated: 43219 / 800000
generated: 43228 / 800000
generated: 43240 / 800000
generated: 43255 / 800000
generated: 43268 / 800000
generated: 43282 / 800000
generated: 43295 / 800000
generated: 43315 / 800000
generated: 43332 / 800000
generated: 43344 / 800000
generated: 43362 / 800000
generated: 43376 / 800000
generated: 43392 / 800000
generated: 43406 / 800000
generated: 43423 / 800000
generated: 43437 / 800000
generated: 43449 / 800000
generated: 43460 / 800000
generated: 43479 / 800000
generated: 43495 / 800000
generated: 43509 / 800000
generated: 43516 / 800000
generated: 43528 / 800000
generated: 43546 / 800000
generated: 43553 / 800000
generated: 43560 / 800000
generated: 43578 / 800000
generated: 43595 / 800000
generated: 43615 / 800000
generated: 43629 / 800000
generated: 43649 / 800000
generated: 43659 / 800000
generated: 43673 / 800000
generated: 43686 / 800000
generated: 43698 / 800000
generated: 43714 / 800000
generated: 43731 / 800000
generated: 43747 / 800000
generated: 43761 / 800000
generated: 43777 / 800000
generated: 43794 / 800000
generated: 43808 / 800000
generated: 43817 / 800000
generated: 43824 / 800000
generated: 43845 / 800000
generated: 43865 / 800000
generated: 43884 / 800000
generated: 43894 / 800000
generated: 43911 / 800000
generated: 43928 / 800000
generated: 43937 / 800000
generated: 43947 / 800000
generated: 43960 / 800000
generated: 43976 / 800000
generated: 43989 / 800000
generated: 44002 / 800000
generated: 44014 / 800000
generated: 44034 / 800000
generated: 44052 / 800000
generated: 44063 / 800000
generated: 44080 / 800000
generated: 44091 / 800000
generated: 44100 / 800000
generated: 44115 / 800000
generated: 44125 / 800000
generated: 44138 / 800000
generated: 44149 / 800000
generated: 44159 / 800000
generated: 44178 / 800000
generated: 44189 / 800000
generated: 44199 / 800000
generated: 44212 / 800000
generated: 44225 / 800000
generated: 44248 / 800000
generated: 44260 / 800000
generated: 44274 / 800000
generated: 44289 / 800000
generated: 44306 / 800000
generated: 44322 / 800000
generated: 44333 / 800000
generated: 44344 / 800000
generated: 44357 / 800000
generated: 44382 / 800000
generated: 44404 / 800000
generated: 44413 / 800000
generated: 44427 / 800000
generated: 44440 / 800000
generated: 44457 / 800000
generated: 44466 / 800000
generated: 44486 / 800000
generated: 44502 / 800000
generated: 44520 / 800000
generated: 44535 / 800000
generated: 44548 / 800000
generated: 44557 / 800000
generated: 44572 / 800000
generated: 44580 / 800000
generated: 44594 / 800000
generated: 44609 / 800000
generated: 44624 / 800000
generated: 44633 / 800000
generated: 44649 / 800000
generated: 44666 / 800000
generated: 44681 / 800000
generated: 44693 / 800000
generated: 44708 / 800000
generated: 44722 / 800000
generated: 44740 / 800000
generated: 44755 / 800000
generated: 44775 / 800000
generated: 44792 / 800000
generated: 44802 / 800000
generated: 44814 / 800000
generated: 44828 / 800000
generated: 44835 / 800000
generated: 44857 / 800000
generated: 44871 / 800000
generated: 44877 / 800000
generated: 44893 / 800000
generated: 44906 / 800000
generated: 44921 / 800000
generated: 44937 / 800000
generated: 44958 / 800000
generated: 44976 / 800000
generated: 44995 / 800000
generated: 45011 / 800000
generated: 45021 / 800000
generated: 45036 / 800000
generated: 45053 / 800000
generated: 45067 / 800000
generated: 45080 / 800000
generated: 45094 / 800000
generated: 45103 / 800000
generated: 45114 / 800000
generated: 45128 / 800000
generated: 45140 / 800000
generated: 45156 / 800000
generated: 45167 / 800000
generated: 45174 / 800000
generated: 45193 / 800000
generated: 45204 / 800000
generated: 45215 / 800000
generated: 45228 / 800000
generated: 45237 / 800000
generated: 45252 / 800000
generated: 45265 / 800000
generated: 45274 / 800000
generated: 45292 / 800000
generated: 45307 / 800000
generated: 45317 / 800000
generated: 45329 / 800000
generated: 45347 / 800000
generated: 45360 / 800000
generated: 45366 / 800000
generated: 45380 / 800000
generated: 45396 / 800000
generated: 45412 / 800000
generated: 45429 / 800000
generated: 45443 / 800000
generated: 45461 / 800000
generated: 45476 / 800000
generated: 45489 / 800000
generated: 45502 / 800000
generated: 45515 / 800000
generated: 45529 / 800000
generated: 45549 / 800000
generated: 45563 / 800000
generated: 45577 / 800000
generated: 45591 / 800000
generated: 45608 / 800000
generated: 45625 / 800000
generated: 45639 / 800000
generated: 45646 / 800000
generated: 45659 / 800000
generated: 45674 / 800000
generated: 45687 / 800000
generated: 45702 / 800000
generated: 45713 / 800000
generated: 45728 / 800000
generated: 45734 / 800000
generated: 45747 / 800000
generated: 45759 / 800000
generated: 45768 / 800000
generated: 45782 / 800000
generated: 45800 / 800000
generated: 45806 / 800000
generated: 45819 / 800000
generated: 45838 / 800000
generated: 45854 / 800000
generated: 45869 / 800000
generated: 45881 / 800000
generated: 45897 / 800000
generated: 45910 / 800000
generated: 45917 / 800000
generated: 45941 / 800000
generated: 45953 / 800000
generated: 45967 / 800000
generated: 45982 / 800000
generated: 45995 / 800000
generated: 46012 / 800000
generated: 46019 / 800000
generated: 46028 / 800000
generated: 46040 / 800000
generated: 46052 / 800000
generated: 46058 / 800000
generated: 46073 / 800000
generated: 46081 / 800000
generated: 46103 / 800000
generated: 46123 / 800000
generated: 46144 / 800000
generated: 46154 / 800000
generated: 46164 / 800000
generated: 46180 / 800000
generated: 46191 / 800000
generated: 46206 / 800000
generated: 46220 / 800000
generated: 46235 / 800000
generated: 46249 / 800000
generated: 46272 / 800000
generated: 46284 / 800000
generated: 46301 / 800000
generated: 46316 / 800000
generated: 46322 / 800000
generated: 46331 / 800000
generated: 46336 / 800000
generated: 46352 / 800000
generated: 46365 / 800000
generated: 46381 / 800000
generated: 46392 / 800000
generated: 46400 / 800000
generated: 46411 / 800000
generated: 46424 / 800000
generated: 46442 / 800000
generated: 46453 / 800000
generated: 46472 / 800000
generated: 46487 / 800000
generated: 46502 / 800000
generated: 46523 / 800000
generated: 46539 / 800000
generated: 46556 / 800000
generated: 46566 / 800000
generated: 46582 / 800000
generated: 46598 / 800000
generated: 46618 / 800000
generated: 46627 / 800000
generated: 46641 / 800000
generated: 46657 / 800000
generated: 46678 / 800000
generated: 46688 / 800000
generated: 46700 / 800000
generated: 46713 / 800000
generated: 46730 / 800000
generated: 46748 / 800000
generated: 46763 / 800000
generated: 46782 / 800000
generated: 46791 / 800000
generated: 46800 / 800000
generated: 46814 / 800000
generated: 46823 / 800000
generated: 46833 / 800000
generated: 46846 / 800000
generated: 46859 / 800000
generated: 46869 / 800000
generated: 46893 / 800000
generated: 46904 / 800000
generated: 46921 / 800000
generated: 46943 / 800000
generated: 46959 / 800000
generated: 46975 / 800000
generated: 46993 / 800000
generated: 47000 / 800000
generated: 47006 / 800000
generated: 47020 / 800000
generated: 47036 / 800000
generated: 47047 / 800000
generated: 47061 / 800000
generated: 47077 / 800000
generated: 47101 / 800000
generated: 47118 / 800000
generated: 47125 / 800000
generated: 47138 / 800000
generated: 47153 / 800000
generated: 47169 / 800000
generated: 47183 / 800000
generated: 47196 / 800000
generated: 47215 / 800000
generated: 47228 / 800000
generated: 47246 / 800000
generated: 47266 / 800000
generated: 47283 / 800000
generated: 47296 / 800000
generated: 47316 / 800000
generated: 47321 / 800000
generated: 47337 / 800000
generated: 47351 / 800000
generated: 47367 / 800000
generated: 47379 / 800000
generated: 47390 / 800000
generated: 47403 / 800000
generated: 47411 / 800000
generated: 47424 / 800000
generated: 47439 / 800000
generated: 47456 / 800000
generated: 47467 / 800000
generated: 47486 / 800000
generated: 47499 / 800000
generated: 47508 / 800000
generated: 47524 / 800000
generated: 47533 / 800000
generated: 47543 / 800000
generated: 47558 / 800000
generated: 47576 / 800000
generated: 47591 / 800000
generated: 47606 / 800000
generated: 47621 / 800000
generated: 47637 / 800000
generated: 47649 / 800000
generated: 47661 / 800000
generated: 47679 / 800000
generated: 47692 / 800000
generated: 47704 / 800000
generated: 47725 / 800000
generated: 47744 / 800000
generated: 47759 / 800000
generated: 47774 / 800000
generated: 47790 / 800000
generated: 47801 / 800000
generated: 47816 / 800000
generated: 47828 / 800000
generated: 47845 / 800000
generated: 47860 / 800000
generated: 47883 / 800000
generated: 47902 / 800000
generated: 47926 / 800000
generated: 47949 / 800000
generated: 47957 / 800000
generated: 47969 / 800000
generated: 47984 / 800000
generated: 47999 / 800000
generated: 48014 / 800000
generated: 48024 / 800000
generated: 48040 / 800000
generated: 48048 / 800000
generated: 48057 / 800000
generated: 48065 / 800000
generated: 48077 / 800000
generated: 48094 / 800000
generated: 48109 / 800000
generated: 48123 / 800000
generated: 48141 / 800000
generated: 48152 / 800000
generated: 48170 / 800000
generated: 48192 / 800000
generated: 48211 / 800000
generated: 48227 / 800000
generated: 48249 / 800000
generated: 48261 / 800000
generated: 48276 / 800000
generated: 48291 / 800000
generated: 48304 / 800000
generated: 48322 / 800000
generated: 48332 / 800000
generated: 48341 / 800000
generated: 48361 / 800000
generated: 48375 / 800000
generated: 48389 / 800000
generated: 48403 / 800000
generated: 48418 / 800000
generated: 48430 / 800000
generated: 48449 / 800000
generated: 48474 / 800000
generated: 48492 / 800000
generated: 48504 / 800000
generated: 48521 / 800000
generated: 48534 / 800000
generated: 48554 / 800000
generated: 48565 / 800000
generated: 48582 / 800000
generated: 48593 / 800000
generated: 48612 / 800000
generated: 48629 / 800000
generated: 48640 / 800000
generated: 48656 / 800000
generated: 48676 / 800000
generated: 48694 / 800000
generated: 48711 / 800000
generated: 48726 / 800000
generated: 48742 / 800000
generated: 48759 / 800000
generated: 48776 / 800000
generated: 48788 / 800000
generated: 48803 / 800000
generated: 48816 / 800000
generated: 48837 / 800000
generated: 48845 / 800000
generated: 48857 / 800000
generated: 48867 / 800000
generated: 48887 / 800000
generated: 48897 / 800000
generated: 48907 / 800000
generated: 48920 / 800000
generated: 48933 / 800000
generated: 48942 / 800000
generated: 48958 / 800000
generated: 48982 / 800000
generated: 48992 / 800000
generated: 49001 / 800000
generated: 49019 / 800000
generated: 49032 / 800000
generated: 49047 / 800000
generated: 49063 / 800000
generated: 49080 / 800000
generated: 49092 / 800000
generated: 49109 / 800000
generated: 49127 / 800000
generated: 49141 / 800000
generated: 49153 / 800000
generated: 49166 / 800000
generated: 49178 / 800000
generated: 49198 / 800000
generated: 49217 / 800000
generated: 49234 / 800000
generated: 49248 / 800000
generated: 49263 / 800000
generated: 49276 / 800000
generated: 49289 / 800000
generated: 49296 / 800000
generated: 49309 / 800000
generated: 49318 / 800000
generated: 49335 / 800000
generated: 49344 / 800000
generated: 49362 / 800000
generated: 49373 / 800000
generated: 49386 / 800000
generated: 49399 / 800000
generated: 49414 / 800000
generated: 49427 / 800000
generated: 49444 / 800000
generated: 49456 / 800000
generated: 49473 / 800000
generated: 49488 / 800000
generated: 49499 / 800000
generated: 49511 / 800000
generated: 49526 / 800000
generated: 49543 / 800000
generated: 49552 / 800000
generated: 49567 / 800000
generated: 49581 / 800000
generated: 49604 / 800000
generated: 49625 / 800000
generated: 49641 / 800000
generated: 49651 / 800000
generated: 49666 / 800000
generated: 49679 / 800000
generated: 49698 / 800000
generated: 49714 / 800000
generated: 49727 / 800000
generated: 49743 / 800000
generated: 49757 / 800000
generated: 49773 / 800000
generated: 49787 / 800000
generated: 49800 / 800000
generated: 49814 / 800000
generated: 49825 / 800000
generated: 49840 / 800000
generated: 49850 / 800000
generated: 49873 / 800000
generated: 49887 / 800000
generated: 49900 / 800000
generated: 49915 / 800000
generated: 49927 / 800000
generated: 49944 / 800000
generated: 49953 / 800000
generated: 49970 / 800000
generated: 49982 / 800000
generated: 49998 / 800000
generated: 50012 / 800000
generated: 50027 / 800000
generated: 50033 / 800000
generated: 50052 / 800000
generated: 50066 / 800000
generated: 50078 / 800000
generated: 50095 / 800000
generated: 50109 / 800000
generated: 50127 / 800000
generated: 50147 / 800000
generated: 50168 / 800000
generated: 50179 / 800000
generated: 50186 / 800000
generated: 50198 / 800000
generated: 50211 / 800000
generated: 50225 / 800000
generated: 50240 / 800000
generated: 50255 / 800000
generated: 50269 / 800000
generated: 50282 / 800000
generated: 50295 / 800000
generated: 50311 / 800000
generated: 50326 / 800000
generated: 50345 / 800000
generated: 50354 / 800000
generated: 50364 / 800000
generated: 50379 / 800000
generated: 50389 / 800000
generated: 50404 / 800000
generated: 50414 / 800000
generated: 50432 / 800000
generated: 50450 / 800000
generated: 50456 / 800000
generated: 50466 / 800000
generated: 50473 / 800000
generated: 50484 / 800000
generated: 50501 / 800000
generated: 50511 / 800000
generated: 50523 / 800000
generated: 50538 / 800000
generated: 50553 / 800000
generated: 50563 / 800000
generated: 50581 / 800000
generated: 50591 / 800000
generated: 50603 / 800000
generated: 50614 / 800000
generated: 50627 / 800000
generated: 50641 / 800000
generated: 50651 / 800000
generated: 50670 / 800000
generated: 50686 / 800000
generated: 50704 / 800000
generated: 50716 / 800000
generated: 50736 / 800000
generated: 50747 / 800000
generated: 50755 / 800000
generated: 50767 / 800000
generated: 50781 / 800000
generated: 50798 / 800000
generated: 50814 / 800000
generated: 50828 / 800000
generated: 50847 / 800000
generated: 50859 / 800000
generated: 50871 / 800000
generated: 50886 / 800000
generated: 50896 / 800000
generated: 50912 / 800000
generated: 50925 / 800000
generated: 50932 / 800000
generated: 50948 / 800000
generated: 50959 / 800000
generated: 50969 / 800000
generated: 50982 / 800000
generated: 50994 / 800000
generated: 51014 / 800000
generated: 51025 / 800000
generated: 51040 / 800000
generated: 51052 / 800000
generated: 51062 / 800000
generated: 51079 / 800000
generated: 51089 / 800000
generated: 51103 / 800000
generated: 51121 / 800000
generated: 51142 / 800000
generated: 51160 / 800000
generated: 51172 / 800000
generated: 51189 / 800000
generated: 51200 / 800000
generated: 51214 / 800000
generated: 51230 / 800000
generated: 51241 / 800000
generated: 51250 / 800000
generated: 51269 / 800000
generated: 51283 / 800000
generated: 51300 / 800000
generated: 51306 / 800000
generated: 51314 / 800000
generated: 51328 / 800000
generated: 51338 / 800000
generated: 51350 / 800000
generated: 51360 / 800000
generated: 51375 / 800000
generated: 51399 / 800000
generated: 51416 / 800000
generated: 51429 / 800000
generated: 51455 / 800000
generated: 51464 / 800000
generated: 51476 / 800000
generated: 51488 / 800000
generated: 51495 / 800000
generated: 51513 / 800000
generated: 51521 / 800000
generated: 51534 / 800000
generated: 51549 / 800000
generated: 51569 / 800000
generated: 51577 / 800000
generated: 51594 / 800000
generated: 51608 / 800000
generated: 51627 / 800000
generated: 51641 / 800000
generated: 51660 / 800000
generated: 51675 / 800000
generated: 51686 / 800000
generated: 51705 / 800000
generated: 51720 / 800000
generated: 51727 / 800000
generated: 51742 / 800000
generated: 51754 / 800000
generated: 51777 / 800000
generated: 51788 / 800000
generated: 51802 / 800000
generated: 51815 / 800000
generated: 51828 / 800000
generated: 51843 / 800000
generated: 51859 / 800000
generated: 51872 / 800000
generated: 51880 / 800000
generated: 51890 / 800000
generated: 51899 / 800000
generated: 51914 / 800000
generated: 51927 / 800000
generated: 51942 / 800000
generated: 51953 / 800000
generated: 51971 / 800000
generated: 51981 / 800000
generated: 52002 / 800000
generated: 52014 / 800000
generated: 52032 / 800000
generated: 52049 / 800000
generated: 52065 / 800000
generated: 52077 / 800000
generated: 52091 / 800000
generated: 52105 / 800000
generated: 52120 / 800000
generated: 52136 / 800000
generated: 52154 / 800000
generated: 52163 / 800000
generated: 52175 / 800000
generated: 52192 / 800000
generated: 52203 / 800000
generated: 52215 / 800000
generated: 52233 / 800000
generated: 52247 / 800000
generated: 52269 / 800000
generated: 52285 / 800000
generated: 52296 / 800000
generated: 52309 / 800000
generated: 52322 / 800000
generated: 52338 / 800000
generated: 52350 / 800000
generated: 52360 / 800000
generated: 52368 / 800000
generated: 52377 / 800000
generated: 52387 / 800000
generated: 52403 / 800000
generated: 52414 / 800000
generated: 52428 / 800000
generated: 52438 / 800000
generated: 52457 / 800000
generated: 52471 / 800000
generated: 52481 / 800000
generated: 52503 / 800000
generated: 52512 / 800000
generated: 52524 / 800000
generated: 52533 / 800000
generated: 52545 / 800000
generated: 52566 / 800000
generated: 52585 / 800000
generated: 52596 / 800000
generated: 52612 / 800000
generated: 52628 / 800000
generated: 52638 / 800000
generated: 52649 / 800000
generated: 52671 / 800000
generated: 52682 / 800000
generated: 52700 / 800000
generated: 52712 / 800000
generated: 52728 / 800000
generated: 52739 / 800000
generated: 52758 / 800000
generated: 52774 / 800000
generated: 52793 / 800000
generated: 52804 / 800000
generated: 52816 / 800000
generated: 52831 / 800000
generated: 52847 / 800000
generated: 52857 / 800000
generated: 52870 / 800000
generated: 52879 / 800000
generated: 52892 / 800000
generated: 52903 / 800000
generated: 52922 / 800000
generated: 52936 / 800000
generated: 52951 / 800000
generated: 52967 / 800000
generated: 52985 / 800000
generated: 53001 / 800000
generated: 53014 / 800000
generated: 53028 / 800000
generated: 53038 / 800000
generated: 53053 / 800000
generated: 53067 / 800000
generated: 53082 / 800000
generated: 53096 / 800000
generated: 53112 / 800000
generated: 53125 / 800000
generated: 53140 / 800000
generated: 53155 / 800000
generated: 53170 / 800000
generated: 53181 / 800000
generated: 53194 / 800000
generated: 53207 / 800000
generated: 53222 / 800000
generated: 53238 / 800000
generated: 53246 / 800000
generated: 53259 / 800000
generated: 53270 / 800000
generated: 53292 / 800000
generated: 53309 / 800000
generated: 53329 / 800000
generated: 53338 / 800000
generated: 53348 / 800000
generated: 53369 / 800000
generated: 53388 / 800000
generated: 53404 / 800000
generated: 53416 / 800000
generated: 53427 / 800000
generated: 53449 / 800000
generated: 53464 / 800000
generated: 53476 / 800000
generated: 53486 / 800000
generated: 53506 / 800000
generated: 53519 / 800000
generated: 53540 / 800000
generated: 53551 / 800000
generated: 53559 / 800000
generated: 53567 / 800000
generated: 53575 / 800000
generated: 53588 / 800000
generated: 53599 / 800000
generated: 53618 / 800000
generated: 53635 / 800000
generated: 53652 / 800000
generated: 53666 / 800000
generated: 53691 / 800000
generated: 53713 / 800000
generated: 53732 / 800000
generated: 53743 / 800000
generated: 53749 / 800000
generated: 53759 / 800000
generated: 53773 / 800000
generated: 53782 / 800000
generated: 53801 / 800000
generated: 53811 / 800000
generated: 53831 / 800000
generated: 53842 / 800000
generated: 53854 / 800000
generated: 53870 / 800000
generated: 53879 / 800000
generated: 53888 / 800000
generated: 53903 / 800000
generated: 53918 / 800000
generated: 53935 / 800000
generated: 53951 / 800000
generated: 53964 / 800000
generated: 53974 / 800000
generated: 53990 / 800000
generated: 53996 / 800000
generated: 54011 / 800000
generated: 54022 / 800000
generated: 54042 / 800000
generated: 54057 / 800000
generated: 54077 / 800000
generated: 54090 / 800000
generated: 54112 / 800000
generated: 54120 / 800000
generated: 54139 / 800000
generated: 54162 / 800000
generated: 54175 / 800000
generated: 54189 / 800000
generated: 54205 / 800000
generated: 54217 / 800000
generated: 54236 / 800000
generated: 54254 / 800000
generated: 54266 / 800000
generated: 54283 / 800000
generated: 54301 / 800000
generated: 54309 / 800000
generated: 54321 / 800000
generated: 54340 / 800000
generated: 54351 / 800000
generated: 54364 / 800000
generated: 54372 / 800000
generated: 54389 / 800000
generated: 54401 / 800000
generated: 54412 / 800000
generated: 54426 / 800000
generated: 54444 / 800000
generated: 54450 / 800000
generated: 54464 / 800000
generated: 54479 / 800000
generated: 54491 / 800000
generated: 54507 / 800000
generated: 54521 / 800000
generated: 54536 / 800000
generated: 54548 / 800000
generated: 54560 / 800000
generated: 54576 / 800000
generated: 54585 / 800000
generated: 54600 / 800000
generated: 54614 / 800000
generated: 54633 / 800000
generated: 54650 / 800000
generated: 54658 / 800000
generated: 54678 / 800000
generated: 54688 / 800000
generated: 54708 / 800000
generated: 54715 / 800000
generated: 54731 / 800000
generated: 54746 / 800000
generated: 54761 / 800000
generated: 54777 / 800000
generated: 54791 / 800000
generated: 54804 / 800000
generated: 54829 / 800000
generated: 54842 / 800000
generated: 54850 / 800000
generated: 54863 / 800000
generated: 54878 / 800000
generated: 54889 / 800000
generated: 54901 / 800000
generated: 54918 / 800000
generated: 54930 / 800000
generated: 54948 / 800000
generated: 54963 / 800000
generated: 54975 / 800000
generated: 54988 / 800000
generated: 55002 / 800000
generated: 55014 / 800000
generated: 55025 / 800000
generated: 55037 / 800000
generated: 55056 / 800000
generated: 55069 / 800000
generated: 55083 / 800000
generated: 55100 / 800000
generated: 55111 / 800000
generated: 55124 / 800000
generated: 55138 / 800000
generated: 55154 / 800000
generated: 55170 / 800000
generated: 55185 / 800000
generated: 55199 / 800000
generated: 55211 / 800000
generated: 55222 / 800000
generated: 55239 / 800000
generated: 55255 / 800000
generated: 55266 / 800000
generated: 55275 / 800000
generated: 55288 / 800000
generated: 55301 / 800000
generated: 55308 / 800000
generated: 55316 / 800000
generated: 55324 / 800000
generated: 55341 / 800000
generated: 55363 / 800000
generated: 55376 / 800000
generated: 55386 / 800000
generated: 55399 / 800000
generated: 55412 / 800000
generated: 55424 / 800000
generated: 55433 / 800000
generated: 55449 / 800000
generated: 55469 / 800000
generated: 55480 / 800000
generated: 55496 / 800000
generated: 55508 / 800000
generated: 55519 / 800000
generated: 55533 / 800000
generated: 55546 / 800000
generated: 55559 / 800000
generated: 55572 / 800000
generated: 55583 / 800000
generated: 55593 / 800000
generated: 55611 / 800000
generated: 55628 / 800000
generated: 55641 / 800000
generated: 55656 / 800000
generated: 55669 / 800000
generated: 55688 / 800000
generated: 55703 / 800000
generated: 55712 / 800000
generated: 55725 / 800000
generated: 55738 / 800000
generated: 55748 / 800000
generated: 55763 / 800000
generated: 55783 / 800000
generated: 55794 / 800000
generated: 55806 / 800000
generated: 55818 / 800000
generated: 55837 / 800000
generated: 55856 / 800000
generated: 55871 / 800000
generated: 55885 / 800000
generated: 55891 / 800000
generated: 55901 / 800000
generated: 55920 / 800000
generated: 55938 / 800000
generated: 55955 / 800000
generated: 55970 / 800000
generated: 55983 / 800000
generated: 56001 / 800000
generated: 56013 / 800000
generated: 56032 / 800000
generated: 56041 / 800000
generated: 56050 / 800000
generated: 56064 / 800000
generated: 56086 / 800000
generated: 56090 / 800000
generated: 56104 / 800000
generated: 56123 / 800000
generated: 56134 / 800000
generated: 56147 / 800000
generated: 56164 / 800000
generated: 56188 / 800000
generated: 56204 / 800000
generated: 56226 / 800000
generated: 56239 / 800000
generated: 56253 / 800000
generated: 56267 / 800000
generated: 56284 / 800000
generated: 56294 / 800000
generated: 56313 / 800000
generated: 56332 / 800000
generated: 56354 / 800000
generated: 56365 / 800000
generated: 56385 / 800000
generated: 56401 / 800000
generated: 56417 / 800000
generated: 56427 / 800000
generated: 56442 / 800000
generated: 56456 / 800000
generated: 56470 / 800000
generated: 56481 / 800000
generated: 56491 / 800000
generated: 56503 / 800000
generated: 56525 / 800000
generated: 56537 / 800000
generated: 56547 / 800000
generated: 56568 / 800000
generated: 56578 / 800000
generated: 56589 / 800000
generated: 56602 / 800000
generated: 56616 / 800000
generated: 56628 / 800000
generated: 56650 / 800000
generated: 56661 / 800000
generated: 56680 / 800000
generated: 56689 / 800000
generated: 56707 / 800000
generated: 56721 / 800000
generated: 56739 / 800000
generated: 56756 / 800000
generated: 56768 / 800000
generated: 56782 / 800000
generated: 56794 / 800000
generated: 56807 / 800000
generated: 56822 / 800000
generated: 56833 / 800000
generated: 56843 / 800000
generated: 56861 / 800000
generated: 56878 / 800000
generated: 56897 / 800000
generated: 56912 / 800000
generated: 56925 / 800000
generated: 56937 / 800000
generated: 56951 / 800000
generated: 56965 / 800000
generated: 56978 / 800000
generated: 56986 / 800000
generated: 57001 / 800000
generated: 57013 / 800000
generated: 57021 / 800000
generated: 57034 / 800000
generated: 57044 / 800000
generated: 57063 / 800000
generated: 57083 / 800000
generated: 57099 / 800000
generated: 57111 / 800000
generated: 57126 / 800000
generated: 57150 / 800000
generated: 57162 / 800000
generated: 57175 / 800000
generated: 57184 / 800000
generated: 57204 / 800000
generated: 57211 / 800000
generated: 57230 / 800000
generated: 57244 / 800000
generated: 57255 / 800000
generated: 57267 / 800000
generated: 57278 / 800000
generated: 57290 / 800000
generated: 57304 / 800000
generated: 57316 / 800000
generated: 57328 / 800000
generated: 57338 / 800000
generated: 57354 / 800000
generated: 57367 / 800000
generated: 57382 / 800000
generated: 57401 / 800000
generated: 57412 / 800000
generated: 57426 / 800000
generated: 57438 / 800000
generated: 57451 / 800000
generated: 57461 / 800000
generated: 57474 / 800000
generated: 57487 / 800000
generated: 57504 / 800000
generated: 57516 / 800000
generated: 57530 / 800000
generated: 57546 / 800000
generated: 57562 / 800000
generated: 57579 / 800000
generated: 57590 / 800000
generated: 57605 / 800000
generated: 57615 / 800000
generated: 57631 / 800000
generated: 57645 / 800000
generated: 57655 / 800000
generated: 57663 / 800000
generated: 57678 / 800000
generated: 57688 / 800000
generated: 57710 / 800000
generated: 57725 / 800000
generated: 57737 / 800000
generated: 57752 / 800000
generated: 57766 / 800000
generated: 57778 / 800000
generated: 57790 / 800000
generated: 57801 / 800000
generated: 57815 / 800000
generated: 57830 / 800000
generated: 57846 / 800000
generated: 57858 / 800000
generated: 57872 / 800000
generated: 57888 / 800000
generated: 57914 / 800000
generated: 57927 / 800000
generated: 57947 / 800000
generated: 57961 / 800000
generated: 57977 / 800000
generated: 57995 / 800000
generated: 58018 / 800000
generated: 58035 / 800000
generated: 58043 / 800000
generated: 58058 / 800000
generated: 58072 / 800000
generated: 58085 / 800000
generated: 58097 / 800000
generated: 58112 / 800000
generated: 58127 / 800000
generated: 58143 / 800000
generated: 58156 / 800000
generated: 58167 / 800000
generated: 58182 / 800000
generated: 58192 / 800000
generated: 58212 / 800000
generated: 58226 / 800000
generated: 58245 / 800000
generated: 58263 / 800000
generated: 58276 / 800000
generated: 58292 / 800000
generated: 58299 / 800000
generated: 58313 / 800000
generated: 58330 / 800000
generated: 58356 / 800000
generated: 58375 / 800000
generated: 58386 / 800000
generated: 58402 / 800000
generated: 58414 / 800000
generated: 58432 / 800000
generated: 58443 / 800000
generated: 58458 / 800000
generated: 58478 / 800000
generated: 58493 / 800000
generated: 58508 / 800000
generated: 58524 / 800000
generated: 58530 / 800000
generated: 58549 / 800000
generated: 58566 / 800000
generated: 58583 / 800000
generated: 58599 / 800000
generated: 58617 / 800000
generated: 58632 / 800000
generated: 58644 / 800000
generated: 58665 / 800000
generated: 58674 / 800000
generated: 58686 / 800000
generated: 58706 / 800000
generated: 58716 / 800000
generated: 58732 / 800000
generated: 58747 / 800000
generated: 58763 / 800000
generated: 58779 / 800000
generated: 58790 / 800000
generated: 58799 / 800000
generated: 58814 / 800000
generated: 58825 / 800000
generated: 58839 / 800000
generated: 58857 / 800000
generated: 58871 / 800000
generated: 58885 / 800000
generated: 58902 / 800000
generated: 58916 / 800000
generated: 58932 / 800000
generated: 58948 / 800000
generated: 58956 / 800000
generated: 58969 / 800000
generated: 58979 / 800000
generated: 58992 / 800000
generated: 59011 / 800000
generated: 59018 / 800000
generated: 59031 / 800000
generated: 59052 / 800000
generated: 59067 / 800000
generated: 59077 / 800000
generated: 59087 / 800000
generated: 59100 / 800000
generated: 59108 / 800000
generated: 59120 / 800000
generated: 59130 / 800000
generated: 59147 / 800000
generated: 59162 / 800000
generated: 59174 / 800000
generated: 59186 / 800000
generated: 59200 / 800000
generated: 59219 / 800000
generated: 59232 / 800000
generated: 59253 / 800000
generated: 59270 / 800000
generated: 59288 / 800000
generated: 59300 / 800000
generated: 59313 / 800000
generated: 59321 / 800000
generated: 59341 / 800000
generated: 59355 / 800000
generated: 59366 / 800000
generated: 59373 / 800000
generated: 59384 / 800000
generated: 59393 / 800000
generated: 59403 / 800000
generated: 59416 / 800000
generated: 59432 / 800000
generated: 59445 / 800000
generated: 59456 / 800000
generated: 59472 / 800000
generated: 59485 / 800000
generated: 59501 / 800000
generated: 59516 / 800000
generated: 59538 / 800000
generated: 59557 / 800000
generated: 59576 / 800000
generated: 59589 / 800000
generated: 59598 / 800000
generated: 59620 / 800000
generated: 59633 / 800000
generated: 59652 / 800000
generated: 59665 / 800000
generated: 59678 / 800000
generated: 59690 / 800000
generated: 59708 / 800000
generated: 59731 / 800000
generated: 59748 / 800000
generated: 59762 / 800000
generated: 59782 / 800000
generated: 59798 / 800000
generated: 59816 / 800000
generated: 59828 / 800000
generated: 59841 / 800000
generated: 59860 / 800000
generated: 59874 / 800000
generated: 59887 / 800000
generated: 59900 / 800000
generated: 59914 / 800000
generated: 59927 / 800000
generated: 59939 / 800000
generated: 59949 / 800000
generated: 59967 / 800000
generated: 59975 / 800000
generated: 59997 / 800000
generated: 60008 / 800000
generated: 60022 / 800000
generated: 60033 / 800000
generated: 60046 / 800000
generated: 60063 / 800000
generated: 60081 / 800000
generated: 60094 / 800000
generated: 60115 / 800000
generated: 60127 / 800000
generated: 60143 / 800000
generated: 60159 / 800000
generated: 60168 / 800000
generated: 60181 / 800000
generated: 60196 / 800000
generated: 60210 / 800000
generated: 60225 / 800000
generated: 60239 / 800000
generated: 60249 / 800000
generated: 60258 / 800000
generated: 60272 / 800000
generated: 60284 / 800000
generated: 60302 / 800000
generated: 60315 / 800000
generated: 60320 / 800000
generated: 60332 / 800000
generated: 60349 / 800000
generated: 60363 / 800000
generated: 60371 / 800000
generated: 60386 / 800000
generated: 60400 / 800000
generated: 60422 / 800000
generated: 60436 / 800000
generated: 60449 / 800000
generated: 60461 / 800000
generated: 60474 / 800000
generated: 60482 / 800000
generated: 60495 / 800000
generated: 60509 / 800000
generated: 60525 / 800000
generated: 60541 / 800000
generated: 60559 / 800000
generated: 60576 / 800000
generated: 60589 / 800000
generated: 60606 / 800000
generated: 60623 / 800000
generated: 60639 / 800000
generated: 60659 / 800000
generated: 60669 / 800000
generated: 60675 / 800000
generated: 60687 / 800000
generated: 60697 / 800000
generated: 60709 / 800000
generated: 60725 / 800000
generated: 60738 / 800000
generated: 60751 / 800000
generated: 60764 / 800000
generated: 60774 / 800000
generated: 60790 / 800000
generated: 60806 / 800000
generated: 60818 / 800000
generated: 60845 / 800000
generated: 60860 / 800000
generated: 60874 / 800000
generated: 60888 / 800000
generated: 60908 / 800000
generated: 60922 / 800000
generated: 60936 / 800000
generated: 60946 / 800000
generated: 60962 / 800000
generated: 60975 / 800000
generated: 60988 / 800000
generated: 61004 / 800000
generated: 61024 / 800000
generated: 61045 / 800000
generated: 61062 / 800000
generated: 61075 / 800000
generated: 61087 / 800000
generated: 61101 / 800000
generated: 61117 / 800000
generated: 61134 / 800000
generated: 61149 / 800000
generated: 61161 / 800000
generated: 61172 / 800000
generated: 61187 / 800000
generated: 61205 / 800000
generated: 61214 / 800000
generated: 61219 / 800000
generated: 61232 / 800000
generated: 61248 / 800000
generated: 61265 / 800000
generated: 61278 / 800000
generated: 61293 / 800000
generated: 61303 / 800000
generated: 61311 / 800000
generated: 61327 / 800000
generated: 61346 / 800000
generated: 61362 / 800000
generated: 61383 / 800000
generated: 61393 / 800000
generated: 61405 / 800000
generated: 61421 / 800000
generated: 61436 / 800000
generated: 61452 / 800000
generated: 61468 / 800000
generated: 61484 / 800000
generated: 61497 / 800000
generated: 61513 / 800000
generated: 61525 / 800000
generated: 61537 / 800000
generated: 61551 / 800000
generated: 61572 / 800000
generated: 61578 / 800000
generated: 61591 / 800000
generated: 61604 / 800000
generated: 61625 / 800000
generated: 61639 / 800000
generated: 61648 / 800000
generated: 61663 / 800000
generated: 61682 / 800000
generated: 61700 / 800000
generated: 61713 / 800000
generated: 61727 / 800000
generated: 61742 / 800000
generated: 61751 / 800000
generated: 61766 / 800000
generated: 61781 / 800000
generated: 61791 / 800000
generated: 61802 / 800000
generated: 61826 / 800000
generated: 61842 / 800000
generated: 61857 / 800000
generated: 61870 / 800000
generated: 61883 / 800000
generated: 61893 / 800000
generated: 61904 / 800000
generated: 61919 / 800000
generated: 61930 / 800000
generated: 61935 / 800000
generated: 61950 / 800000
generated: 61961 / 800000
generated: 61974 / 800000
generated: 61987 / 800000
generated: 62001 / 800000
generated: 62016 / 800000
generated: 62035 / 800000
generated: 62051 / 800000
generated: 62067 / 800000
generated: 62078 / 800000
generated: 62088 / 800000
generated: 62099 / 800000
generated: 62114 / 800000
generated: 62127 / 800000
generated: 62136 / 800000
generated: 62149 / 800000
generated: 62164 / 800000
generated: 62170 / 800000
generated: 62186 / 800000
generated: 62202 / 800000
generated: 62213 / 800000
generated: 62224 / 800000
generated: 62240 / 800000
generated: 62253 / 800000
generated: 62272 / 800000
generated: 62282 / 800000
generated: 62298 / 800000
generated: 62307 / 800000
generated: 62316 / 800000
generated: 62323 / 800000
generated: 62344 / 800000
generated: 62361 / 800000
generated: 62369 / 800000
generated: 62375 / 800000
generated: 62385 / 800000
generated: 62395 / 800000
generated: 62411 / 800000
generated: 62425 / 800000
generated: 62441 / 800000
generated: 62455 / 800000
generated: 62464 / 800000
generated: 62481 / 800000
generated: 62493 / 800000
generated: 62505 / 800000
generated: 62520 / 800000
generated: 62537 / 800000
generated: 62547 / 800000
generated: 62565 / 800000
generated: 62577 / 800000
generated: 62588 / 800000
generated: 62607 / 800000
generated: 62621 / 800000
generated: 62637 / 800000
generated: 62645 / 800000
generated: 62661 / 800000
generated: 62679 / 800000
generated: 62699 / 800000
generated: 62712 / 800000
generated: 62730 / 800000
generated: 62742 / 800000
generated: 62756 / 800000
generated: 62771 / 800000
generated: 62784 / 800000
generated: 62800 / 800000
generated: 62809 / 800000
generated: 62823 / 800000
generated: 62834 / 800000
generated: 62848 / 800000
generated: 62870 / 800000
generated: 62884 / 800000
generated: 62899 / 800000
generated: 62917 / 800000
generated: 62933 / 800000
generated: 62945 / 800000
generated: 62957 / 800000
generated: 62973 / 800000
generated: 62987 / 800000
generated: 63004 / 800000
generated: 63018 / 800000
generated: 63028 / 800000
generated: 63042 / 800000
generated: 63053 / 800000
generated: 63063 / 800000
generated: 63075 / 800000
generated: 63092 / 800000
generated: 63104 / 800000
generated: 63119 / 800000
generated: 63134 / 800000
generated: 63144 / 800000
generated: 63153 / 800000
generated: 63158 / 800000
generated: 63173 / 800000
generated: 63186 / 800000
generated: 63203 / 800000
generated: 63217 / 800000
generated: 63229 / 800000
generated: 63243 / 800000
generated: 63251 / 800000
generated: 63267 / 800000
generated: 63285 / 800000
generated: 63292 / 800000
generated: 63301 / 800000
generated: 63311 / 800000
generated: 63325 / 800000
generated: 63341 / 800000
generated: 63353 / 800000
generated: 63362 / 800000
generated: 63375 / 800000
generated: 63385 / 800000
generated: 63401 / 800000
generated: 63424 / 800000
generated: 63446 / 800000
generated: 63460 / 800000
generated: 63475 / 800000
generated: 63492 / 800000
generated: 63506 / 800000
generated: 63519 / 800000
generated: 63528 / 800000
generated: 63543 / 800000
generated: 63557 / 800000
generated: 63571 / 800000
generated: 63581 / 800000
generated: 63601 / 800000
generated: 63616 / 800000
generated: 63628 / 800000
generated: 63648 / 800000
generated: 63665 / 800000
generated: 63679 / 800000
generated: 63692 / 800000
generated: 63706 / 800000
generated: 63724 / 800000
generated: 63733 / 800000
generated: 63745 / 800000
generated: 63754 / 800000
generated: 63769 / 800000
generated: 63786 / 800000
generated: 63802 / 800000
generated: 63817 / 800000
generated: 63834 / 800000
generated: 63849 / 800000
generated: 63863 / 800000
generated: 63875 / 800000
generated: 63892 / 800000
generated: 63905 / 800000
generated: 63918 / 800000
generated: 63925 / 800000
generated: 63941 / 800000
generated: 63953 / 800000
generated: 63964 / 800000
generated: 63977 / 800000
generated: 63990 / 800000
generated: 64005 / 800000
generated: 64022 / 800000
generated: 64041 / 800000
generated: 64051 / 800000
generated: 64065 / 800000
generated: 64079 / 800000
generated: 64090 / 800000
generated: 64106 / 800000
generated: 64122 / 800000
generated: 64132 / 800000
generated: 64151 / 800000
generated: 64166 / 800000
generated: 64178 / 800000
generated: 64195 / 800000
generated: 64214 / 800000
generated: 64225 / 800000
generated: 64238 / 800000
generated: 64248 / 800000
generated: 64271 / 800000
generated: 64289 / 800000
generated: 64306 / 800000
generated: 64324 / 800000
generated: 64338 / 800000
generated: 64347 / 800000
generated: 64364 / 800000
generated: 64372 / 800000
generated: 64380 / 800000
generated: 64392 / 800000
generated: 64408 / 800000
generated: 64425 / 800000
generated: 64440 / 800000
generated: 64450 / 800000
generated: 64464 / 800000
generated: 64472 / 800000
generated: 64487 / 800000
generated: 64499 / 800000
generated: 64520 / 800000
generated: 64535 / 800000
generated: 64553 / 800000
generated: 64568 / 800000
generated: 64579 / 800000
generated: 64583 / 800000
generated: 64600 / 800000
generated: 64610 / 800000
generated: 64616 / 800000
generated: 64634 / 800000
generated: 64644 / 800000
generated: 64665 / 800000
generated: 64674 / 800000
generated: 64683 / 800000
generated: 64695 / 800000
generated: 64712 / 800000
generated: 64731 / 800000
generated: 64755 / 800000
generated: 64773 / 800000
generated: 64788 / 800000
generated: 64798 / 800000
generated: 64812 / 800000
generated: 64833 / 800000
generated: 64846 / 800000
generated: 64863 / 800000
generated: 64877 / 800000
generated: 64892 / 800000
generated: 64904 / 800000
generated: 64916 / 800000
generated: 64928 / 800000
generated: 64937 / 800000
generated: 64949 / 800000
generated: 64962 / 800000
generated: 64971 / 800000
generated: 64979 / 800000
generated: 64989 / 800000
generated: 65005 / 800000
generated: 65016 / 800000
generated: 65025 / 800000
generated: 65039 / 800000
generated: 65052 / 800000
generated: 65068 / 800000
generated: 65076 / 800000
generated: 65087 / 800000
generated: 65101 / 800000
generated: 65121 / 800000
generated: 65131 / 800000
generated: 65145 / 800000
generated: 65157 / 800000
generated: 65165 / 800000
generated: 65182 / 800000
generated: 65196 / 800000
generated: 65216 / 800000
generated: 65232 / 800000
generated: 65250 / 800000
generated: 65261 / 800000
generated: 65280 / 800000
generated: 65292 / 800000
generated: 65309 / 800000
generated: 65320 / 800000
generated: 65334 / 800000
generated: 65342 / 800000
generated: 65354 / 800000
generated: 65372 / 800000
generated: 65384 / 800000
generated: 65400 / 800000
generated: 65417 / 800000
generated: 65436 / 800000
generated: 65446 / 800000
generated: 65459 / 800000
generated: 65474 / 800000
generated: 65484 / 800000
generated: 65501 / 800000
generated: 65517 / 800000
generated: 65530 / 800000
generated: 65543 / 800000
generated: 65553 / 800000
generated: 65566 / 800000
generated: 65583 / 800000
generated: 65597 / 800000
generated: 65610 / 800000
generated: 65628 / 800000
generated: 65640 / 800000
generated: 65656 / 800000
generated: 65671 / 800000
generated: 65687 / 800000
generated: 65707 / 800000
generated: 65722 / 800000
generated: 65733 / 800000
generated: 65748 / 800000
generated: 65766 / 800000
generated: 65778 / 800000
generated: 65785 / 800000
generated: 65803 / 800000
generated: 65821 / 800000
generated: 65835 / 800000
generated: 65847 / 800000
generated: 65859 / 800000
generated: 65876 / 800000
generated: 65890 / 800000
generated: 65912 / 800000
generated: 65930 / 800000
generated: 65942 / 800000
generated: 65964 / 800000
generated: 65977 / 800000
generated: 65992 / 800000
generated: 66007 / 800000
generated: 66014 / 800000
generated: 66024 / 800000
generated: 66037 / 800000
generated: 66053 / 800000
generated: 66062 / 800000
generated: 66073 / 800000
generated: 66095 / 800000
generated: 66110 / 800000
generated: 66125 / 800000
generated: 66139 / 800000
generated: 66154 / 800000
generated: 66169 / 800000
generated: 66178 / 800000
generated: 66186 / 800000
generated: 66201 / 800000
generated: 66224 / 800000
generated: 66233 / 800000
generated: 66248 / 800000
generated: 66258 / 800000
generated: 66268 / 800000
generated: 66284 / 800000
generated: 66298 / 800000
generated: 66313 / 800000
generated: 66325 / 800000
generated: 66337 / 800000
generated: 66352 / 800000
generated: 66366 / 800000
generated: 66380 / 800000
generated: 66400 / 800000
generated: 66416 / 800000
generated: 66428 / 800000
generated: 66442 / 800000
generated: 66455 / 800000
generated: 66470 / 800000
generated: 66486 / 800000
generated: 66503 / 800000
generated: 66514 / 800000
generated: 66537 / 800000
generated: 66551 / 800000
generated: 66575 / 800000
generated: 66585 / 800000
generated: 66602 / 800000
generated: 66613 / 800000
generated: 66620 / 800000
generated: 66633 / 800000
generated: 66644 / 800000
generated: 66665 / 800000
generated: 66685 / 800000
generated: 66697 / 800000
generated: 66710 / 800000
generated: 66731 / 800000
generated: 66749 / 800000
generated: 66762 / 800000
generated: 66774 / 800000
generated: 66788 / 800000
generated: 66802 / 800000
generated: 66815 / 800000
generated: 66825 / 800000
generated: 66840 / 800000
generated: 66851 / 800000
generated: 66867 / 800000
generated: 66882 / 800000
generated: 66895 / 800000
generated: 66905 / 800000
generated: 66926 / 800000
generated: 66946 / 800000
generated: 66962 / 800000
generated: 66976 / 800000
generated: 66991 / 800000
generated: 67005 / 800000
generated: 67023 / 800000
generated: 67034 / 800000
generated: 67050 / 800000
generated: 67063 / 800000
generated: 67074 / 800000
generated: 67084 / 800000
generated: 67095 / 800000
generated: 67111 / 800000
generated: 67125 / 800000
generated: 67144 / 800000
generated: 67159 / 800000
generated: 67178 / 800000
generated: 67189 / 800000
generated: 67199 / 800000
generated: 67210 / 800000
generated: 67224 / 800000
generated: 67238 / 800000
generated: 67249 / 800000
generated: 67261 / 800000
generated: 67278 / 800000
generated: 67291 / 800000
generated: 67314 / 800000
generated: 67331 / 800000
generated: 67345 / 800000
generated: 67356 / 800000
generated: 67372 / 800000
generated: 67381 / 800000
generated: 67394 / 800000
generated: 67406 / 800000
generated: 67420 / 800000
generated: 67436 / 800000
generated: 67442 / 800000
generated: 67453 / 800000
generated: 67464 / 800000
generated: 67480 / 800000
generated: 67496 / 800000
generated: 67512 / 800000
generated: 67526 / 800000
generated: 67544 / 800000
generated: 67559 / 800000
generated: 67573 / 800000
generated: 67585 / 800000
generated: 67602 / 800000
generated: 67612 / 800000
generated: 67630 / 800000
generated: 67649 / 800000
generated: 67663 / 800000
generated: 67675 / 800000
generated: 67685 / 800000
generated: 67695 / 800000
generated: 67715 / 800000
generated: 67727 / 800000
generated: 67744 / 800000
generated: 67757 / 800000
generated: 67770 / 800000
generated: 67783 / 800000
generated: 67798 / 800000
generated: 67813 / 800000
generated: 67824 / 800000
generated: 67848 / 800000
generated: 67859 / 800000
generated: 67872 / 800000
generated: 67881 / 800000
generated: 67894 / 800000
generated: 67909 / 800000
generated: 67935 / 800000
generated: 67948 / 800000
generated: 67961 / 800000
generated: 67972 / 800000
generated: 67984 / 800000
generated: 67998 / 800000
generated: 68017 / 800000
generated: 68026 / 800000
generated: 68038 / 800000
generated: 68056 / 800000
generated: 68065 / 800000
generated: 68074 / 800000
generated: 68087 / 800000
generated: 68105 / 800000
generated: 68121 / 800000
generated: 68131 / 800000
generated: 68147 / 800000
generated: 68167 / 800000
generated: 68185 / 800000
generated: 68201 / 800000
generated: 68207 / 800000
generated: 68226 / 800000
generated: 68239 / 800000
generated: 68253 / 800000
generated: 68270 / 800000
generated: 68282 / 800000
generated: 68295 / 800000
generated: 68310 / 800000
generated: 68323 / 800000
generated: 68338 / 800000
generated: 68354 / 800000
generated: 68370 / 800000
generated: 68379 / 800000
generated: 68394 / 800000
generated: 68406 / 800000
generated: 68425 / 800000
generated: 68442 / 800000
generated: 68454 / 800000
generated: 68475 / 800000
generated: 68488 / 800000
generated: 68499 / 800000
generated: 68514 / 800000
generated: 68532 / 800000
generated: 68552 / 800000
generated: 68566 / 800000
generated: 68582 / 800000
generated: 68592 / 800000
generated: 68611 / 800000
generated: 68627 / 800000
generated: 68641 / 800000
generated: 68655 / 800000
generated: 68670 / 800000
generated: 68689 / 800000
generated: 68701 / 800000
generated: 68711 / 800000
generated: 68730 / 800000
generated: 68740 / 800000
generated: 68755 / 800000
generated: 68766 / 800000
generated: 68788 / 800000
generated: 68801 / 800000
generated: 68814 / 800000
generated: 68824 / 800000
generated: 68841 / 800000
generated: 68851 / 800000
generated: 68859 / 800000
generated: 68871 / 800000
generated: 68885 / 800000
generated: 68900 / 800000
generated: 68913 / 800000
generated: 68925 / 800000
generated: 68938 / 800000
generated: 68949 / 800000
generated: 68960 / 800000
generated: 68970 / 800000
generated: 68988 / 800000
generated: 69001 / 800000
generated: 69015 / 800000
generated: 69027 / 800000
generated: 69037 / 800000
generated: 69053 / 800000
generated: 69067 / 800000
generated: 69077 / 800000
generated: 69092 / 800000
generated: 69107 / 800000
generated: 69128 / 800000
generated: 69145 / 800000
generated: 69148 / 800000
generated: 69162 / 800000
generated: 69175 / 800000
generated: 69187 / 800000
generated: 69195 / 800000
generated: 69208 / 800000
generated: 69219 / 800000
generated: 69233 / 800000
generated: 69252 / 800000
generated: 69267 / 800000
generated: 69280 / 800000
generated: 69302 / 800000
generated: 69312 / 800000
generated: 69329 / 800000
generated: 69347 / 800000
generated: 69361 / 800000
generated: 69381 / 800000
generated: 69394 / 800000
generated: 69411 / 800000
generated: 69428 / 800000
generated: 69440 / 800000
generated: 69453 / 800000
generated: 69463 / 800000
generated: 69481 / 800000
generated: 69497 / 800000
generated: 69512 / 800000
generated: 69532 / 800000
generated: 69548 / 800000
generated: 69563 / 800000
generated: 69573 / 800000
generated: 69594 / 800000
generated: 69605 / 800000
generated: 69619 / 800000
generated: 69630 / 800000
generated: 69645 / 800000
generated: 69654 / 800000
generated: 69667 / 800000
generated: 69679 / 800000
generated: 69687 / 800000
generated: 69698 / 800000
generated: 69713 / 800000
generated: 69722 / 800000
generated: 69730 / 800000
generated: 69736 / 800000
generated: 69752 / 800000
generated: 69768 / 800000
generated: 69781 / 800000
generated: 69796 / 800000
generated: 69806 / 800000
generated: 69819 / 800000
generated: 69830 / 800000
generated: 69844 / 800000
generated: 69853 / 800000
generated: 69866 / 800000
generated: 69879 / 800000
generated: 69892 / 800000
generated: 69903 / 800000
generated: 69908 / 800000
generated: 69923 / 800000
generated: 69934 / 800000
generated: 69946 / 800000
generated: 69962 / 800000
generated: 69973 / 800000
generated: 69984 / 800000
generated: 69996 / 800000
generated: 70009 / 800000
generated: 70026 / 800000
generated: 70044 / 800000
generated: 70059 / 800000
generated: 70070 / 800000
generated: 70085 / 800000
generated: 70096 / 800000
generated: 70112 / 800000
generated: 70122 / 800000
generated: 70136 / 800000
generated: 70155 / 800000
generated: 70171 / 800000
generated: 70188 / 800000
generated: 70205 / 800000
generated: 70221 / 800000
generated: 70234 / 800000
generated: 70255 / 800000
generated: 70270 / 800000
generated: 70287 / 800000
generated: 70298 / 800000
generated: 70311 / 800000
generated: 70325 / 800000
generated: 70341 / 800000
generated: 70351 / 800000
generated: 70362 / 800000
generated: 70373 / 800000
generated: 70387 / 800000
generated: 70404 / 800000
generated: 70423 / 800000
generated: 70436 / 800000
generated: 70454 / 800000
generated: 70466 / 800000
generated: 70476 / 800000
generated: 70490 / 800000
generated: 70498 / 800000
generated: 70515 / 800000
generated: 70527 / 800000
generated: 70543 / 800000
generated: 70554 / 800000
generated: 70572 / 800000
generated: 70581 / 800000
generated: 70600 / 800000
generated: 70608 / 800000
generated: 70620 / 800000
generated: 70629 / 800000
generated: 70638 / 800000
generated: 70654 / 800000
generated: 70667 / 800000
generated: 70678 / 800000
generated: 70689 / 800000
generated: 70705 / 800000
generated: 70715 / 800000
generated: 70734 / 800000
generated: 70752 / 800000
generated: 70761 / 800000
generated: 70785 / 800000
generated: 70802 / 800000
generated: 70815 / 800000
generated: 70830 / 800000
generated: 70849 / 800000
generated: 70860 / 800000
generated: 70875 / 800000
generated: 70891 / 800000
generated: 70906 / 800000
generated: 70919 / 800000
generated: 70931 / 800000
generated: 70943 / 800000
generated: 70956 / 800000
generated: 70971 / 800000
generated: 70980 / 800000
generated: 70992 / 800000
generated: 71010 / 800000
generated: 71024 / 800000
generated: 71039 / 800000
generated: 71055 / 800000
generated: 71063 / 800000
generated: 71080 / 800000
generated: 71096 / 800000
generated: 71105 / 800000
generated: 71123 / 800000
generated: 71132 / 800000
generated: 71145 / 800000
generated: 71165 / 800000
generated: 71186 / 800000
generated: 71196 / 800000
generated: 71210 / 800000
generated: 71225 / 800000
generated: 71245 / 800000
generated: 71266 / 800000
generated: 71277 / 800000
generated: 71290 / 800000
generated: 71303 / 800000
generated: 71312 / 800000
generated: 71323 / 800000
generated: 71337 / 800000
generated: 71349 / 800000
generated: 71361 / 800000
generated: 71371 / 800000
generated: 71389 / 800000
generated: 71401 / 800000
generated: 71415 / 800000
generated: 71432 / 800000
generated: 71447 / 800000
generated: 71459 / 800000
generated: 71475 / 800000
generated: 71486 / 800000
generated: 71502 / 800000
generated: 71514 / 800000
generated: 71523 / 800000
generated: 71540 / 800000
generated: 71555 / 800000
generated: 71574 / 800000
generated: 71593 / 800000
generated: 71619 / 800000
generated: 71638 / 800000
generated: 71654 / 800000
generated: 71667 / 800000
generated: 71680 / 800000
generated: 71695 / 800000
generated: 71707 / 800000
generated: 71722 / 800000
generated: 71734 / 800000
generated: 71749 / 800000
generated: 71758 / 800000
generated: 71770 / 800000
generated: 71783 / 800000
generated: 71802 / 800000
generated: 71814 / 800000
generated: 71829 / 800000
generated: 71846 / 800000
generated: 71860 / 800000
generated: 71875 / 800000
generated: 71889 / 800000
generated: 71904 / 800000
generated: 71920 / 800000
generated: 71931 / 800000
generated: 71944 / 800000
generated: 71958 / 800000
generated: 71974 / 800000
generated: 71988 / 800000
generated: 72000 / 800000
generated: 72016 / 800000
generated: 72037 / 800000
generated: 72058 / 800000
generated: 72073 / 800000
generated: 72093 / 800000
generated: 72106 / 800000
generated: 72115 / 800000
generated: 72131 / 800000
generated: 72147 / 800000
generated: 72166 / 800000
generated: 72179 / 800000
generated: 72191 / 800000
generated: 72211 / 800000
generated: 72223 / 800000
generated: 72236 / 800000
generated: 72248 / 800000
generated: 72260 / 800000
generated: 72273 / 800000
generated: 72281 / 800000
generated: 72304 / 800000
generated: 72320 / 800000
generated: 72336 / 800000
generated: 72346 / 800000
generated: 72357 / 800000
generated: 72371 / 800000
generated: 72391 / 800000
generated: 72404 / 800000
generated: 72425 / 800000
generated: 72435 / 800000
generated: 72446 / 800000
generated: 72459 / 800000
generated: 72479 / 800000
generated: 72495 / 800000
generated: 72507 / 800000
generated: 72522 / 800000
generated: 72538 / 800000
generated: 72546 / 800000
generated: 72560 / 800000
generated: 72575 / 800000
generated: 72590 / 800000
generated: 72603 / 800000
generated: 72617 / 800000
generated: 72632 / 800000
generated: 72645 / 800000
generated: 72654 / 800000
generated: 72669 / 800000
generated: 72680 / 800000
generated: 72695 / 800000
generated: 72704 / 800000
generated: 72730 / 800000
generated: 72741 / 800000
generated: 72752 / 800000
generated: 72769 / 800000
generated: 72774 / 800000
generated: 72784 / 800000
generated: 72804 / 800000
generated: 72828 / 800000
generated: 72841 / 800000
generated: 72852 / 800000
generated: 72865 / 800000
generated: 72881 / 800000
generated: 72903 / 800000
generated: 72915 / 800000
generated: 72925 / 800000
generated: 72937 / 800000
generated: 72949 / 800000
generated: 72964 / 800000
generated: 72977 / 800000
generated: 72981 / 800000
generated: 72996 / 800000
generated: 73010 / 800000
generated: 73017 / 800000
generated: 73026 / 800000
generated: 73044 / 800000
generated: 73055 / 800000
generated: 73069 / 800000
generated: 73086 / 800000
generated: 73099 / 800000
generated: 73109 / 800000
generated: 73129 / 800000
generated: 73142 / 800000
generated: 73155 / 800000
generated: 73168 / 800000
generated: 73181 / 800000
generated: 73196 / 800000
generated: 73204 / 800000
generated: 73219 / 800000
generated: 73233 / 800000
generated: 73240 / 800000
generated: 73255 / 800000
generated: 73271 / 800000
generated: 73286 / 800000
generated: 73303 / 800000
generated: 73316 / 800000
generated: 73330 / 800000
generated: 73347 / 800000
generated: 73357 / 800000
generated: 73374 / 800000
generated: 73389 / 800000
generated: 73402 / 800000
generated: 73413 / 800000
generated: 73426 / 800000
generated: 73439 / 800000
generated: 73455 / 800000
generated: 73474 / 800000
generated: 73482 / 800000
generated: 73496 / 800000
generated: 73511 / 800000
generated: 73520 / 800000
generated: 73532 / 800000
generated: 73539 / 800000
generated: 73549 / 800000
generated: 73561 / 800000
generated: 73577 / 800000
generated: 73595 / 800000
generated: 73604 / 800000
generated: 73614 / 800000
generated: 73630 / 800000
generated: 73645 / 800000
generated: 73659 / 800000
generated: 73674 / 800000
generated: 73688 / 800000
generated: 73697 / 800000
generated: 73713 / 800000
generated: 73727 / 800000
generated: 73749 / 800000
generated: 73764 / 800000
generated: 73776 / 800000
generated: 73798 / 800000
generated: 73813 / 800000
generated: 73826 / 800000
generated: 73837 / 800000
generated: 73851 / 800000
generated: 73864 / 800000
generated: 73878 / 800000
generated: 73891 / 800000
generated: 73903 / 800000
generated: 73925 / 800000
generated: 73938 / 800000
generated: 73957 / 800000
generated: 73977 / 800000
generated: 73988 / 800000
generated: 74003 / 800000
generated: 74023 / 800000
generated: 74035 / 800000
generated: 74050 / 800000
generated: 74061 / 800000
generated: 74073 / 800000
generated: 74083 / 800000
generated: 74096 / 800000
generated: 74109 / 800000
generated: 74125 / 800000
generated: 74138 / 800000
generated: 74156 / 800000
generated: 74172 / 800000
generated: 74185 / 800000
generated: 74204 / 800000
generated: 74219 / 800000
generated: 74230 / 800000
generated: 74246 / 800000
generated: 74267 / 800000
generated: 74286 / 800000
generated: 74294 / 800000
generated: 74304 / 800000
generated: 74317 / 800000
generated: 74327 / 800000
generated: 74342 / 800000
generated: 74350 / 800000
generated: 74363 / 800000
generated: 74378 / 800000
generated: 74388 / 800000
generated: 74408 / 800000
generated: 74426 / 800000
generated: 74435 / 800000
generated: 74453 / 800000
generated: 74472 / 800000
generated: 74488 / 800000
generated: 74496 / 800000
generated: 74506 / 800000
generated: 74512 / 800000
generated: 74529 / 800000
generated: 74549 / 800000
generated: 74566 / 800000
generated: 74588 / 800000
generated: 74600 / 800000
generated: 74623 / 800000
generated: 74634 / 800000
generated: 74657 / 800000
generated: 74673 / 800000
generated: 74685 / 800000
generated: 74705 / 800000
generated: 74717 / 800000
generated: 74728 / 800000
generated: 74748 / 800000
generated: 74766 / 800000
generated: 74777 / 800000
generated: 74788 / 800000
generated: 74801 / 800000
generated: 74816 / 800000
generated: 74825 / 800000
generated: 74844 / 800000
generated: 74862 / 800000
generated: 74869 / 800000
generated: 74882 / 800000
generated: 74895 / 800000
generated: 74906 / 800000
generated: 74924 / 800000
generated: 74941 / 800000
generated: 74949 / 800000
generated: 74955 / 800000
generated: 74965 / 800000
generated: 74977 / 800000
generated: 74985 / 800000
generated: 74994 / 800000
generated: 75006 / 800000
generated: 75020 / 800000
generated: 75041 / 800000
generated: 75060 / 800000
generated: 75078 / 800000
generated: 75088 / 800000
generated: 75108 / 800000
generated: 75123 / 800000
generated: 75136 / 800000
generated: 75150 / 800000
generated: 75159 / 800000
generated: 75168 / 800000
generated: 75182 / 800000
generated: 75197 / 800000
generated: 75205 / 800000
generated: 75222 / 800000
generated: 75236 / 800000
generated: 75248 / 800000
generated: 75259 / 800000
generated: 75271 / 800000
generated: 75284 / 800000
generated: 75299 / 800000
generated: 75320 / 800000
generated: 75332 / 800000
generated: 75344 / 800000
generated: 75353 / 800000
generated: 75369 / 800000
generated: 75387 / 800000
generated: 75401 / 800000
generated: 75417 / 800000
generated: 75426 / 800000
generated: 75442 / 800000
generated: 75455 / 800000
generated: 75469 / 800000
generated: 75482 / 800000
generated: 75496 / 800000
generated: 75508 / 800000
generated: 75522 / 800000
generated: 75547 / 800000
generated: 75558 / 800000
generated: 75575 / 800000
generated: 75587 / 800000
generated: 75607 / 800000
generated: 75617 / 800000
generated: 75634 / 800000
generated: 75653 / 800000
generated: 75671 / 800000
generated: 75685 / 800000
generated: 75699 / 800000
generated: 75710 / 800000
generated: 75723 / 800000
generated: 75737 / 800000
generated: 75754 / 800000
generated: 75762 / 800000
generated: 75776 / 800000
generated: 75794 / 800000
generated: 75810 / 800000
generated: 75825 / 800000
generated: 75835 / 800000
generated: 75846 / 800000
generated: 75858 / 800000
generated: 75875 / 800000
generated: 75889 / 800000
generated: 75903 / 800000
generated: 75912 / 800000
generated: 75927 / 800000
generated: 75938 / 800000
generated: 75951 / 800000
generated: 75965 / 800000
generated: 75981 / 800000
generated: 75992 / 800000
generated: 76005 / 800000
generated: 76017 / 800000
generated: 76025 / 800000
generated: 76040 / 800000
generated: 76051 / 800000
generated: 76064 / 800000
generated: 76090 / 800000
generated: 76103 / 800000
generated: 76112 / 800000
generated: 76128 / 800000
generated: 76143 / 800000
generated: 76155 / 800000
generated: 76173 / 800000
generated: 76184 / 800000
generated: 76200 / 800000
generated: 76215 / 800000
generated: 76234 / 800000
generated: 76249 / 800000
generated: 76264 / 800000
generated: 76273 / 800000
generated: 76281 / 800000
generated: 76293 / 800000
generated: 76310 / 800000
generated: 76325 / 800000
generated: 76336 / 800000
generated: 76343 / 800000
generated: 76356 / 800000
generated: 76370 / 800000
generated: 76377 / 800000
generated: 76392 / 800000
generated: 76403 / 800000
generated: 76419 / 800000
generated: 76432 / 800000
generated: 76444 / 800000
generated: 76462 / 800000
generated: 76477 / 800000
generated: 76493 / 800000
generated: 76509 / 800000
generated: 76526 / 800000
generated: 76547 / 800000
generated: 76557 / 800000
generated: 76576 / 800000
generated: 76598 / 800000
generated: 76611 / 800000
generated: 76619 / 800000
generated: 76632 / 800000
generated: 76652 / 800000
generated: 76664 / 800000
generated: 76676 / 800000
generated: 76693 / 800000
generated: 76707 / 800000
generated: 76720 / 800000
generated: 76737 / 800000
generated: 76747 / 800000
generated: 76762 / 800000
generated: 76781 / 800000
generated: 76794 / 800000
generated: 76810 / 800000
generated: 76825 / 800000
generated: 76838 / 800000
generated: 76850 / 800000
generated: 76861 / 800000
generated: 76873 / 800000
generated: 76884 / 800000
generated: 76896 / 800000
generated: 76912 / 800000
generated: 76924 / 800000
generated: 76937 / 800000
generated: 76952 / 800000
generated: 76970 / 800000
generated: 76985 / 800000
generated: 76998 / 800000
generated: 77014 / 800000
generated: 77027 / 800000
generated: 77040 / 800000
generated: 77061 / 800000
generated: 77078 / 800000
generated: 77092 / 800000
generated: 77107 / 800000
generated: 77124 / 800000
generated: 77140 / 800000
generated: 77155 / 800000
generated: 77166 / 800000
generated: 77180 / 800000
generated: 77194 / 800000
generated: 77208 / 800000
generated: 77222 / 800000
generated: 77237 / 800000
generated: 77250 / 800000
generated: 77265 / 800000
generated: 77279 / 800000
generated: 77290 / 800000
generated: 77309 / 800000
generated: 77322 / 800000
generated: 77342 / 800000
generated: 77353 / 800000
generated: 77373 / 800000
generated: 77382 / 800000
generated: 77394 / 800000
generated: 77413 / 800000
generated: 77434 / 800000
generated: 77438 / 800000
generated: 77456 / 800000
generated: 77466 / 800000
generated: 77474 / 800000
generated: 77489 / 800000
generated: 77503 / 800000
generated: 77524 / 800000
generated: 77542 / 800000
generated: 77563 / 800000
generated: 77576 / 800000
generated: 77589 / 800000
generated: 77597 / 800000
generated: 77620 / 800000
generated: 77639 / 800000
generated: 77663 / 800000
generated: 77677 / 800000
generated: 77686 / 800000
generated: 77701 / 800000
generated: 77714 / 800000
generated: 77733 / 800000
generated: 77744 / 800000
generated: 77759 / 800000
generated: 77771 / 800000
generated: 77784 / 800000
generated: 77802 / 800000
generated: 77816 / 800000
generated: 77834 / 800000
generated: 77849 / 800000
generated: 77872 / 800000
generated: 77885 / 800000
generated: 77899 / 800000
generated: 77913 / 800000
generated: 77923 / 800000
generated: 77931 / 800000
generated: 77944 / 800000
generated: 77960 / 800000
generated: 77976 / 800000
generated: 77987 / 800000
generated: 77999 / 800000
generated: 78008 / 800000
generated: 78020 / 800000
generated: 78038 / 800000
generated: 78052 / 800000
generated: 78060 / 800000
generated: 78074 / 800000
generated: 78092 / 800000
generated: 78105 / 800000
generated: 78117 / 800000
generated: 78128 / 800000
generated: 78141 / 800000
generated: 78147 / 800000
generated: 78159 / 800000
generated: 78179 / 800000
generated: 78191 / 800000
generated: 78208 / 800000
generated: 78216 / 800000
generated: 78230 / 800000
generated: 78240 / 800000
generated: 78249 / 800000
generated: 78264 / 800000
generated: 78283 / 800000
generated: 78293 / 800000
generated: 78306 / 800000
generated: 78318 / 800000
generated: 78333 / 800000
generated: 78343 / 800000
generated: 78362 / 800000
generated: 78376 / 800000
generated: 78392 / 800000
generated: 78413 / 800000
generated: 78429 / 800000
generated: 78443 / 800000
generated: 78456 / 800000
generated: 78465 / 800000
generated: 78483 / 800000
generated: 78494 / 800000
generated: 78506 / 800000
generated: 78522 / 800000
generated: 78533 / 800000
generated: 78543 / 800000
generated: 78555 / 800000
generated: 78571 / 800000
generated: 78583 / 800000
generated: 78600 / 800000
generated: 78610 / 800000
generated: 78621 / 800000
generated: 78630 / 800000
generated: 78641 / 800000
generated: 78651 / 800000
generated: 78664 / 800000
generated: 78683 / 800000
generated: 78698 / 800000
generated: 78711 / 800000
generated: 78724 / 800000
generated: 78731 / 800000
generated: 78745 / 800000
generated: 78764 / 800000
generated: 78782 / 800000
generated: 78799 / 800000
generated: 78817 / 800000
generated: 78828 / 800000
generated: 78845 / 800000
generated: 78865 / 800000
generated: 78881 / 800000
generated: 78896 / 800000
generated: 78905 / 800000
generated: 78922 / 800000
generated: 78940 / 800000
generated: 78955 / 800000
generated: 78967 / 800000
generated: 78983 / 800000
generated: 79000 / 800000
generated: 79013 / 800000
generated: 79027 / 800000
generated: 79047 / 800000
generated: 79064 / 800000
generated: 79082 / 800000
generated: 79099 / 800000
generated: 79117 / 800000
generated: 79131 / 800000
generated: 79145 / 800000
generated: 79160 / 800000
generated: 79173 / 800000
generated: 79187 / 800000
generated: 79201 / 800000
generated: 79213 / 800000
generated: 79228 / 800000
generated: 79242 / 800000
generated: 79260 / 800000
generated: 79283 / 800000
generated: 79293 / 800000
generated: 79311 / 800000
generated: 79321 / 800000
generated: 79334 / 800000
generated: 79349 / 800000
generated: 79369 / 800000
generated: 79381 / 800000
generated: 79393 / 800000
generated: 79411 / 800000
generated: 79430 / 800000
generated: 79440 / 800000
generated: 79457 / 800000
generated: 79468 / 800000
generated: 79488 / 800000
generated: 79501 / 800000
generated: 79514 / 800000
generated: 79529 / 800000
generated: 79546 / 800000
generated: 79560 / 800000
generated: 79578 / 800000
generated: 79590 / 800000
generated: 79612 / 800000
generated: 79630 / 800000
generated: 79637 / 800000
generated: 79642 / 800000
generated: 79655 / 800000
generated: 79675 / 800000
generated: 79683 / 800000
generated: 79699 / 800000
generated: 79709 / 800000
generated: 79722 / 800000
generated: 79743 / 800000
generated: 79760 / 800000
generated: 79780 / 800000
generated: 79794 / 800000
generated: 79810 / 800000
generated: 79826 / 800000
generated: 79845 / 800000
generated: 79856 / 800000
generated: 79866 / 800000
generated: 79884 / 800000
generated: 79892 / 800000
generated: 79907 / 800000
generated: 79916 / 800000
generated: 79937 / 800000
generated: 79951 / 800000
generated: 79962 / 800000
generated: 79977 / 800000
generated: 79985 / 800000
generated: 80000 / 800000
generated: 80015 / 800000
generated: 80029 / 800000
generated: 80035 / 800000
generated: 80042 / 800000
generated: 80062 / 800000
generated: 80079 / 800000
generated: 80088 / 800000
generated: 80101 / 800000
generated: 80113 / 800000
generated: 80125 / 800000
generated: 80139 / 800000
generated: 80151 / 800000
generated: 80155 / 800000
generated: 80170 / 800000
generated: 80180 / 800000
generated: 80196 / 800000
generated: 80208 / 800000
generated: 80223 / 800000
generated: 80232 / 800000
generated: 80241 / 800000
generated: 80254 / 800000
generated: 80272 / 800000
generated: 80281 / 800000
generated: 80292 / 800000
generated: 80305 / 800000
generated: 80326 / 800000
generated: 80343 / 800000
generated: 80357 / 800000
generated: 80371 / 800000
generated: 80389 / 800000
generated: 80400 / 800000
generated: 80419 / 800000
generated: 80428 / 800000
generated: 80443 / 800000
generated: 80448 / 800000
generated: 80461 / 800000
generated: 80474 / 800000
generated: 80484 / 800000
generated: 80501 / 800000
generated: 80514 / 800000
generated: 80529 / 800000
generated: 80547 / 800000
generated: 80567 / 800000
generated: 80582 / 800000
generated: 80595 / 800000
generated: 80613 / 800000
generated: 80621 / 800000
generated: 80634 / 800000
generated: 80653 / 800000
generated: 80664 / 800000
generated: 80677 / 800000
generated: 80693 / 800000
generated: 80710 / 800000
generated: 80723 / 800000
generated: 80745 / 800000
generated: 80761 / 800000
generated: 80774 / 800000
generated: 80790 / 800000
generated: 80810 / 800000
generated: 80825 / 800000
generated: 80840 / 800000
generated: 80856 / 800000
generated: 80867 / 800000
generated: 80880 / 800000
generated: 80896 / 800000
generated: 80910 / 800000
generated: 80921 / 800000
generated: 80929 / 800000
generated: 80944 / 800000
generated: 80959 / 800000
generated: 80970 / 800000
generated: 80989 / 800000
generated: 81003 / 800000
generated: 81011 / 800000
generated: 81021 / 800000
generated: 81034 / 800000
generated: 81044 / 800000
generated: 81053 / 800000
generated: 81068 / 800000
generated: 81079 / 800000
generated: 81093 / 800000
generated: 81108 / 800000
generated: 81119 / 800000
generated: 81134 / 800000
generated: 81146 / 800000
generated: 81164 / 800000
generated: 81176 / 800000
generated: 81189 / 800000
generated: 81203 / 800000
generated: 81215 / 800000
generated: 81226 / 800000
generated: 81236 / 800000
generated: 81251 / 800000
generated: 81262 / 800000
generated: 81277 / 800000
generated: 81292 / 800000
generated: 81303 / 800000
generated: 81315 / 800000
generated: 81329 / 800000
generated: 81344 / 800000
generated: 81362 / 800000
generated: 81373 / 800000
generated: 81385 / 800000
generated: 81401 / 800000
generated: 81419 / 800000
generated: 81437 / 800000
generated: 81447 / 800000
generated: 81457 / 800000
generated: 81471 / 800000
generated: 81487 / 800000
generated: 81499 / 800000
generated: 81516 / 800000
generated: 81532 / 800000
generated: 81548 / 800000
generated: 81568 / 800000
generated: 81580 / 800000
generated: 81600 / 800000
generated: 81620 / 800000
generated: 81634 / 800000
generated: 81647 / 800000
generated: 81661 / 800000
generated: 81672 / 800000
generated: 81684 / 800000
generated: 81705 / 800000
generated: 81718 / 800000
generated: 81734 / 800000
generated: 81747 / 800000
generated: 81759 / 800000
generated: 81785 / 800000
generated: 81796 / 800000
generated: 81805 / 800000
generated: 81818 / 800000
generated: 81831 / 800000
generated: 81848 / 800000
generated: 81857 / 800000
generated: 81870 / 800000
generated: 81885 / 800000
generated: 81892 / 800000
generated: 81899 / 800000
generated: 81912 / 800000
generated: 81925 / 800000
generated: 81942 / 800000
generated: 81964 / 800000
generated: 81974 / 800000
generated: 81991 / 800000
generated: 82009 / 800000
generated: 82021 / 800000
generated: 82043 / 800000
generated: 82054 / 800000
generated: 82069 / 800000
generated: 82083 / 800000
generated: 82101 / 800000
generated: 82112 / 800000
generated: 82124 / 800000
generated: 82140 / 800000
generated: 82151 / 800000
generated: 82162 / 800000
generated: 82174 / 800000
generated: 82188 / 800000
generated: 82197 / 800000
generated: 82221 / 800000
generated: 82232 / 800000
generated: 82240 / 800000
generated: 82251 / 800000
generated: 82265 / 800000
generated: 82277 / 800000
generated: 82284 / 800000
generated: 82293 / 800000
generated: 82306 / 800000
generated: 82325 / 800000
generated: 82340 / 800000
generated: 82358 / 800000
generated: 82366 / 800000
generated: 82379 / 800000
generated: 82393 / 800000
generated: 82411 / 800000
generated: 82419 / 800000
generated: 82435 / 800000
generated: 82446 / 800000
generated: 82462 / 800000
generated: 82472 / 800000
generated: 82486 / 800000
generated: 82498 / 800000
generated: 82510 / 800000
generated: 82522 / 800000
generated: 82535 / 800000
generated: 82548 / 800000
generated: 82560 / 800000
generated: 82571 / 800000
generated: 82593 / 800000
generated: 82599 / 800000
generated: 82612 / 800000
generated: 82627 / 800000
generated: 82645 / 800000
generated: 82655 / 800000
generated: 82664 / 800000
generated: 82672 / 800000
generated: 82683 / 800000
generated: 82697 / 800000
generated: 82711 / 800000
generated: 82723 / 800000
generated: 82738 / 800000
generated: 82751 / 800000
generated: 82767 / 800000
generated: 82784 / 800000
generated: 82801 / 800000
generated: 82816 / 800000
generated: 82828 / 800000
generated: 82841 / 800000
generated: 82849 / 800000
generated: 82864 / 800000
generated: 82883 / 800000
generated: 82895 / 800000
generated: 82910 / 800000
generated: 82921 / 800000
generated: 82931 / 800000
generated: 82949 / 800000
generated: 82961 / 800000
generated: 82977 / 800000
generated: 82991 / 800000
generated: 83008 / 800000
generated: 83020 / 800000
generated: 83034 / 800000
generated: 83048 / 800000
generated: 83061 / 800000
generated: 83072 / 800000
generated: 83089 / 800000
generated: 83104 / 800000
generated: 83115 / 800000
generated: 83133 / 800000
generated: 83150 / 800000
generated: 83160 / 800000
generated: 83171 / 800000
generated: 83192 / 800000
generated: 83203 / 800000
generated: 83218 / 800000
generated: 83236 / 800000
generated: 83253 / 800000
generated: 83275 / 800000
generated: 83291 / 800000
generated: 83308 / 800000
generated: 83322 / 800000
generated: 83332 / 800000
generated: 83345 / 800000
generated: 83359 / 800000
generated: 83371 / 800000
generated: 83389 / 800000
generated: 83403 / 800000
generated: 83418 / 800000
generated: 83438 / 800000
generated: 83450 / 800000
generated: 83466 / 800000
generated: 83479 / 800000
generated: 83489 / 800000
generated: 83503 / 800000
generated: 83513 / 800000
generated: 83529 / 800000
generated: 83542 / 800000
generated: 83558 / 800000
generated: 83583 / 800000
generated: 83600 / 800000
generated: 83613 / 800000
generated: 83624 / 800000
generated: 83635 / 800000
generated: 83648 / 800000
generated: 83662 / 800000
generated: 83678 / 800000
generated: 83693 / 800000
generated: 83704 / 800000
generated: 83716 / 800000
generated: 83724 / 800000
generated: 83741 / 800000
generated: 83753 / 800000
generated: 83772 / 800000
generated: 83791 / 800000
generated: 83796 / 800000
generated: 83809 / 800000
generated: 83818 / 800000
generated: 83830 / 800000
generated: 83841 / 800000
generated: 83857 / 800000
generated: 83866 / 800000
generated: 83874 / 800000
generated: 83884 / 800000
generated: 83897 / 800000
generated: 83908 / 800000
generated: 83923 / 800000
generated: 83940 / 800000
generated: 83954 / 800000
generated: 83967 / 800000
generated: 83985 / 800000
generated: 84002 / 800000
generated: 84019 / 800000
generated: 84032 / 800000
generated: 84041 / 800000
generated: 84052 / 800000
generated: 84074 / 800000
generated: 84088 / 800000
generated: 84103 / 800000
generated: 84117 / 800000
generated: 84129 / 800000
generated: 84147 / 800000
generated: 84161 / 800000
generated: 84180 / 800000
generated: 84198 / 800000
generated: 84214 / 800000
generated: 84225 / 800000
generated: 84232 / 800000
generated: 84241 / 800000
generated: 84261 / 800000
generated: 84272 / 800000
generated: 84284 / 800000
generated: 84298 / 800000
generated: 84304 / 800000
generated: 84318 / 800000
generated: 84334 / 800000
generated: 84346 / 800000
generated: 84356 / 800000
generated: 84362 / 800000
generated: 84375 / 800000
generated: 84389 / 800000
generated: 84408 / 800000
generated: 84419 / 800000
generated: 84435 / 800000
generated: 84448 / 800000
generated: 84459 / 800000
generated: 84467 / 800000
generated: 84483 / 800000
generated: 84498 / 800000
generated: 84520 / 800000
generated: 84534 / 800000
generated: 84553 / 800000
generated: 84563 / 800000
generated: 84580 / 800000
generated: 84598 / 800000
generated: 84612 / 800000
generated: 84624 / 800000
generated: 84635 / 800000
generated: 84653 / 800000
generated: 84664 / 800000
generated: 84675 / 800000
generated: 84693 / 800000
generated: 84704 / 800000
generated: 84720 / 800000
generated: 84731 / 800000
generated: 84748 / 800000
generated: 84759 / 800000
generated: 84767 / 800000
generated: 84780 / 800000
generated: 84795 / 800000
generated: 84808 / 800000
generated: 84818 / 800000
generated: 84830 / 800000
generated: 84844 / 800000
generated: 84853 / 800000
generated: 84864 / 800000
generated: 84882 / 800000
generated: 84895 / 800000
generated: 84914 / 800000
generated: 84927 / 800000
generated: 84946 / 800000
generated: 84957 / 800000
generated: 84965 / 800000
generated: 84983 / 800000
generated: 84997 / 800000
generated: 85021 / 800000
generated: 85036 / 800000
generated: 85047 / 800000
generated: 85060 / 800000
generated: 85075 / 800000
generated: 85091 / 800000
generated: 85100 / 800000
generated: 85120 / 800000
generated: 85134 / 800000
generated: 85150 / 800000
generated: 85165 / 800000
generated: 85183 / 800000
generated: 85198 / 800000
generated: 85213 / 800000
generated: 85231 / 800000
generated: 85245 / 800000
generated: 85257 / 800000
generated: 85277 / 800000
generated: 85289 / 800000
generated: 85303 / 800000
generated: 85314 / 800000
generated: 85326 / 800000
generated: 85339 / 800000
generated: 85354 / 800000
generated: 85370 / 800000
generated: 85385 / 800000
generated: 85396 / 800000
generated: 85407 / 800000
generated: 85422 / 800000
generated: 85436 / 800000
generated: 85448 / 800000
generated: 85457 / 800000
generated: 85468 / 800000
generated: 85481 / 800000
generated: 85498 / 800000
generated: 85519 / 800000
generated: 85528 / 800000
generated: 85536 / 800000
generated: 85554 / 800000
generated: 85568 / 800000
generated: 85587 / 800000
generated: 85601 / 800000
generated: 85620 / 800000
generated: 85639 / 800000
generated: 85655 / 800000
generated: 85665 / 800000
generated: 85680 / 800000
generated: 85699 / 800000
generated: 85706 / 800000
generated: 85719 / 800000
generated: 85726 / 800000
generated: 85734 / 800000
generated: 85753 / 800000
generated: 85764 / 800000
generated: 85777 / 800000
generated: 85796 / 800000
generated: 85808 / 800000
generated: 85822 / 800000
generated: 85844 / 800000
generated: 85856 / 800000
generated: 85871 / 800000
generated: 85880 / 800000
generated: 85899 / 800000
generated: 85908 / 800000
generated: 85923 / 800000
generated: 85940 / 800000
generated: 85951 / 800000
generated: 85963 / 800000
generated: 85973 / 800000
generated: 85985 / 800000
generated: 86003 / 800000
generated: 86015 / 800000
generated: 86026 / 800000
generated: 86044 / 800000
generated: 86064 / 800000
generated: 86085 / 800000
generated: 86103 / 800000
generated: 86116 / 800000
generated: 86130 / 800000
generated: 86138 / 800000
generated: 86159 / 800000
generated: 86172 / 800000
generated: 86185 / 800000
generated: 86196 / 800000
generated: 86210 / 800000
generated: 86227 / 800000
generated: 86244 / 800000
generated: 86252 / 800000
generated: 86265 / 800000
generated: 86281 / 800000
generated: 86288 / 800000
generated: 86307 / 800000
generated: 86318 / 800000
generated: 86327 / 800000
generated: 86339 / 800000
generated: 86357 / 800000
generated: 86368 / 800000
generated: 86375 / 800000
generated: 86385 / 800000
generated: 86400 / 800000
generated: 86419 / 800000
generated: 86434 / 800000
generated: 86453 / 800000
generated: 86466 / 800000
generated: 86478 / 800000
generated: 86490 / 800000
generated: 86499 / 800000
generated: 86515 / 800000
generated: 86531 / 800000
generated: 86547 / 800000
generated: 86561 / 800000
generated: 86577 / 800000
generated: 86589 / 800000
generated: 86598 / 800000
generated: 86607 / 800000
generated: 86624 / 800000
generated: 86635 / 800000
generated: 86649 / 800000
generated: 86659 / 800000
generated: 86677 / 800000
generated: 86690 / 800000
generated: 86702 / 800000
generated: 86718 / 800000
generated: 86733 / 800000
generated: 86750 / 800000
generated: 86771 / 800000
generated: 86786 / 800000
generated: 86799 / 800000
generated: 86815 / 800000
generated: 86829 / 800000
generated: 86843 / 800000
generated: 86858 / 800000
generated: 86871 / 800000
generated: 86888 / 800000
generated: 86905 / 800000
generated: 86921 / 800000
generated: 86941 / 800000
generated: 86955 / 800000
generated: 86970 / 800000
generated: 86981 / 800000
generated: 86995 / 800000
generated: 87008 / 800000
generated: 87019 / 800000
generated: 87028 / 800000
generated: 87043 / 800000
generated: 87058 / 800000
generated: 87065 / 800000
generated: 87079 / 800000
generated: 87087 / 800000
generated: 87104 / 800000
generated: 87122 / 800000
generated: 87139 / 800000
generated: 87158 / 800000
generated: 87166 / 800000
generated: 87184 / 800000
generated: 87199 / 800000
generated: 87217 / 800000
generated: 87231 / 800000
generated: 87246 / 800000
generated: 87264 / 800000
generated: 87280 / 800000
generated: 87299 / 800000
generated: 87307 / 800000
generated: 87318 / 800000
generated: 87328 / 800000
generated: 87347 / 800000
generated: 87368 / 800000
generated: 87380 / 800000
generated: 87396 / 800000
generated: 87413 / 800000
generated: 87425 / 800000
generated: 87433 / 800000
generated: 87447 / 800000
generated: 87457 / 800000
generated: 87479 / 800000
generated: 87495 / 800000
generated: 87505 / 800000
generated: 87512 / 800000
generated: 87523 / 800000
generated: 87536 / 800000
generated: 87544 / 800000
generated: 87566 / 800000
generated: 87576 / 800000
generated: 87585 / 800000
generated: 87604 / 800000
generated: 87615 / 800000
generated: 87626 / 800000
generated: 87638 / 800000
generated: 87650 / 800000
generated: 87664 / 800000
generated: 87678 / 800000
generated: 87689 / 800000
generated: 87701 / 800000
generated: 87718 / 800000
generated: 87730 / 800000
generated: 87742 / 800000
generated: 87755 / 800000
generated: 87765 / 800000
generated: 87777 / 800000
generated: 87789 / 800000
generated: 87803 / 800000
generated: 87817 / 800000
generated: 87826 / 800000
generated: 87837 / 800000
generated: 87857 / 800000
generated: 87870 / 800000
generated: 87887 / 800000
generated: 87904 / 800000
generated: 87924 / 800000
generated: 87941 / 800000
generated: 87953 / 800000
generated: 87967 / 800000
generated: 87989 / 800000
generated: 88003 / 800000
generated: 88018 / 800000
generated: 88027 / 800000
generated: 88039 / 800000
generated: 88053 / 800000
generated: 88064 / 800000
generated: 88082 / 800000
generated: 88094 / 800000
generated: 88108 / 800000
generated: 88128 / 800000
generated: 88141 / 800000
generated: 88161 / 800000
generated: 88169 / 800000
generated: 88185 / 800000
generated: 88195 / 800000
generated: 88209 / 800000
generated: 88223 / 800000
generated: 88240 / 800000
generated: 88251 / 800000
generated: 88261 / 800000
generated: 88273 / 800000
generated: 88283 / 800000
generated: 88295 / 800000
generated: 88310 / 800000
generated: 88326 / 800000
generated: 88340 / 800000
generated: 88361 / 800000
generated: 88375 / 800000
generated: 88383 / 800000
generated: 88405 / 800000
generated: 88423 / 800000
generated: 88436 / 800000
generated: 88453 / 800000
generated: 88468 / 800000
generated: 88486 / 800000
generated: 88500 / 800000
generated: 88509 / 800000
generated: 88523 / 800000
generated: 88532 / 800000
generated: 88548 / 800000
generated: 88563 / 800000
generated: 88573 / 800000
generated: 88587 / 800000
generated: 88600 / 800000
generated: 88616 / 800000
generated: 88626 / 800000
generated: 88642 / 800000
generated: 88656 / 800000
generated: 88666 / 800000
generated: 88681 / 800000
generated: 88695 / 800000
generated: 88711 / 800000
generated: 88724 / 800000
generated: 88744 / 800000
generated: 88756 / 800000
generated: 88764 / 800000
generated: 88781 / 800000
generated: 88800 / 800000
generated: 88814 / 800000
generated: 88824 / 800000
generated: 88845 / 800000
generated: 88855 / 800000
generated: 88864 / 800000
generated: 88878 / 800000
generated: 88897 / 800000
generated: 88905 / 800000
generated: 88921 / 800000
generated: 88935 / 800000
generated: 88951 / 800000
generated: 88962 / 800000
generated: 88974 / 800000
generated: 88984 / 800000
generated: 88996 / 800000
generated: 89008 / 800000
generated: 89019 / 800000
generated: 89034 / 800000
generated: 89043 / 800000
generated: 89061 / 800000
generated: 89077 / 800000
generated: 89086 / 800000
generated: 89096 / 800000
generated: 89112 / 800000
generated: 89121 / 800000
generated: 89135 / 800000
generated: 89152 / 800000
generated: 89166 / 800000
generated: 89182 / 800000
generated: 89196 / 800000
generated: 89209 / 800000
generated: 89219 / 800000
generated: 89225 / 800000
generated: 89237 / 800000
generated: 89254 / 800000
generated: 89270 / 800000
generated: 89281 / 800000
generated: 89291 / 800000
generated: 89308 / 800000
generated: 89317 / 800000
generated: 89333 / 800000
generated: 89347 / 800000
generated: 89361 / 800000
generated: 89372 / 800000
generated: 89390 / 800000
generated: 89405 / 800000
generated: 89415 / 800000
generated: 89437 / 800000
generated: 89450 / 800000
generated: 89467 / 800000
generated: 89480 / 800000
generated: 89488 / 800000
generated: 89505 / 800000
generated: 89525 / 800000
generated: 89546 / 800000
generated: 89561 / 800000
generated: 89574 / 800000
generated: 89587 / 800000
generated: 89600 / 800000
generated: 89615 / 800000
generated: 89627 / 800000
generated: 89640 / 800000
generated: 89662 / 800000
generated: 89677 / 800000
generated: 89685 / 800000
generated: 89692 / 800000
generated: 89714 / 800000
generated: 89732 / 800000
generated: 89744 / 800000
generated: 89759 / 800000
generated: 89770 / 800000
generated: 89783 / 800000
generated: 89802 / 800000
generated: 89817 / 800000
generated: 89827 / 800000
generated: 89841 / 800000
generated: 89853 / 800000
generated: 89866 / 800000
generated: 89877 / 800000
generated: 89887 / 800000
generated: 89905 / 800000
generated: 89923 / 800000
generated: 89941 / 800000
generated: 89951 / 800000
generated: 89961 / 800000
generated: 89971 / 800000
generated: 89983 / 800000
generated: 89994 / 800000
generated: 90009 / 800000
generated: 90021 / 800000
generated: 90037 / 800000
generated: 90054 / 800000
generated: 90075 / 800000
generated: 90085 / 800000
generated: 90104 / 800000
generated: 90117 / 800000
generated: 90128 / 800000
generated: 90146 / 800000
generated: 90162 / 800000
generated: 90180 / 800000
generated: 90193 / 800000
generated: 90203 / 800000
generated: 90216 / 800000
generated: 90230 / 800000
generated: 90245 / 800000
generated: 90253 / 800000
generated: 90270 / 800000
generated: 90281 / 800000
generated: 90290 / 800000
generated: 90303 / 800000
generated: 90320 / 800000
generated: 90335 / 800000
generated: 90352 / 800000
generated: 90363 / 800000
generated: 90374 / 800000
generated: 90394 / 800000
generated: 90407 / 800000
generated: 90417 / 800000
generated: 90429 / 800000
generated: 90436 / 800000
generated: 90449 / 800000
generated: 90461 / 800000
generated: 90478 / 800000
generated: 90489 / 800000
generated: 90501 / 800000
generated: 90516 / 800000
generated: 90536 / 800000
generated: 90550 / 800000
generated: 90562 / 800000
generated: 90581 / 800000
generated: 90592 / 800000
generated: 90612 / 800000
generated: 90624 / 800000
generated: 90640 / 800000
generated: 90646 / 800000
generated: 90665 / 800000
generated: 90682 / 800000
generated: 90698 / 800000
generated: 90705 / 800000
generated: 90716 / 800000
generated: 90726 / 800000
generated: 90743 / 800000
generated: 90760 / 800000
generated: 90776 / 800000
generated: 90792 / 800000
generated: 90807 / 800000
generated: 90820 / 800000
generated: 90834 / 800000
generated: 90845 / 800000
generated: 90860 / 800000
generated: 90880 / 800000
generated: 90900 / 800000
generated: 90913 / 800000
generated: 90926 / 800000
generated: 90940 / 800000
generated: 90955 / 800000
generated: 90969 / 800000
generated: 90987 / 800000
generated: 90999 / 800000
generated: 91015 / 800000
generated: 91028 / 800000
generated: 91040 / 800000
generated: 91057 / 800000
generated: 91067 / 800000
generated: 91079 / 800000
generated: 91089 / 800000
generated: 91102 / 800000
generated: 91114 / 800000
generated: 91125 / 800000
generated: 91139 / 800000
generated: 91148 / 800000
generated: 91167 / 800000
generated: 91191 / 800000
generated: 91208 / 800000
generated: 91223 / 800000
generated: 91242 / 800000
generated: 91254 / 800000
generated: 91266 / 800000
generated: 91284 / 800000
generated: 91293 / 800000
generated: 91307 / 800000
generated: 91321 / 800000
generated: 91329 / 800000
generated: 91347 / 800000
generated: 91360 / 800000
generated: 91377 / 800000
generated: 91388 / 800000
generated: 91401 / 800000
generated: 91424 / 800000
generated: 91439 / 800000
generated: 91458 / 800000
generated: 91474 / 800000
generated: 91491 / 800000
generated: 91508 / 800000
generated: 91520 / 800000
generated: 91536 / 800000
generated: 91547 / 800000
generated: 91559 / 800000
generated: 91570 / 800000
generated: 91585 / 800000
generated: 91594 / 800000
generated: 91607 / 800000
generated: 91626 / 800000
generated: 91640 / 800000
generated: 91653 / 800000
generated: 91667 / 800000
generated: 91683 / 800000
generated: 91695 / 800000
generated: 91710 / 800000
generated: 91722 / 800000
generated: 91732 / 800000
generated: 91747 / 800000
generated: 91758 / 800000
generated: 91766 / 800000
generated: 91779 / 800000
generated: 91793 / 800000
generated: 91812 / 800000
generated: 91824 / 800000
generated: 91838 / 800000
generated: 91853 / 800000
generated: 91865 / 800000
generated: 91879 / 800000
generated: 91890 / 800000
generated: 91905 / 800000
generated: 91922 / 800000
generated: 91939 / 800000
generated: 91950 / 800000
generated: 91963 / 800000
generated: 91978 / 800000
generated: 91996 / 800000
generated: 92012 / 800000
generated: 92030 / 800000
generated: 92044 / 800000
generated: 92063 / 800000
generated: 92080 / 800000
generated: 92091 / 800000
generated: 92104 / 800000
generated: 92118 / 800000
generated: 92139 / 800000
generated: 92149 / 800000
generated: 92162 / 800000
generated: 92173 / 800000
generated: 92184 / 800000
generated: 92192 / 800000
generated: 92205 / 800000
generated: 92217 / 800000
generated: 92230 / 800000
generated: 92247 / 800000
generated: 92266 / 800000
generated: 92286 / 800000
generated: 92297 / 800000
generated: 92307 / 800000
generated: 92320 / 800000
generated: 92342 / 800000
generated: 92354 / 800000
generated: 92365 / 800000
generated: 92375 / 800000
generated: 92396 / 800000
generated: 92408 / 800000
generated: 92427 / 800000
generated: 92440 / 800000
generated: 92449 / 800000
generated: 92465 / 800000
generated: 92476 / 800000
generated: 92500 / 800000
generated: 92517 / 800000
generated: 92533 / 800000
generated: 92545 / 800000
generated: 92553 / 800000
generated: 92569 / 800000
generated: 92581 / 800000
generated: 92592 / 800000
generated: 92604 / 800000
generated: 92623 / 800000
generated: 92637 / 800000
generated: 92651 / 800000
generated: 92670 / 800000
generated: 92687 / 800000
generated: 92701 / 800000
generated: 92714 / 800000
generated: 92730 / 800000
generated: 92744 / 800000
generated: 92748 / 800000
generated: 92765 / 800000
generated: 92780 / 800000
generated: 92789 / 800000
generated: 92800 / 800000
generated: 92809 / 800000
generated: 92823 / 800000
generated: 92838 / 800000
generated: 92848 / 800000
generated: 92864 / 800000
generated: 92877 / 800000
generated: 92895 / 800000
generated: 92903 / 800000
generated: 92912 / 800000
generated: 92924 / 800000
generated: 92944 / 800000
generated: 92955 / 800000
generated: 92968 / 800000
generated: 92985 / 800000
generated: 93000 / 800000
generated: 93011 / 800000
generated: 93027 / 800000
generated: 93040 / 800000
generated: 93053 / 800000
generated: 93065 / 800000
generated: 93076 / 800000
generated: 93098 / 800000
generated: 93110 / 800000
generated: 93127 / 800000
generated: 93145 / 800000
generated: 93159 / 800000
generated: 93168 / 800000
generated: 93185 / 800000
generated: 93205 / 800000
generated: 93222 / 800000
generated: 93239 / 800000
generated: 93248 / 800000
generated: 93260 / 800000
generated: 93273 / 800000
generated: 93284 / 800000
generated: 93299 / 800000
generated: 93317 / 800000
generated: 93334 / 800000
generated: 93357 / 800000
generated: 93369 / 800000
generated: 93387 / 800000
generated: 93403 / 800000
generated: 93412 / 800000
generated: 93418 / 800000
generated: 93426 / 800000
generated: 93436 / 800000
generated: 93450 / 800000
generated: 93465 / 800000
generated: 93482 / 800000
generated: 93493 / 800000
generated: 93503 / 800000
generated: 93511 / 800000
generated: 93524 / 800000
generated: 93538 / 800000
generated: 93556 / 800000
generated: 93564 / 800000
generated: 93577 / 800000
generated: 93584 / 800000
generated: 93598 / 800000
generated: 93612 / 800000
generated: 93625 / 800000
generated: 93640 / 800000
generated: 93653 / 800000
generated: 93671 / 800000
generated: 93682 / 800000
generated: 93694 / 800000
generated: 93708 / 800000
generated: 93720 / 800000
generated: 93730 / 800000
generated: 93737 / 800000
generated: 93752 / 800000
generated: 93773 / 800000
generated: 93783 / 800000
generated: 93800 / 800000
generated: 93813 / 800000
generated: 93824 / 800000
generated: 93840 / 800000
generated: 93855 / 800000
generated: 93873 / 800000
generated: 93885 / 800000
generated: 93906 / 800000
generated: 93920 / 800000
generated: 93945 / 800000
generated: 93962 / 800000
generated: 93971 / 800000
generated: 93984 / 800000
generated: 94003 / 800000
generated: 94014 / 800000
generated: 94026 / 800000
generated: 94043 / 800000
generated: 94056 / 800000
generated: 94067 / 800000
generated: 94080 / 800000
generated: 94092 / 800000
generated: 94105 / 800000
generated: 94118 / 800000
generated: 94134 / 800000
generated: 94149 / 800000
generated: 94161 / 800000
generated: 94178 / 800000
generated: 94193 / 800000
generated: 94208 / 800000
generated: 94227 / 800000
generated: 94242 / 800000
generated: 94255 / 800000
generated: 94269 / 800000
generated: 94286 / 800000
generated: 94304 / 800000
generated: 94319 / 800000
generated: 94334 / 800000
generated: 94346 / 800000
generated: 94356 / 800000
generated: 94370 / 800000
generated: 94383 / 800000
generated: 94395 / 800000
generated: 94409 / 800000
generated: 94416 / 800000
generated: 94424 / 800000
generated: 94435 / 800000
generated: 94444 / 800000
generated: 94466 / 800000
generated: 94479 / 800000
generated: 94497 / 800000
generated: 94515 / 800000
generated: 94534 / 800000
generated: 94550 / 800000
generated: 94562 / 800000
generated: 94577 / 800000
generated: 94588 / 800000
generated: 94602 / 800000
generated: 94614 / 800000
generated: 94626 / 800000
generated: 94641 / 800000
generated: 94656 / 800000
generated: 94671 / 800000
generated: 94686 / 800000
generated: 94696 / 800000
generated: 94707 / 800000
generated: 94718 / 800000
generated: 94733 / 800000
generated: 94747 / 800000
generated: 94761 / 800000
generated: 94770 / 800000
generated: 94785 / 800000
generated: 94801 / 800000
generated: 94810 / 800000
generated: 94827 / 800000
generated: 94840 / 800000
generated: 94845 / 800000
generated: 94861 / 800000
generated: 94874 / 800000
generated: 94891 / 800000
generated: 94898 / 800000
generated: 94913 / 800000
generated: 94926 / 800000
generated: 94947 / 800000
generated: 94961 / 800000
generated: 94973 / 800000
generated: 94987 / 800000
generated: 94998 / 800000
generated: 95008 / 800000
generated: 95020 / 800000
generated: 95039 / 800000
generated: 95058 / 800000
generated: 95076 / 800000
generated: 95089 / 800000
generated: 95099 / 800000
generated: 95119 / 800000
generated: 95130 / 800000
generated: 95148 / 800000
generated: 95173 / 800000
generated: 95194 / 800000
generated: 95206 / 800000
generated: 95220 / 800000
generated: 95228 / 800000
generated: 95237 / 800000
generated: 95255 / 800000
generated: 95263 / 800000
generated: 95276 / 800000
generated: 95286 / 800000
generated: 95301 / 800000
generated: 95313 / 800000
generated: 95329 / 800000
generated: 95344 / 800000
generated: 95356 / 800000
generated: 95365 / 800000
generated: 95382 / 800000
generated: 95391 / 800000
generated: 95401 / 800000
generated: 95420 / 800000
generated: 95430 / 800000
generated: 95439 / 800000
generated: 95456 / 800000
generated: 95471 / 800000
generated: 95487 / 800000
generated: 95500 / 800000
generated: 95514 / 800000
generated: 95528 / 800000
generated: 95547 / 800000
generated: 95563 / 800000
generated: 95576 / 800000
generated: 95586 / 800000
generated: 95598 / 800000
generated: 95614 / 800000
generated: 95632 / 800000
generated: 95641 / 800000
generated: 95654 / 800000
generated: 95666 / 800000
generated: 95679 / 800000
generated: 95692 / 800000
generated: 95713 / 800000
generated: 95721 / 800000
generated: 95737 / 800000
generated: 95751 / 800000
generated: 95764 / 800000
generated: 95773 / 800000
generated: 95789 / 800000
generated: 95803 / 800000
generated: 95813 / 800000
generated: 95828 / 800000
generated: 95838 / 800000
generated: 95861 / 800000
generated: 95878 / 800000
generated: 95892 / 800000
generated: 95903 / 800000
generated: 95918 / 800000
generated: 95926 / 800000
generated: 95932 / 800000
generated: 95948 / 800000
generated: 95960 / 800000
generated: 95973 / 800000
generated: 95983 / 800000
generated: 96005 / 800000
generated: 96022 / 800000
generated: 96032 / 800000
generated: 96045 / 800000
generated: 96064 / 800000
generated: 96081 / 800000
generated: 96094 / 800000
generated: 96102 / 800000
generated: 96123 / 800000
generated: 96137 / 800000
generated: 96153 / 800000
generated: 96164 / 800000
generated: 96179 / 800000
generated: 96193 / 800000
generated: 96211 / 800000
generated: 96226 / 800000
generated: 96241 / 800000
generated: 96251 / 800000
generated: 96267 / 800000
generated: 96282 / 800000
generated: 96296 / 800000
generated: 96304 / 800000
generated: 96315 / 800000
generated: 96330 / 800000
generated: 96341 / 800000
generated: 96350 / 800000
generated: 96363 / 800000
generated: 96375 / 800000
generated: 96388 / 800000
generated: 96394 / 800000
generated: 96408 / 800000
generated: 96414 / 800000
generated: 96422 / 800000
generated: 96434 / 800000
generated: 96444 / 800000
generated: 96458 / 800000
generated: 96470 / 800000
generated: 96483 / 800000
generated: 96503 / 800000
generated: 96513 / 800000
generated: 96536 / 800000
generated: 96550 / 800000
generated: 96559 / 800000
generated: 96568 / 800000
generated: 96584 / 800000
generated: 96600 / 800000
generated: 96616 / 800000
generated: 96620 / 800000
generated: 96631 / 800000
generated: 96647 / 800000
generated: 96661 / 800000
generated: 96682 / 800000
generated: 96691 / 800000
generated: 96708 / 800000
generated: 96722 / 800000
generated: 96744 / 800000
generated: 96757 / 800000
generated: 96767 / 800000
generated: 96791 / 800000
generated: 96806 / 800000
generated: 96823 / 800000
generated: 96837 / 800000
generated: 96851 / 800000
generated: 96865 / 800000
generated: 96874 / 800000
generated: 96887 / 800000
generated: 96891 / 800000
generated: 96906 / 800000
generated: 96922 / 800000
generated: 96933 / 800000
generated: 96939 / 800000
generated: 96950 / 800000
generated: 96963 / 800000
generated: 96975 / 800000
generated: 96991 / 800000
generated: 97004 / 800000
generated: 97016 / 800000
generated: 97029 / 800000
generated: 97049 / 800000
generated: 97067 / 800000
generated: 97091 / 800000
generated: 97105 / 800000
generated: 97122 / 800000
generated: 97133 / 800000
generated: 97151 / 800000
generated: 97163 / 800000
generated: 97177 / 800000
generated: 97200 / 800000
generated: 97211 / 800000
generated: 97222 / 800000
generated: 97238 / 800000
generated: 97250 / 800000
generated: 97261 / 800000
generated: 97274 / 800000
generated: 97284 / 800000
generated: 97305 / 800000
generated: 97318 / 800000
generated: 97331 / 800000
generated: 97343 / 800000
generated: 97359 / 800000
generated: 97368 / 800000
generated: 97383 / 800000
generated: 97392 / 800000
generated: 97404 / 800000
generated: 97414 / 800000
generated: 97428 / 800000
generated: 97442 / 800000
generated: 97455 / 800000
generated: 97472 / 800000
generated: 97483 / 800000
generated: 97490 / 800000
generated: 97509 / 800000
generated: 97523 / 800000
generated: 97536 / 800000
generated: 97550 / 800000
generated: 97560 / 800000
generated: 97572 / 800000
generated: 97587 / 800000
generated: 97608 / 800000
generated: 97624 / 800000
generated: 97633 / 800000
generated: 97642 / 800000
generated: 97655 / 800000
generated: 97668 / 800000
generated: 97684 / 800000
generated: 97694 / 800000
generated: 97711 / 800000
generated: 97730 / 800000
generated: 97746 / 800000
generated: 97768 / 800000
generated: 97780 / 800000
generated: 97796 / 800000
generated: 97808 / 800000
generated: 97823 / 800000
generated: 97841 / 800000
generated: 97860 / 800000
generated: 97873 / 800000
generated: 97885 / 800000
generated: 97896 / 800000
generated: 97909 / 800000
generated: 97926 / 800000
generated: 97937 / 800000
generated: 97949 / 800000
generated: 97962 / 800000
generated: 97976 / 800000
generated: 97990 / 800000
generated: 98004 / 800000
generated: 98020 / 800000
generated: 98026 / 800000
generated: 98043 / 800000
generated: 98052 / 800000
generated: 98072 / 800000
generated: 98085 / 800000
generated: 98105 / 800000
generated: 98119 / 800000
generated: 98128 / 800000
generated: 98142 / 800000
generated: 98157 / 800000
generated: 98172 / 800000
generated: 98182 / 800000
generated: 98198 / 800000
generated: 98203 / 800000
generated: 98212 / 800000
generated: 98222 / 800000
generated: 98245 / 800000
generated: 98257 / 800000
generated: 98271 / 800000
generated: 98287 / 800000
generated: 98301 / 800000
generated: 98311 / 800000
generated: 98327 / 800000
generated: 98339 / 800000
generated: 98349 / 800000
generated: 98358 / 800000
generated: 98368 / 800000
generated: 98387 / 800000
generated: 98399 / 800000
generated: 98416 / 800000
generated: 98428 / 800000
generated: 98443 / 800000
generated: 98458 / 800000
generated: 98468 / 800000
generated: 98483 / 800000
generated: 98502 / 800000
generated: 98520 / 800000
generated: 98538 / 800000
generated: 98552 / 800000
generated: 98565 / 800000
generated: 98585 / 800000
generated: 98591 / 800000
generated: 98602 / 800000
generated: 98615 / 800000
generated: 98618 / 800000
generated: 98632 / 800000
generated: 98649 / 800000
generated: 98666 / 800000
generated: 98683 / 800000
generated: 98704 / 800000
generated: 98718 / 800000
generated: 98735 / 800000
generated: 98750 / 800000
generated: 98764 / 800000
generated: 98775 / 800000
generated: 98791 / 800000
generated: 98803 / 800000
generated: 98815 / 800000
generated: 98832 / 800000
generated: 98849 / 800000
generated: 98865 / 800000
generated: 98872 / 800000
generated: 98881 / 800000
generated: 98893 / 800000
generated: 98903 / 800000
generated: 98912 / 800000
generated: 98931 / 800000
generated: 98947 / 800000
generated: 98963 / 800000
generated: 98970 / 800000
generated: 98992 / 800000
generated: 99007 / 800000
generated: 99026 / 800000
generated: 99054 / 800000
generated: 99061 / 800000
generated: 99072 / 800000
generated: 99083 / 800000
generated: 99103 / 800000
generated: 99112 / 800000
generated: 99123 / 800000
generated: 99138 / 800000
generated: 99155 / 800000
generated: 99171 / 800000
generated: 99180 / 800000
generated: 99193 / 800000
generated: 99210 / 800000
generated: 99228 / 800000
generated: 99245 / 800000
generated: 99263 / 800000
generated: 99280 / 800000
generated: 99293 / 800000
generated: 99303 / 800000
generated: 99313 / 800000
generated: 99321 / 800000
generated: 99342 / 800000
generated: 99353 / 800000
generated: 99365 / 800000
generated: 99377 / 800000
generated: 99390 / 800000
generated: 99402 / 800000
generated: 99413 / 800000
generated: 99427 / 800000
generated: 99444 / 800000
generated: 99455 / 800000
generated: 99469 / 800000
generated: 99479 / 800000
generated: 99490 / 800000
generated: 99502 / 800000
generated: 99519 / 800000
generated: 99534 / 800000
generated: 99544 / 800000
generated: 99559 / 800000
generated: 99569 / 800000
generated: 99580 / 800000
generated: 99594 / 800000
generated: 99607 / 800000
generated: 99623 / 800000
generated: 99630 / 800000
generated: 99648 / 800000
generated: 99663 / 800000
generated: 99677 / 800000
generated: 99687 / 800000
generated: 99698 / 800000
generated: 99712 / 800000
generated: 99726 / 800000
generated: 99733 / 800000
generated: 99751 / 800000
generated: 99768 / 800000
generated: 99780 / 800000
generated: 99802 / 800000
generated: 99819 / 800000
generated: 99834 / 800000
generated: 99847 / 800000
generated: 99859 / 800000
generated: 99877 / 800000
generated: 99890 / 800000
generated: 99901 / 800000
generated: 99913 / 800000
generated: 99926 / 800000
generated: 99944 / 800000
generated: 99955 / 800000
generated: 99966 / 800000
generated: 99986 / 800000
generated: 100004 / 800000
generated: 100024 / 800000
generated: 100039 / 800000
generated: 100048 / 800000
generated: 100065 / 800000
generated: 100078 / 800000
generated: 100087 / 800000
generated: 100100 / 800000
generated: 100108 / 800000
generated: 100118 / 800000
generated: 100132 / 800000
generated: 100141 / 800000
generated: 100160 / 800000
generated: 100179 / 800000
generated: 100197 / 800000
generated: 100216 / 800000
generated: 100230 / 800000
generated: 100247 / 800000
generated: 100255 / 800000
generated: 100271 / 800000
generated: 100291 / 800000
generated: 100306 / 800000
generated: 100323 / 800000
generated: 100336 / 800000
generated: 100353 / 800000
generated: 100364 / 800000
generated: 100386 / 800000
generated: 100404 / 800000
generated: 100421 / 800000
generated: 100433 / 800000
generated: 100451 / 800000
generated: 100467 / 800000
generated: 100487 / 800000
generated: 100502 / 800000
generated: 100516 / 800000
generated: 100529 / 800000
generated: 100541 / 800000
generated: 100553 / 800000
generated: 100563 / 800000
generated: 100577 / 800000
generated: 100590 / 800000
generated: 100604 / 800000
generated: 100619 / 800000
generated: 100631 / 800000
generated: 100641 / 800000
generated: 100655 / 800000
generated: 100664 / 800000
generated: 100678 / 800000
generated: 100688 / 800000
generated: 100706 / 800000
generated: 100729 / 800000
generated: 100747 / 800000
generated: 100759 / 800000
generated: 100772 / 800000
generated: 100788 / 800000
generated: 100798 / 800000
generated: 100814 / 800000
generated: 100825 / 800000
generated: 100835 / 800000
generated: 100857 / 800000
generated: 100872 / 800000
generated: 100885 / 800000
generated: 100893 / 800000
generated: 100907 / 800000
generated: 100925 / 800000
generated: 100943 / 800000
generated: 100959 / 800000
generated: 100974 / 800000
generated: 100987 / 800000
generated: 101003 / 800000
generated: 101018 / 800000
generated: 101033 / 800000
generated: 101046 / 800000
generated: 101060 / 800000
generated: 101075 / 800000
generated: 101090 / 800000
generated: 101107 / 800000
generated: 101118 / 800000
generated: 101136 / 800000
generated: 101145 / 800000
generated: 101154 / 800000
generated: 101167 / 800000
generated: 101174 / 800000
generated: 101190 / 800000
generated: 101204 / 800000
generated: 101214 / 800000
generated: 101232 / 800000
generated: 101251 / 800000
generated: 101263 / 800000
generated: 101278 / 800000
generated: 101294 / 800000
generated: 101309 / 800000
generated: 101319 / 800000
generated: 101329 / 800000
generated: 101342 / 800000
generated: 101361 / 800000
generated: 101376 / 800000
generated: 101389 / 800000
generated: 101404 / 800000
generated: 101420 / 800000
generated: 101432 / 800000
generated: 101445 / 800000
generated: 101458 / 800000
generated: 101475 / 800000
generated: 101493 / 800000
generated: 101509 / 800000
generated: 101521 / 800000
generated: 101535 / 800000
generated: 101547 / 800000
generated: 101561 / 800000
generated: 101573 / 800000
generated: 101591 / 800000
generated: 101603 / 800000
generated: 101622 / 800000
generated: 101632 / 800000
generated: 101643 / 800000
generated: 101660 / 800000
generated: 101675 / 800000
generated: 101689 / 800000
generated: 101701 / 800000
generated: 101721 / 800000
generated: 101737 / 800000
generated: 101760 / 800000
generated: 101766 / 800000
generated: 101776 / 800000
generated: 101786 / 800000
generated: 101803 / 800000
generated: 101819 / 800000
generated: 101828 / 800000
generated: 101839 / 800000
generated: 101855 / 800000
generated: 101872 / 800000
generated: 101889 / 800000
generated: 101911 / 800000
generated: 101922 / 800000
generated: 101934 / 800000
generated: 101949 / 800000
generated: 101965 / 800000
generated: 101980 / 800000
generated: 101993 / 800000
generated: 102004 / 800000
generated: 102015 / 800000
generated: 102026 / 800000
generated: 102039 / 800000
generated: 102055 / 800000
generated: 102073 / 800000
generated: 102086 / 800000
generated: 102100 / 800000
generated: 102115 / 800000
generated: 102126 / 800000
generated: 102139 / 800000
generated: 102156 / 800000
generated: 102174 / 800000
generated: 102189 / 800000
generated: 102209 / 800000
generated: 102225 / 800000
generated: 102245 / 800000
generated: 102259 / 800000
generated: 102276 / 800000
generated: 102293 / 800000
generated: 102306 / 800000
generated: 102325 / 800000
generated: 102336 / 800000
generated: 102350 / 800000
generated: 102359 / 800000
generated: 102375 / 800000
generated: 102388 / 800000
generated: 102400 / 800000
generated: 102409 / 800000
generated: 102424 / 800000
generated: 102441 / 800000
generated: 102465 / 800000
generated: 102478 / 800000
generated: 102498 / 800000
generated: 102512 / 800000
generated: 102523 / 800000
generated: 102538 / 800000
generated: 102556 / 800000
generated: 102569 / 800000
generated: 102582 / 800000
generated: 102595 / 800000
generated: 102605 / 800000
generated: 102622 / 800000
generated: 102642 / 800000
generated: 102655 / 800000
generated: 102670 / 800000
generated: 102683 / 800000
generated: 102698 / 800000
generated: 102716 / 800000
generated: 102729 / 800000
generated: 102745 / 800000
generated: 102759 / 800000
generated: 102779 / 800000
generated: 102793 / 800000
generated: 102807 / 800000
generated: 102820 / 800000
generated: 102835 / 800000
generated: 102850 / 800000
generated: 102867 / 800000
generated: 102881 / 800000
generated: 102896 / 800000
generated: 102914 / 800000
generated: 102927 / 800000
generated: 102935 / 800000
generated: 102948 / 800000
generated: 102967 / 800000
generated: 102991 / 800000
generated: 103005 / 800000
generated: 103018 / 800000
generated: 103036 / 800000
generated: 103054 / 800000
generated: 103071 / 800000
generated: 103085 / 800000
generated: 103090 / 800000
generated: 103106 / 800000
generated: 103116 / 800000
generated: 103129 / 800000
generated: 103142 / 800000
generated: 103165 / 800000
generated: 103183 / 800000
generated: 103199 / 800000
generated: 103214 / 800000
generated: 103227 / 800000
generated: 103240 / 800000
generated: 103259 / 800000
generated: 103272 / 800000
generated: 103286 / 800000
generated: 103301 / 800000
generated: 103315 / 800000
generated: 103328 / 800000
generated: 103341 / 800000
generated: 103356 / 800000
generated: 103371 / 800000
generated: 103387 / 800000
generated: 103398 / 800000
generated: 103412 / 800000
generated: 103424 / 800000
generated: 103432 / 800000
generated: 103455 / 800000
generated: 103470 / 800000
generated: 103483 / 800000
generated: 103494 / 800000
generated: 103508 / 800000
generated: 103522 / 800000
generated: 103539 / 800000
generated: 103551 / 800000
generated: 103568 / 800000
generated: 103580 / 800000
generated: 103588 / 800000
generated: 103598 / 800000
generated: 103615 / 800000
generated: 103634 / 800000
generated: 103650 / 800000
generated: 103657 / 800000
generated: 103673 / 800000
generated: 103691 / 800000
generated: 103709 / 800000
generated: 103727 / 800000
generated: 103744 / 800000
generated: 103751 / 800000
generated: 103774 / 800000
generated: 103786 / 800000
generated: 103801 / 800000
generated: 103812 / 800000
generated: 103829 / 800000
generated: 103853 / 800000
generated: 103870 / 800000
generated: 103879 / 800000
generated: 103894 / 800000
generated: 103905 / 800000
generated: 103919 / 800000
generated: 103935 / 800000
generated: 103947 / 800000
generated: 103962 / 800000
generated: 103981 / 800000
generated: 104008 / 800000
generated: 104027 / 800000
generated: 104039 / 800000
generated: 104047 / 800000
generated: 104063 / 800000
generated: 104077 / 800000
generated: 104086 / 800000
generated: 104100 / 800000
generated: 104116 / 800000
generated: 104130 / 800000
generated: 104146 / 800000
generated: 104157 / 800000
generated: 104170 / 800000
generated: 104182 / 800000
generated: 104200 / 800000
generated: 104211 / 800000
generated: 104226 / 800000
generated: 104239 / 800000
generated: 104257 / 800000
generated: 104267 / 800000
generated: 104280 / 800000
generated: 104292 / 800000
generated: 104303 / 800000
generated: 104317 / 800000
generated: 104333 / 800000
generated: 104348 / 800000
generated: 104363 / 800000
generated: 104381 / 800000
generated: 104396 / 800000
generated: 104409 / 800000
generated: 104420 / 800000
generated: 104439 / 800000
generated: 104450 / 800000
generated: 104470 / 800000
generated: 104486 / 800000
generated: 104503 / 800000
generated: 104524 / 800000
generated: 104527 / 800000
generated: 104541 / 800000
generated: 104548 / 800000
generated: 104562 / 800000
generated: 104571 / 800000
generated: 104585 / 800000
generated: 104595 / 800000
generated: 104610 / 800000
generated: 104625 / 800000
generated: 104639 / 800000
generated: 104648 / 800000
generated: 104662 / 800000
generated: 104682 / 800000
generated: 104695 / 800000
generated: 104705 / 800000
generated: 104722 / 800000
generated: 104733 / 800000
generated: 104746 / 800000
generated: 104760 / 800000
generated: 104769 / 800000
generated: 104786 / 800000
generated: 104803 / 800000
generated: 104817 / 800000
generated: 104833 / 800000
generated: 104851 / 800000
generated: 104872 / 800000
generated: 104889 / 800000
generated: 104903 / 800000
generated: 104911 / 800000
generated: 104931 / 800000
generated: 104942 / 800000
generated: 104961 / 800000
generated: 104973 / 800000
generated: 104990 / 800000
generated: 104999 / 800000
generated: 105025 / 800000
generated: 105046 / 800000
generated: 105058 / 800000
generated: 105081 / 800000
generated: 105098 / 800000
generated: 105116 / 800000
generated: 105125 / 800000
generated: 105140 / 800000
generated: 105159 / 800000
generated: 105173 / 800000
generated: 105184 / 800000
generated: 105197 / 800000
generated: 105209 / 800000
generated: 105222 / 800000
generated: 105236 / 800000
generated: 105248 / 800000
generated: 105261 / 800000
generated: 105281 / 800000
generated: 105297 / 800000
generated: 105318 / 800000
generated: 105330 / 800000
generated: 105346 / 800000
generated: 105361 / 800000
generated: 105380 / 800000
generated: 105399 / 800000
generated: 105416 / 800000
generated: 105430 / 800000
generated: 105448 / 800000
generated: 105468 / 800000
generated: 105481 / 800000
generated: 105501 / 800000
generated: 105517 / 800000
generated: 105533 / 800000
generated: 105551 / 800000
generated: 105569 / 800000
generated: 105587 / 800000
generated: 105606 / 800000
generated: 105622 / 800000
generated: 105634 / 800000
generated: 105644 / 800000
generated: 105658 / 800000
generated: 105669 / 800000
generated: 105680 / 800000
generated: 105694 / 800000
generated: 105702 / 800000
generated: 105713 / 800000
generated: 105721 / 800000
generated: 105737 / 800000
generated: 105747 / 800000
generated: 105759 / 800000
generated: 105774 / 800000
generated: 105784 / 800000
generated: 105809 / 800000
generated: 105824 / 800000
generated: 105837 / 800000
generated: 105852 / 800000
generated: 105869 / 800000
generated: 105877 / 800000
generated: 105892 / 800000
generated: 105903 / 800000
generated: 105913 / 800000
generated: 105921 / 800000
generated: 105936 / 800000
generated: 105951 / 800000
generated: 105965 / 800000
generated: 105981 / 800000
generated: 105998 / 800000
generated: 106021 / 800000
generated: 106035 / 800000
generated: 106052 / 800000
generated: 106066 / 800000
generated: 106084 / 800000
generated: 106096 / 800000
generated: 106110 / 800000
generated: 106119 / 800000
generated: 106137 / 800000
generated: 106151 / 800000
generated: 106168 / 800000
generated: 106182 / 800000
generated: 106198 / 800000
generated: 106215 / 800000
generated: 106229 / 800000
generated: 106237 / 800000
generated: 106248 / 800000
generated: 106264 / 800000
generated: 106278 / 800000
generated: 106296 / 800000
generated: 106307 / 800000
generated: 106317 / 800000
generated: 106326 / 800000
generated: 106339 / 800000
generated: 106354 / 800000
generated: 106367 / 800000
generated: 106380 / 800000
generated: 106392 / 800000
generated: 106405 / 800000
generated: 106421 / 800000
generated: 106442 / 800000
generated: 106457 / 800000
generated: 106469 / 800000
generated: 106476 / 800000
generated: 106494 / 800000
generated: 106509 / 800000
generated: 106525 / 800000
generated: 106543 / 800000
generated: 106564 / 800000
generated: 106579 / 800000
generated: 106594 / 800000
generated: 106608 / 800000
generated: 106616 / 800000
generated: 106623 / 800000
generated: 106633 / 800000
generated: 106649 / 800000
generated: 106667 / 800000
generated: 106682 / 800000
generated: 106695 / 800000
generated: 106709 / 800000
generated: 106721 / 800000
generated: 106730 / 800000
generated: 106746 / 800000
generated: 106759 / 800000
generated: 106775 / 800000
generated: 106785 / 800000
generated: 106806 / 800000
generated: 106818 / 800000
generated: 106836 / 800000
generated: 106851 / 800000
generated: 106866 / 800000
generated: 106882 / 800000
generated: 106896 / 800000
generated: 106913 / 800000
generated: 106927 / 800000
generated: 106939 / 800000
generated: 106948 / 800000
generated: 106965 / 800000
generated: 106976 / 800000
generated: 106991 / 800000
generated: 107004 / 800000
generated: 107015 / 800000
generated: 107028 / 800000
generated: 107042 / 800000
generated: 107056 / 800000
generated: 107081 / 800000
generated: 107096 / 800000
generated: 107109 / 800000
generated: 107122 / 800000
generated: 107136 / 800000
generated: 107152 / 800000
generated: 107170 / 800000
generated: 107184 / 800000
generated: 107199 / 800000
generated: 107220 / 800000
generated: 107236 / 800000
generated: 107255 / 800000
generated: 107270 / 800000
generated: 107287 / 800000
generated: 107303 / 800000
generated: 107316 / 800000
generated: 107330 / 800000
generated: 107350 / 800000
generated: 107367 / 800000
generated: 107386 / 800000
generated: 107402 / 800000
generated: 107413 / 800000
generated: 107425 / 800000
generated: 107439 / 800000
generated: 107455 / 800000
generated: 107466 / 800000
generated: 107474 / 800000
generated: 107487 / 800000
generated: 107499 / 800000
generated: 107512 / 800000
generated: 107524 / 800000
generated: 107541 / 800000
generated: 107551 / 800000
generated: 107566 / 800000
generated: 107578 / 800000
generated: 107594 / 800000
generated: 107606 / 800000
generated: 107624 / 800000
generated: 107643 / 800000
generated: 107659 / 800000
generated: 107675 / 800000
generated: 107691 / 800000
generated: 107710 / 800000
generated: 107720 / 800000
generated: 107734 / 800000
generated: 107752 / 800000
generated: 107764 / 800000
generated: 107777 / 800000
generated: 107795 / 800000
generated: 107799 / 800000
generated: 107815 / 800000
generated: 107828 / 800000
generated: 107843 / 800000
generated: 107856 / 800000
generated: 107865 / 800000
generated: 107878 / 800000
generated: 107889 / 800000
generated: 107919 / 800000
generated: 107931 / 800000
generated: 107941 / 800000
generated: 107958 / 800000
generated: 107975 / 800000
generated: 107991 / 800000
generated: 108007 / 800000
generated: 108013 / 800000
generated: 108022 / 800000
generated: 108037 / 800000
generated: 108048 / 800000
generated: 108072 / 800000
generated: 108093 / 800000
generated: 108109 / 800000
generated: 108117 / 800000
generated: 108129 / 800000
generated: 108151 / 800000
generated: 108166 / 800000
generated: 108180 / 800000
generated: 108194 / 800000
generated: 108211 / 800000
generated: 108220 / 800000
generated: 108234 / 800000
generated: 108250 / 800000
generated: 108259 / 800000
generated: 108269 / 800000
generated: 108283 / 800000
generated: 108294 / 800000
generated: 108304 / 800000
generated: 108318 / 800000
generated: 108334 / 800000
generated: 108353 / 800000
generated: 108365 / 800000
generated: 108379 / 800000
generated: 108390 / 800000
generated: 108404 / 800000
generated: 108416 / 800000
generated: 108425 / 800000
generated: 108442 / 800000
generated: 108455 / 800000
generated: 108477 / 800000
generated: 108489 / 800000
generated: 108502 / 800000
generated: 108512 / 800000
generated: 108526 / 800000
generated: 108537 / 800000
generated: 108554 / 800000
generated: 108567 / 800000
generated: 108576 / 800000
generated: 108595 / 800000
generated: 108611 / 800000
generated: 108625 / 800000
generated: 108633 / 800000
generated: 108650 / 800000
generated: 108659 / 800000
generated: 108675 / 800000
generated: 108683 / 800000
generated: 108697 / 800000
generated: 108708 / 800000
generated: 108728 / 800000
generated: 108746 / 800000
generated: 108761 / 800000
generated: 108769 / 800000
generated: 108786 / 800000
generated: 108799 / 800000
generated: 108815 / 800000
generated: 108833 / 800000
generated: 108846 / 800000
generated: 108867 / 800000
generated: 108885 / 800000
generated: 108897 / 800000
generated: 108912 / 800000
generated: 108925 / 800000
generated: 108936 / 800000
generated: 108946 / 800000
generated: 108960 / 800000
generated: 108974 / 800000
generated: 108988 / 800000
generated: 108999 / 800000
generated: 109010 / 800000
generated: 109021 / 800000
generated: 109032 / 800000
generated: 109053 / 800000
generated: 109072 / 800000
generated: 109082 / 800000
generated: 109094 / 800000
generated: 109110 / 800000
generated: 109127 / 800000
generated: 109139 / 800000
generated: 109148 / 800000
generated: 109161 / 800000
generated: 109172 / 800000
generated: 109186 / 800000
generated: 109195 / 800000
generated: 109212 / 800000
generated: 109235 / 800000
generated: 109245 / 800000
generated: 109262 / 800000
generated: 109272 / 800000
generated: 109282 / 800000
generated: 109296 / 800000
generated: 109304 / 800000
generated: 109319 / 800000
generated: 109333 / 800000
generated: 109344 / 800000
generated: 109354 / 800000
generated: 109367 / 800000
generated: 109380 / 800000
generated: 109397 / 800000
generated: 109409 / 800000
generated: 109431 / 800000
generated: 109449 / 800000
generated: 109464 / 800000
generated: 109478 / 800000
generated: 109492 / 800000
generated: 109504 / 800000
generated: 109514 / 800000
generated: 109524 / 800000
generated: 109538 / 800000
generated: 109551 / 800000
generated: 109566 / 800000
generated: 109576 / 800000
generated: 109591 / 800000
generated: 109604 / 800000
generated: 109621 / 800000
generated: 109633 / 800000
generated: 109652 / 800000
generated: 109674 / 800000
generated: 109690 / 800000
generated: 109707 / 800000
generated: 109720 / 800000
generated: 109731 / 800000
generated: 109739 / 800000
generated: 109757 / 800000
generated: 109776 / 800000
generated: 109785 / 800000
generated: 109799 / 800000
generated: 109818 / 800000
generated: 109836 / 800000
generated: 109850 / 800000
generated: 109860 / 800000
generated: 109868 / 800000
generated: 109878 / 800000
generated: 109889 / 800000
generated: 109903 / 800000
generated: 109919 / 800000
generated: 109929 / 800000
generated: 109943 / 800000
generated: 109958 / 800000
generated: 109971 / 800000
generated: 109986 / 800000
generated: 109999 / 800000
generated: 110009 / 800000
generated: 110025 / 800000
generated: 110035 / 800000
generated: 110050 / 800000
generated: 110073 / 800000
generated: 110085 / 800000
generated: 110098 / 800000
generated: 110109 / 800000
generated: 110127 / 800000
generated: 110140 / 800000
generated: 110155 / 800000
generated: 110166 / 800000
generated: 110174 / 800000
generated: 110187 / 800000
generated: 110203 / 800000
generated: 110219 / 800000
generated: 110234 / 800000
generated: 110251 / 800000
generated: 110267 / 800000
generated: 110286 / 800000
generated: 110298 / 800000
generated: 110310 / 800000
generated: 110319 / 800000
generated: 110331 / 800000
generated: 110344 / 800000
generated: 110365 / 800000
generated: 110377 / 800000
generated: 110398 / 800000
generated: 110414 / 800000
generated: 110431 / 800000
generated: 110440 / 800000
generated: 110456 / 800000
generated: 110467 / 800000
generated: 110483 / 800000
generated: 110503 / 800000
generated: 110518 / 800000
generated: 110534 / 800000
generated: 110540 / 800000
generated: 110551 / 800000
generated: 110566 / 800000
generated: 110582 / 800000
generated: 110597 / 800000
generated: 110608 / 800000
generated: 110624 / 800000
generated: 110639 / 800000
generated: 110655 / 800000
generated: 110673 / 800000
generated: 110686 / 800000
generated: 110698 / 800000
generated: 110716 / 800000
generated: 110729 / 800000
generated: 110750 / 800000
generated: 110764 / 800000
generated: 110777 / 800000
generated: 110794 / 800000
generated: 110815 / 800000
generated: 110829 / 800000
generated: 110841 / 800000
generated: 110847 / 800000
generated: 110862 / 800000
generated: 110875 / 800000
generated: 110896 / 800000
generated: 110909 / 800000
generated: 110924 / 800000
generated: 110933 / 800000
generated: 110947 / 800000
generated: 110963 / 800000
generated: 110976 / 800000
generated: 110991 / 800000
generated: 111003 / 800000
generated: 111019 / 800000
generated: 111028 / 800000
generated: 111048 / 800000
generated: 111060 / 800000
generated: 111073 / 800000
generated: 111088 / 800000
generated: 111108 / 800000
generated: 111123 / 800000
generated: 111142 / 800000
generated: 111156 / 800000
generated: 111171 / 800000
generated: 111187 / 800000
generated: 111199 / 800000
generated: 111217 / 800000
generated: 111228 / 800000
generated: 111249 / 800000
generated: 111259 / 800000
generated: 111270 / 800000
generated: 111285 / 800000
generated: 111301 / 800000
generated: 111313 / 800000
generated: 111329 / 800000
generated: 111344 / 800000
generated: 111361 / 800000
generated: 111370 / 800000
generated: 111379 / 800000
generated: 111385 / 800000
generated: 111402 / 800000
generated: 111417 / 800000
generated: 111440 / 800000
generated: 111454 / 800000
generated: 111468 / 800000
generated: 111476 / 800000
generated: 111488 / 800000
generated: 111503 / 800000
generated: 111518 / 800000
generated: 111535 / 800000
generated: 111544 / 800000
generated: 111561 / 800000
generated: 111573 / 800000
generated: 111591 / 800000
generated: 111611 / 800000
generated: 111627 / 800000
generated: 111635 / 800000
generated: 111650 / 800000
generated: 111669 / 800000
generated: 111681 / 800000
generated: 111694 / 800000
generated: 111705 / 800000
generated: 111722 / 800000
generated: 111743 / 800000
generated: 111753 / 800000
generated: 111765 / 800000
generated: 111780 / 800000
generated: 111793 / 800000
generated: 111802 / 800000
generated: 111815 / 800000
generated: 111829 / 800000
generated: 111845 / 800000
generated: 111856 / 800000
generated: 111868 / 800000
generated: 111879 / 800000
generated: 111898 / 800000
generated: 111918 / 800000
generated: 111927 / 800000
generated: 111942 / 800000
generated: 111952 / 800000
generated: 111963 / 800000
generated: 111982 / 800000
generated: 111995 / 800000
generated: 112008 / 800000
generated: 112020 / 800000
generated: 112036 / 800000
generated: 112052 / 800000
generated: 112064 / 800000
generated: 112070 / 800000
generated: 112091 / 800000
generated: 112110 / 800000
generated: 112131 / 800000
generated: 112146 / 800000
generated: 112158 / 800000
generated: 112171 / 800000
generated: 112185 / 800000
generated: 112196 / 800000
generated: 112207 / 800000
generated: 112221 / 800000
generated: 112242 / 800000
generated: 112250 / 800000
generated: 112269 / 800000
generated: 112287 / 800000
generated: 112301 / 800000
generated: 112313 / 800000
generated: 112325 / 800000
generated: 112335 / 800000
generated: 112354 / 800000
generated: 112370 / 800000
generated: 112386 / 800000
generated: 112403 / 800000
generated: 112415 / 800000
generated: 112427 / 800000
generated: 112446 / 800000
generated: 112458 / 800000
generated: 112472 / 800000
generated: 112494 / 800000
generated: 112514 / 800000
generated: 112528 / 800000
generated: 112539 / 800000
generated: 112554 / 800000
generated: 112565 / 800000
generated: 112580 / 800000
generated: 112599 / 800000
generated: 112616 / 800000
generated: 112631 / 800000
generated: 112642 / 800000
generated: 112654 / 800000
generated: 112666 / 800000
generated: 112676 / 800000
generated: 112685 / 800000
generated: 112697 / 800000
generated: 112714 / 800000
generated: 112726 / 800000
generated: 112736 / 800000
generated: 112752 / 800000
generated: 112771 / 800000
generated: 112783 / 800000
generated: 112794 / 800000
generated: 112811 / 800000
generated: 112824 / 800000
generated: 112836 / 800000
generated: 112849 / 800000
generated: 112864 / 800000
generated: 112886 / 800000
generated: 112900 / 800000
generated: 112909 / 800000
generated: 112920 / 800000
generated: 112926 / 800000
generated: 112937 / 800000
generated: 112948 / 800000
generated: 112960 / 800000
generated: 112971 / 800000
generated: 112992 / 800000
generated: 113007 / 800000
generated: 113020 / 800000
generated: 113041 / 800000
generated: 113050 / 800000
generated: 113064 / 800000
generated: 113076 / 800000
generated: 113093 / 800000
generated: 113106 / 800000
generated: 113119 / 800000
generated: 113125 / 800000
generated: 113143 / 800000
generated: 113164 / 800000
