[load_obj] 'datasets/3dshape/2denv1_zup.obj': 12 objects/groups
  [0] 'Body1'  (32 triangles)
  [1] 'Body2'  (12 triangles)
  [2] 'Body3'  (12 triangles)
  [3] 'Body4'  (12 triangles)
  [4] 'Body5'  (12 triangles)
  [5] 'Body6'  (12 triangles)
  [6] 'Body7'  (12 triangles)
  [7] 'Body8'  (32 triangles)
  [8] 'Body14'  (12 triangles)
  [9] 'Body15'  (12 triangles)
  [10] 'Body16'  (12 triangles)
  [11] 'Body17'  (12 triangles)
[--2d] environment flattened onto z=0
[load_obj] 'datasets/3dshape/Vshape3d_zup.obj': 1 objects/groups
  [0] 'Body2'  (20 triangles)
[--2d] shape z extent 0.0286 -> 0.0100 (env-normalized units)
Delaunizing vertices...
Delaunay seconds:  0.000265
Creating surface mesh ...
Surface mesh seconds:  3.8e-05
Recovering boundaries...
Boundary recovery seconds:  0.002163
Removing exterior tetrahedra ...
Exterior tets removal seconds:  2.6e-05
Suppressing Steiner points ...
Steiner suppression seconds:  4e-06
Recovering Delaunayness...
Delaunay recovery seconds:  0.000125
Refining mesh...
  17 insertions, added 0 points, 1 tetrahedra in queue.
  5 insertions, added 0 points, 0 tetrahedra in queue.
  7 insertions, added 1 points, 6 tetrahedra in queue.
  9 insertions, added 0 points, 3 tetrahedra in queue.
Refinement seconds:  0.000134
Smoothing vertices...
Mesh smoothing seconds:  0.111876
Improving mesh...
Mesh improvement seconds:  2.2e-05

Writing nodes.
Writing elements.
Writing faces.
Writing edges.

Output seconds:  2.6e-05
Total running seconds:  0.114852

Statistics:

  Input points: 12
  Input facets: 20
  Input segments: 30
  Input holes: 0
  Input regions: 0

  Mesh points: 14
  Mesh tetrahedra: 22
  Mesh faces: 54
  Mesh faces on exterior boundary: 20
  Mesh faces on input facets: 20
  Mesh edges on input segments: 30
  Steiner points inside domain: 2

Tetrahedralized shape: 22 tets, 20 boundary triangles, 14 verts
Sampling 800000 (x0, x1) pairs [TRAINING (narrow-band correlated pairs) | PLANAR 2-D (z=0, rotation about z only)]   margin=0.05  offset=0.001  ...
generated: 10 / 800000
generated: 25 / 800000
generated: 37 / 800000
generated: 50 / 800000
generated: 56 / 800000
generated: 69 / 800000
generated: 83 / 800000
generated: 94 / 800000
generated: 104 / 800000
generated: 117 / 800000
generated: 128 / 800000
generated: 138 / 800000
generated: 145 / 800000
generated: 152 / 800000
generated: 160 / 800000
generated: 171 / 800000
generated: 187 / 800000
generated: 195 / 800000
generated: 203 / 800000
generated: 212 / 800000
generated: 219 / 800000
generated: 234 / 800000
generated: 240 / 800000
generated: 255 / 800000
generated: 260 / 800000
generated: 268 / 800000
generated: 277 / 800000
generated: 285 / 800000
generated: 294 / 800000
generated: 301 / 800000
generated: 316 / 800000
generated: 328 / 800000
generated: 338 / 800000
generated: 352 / 800000
generated: 369 / 800000
generated: 380 / 800000
generated: 388 / 800000
generated: 394 / 800000
generated: 404 / 800000
generated: 417 / 800000
generated: 421 / 800000
generated: 432 / 800000
generated: 440 / 800000
generated: 448 / 800000
generated: 460 / 800000
generated: 474 / 800000
generated: 488 / 800000
generated: 505 / 800000
generated: 521 / 800000
generated: 537 / 800000
generated: 548 / 800000
generated: 555 / 800000
generated: 567 / 800000
generated: 574 / 800000
generated: 579 / 800000
generated: 593 / 800000
generated: 605 / 800000
generated: 617 / 800000
generated: 629 / 800000
generated: 644 / 800000
generated: 651 / 800000
generated: 665 / 800000
generated: 676 / 800000
generated: 682 / 800000
generated: 694 / 800000
generated: 709 / 800000
generated: 721 / 800000
generated: 729 / 800000
generated: 738 / 800000
generated: 743 / 800000
generated: 757 / 800000
generated: 770 / 800000
generated: 778 / 800000
generated: 785 / 800000
generated: 795 / 800000
generated: 803 / 800000
generated: 814 / 800000
generated: 825 / 800000
generated: 838 / 800000
generated: 849 / 800000
generated: 863 / 800000
generated: 876 / 800000
generated: 883 / 800000
generated: 898 / 800000
generated: 908 / 800000
generated: 917 / 800000
generated: 922 / 800000
generated: 926 / 800000
generated: 945 / 800000
generated: 958 / 800000
generated: 967 / 800000
generated: 978 / 800000
generated: 991 / 800000
generated: 1001 / 800000
generated: 1011 / 800000
generated: 1025 / 800000
generated: 1034 / 800000
generated: 1050 / 800000
generated: 1057 / 800000
generated: 1070 / 800000
generated: 1077 / 800000
generated: 1085 / 800000
generated: 1099 / 800000
generated: 1108 / 800000
generated: 1122 / 800000
generated: 1131 / 800000
generated: 1139 / 800000
generated: 1147 / 800000
generated: 1156 / 800000
generated: 1168 / 800000
generated: 1179 / 800000
generated: 1187 / 800000
generated: 1195 / 800000
generated: 1205 / 800000
generated: 1215 / 800000
generated: 1226 / 800000
generated: 1230 / 800000
generated: 1237 / 800000
generated: 1257 / 800000
generated: 1266 / 800000
generated: 1276 / 800000
generated: 1283 / 800000
generated: 1293 / 800000
generated: 1299 / 800000
generated: 1309 / 800000
generated: 1320 / 800000
generated: 1330 / 800000
generated: 1341 / 800000
generated: 1347 / 800000
generated: 1354 / 800000
generated: 1371 / 800000
generated: 1378 / 800000
generated: 1384 / 800000
generated: 1390 / 800000
generated: 1401 / 800000
generated: 1409 / 800000
generated: 1419 / 800000
generated: 1426 / 800000
generated: 1431 / 800000
generated: 1444 / 800000
generated: 1452 / 800000
generated: 1463 / 800000
generated: 1474 / 800000
generated: 1483 / 800000
generated: 1491 / 800000
generated: 1503 / 800000
generated: 1512 / 800000
generated: 1526 / 800000
generated: 1531 / 800000
generated: 1542 / 800000
generated: 1555 / 800000
generated: 1568 / 800000
generated: 1578 / 800000
generated: 1585 / 800000
generated: 1590 / 800000
generated: 1604 / 800000
generated: 1615 / 800000
generated: 1622 / 800000
generated: 1628 / 800000
generated: 1640 / 800000
generated: 1643 / 800000
generated: 1654 / 800000
generated: 1658 / 800000
generated: 1669 / 800000
generated: 1680 / 800000
generated: 1692 / 800000
generated: 1701 / 800000
generated: 1707 / 800000
generated: 1715 / 800000
generated: 1720 / 800000
generated: 1730 / 800000
generated: 1737 / 800000
generated: 1741 / 800000
generated: 1752 / 800000
generated: 1763 / 800000
generated: 1775 / 800000
generated: 1784 / 800000
generated: 1800 / 800000
generated: 1810 / 800000
generated: 1816 / 800000
generated: 1828 / 800000
generated: 1843 / 800000
generated: 1854 / 800000
generated: 1864 / 800000
generated: 1876 / 800000
generated: 1892 / 800000
generated: 1900 / 800000
generated: 1912 / 800000
generated: 1920 / 800000
generated: 1935 / 800000
generated: 1944 / 800000
generated: 1950 / 800000
generated: 1960 / 800000
generated: 1973 / 800000
generated: 1979 / 800000
generated: 1987 / 800000
generated: 1999 / 800000
generated: 2006 / 800000
generated: 2012 / 800000
generated: 2025 / 800000
generated: 2035 / 800000
generated: 2046 / 800000
generated: 2053 / 800000
generated: 2064 / 800000
generated: 2072 / 800000
generated: 2087 / 800000
generated: 2098 / 800000
generated: 2111 / 800000
generated: 2119 / 800000
generated: 2128 / 800000
generated: 2147 / 800000
generated: 2158 / 800000
generated: 2170 / 800000
generated: 2181 / 800000
generated: 2190 / 800000
generated: 2199 / 800000
generated: 2214 / 800000
generated: 2219 / 800000
generated: 2227 / 800000
generated: 2240 / 800000
generated: 2255 / 800000
generated: 2263 / 800000
generated: 2275 / 800000
generated: 2289 / 800000
generated: 2296 / 800000
generated: 2307 / 800000
generated: 2314 / 800000
generated: 2329 / 800000
generated: 2336 / 800000
generated: 2350 / 800000
generated: 2362 / 800000
generated: 2373 / 800000
generated: 2383 / 800000
generated: 2390 / 800000
generated: 2399 / 800000
generated: 2407 / 800000
generated: 2421 / 800000
generated: 2430 / 800000
generated: 2442 / 800000
generated: 2453 / 800000
generated: 2458 / 800000
generated: 2467 / 800000
generated: 2481 / 800000
generated: 2489 / 800000
generated: 2498 / 800000
generated: 2513 / 800000
generated: 2521 / 800000
generated: 2532 / 800000
generated: 2541 / 800000
generated: 2548 / 800000
generated: 2559 / 800000
generated: 2568 / 800000
generated: 2581 / 800000
generated: 2591 / 800000
generated: 2595 / 800000
generated: 2606 / 800000
generated: 2616 / 800000
generated: 2626 / 800000
generated: 2635 / 800000
generated: 2646 / 800000
generated: 2654 / 800000
generated: 2663 / 800000
generated: 2677 / 800000
generated: 2687 / 800000
generated: 2701 / 800000
generated: 2708 / 800000
generated: 2723 / 800000
generated: 2730 / 800000
generated: 2745 / 800000
generated: 2754 / 800000
generated: 2762 / 800000
generated: 2775 / 800000
generated: 2782 / 800000
generated: 2797 / 800000
generated: 2806 / 800000
generated: 2820 / 800000
generated: 2826 / 800000
generated: 2837 / 800000
generated: 2848 / 800000
generated: 2857 / 800000
generated: 2869 / 800000
generated: 2881 / 800000
generated: 2889 / 800000
generated: 2906 / 800000
generated: 2920 / 800000
generated: 2927 / 800000
generated: 2937 / 800000
generated: 2944 / 800000
generated: 2954 / 800000
generated: 2963 / 800000
generated: 2973 / 800000
generated: 2982 / 800000
generated: 2992 / 800000
generated: 3003 / 800000
generated: 3010 / 800000
generated: 3016 / 800000
generated: 3030 / 800000
generated: 3038 / 800000
generated: 3055 / 800000
generated: 3068 / 800000
generated: 3084 / 800000
generated: 3092 / 800000
generated: 3098 / 800000
generated: 3110 / 800000
generated: 3121 / 800000
generated: 3132 / 800000
generated: 3145 / 800000
generated: 3162 / 800000
generated: 3168 / 800000
generated: 3183 / 800000
generated: 3191 / 800000
generated: 3203 / 800000
generated: 3209 / 800000
generated: 3216 / 800000
generated: 3224 / 800000
generated: 3236 / 800000
generated: 3247 / 800000
generated: 3255 / 800000
generated: 3265 / 800000
generated: 3277 / 800000
generated: 3290 / 800000
generated: 3298 / 800000
generated: 3307 / 800000
generated: 3322 / 800000
generated: 3330 / 800000
generated: 3342 / 800000
generated: 3348 / 800000
generated: 3360 / 800000
generated: 3370 / 800000
generated: 3381 / 800000
generated: 3384 / 800000
generated: 3393 / 800000
generated: 3402 / 800000
generated: 3419 / 800000
generated: 3428 / 800000
generated: 3439 / 800000
generated: 3449 / 800000
generated: 3453 / 800000
generated: 3463 / 800000
generated: 3473 / 800000
generated: 3483 / 800000
generated: 3498 / 800000
generated: 3507 / 800000
generated: 3516 / 800000
generated: 3526 / 800000
generated: 3535 / 800000
generated: 3551 / 800000
generated: 3558 / 800000
generated: 3571 / 800000
generated: 3586 / 800000
generated: 3594 / 800000
generated: 3601 / 800000
generated: 3611 / 800000
generated: 3618 / 800000
generated: 3629 / 800000
generated: 3639 / 800000
generated: 3653 / 800000
generated: 3664 / 800000
generated: 3672 / 800000
generated: 3684 / 800000
generated: 3692 / 800000
generated: 3710 / 800000
generated: 3717 / 800000
generated: 3725 / 800000
generated: 3735 / 800000
generated: 3743 / 800000
generated: 3750 / 800000
generated: 3760 / 800000
generated: 3768 / 800000
generated: 3781 / 800000
generated: 3790 / 800000
generated: 3801 / 800000
generated: 3813 / 800000
generated: 3823 / 800000
generated: 3833 / 800000
generated: 3845 / 800000
generated: 3855 / 800000
generated: 3867 / 800000
generated: 3883 / 800000
generated: 3893 / 800000
generated: 3905 / 800000
generated: 3917 / 800000
generated: 3926 / 800000
generated: 3938 / 800000
generated: 3948 / 800000
generated: 3967 / 800000
generated: 3976 / 800000
generated: 3983 / 800000
generated: 3991 / 800000
generated: 4002 / 800000
generated: 4011 / 800000
generated: 4024 / 800000
generated: 4034 / 800000
generated: 4044 / 800000
generated: 4057 / 800000
generated: 4066 / 800000
generated: 4071 / 800000
generated: 4081 / 800000
generated: 4094 / 800000
generated: 4108 / 800000
generated: 4112 / 800000
generated: 4124 / 800000
generated: 4131 / 800000
generated: 4141 / 800000
generated: 4151 / 800000
generated: 4165 / 800000
generated: 4175 / 800000
generated: 4188 / 800000
generated: 4199 / 800000
generated: 4208 / 800000
generated: 4217 / 800000
generated: 4228 / 800000
generated: 4239 / 800000
generated: 4250 / 800000
generated: 4266 / 800000
generated: 4275 / 800000
generated: 4287 / 800000
generated: 4300 / 800000
generated: 4309 / 800000
generated: 4316 / 800000
generated: 4321 / 800000
generated: 4336 / 800000
generated: 4345 / 800000
generated: 4358 / 800000
generated: 4369 / 800000
generated: 4382 / 800000
generated: 4390 / 800000
generated: 4398 / 800000
generated: 4410 / 800000
generated: 4420 / 800000
generated: 4431 / 800000
generated: 4440 / 800000
generated: 4449 / 800000
generated: 4465 / 800000
generated: 4476 / 800000
generated: 4489 / 800000
generated: 4502 / 800000
generated: 4513 / 800000
generated: 4520 / 800000
generated: 4533 / 800000
generated: 4544 / 800000
generated: 4559 / 800000
generated: 4571 / 800000
generated: 4582 / 800000
generated: 4596 / 800000
generated: 4606 / 800000
generated: 4611 / 800000
generated: 4628 / 800000
generated: 4637 / 800000
generated: 4652 / 800000
generated: 4659 / 800000
generated: 4669 / 800000
generated: 4683 / 800000
generated: 4690 / 800000
generated: 4706 / 800000
generated: 4716 / 800000
generated: 4727 / 800000
generated: 4741 / 800000
generated: 4758 / 800000
generated: 4768 / 800000
generated: 4779 / 800000
generated: 4787 / 800000
generated: 4798 / 800000
generated: 4810 / 800000
generated: 4817 / 800000
generated: 4829 / 800000
generated: 4831 / 800000
generated: 4843 / 800000
generated: 4851 / 800000
generated: 4859 / 800000
generated: 4867 / 800000
generated: 4875 / 800000
generated: 4886 / 800000
generated: 4892 / 800000
generated: 4904 / 800000
generated: 4915 / 800000
generated: 4924 / 800000
generated: 4939 / 800000
generated: 4944 / 800000
generated: 4953 / 800000
generated: 4965 / 800000
generated: 4973 / 800000
generated: 4982 / 800000
generated: 4989 / 800000
generated: 5001 / 800000
generated: 5011 / 800000
generated: 5022 / 800000
generated: 5031 / 800000
generated: 5041 / 800000
generated: 5057 / 800000
generated: 5067 / 800000
generated: 5070 / 800000
generated: 5083 / 800000
generated: 5092 / 800000
generated: 5100 / 800000
generated: 5115 / 800000
generated: 5123 / 800000
generated: 5134 / 800000
generated: 5147 / 800000
generated: 5153 / 800000
generated: 5167 / 800000
generated: 5176 / 800000
generated: 5182 / 800000
generated: 5189 / 800000
generated: 5202 / 800000
generated: 5216 / 800000
generated: 5223 / 800000
generated: 5234 / 800000
generated: 5245 / 800000
generated: 5254 / 800000
generated: 5262 / 800000
generated: 5275 / 800000
generated: 5292 / 800000
generated: 5301 / 800000
generated: 5308 / 800000
generated: 5321 / 800000
generated: 5332 / 800000
generated: 5346 / 800000
generated: 5351 / 800000
generated: 5359 / 800000
generated: 5367 / 800000
generated: 5376 / 800000
generated: 5381 / 800000
generated: 5396 / 800000
generated: 5412 / 800000
generated: 5422 / 800000
generated: 5431 / 800000
generated: 5437 / 800000
generated: 5448 / 800000
generated: 5462 / 800000
generated: 5468 / 800000
generated: 5480 / 800000
generated: 5497 / 800000
generated: 5514 / 800000
generated: 5522 / 800000
generated: 5533 / 800000
generated: 5545 / 800000
generated: 5558 / 800000
generated: 5569 / 800000
generated: 5576 / 800000
generated: 5589 / 800000
generated: 5596 / 800000
generated: 5603 / 800000
generated: 5611 / 800000
generated: 5623 / 800000
generated: 5631 / 800000
generated: 5639 / 800000
generated: 5647 / 800000
generated: 5653 / 800000
generated: 5662 / 800000
generated: 5668 / 800000
generated: 5675 / 800000
generated: 5690 / 800000
generated: 5696 / 800000
generated: 5705 / 800000
generated: 5715 / 800000
generated: 5727 / 800000
generated: 5736 / 800000
generated: 5740 / 800000
generated: 5751 / 800000
generated: 5757 / 800000
generated: 5766 / 800000
generated: 5781 / 800000
generated: 5792 / 800000
generated: 5805 / 800000
generated: 5814 / 800000
generated: 5822 / 800000
generated: 5829 / 800000
generated: 5843 / 800000
generated: 5857 / 800000
generated: 5866 / 800000
generated: 5877 / 800000
generated: 5890 / 800000
generated: 5899 / 800000
generated: 5911 / 800000
generated: 5922 / 800000
generated: 5931 / 800000
generated: 5939 / 800000
generated: 5949 / 800000
generated: 5963 / 800000
generated: 5973 / 800000
generated: 5984 / 800000
generated: 5993 / 800000
generated: 6009 / 800000
generated: 6021 / 800000
generated: 6034 / 800000
generated: 6054 / 800000
generated: 6066 / 800000
generated: 6073 / 800000
generated: 6086 / 800000
generated: 6092 / 800000
generated: 6103 / 800000
generated: 6110 / 800000
generated: 6122 / 800000
generated: 6131 / 800000
generated: 6137 / 800000
generated: 6146 / 800000
generated: 6158 / 800000
generated: 6170 / 800000
generated: 6183 / 800000
generated: 6191 / 800000
generated: 6199 / 800000
generated: 6212 / 800000
generated: 6223 / 800000
generated: 6232 / 800000
generated: 6241 / 800000
generated: 6257 / 800000
generated: 6269 / 800000
generated: 6278 / 800000
generated: 6288 / 800000
generated: 6298 / 800000
generated: 6315 / 800000
generated: 6324 / 800000
generated: 6332 / 800000
generated: 6344 / 800000
generated: 6351 / 800000
generated: 6365 / 800000
generated: 6376 / 800000
generated: 6394 / 800000
generated: 6403 / 800000
generated: 6418 / 800000
generated: 6424 / 800000
generated: 6439 / 800000
generated: 6452 / 800000
generated: 6462 / 800000
generated: 6478 / 800000
generated: 6488 / 800000
generated: 6497 / 800000
generated: 6506 / 800000
generated: 6515 / 800000
generated: 6524 / 800000
generated: 6533 / 800000
generated: 6548 / 800000
generated: 6554 / 800000
generated: 6567 / 800000
generated: 6582 / 800000
generated: 6591 / 800000
generated: 6601 / 800000
generated: 6611 / 800000
generated: 6619 / 800000
generated: 6626 / 800000
generated: 6637 / 800000
generated: 6651 / 800000
generated: 6662 / 800000
generated: 6668 / 800000
generated: 6672 / 800000
generated: 6680 / 800000
generated: 6692 / 800000
generated: 6704 / 800000
generated: 6718 / 800000
generated: 6735 / 800000
generated: 6748 / 800000
generated: 6757 / 800000
generated: 6769 / 800000
generated: 6788 / 800000
generated: 6800 / 800000
generated: 6811 / 800000
generated: 6820 / 800000
generated: 6832 / 800000
generated: 6839 / 800000
generated: 6850 / 800000
generated: 6857 / 800000
generated: 6867 / 800000
generated: 6876 / 800000
generated: 6883 / 800000
generated: 6892 / 800000
generated: 6908 / 800000
generated: 6919 / 800000
generated: 6923 / 800000
generated: 6934 / 800000
generated: 6942 / 800000
generated: 6953 / 800000
generated: 6966 / 800000
generated: 6974 / 800000
generated: 6982 / 800000
generated: 6985 / 800000
generated: 6994 / 800000
generated: 7002 / 800000
generated: 7009 / 800000
generated: 7026 / 800000
generated: 7037 / 800000
generated: 7042 / 800000
generated: 7056 / 800000
generated: 7066 / 800000
generated: 7076 / 800000
generated: 7087 / 800000
generated: 7097 / 800000
generated: 7109 / 800000
generated: 7124 / 800000
generated: 7132 / 800000
generated: 7142 / 800000
generated: 7156 / 800000
generated: 7168 / 800000
generated: 7180 / 800000
generated: 7190 / 800000
generated: 7197 / 800000
generated: 7204 / 800000
generated: 7213 / 800000
generated: 7219 / 800000
generated: 7231 / 800000
generated: 7241 / 800000
generated: 7250 / 800000
generated: 7263 / 800000
generated: 7270 / 800000
generated: 7276 / 800000
generated: 7281 / 800000
generated: 7291 / 800000
generated: 7299 / 800000
generated: 7309 / 800000
generated: 7318 / 800000
generated: 7331 / 800000
generated: 7338 / 800000
generated: 7355 / 800000
generated: 7366 / 800000
generated: 7374 / 800000
generated: 7383 / 800000
generated: 7394 / 800000
generated: 7408 / 800000
generated: 7415 / 800000
generated: 7427 / 800000
generated: 7439 / 800000
generated: 7449 / 800000
generated: 7460 / 800000
generated: 7467 / 800000
generated: 7476 / 800000
generated: 7490 / 800000
generated: 7505 / 800000
generated: 7518 / 800000
generated: 7529 / 800000
generated: 7538 / 800000
generated: 7548 / 800000
generated: 7559 / 800000
generated: 7567 / 800000
generated: 7576 / 800000
generated: 7585 / 800000
generated: 7596 / 800000
generated: 7604 / 800000
generated: 7616 / 800000
generated: 7621 / 800000
generated: 7627 / 800000
generated: 7636 / 800000
generated: 7645 / 800000
generated: 7653 / 800000
generated: 7660 / 800000
generated: 7667 / 800000
generated: 7679 / 800000
generated: 7690 / 800000
generated: 7699 / 800000
generated: 7717 / 800000
generated: 7725 / 800000
generated: 7734 / 800000
generated: 7745 / 800000
generated: 7756 / 800000
generated: 7770 / 800000
generated: 7777 / 800000
generated: 7797 / 800000
generated: 7804 / 800000
generated: 7818 / 800000
generated: 7830 / 800000
generated: 7837 / 800000
generated: 7844 / 800000
generated: 7853 / 800000
generated: 7865 / 800000
generated: 7871 / 800000
generated: 7883 / 800000
generated: 7896 / 800000
generated: 7907 / 800000
generated: 7918 / 800000
generated: 7927 / 800000
generated: 7937 / 800000
generated: 7947 / 800000
generated: 7959 / 800000
generated: 7970 / 800000
generated: 7982 / 800000
generated: 7994 / 800000
generated: 7999 / 800000
generated: 8012 / 800000
generated: 8019 / 800000
generated: 8031 / 800000
generated: 8042 / 800000
generated: 8050 / 800000
generated: 8060 / 800000
generated: 8068 / 800000
generated: 8074 / 800000
generated: 8082 / 800000
generated: 8091 / 800000
generated: 8101 / 800000
generated: 8114 / 800000
generated: 8127 / 800000
generated: 8135 / 800000
generated: 8142 / 800000
generated: 8148 / 800000
generated: 8158 / 800000
generated: 8167 / 800000
generated: 8170 / 800000
generated: 8180 / 800000
generated: 8191 / 800000
generated: 8194 / 800000
generated: 8202 / 800000
generated: 8215 / 800000
generated: 8226 / 800000
generated: 8238 / 800000
generated: 8248 / 800000
generated: 8256 / 800000
generated: 8267 / 800000
generated: 8282 / 800000
generated: 8290 / 800000
generated: 8298 / 800000
generated: 8305 / 800000
generated: 8317 / 800000
generated: 8327 / 800000
generated: 8336 / 800000
generated: 8346 / 800000
generated: 8360 / 800000
generated: 8368 / 800000
generated: 8377 / 800000
generated: 8390 / 800000
generated: 8401 / 800000
generated: 8414 / 800000
generated: 8426 / 800000
generated: 8434 / 800000
generated: 8446 / 800000
generated: 8459 / 800000
generated: 8467 / 800000
generated: 8475 / 800000
generated: 8487 / 800000
generated: 8497 / 800000
generated: 8504 / 800000
generated: 8514 / 800000
generated: 8524 / 800000
generated: 8535 / 800000
generated: 8548 / 800000
generated: 8562 / 800000
generated: 8572 / 800000
generated: 8585 / 800000
generated: 8596 / 800000
generated: 8610 / 800000
generated: 8622 / 800000
generated: 8630 / 800000
generated: 8642 / 800000
generated: 8655 / 800000
generated: 8666 / 800000
generated: 8676 / 800000
generated: 8683 / 800000
generated: 8697 / 800000
generated: 8707 / 800000
generated: 8719 / 800000
generated: 8733 / 800000
generated: 8745 / 800000
generated: 8757 / 800000
generated: 8768 / 800000
generated: 8777 / 800000
generated: 8783 / 800000
generated: 8799 / 800000
generated: 8809 / 800000
generated: 8820 / 800000
generated: 8834 / 800000
generated: 8849 / 800000
generated: 8856 / 800000
generated: 8867 / 800000
generated: 8881 / 800000
generated: 8888 / 800000
generated: 8896 / 800000
generated: 8905 / 800000
generated: 8913 / 800000
generated: 8932 / 800000
generated: 8949 / 800000
generated: 8961 / 800000
generated: 8975 / 800000
generated: 8986 / 800000
generated: 8998 / 800000
generated: 9007 / 800000
generated: 9020 / 800000
generated: 9032 / 800000
generated: 9038 / 800000
generated: 9051 / 800000
generated: 9060 / 800000
generated: 9070 / 800000
generated: 9081 / 800000
generated: 9093 / 800000
generated: 9104 / 800000
generated: 9115 / 800000
generated: 9124 / 800000
generated: 9134 / 800000
generated: 9145 / 800000
generated: 9154 / 800000
generated: 9166 / 800000
generated: 9172 / 800000
generated: 9185 / 800000
generated: 9198 / 800000
generated: 9208 / 800000
generated: 9212 / 800000
generated: 9220 / 800000
generated: 9232 / 800000
generated: 9242 / 800000
generated: 9250 / 800000
generated: 9258 / 800000
generated: 9264 / 800000
generated: 9280 / 800000
generated: 9292 / 800000
generated: 9302 / 800000
generated: 9307 / 800000
generated: 9314 / 800000
generated: 9324 / 800000
generated: 9330 / 800000
generated: 9340 / 800000
generated: 9349 / 800000
generated: 9361 / 800000
generated: 9378 / 800000
generated: 9395 / 800000
generated: 9409 / 800000
generated: 9415 / 800000
generated: 9428 / 800000
generated: 9437 / 800000
generated: 9446 / 800000
generated: 9455 / 800000
generated: 9468 / 800000
generated: 9479 / 800000
generated: 9489 / 800000
generated: 9501 / 800000
generated: 9511 / 800000
generated: 9525 / 800000
generated: 9531 / 800000
generated: 9543 / 800000
generated: 9556 / 800000
generated: 9566 / 800000
generated: 9580 / 800000
generated: 9592 / 800000
generated: 9607 / 800000
generated: 9623 / 800000
generated: 9628 / 800000
generated: 9641 / 800000
generated: 9655 / 800000
generated: 9667 / 800000
generated: 9674 / 800000
generated: 9688 / 800000
generated: 9703 / 800000
generated: 9710 / 800000
generated: 9723 / 800000
generated: 9730 / 800000
generated: 9739 / 800000
generated: 9749 / 800000
generated: 9763 / 800000
generated: 9774 / 800000
generated: 9788 / 800000
generated: 9799 / 800000
generated: 9813 / 800000
generated: 9823 / 800000
generated: 9837 / 800000
generated: 9851 / 800000
generated: 9858 / 800000
generated: 9866 / 800000
generated: 9876 / 800000
generated: 9887 / 800000
generated: 9901 / 800000
generated: 9908 / 800000
generated: 9921 / 800000
generated: 9928 / 800000
generated: 9936 / 800000
generated: 9953 / 800000
generated: 9963 / 800000
generated: 9974 / 800000
generated: 9984 / 800000
generated: 9993 / 800000
generated: 10004 / 800000
generated: 10010 / 800000
generated: 10021 / 800000
generated: 10032 / 800000
generated: 10047 / 800000
generated: 10059 / 800000
generated: 10078 / 800000
generated: 10085 / 800000
generated: 10098 / 800000
generated: 10107 / 800000
generated: 10115 / 800000
generated: 10125 / 800000
generated: 10132 / 800000
generated: 10143 / 800000
generated: 10157 / 800000
generated: 10170 / 800000
generated: 10177 / 800000
generated: 10193 / 800000
generated: 10209 / 800000
generated: 10218 / 800000
generated: 10230 / 800000
generated: 10242 / 800000
generated: 10248 / 800000
generated: 10258 / 800000
generated: 10267 / 800000
generated: 10277 / 800000
generated: 10287 / 800000
generated: 10297 / 800000
generated: 10306 / 800000
generated: 10313 / 800000
generated: 10327 / 800000
generated: 10339 / 800000
generated: 10349 / 800000
generated: 10363 / 800000
generated: 10376 / 800000
generated: 10388 / 800000
generated: 10401 / 800000
generated: 10412 / 800000
generated: 10421 / 800000
generated: 10435 / 800000
generated: 10445 / 800000
generated: 10451 / 800000
generated: 10466 / 800000
generated: 10472 / 800000
generated: 10484 / 800000
generated: 10498 / 800000
generated: 10507 / 800000
generated: 10518 / 800000
generated: 10530 / 800000
generated: 10537 / 800000
generated: 10545 / 800000
generated: 10560 / 800000
generated: 10568 / 800000
generated: 10580 / 800000
generated: 10592 / 800000
generated: 10602 / 800000
generated: 10616 / 800000
generated: 10623 / 800000
generated: 10637 / 800000
generated: 10648 / 800000
generated: 10658 / 800000
generated: 10669 / 800000
generated: 10680 / 800000
generated: 10689 / 800000
generated: 10695 / 800000
generated: 10706 / 800000
generated: 10718 / 800000
generated: 10726 / 800000
generated: 10735 / 800000
generated: 10745 / 800000
generated: 10754 / 800000
generated: 10762 / 800000
generated: 10772 / 800000
generated: 10793 / 800000
generated: 10803 / 800000
generated: 10810 / 800000
generated: 10819 / 800000
generated: 10824 / 800000
generated: 10828 / 800000
generated: 10841 / 800000
generated: 10845 / 800000
generated: 10854 / 800000
generated: 10861 / 800000
generated: 10868 / 800000
generated: 10878 / 800000
generated: 10892 / 800000
generated: 10900 / 800000
generated: 10912 / 800000
generated: 10922 / 800000
generated: 10929 / 800000
generated: 10941 / 800000
generated: 10951 / 800000
generated: 10958 / 800000
generated: 10968 / 800000
generated: 10975 / 800000
generated: 10987 / 800000
generated: 10995 / 800000
generated: 11004 / 800000
generated: 11014 / 800000
generated: 11030 / 800000
generated: 11040 / 800000
generated: 11059 / 800000
generated: 11071 / 800000
generated: 11078 / 800000
generated: 11089 / 800000
generated: 11102 / 800000
generated: 11116 / 800000
generated: 11125 / 800000
generated: 11136 / 800000
generated: 11152 / 800000
generated: 11167 / 800000
generated: 11174 / 800000
generated: 11186 / 800000
generated: 11196 / 800000
generated: 11202 / 800000
generated: 11215 / 800000
generated: 11226 / 800000
generated: 11234 / 800000
generated: 11241 / 800000
generated: 11251 / 800000
generated: 11260 / 800000
generated: 11275 / 800000
generated: 11286 / 800000
generated: 11296 / 800000
generated: 11306 / 800000
generated: 11314 / 800000
generated: 11323 / 800000
generated: 11332 / 800000
generated: 11340 / 800000
generated: 11349 / 800000
generated: 11363 / 800000
generated: 11372 / 800000
generated: 11377 / 800000
generated: 11392 / 800000
generated: 11408 / 800000
generated: 11421 / 800000
generated: 11431 / 800000
generated: 11440 / 800000
generated: 11443 / 800000
generated: 11453 / 800000
generated: 11462 / 800000
generated: 11471 / 800000
generated: 11476 / 800000
generated: 11492 / 800000
generated: 11503 / 800000
generated: 11515 / 800000
generated: 11523 / 800000
generated: 11536 / 800000
generated: 11550 / 800000
generated: 11558 / 800000
generated: 11568 / 800000
generated: 11576 / 800000
generated: 11587 / 800000
generated: 11597 / 800000
generated: 11605 / 800000
generated: 11616 / 800000
generated: 11630 / 800000
generated: 11636 / 800000
generated: 11645 / 800000
generated: 11658 / 800000
generated: 11672 / 800000
generated: 11684 / 800000
generated: 11691 / 800000
generated: 11699 / 800000
generated: 11707 / 800000
generated: 11719 / 800000
generated: 11729 / 800000
generated: 11740 / 800000
generated: 11746 / 800000
generated: 11758 / 800000
generated: 11770 / 800000
generated: 11784 / 800000
generated: 11791 / 800000
generated: 11798 / 800000
generated: 11815 / 800000
generated: 11829 / 800000
generated: 11841 / 800000
generated: 11851 / 800000
generated: 11864 / 800000
generated: 11872 / 800000
generated: 11888 / 800000
generated: 11900 / 800000
generated: 11910 / 800000
generated: 11925 / 800000
generated: 11935 / 800000
generated: 11944 / 800000
generated: 11955 / 800000
generated: 11973 / 800000
generated: 11987 / 800000
generated: 11998 / 800000
generated: 12013 / 800000
generated: 12021 / 800000
generated: 12034 / 800000
generated: 12044 / 800000
generated: 12053 / 800000
generated: 12065 / 800000
generated: 12076 / 800000
generated: 12087 / 800000
generated: 12096 / 800000
generated: 12104 / 800000
generated: 12110 / 800000
generated: 12123 / 800000
generated: 12130 / 800000
generated: 12138 / 800000
generated: 12148 / 800000
generated: 12157 / 800000
generated: 12167 / 800000
generated: 12177 / 800000
generated: 12191 / 800000
generated: 12207 / 800000
generated: 12221 / 800000
generated: 12229 / 800000
generated: 12236 / 800000
generated: 12246 / 800000
generated: 12256 / 800000
generated: 12261 / 800000
generated: 12266 / 800000
generated: 12275 / 800000
generated: 12287 / 800000
generated: 12301 / 800000
generated: 12311 / 800000
generated: 12318 / 800000
generated: 12327 / 800000
generated: 12334 / 800000
generated: 12349 / 800000
generated: 12360 / 800000
generated: 12372 / 800000
generated: 12380 / 800000
generated: 12390 / 800000
generated: 12395 / 800000
generated: 12407 / 800000
generated: 12417 / 800000
generated: 12425 / 800000
generated: 12437 / 800000
generated: 12447 / 800000
generated: 12461 / 800000
generated: 12469 / 800000
generated: 12483 / 800000
generated: 12496 / 800000
generated: 12507 / 800000
generated: 12521 / 800000
generated: 12532 / 800000
generated: 12540 / 800000
generated: 12552 / 800000
generated: 12562 / 800000
generated: 12575 / 800000
generated: 12585 / 800000
generated: 12605 / 800000
generated: 12614 / 800000
generated: 12626 / 800000
generated: 12636 / 800000
generated: 12651 / 800000
generated: 12662 / 800000
generated: 12675 / 800000
generated: 12688 / 800000
generated: 12696 / 800000
generated: 12705 / 800000
generated: 12715 / 800000
generated: 12724 / 800000
generated: 12741 / 800000
generated: 12753 / 800000
generated: 12765 / 800000
generated: 12775 / 800000
generated: 12783 / 800000
generated: 12790 / 800000
generated: 12800 / 800000
generated: 12812 / 800000
generated: 12821 / 800000
generated: 12830 / 800000
generated: 12846 / 800000
generated: 12854 / 800000
generated: 12866 / 800000
generated: 12878 / 800000
generated: 12889 / 800000
generated: 12901 / 800000
generated: 12907 / 800000
generated: 12909 / 800000
generated: 12920 / 800000
generated: 12928 / 800000
generated: 12937 / 800000
generated: 12950 / 800000
generated: 12968 / 800000
generated: 12981 / 800000
generated: 12991 / 800000
generated: 13003 / 800000
generated: 13020 / 800000
generated: 13034 / 800000
generated: 13043 / 800000
generated: 13055 / 800000
generated: 13063 / 800000
generated: 13072 / 800000
generated: 13084 / 800000
generated: 13098 / 800000
generated: 13107 / 800000
generated: 13121 / 800000
generated: 13129 / 800000
generated: 13136 / 800000
generated: 13145 / 800000
generated: 13155 / 800000
generated: 13163 / 800000
generated: 13170 / 800000
generated: 13179 / 800000
generated: 13190 / 800000
generated: 13205 / 800000
generated: 13214 / 800000
generated: 13224 / 800000
generated: 13234 / 800000
generated: 13240 / 800000
generated: 13254 / 800000
generated: 13265 / 800000
generated: 13274 / 800000
generated: 13284 / 800000
generated: 13293 / 800000
generated: 13304 / 800000
generated: 13312 / 800000
generated: 13324 / 800000
generated: 13340 / 800000
generated: 13348 / 800000
generated: 13359 / 800000
generated: 13370 / 800000
generated: 13380 / 800000
generated: 13391 / 800000
generated: 13409 / 800000
generated: 13422 / 800000
generated: 13432 / 800000
generated: 13439 / 800000
generated: 13448 / 800000
generated: 13461 / 800000
generated: 13474 / 800000
generated: 13486 / 800000
generated: 13494 / 800000
generated: 13507 / 800000
generated: 13520 / 800000
generated: 13527 / 800000
generated: 13537 / 800000
generated: 13544 / 800000
generated: 13553 / 800000
generated: 13566 / 800000
generated: 13571 / 800000
generated: 13579 / 800000
generated: 13584 / 800000
generated: 13598 / 800000
generated: 13606 / 800000
generated: 13617 / 800000
generated: 13634 / 800000
generated: 13647 / 800000
generated: 13661 / 800000
generated: 13670 / 800000
generated: 13677 / 800000
generated: 13688 / 800000
generated: 13697 / 800000
generated: 13708 / 800000
generated: 13721 / 800000
generated: 13734 / 800000
generated: 13739 / 800000
generated: 13753 / 800000
generated: 13759 / 800000
generated: 13765 / 800000
generated: 13773 / 800000
generated: 13782 / 800000
generated: 13790 / 800000
generated: 13794 / 800000
generated: 13808 / 800000
generated: 13815 / 800000
generated: 13823 / 800000
generated: 13831 / 800000
generated: 13838 / 800000
generated: 13846 / 800000
generated: 13854 / 800000
generated: 13864 / 800000
generated: 13880 / 800000
generated: 13899 / 800000
generated: 13906 / 800000
generated: 13915 / 800000
generated: 13925 / 800000
generated: 13933 / 800000
generated: 13944 / 800000
generated: 13951 / 800000
generated: 13958 / 800000
generated: 13964 / 800000
generated: 13974 / 800000
generated: 13985 / 800000
generated: 13993 / 800000
generated: 14003 / 800000
generated: 14019 / 800000
generated: 14031 / 800000
generated: 14043 / 800000
generated: 14055 / 800000
generated: 14067 / 800000
generated: 14075 / 800000
generated: 14091 / 800000
generated: 14100 / 800000
generated: 14110 / 800000
generated: 14120 / 800000
generated: 14136 / 800000
generated: 14149 / 800000
generated: 14165 / 800000
generated: 14177 / 800000
generated: 14180 / 800000
generated: 14188 / 800000
generated: 14194 / 800000
generated: 14201 / 800000
generated: 14212 / 800000
generated: 14222 / 800000
generated: 14227 / 800000
generated: 14242 / 800000
generated: 14253 / 800000
generated: 14268 / 800000
generated: 14285 / 800000
generated: 14300 / 800000
generated: 14307 / 800000
generated: 14313 / 800000
generated: 14328 / 800000
generated: 14339 / 800000
generated: 14345 / 800000
generated: 14361 / 800000
generated: 14370 / 800000
generated: 14381 / 800000
generated: 14395 / 800000
generated: 14408 / 800000
generated: 14423 / 800000
generated: 14435 / 800000
generated: 14441 / 800000
generated: 14452 / 800000
generated: 14464 / 800000
generated: 14467 / 800000
generated: 14480 / 800000
generated: 14492 / 800000
generated: 14504 / 800000
generated: 14517 / 800000
generated: 14527 / 800000
generated: 14537 / 800000
generated: 14545 / 800000
generated: 14561 / 800000
generated: 14571 / 800000
generated: 14577 / 800000
generated: 14586 / 800000
generated: 14595 / 800000
generated: 14606 / 800000
generated: 14613 / 800000
generated: 14621 / 800000
generated: 14634 / 800000
generated: 14646 / 800000
generated: 14652 / 800000
generated: 14665 / 800000
generated: 14675 / 800000
generated: 14688 / 800000
generated: 14692 / 800000
generated: 14700 / 800000
generated: 14714 / 800000
generated: 14723 / 800000
generated: 14729 / 800000
generated: 14738 / 800000
generated: 14747 / 800000
generated: 14760 / 800000
generated: 14770 / 800000
generated: 14783 / 800000
generated: 14794 / 800000
generated: 14804 / 800000
generated: 14815 / 800000
generated: 14823 / 800000
generated: 14840 / 800000
generated: 14853 / 800000
generated: 14860 / 800000
generated: 14866 / 800000
generated: 14882 / 800000
generated: 14891 / 800000
generated: 14908 / 800000
generated: 14923 / 800000
generated: 14935 / 800000
generated: 14941 / 800000
generated: 14949 / 800000
generated: 14955 / 800000
generated: 14967 / 800000
generated: 14977 / 800000
generated: 14983 / 800000
generated: 14993 / 800000
generated: 14997 / 800000
generated: 15009 / 800000
generated: 15023 / 800000
generated: 15032 / 800000
generated: 15043 / 800000
generated: 15052 / 800000
generated: 15061 / 800000
generated: 15076 / 800000
generated: 15082 / 800000
generated: 15089 / 800000
generated: 15102 / 800000
generated: 15106 / 800000
generated: 15113 / 800000
generated: 15129 / 800000
generated: 15140 / 800000
generated: 15155 / 800000
generated: 15169 / 800000
generated: 15179 / 800000
generated: 15186 / 800000
generated: 15195 / 800000
generated: 15212 / 800000
generated: 15221 / 800000
generated: 15229 / 800000
generated: 15246 / 800000
generated: 15257 / 800000
generated: 15270 / 800000
generated: 15283 / 800000
generated: 15296 / 800000
generated: 15310 / 800000
generated: 15322 / 800000
generated: 15331 / 800000
generated: 15339 / 800000
generated: 15349 / 800000
generated: 15364 / 800000
generated: 15380 / 800000
generated: 15387 / 800000
generated: 15400 / 800000
generated: 15405 / 800000
generated: 15412 / 800000
generated: 15421 / 800000
generated: 15431 / 800000
generated: 15440 / 800000
generated: 15451 / 800000
generated: 15462 / 800000
generated: 15471 / 800000
generated: 15483 / 800000
generated: 15492 / 800000
generated: 15504 / 800000
generated: 15512 / 800000
generated: 15525 / 800000
generated: 15535 / 800000
generated: 15546 / 800000
generated: 15556 / 800000
generated: 15567 / 800000
generated: 15577 / 800000
generated: 15591 / 800000
generated: 15601 / 800000
generated: 15611 / 800000
generated: 15624 / 800000
generated: 15629 / 800000
generated: 15632 / 800000
generated: 15645 / 800000
generated: 15655 / 800000
generated: 15662 / 800000
generated: 15669 / 800000
generated: 15676 / 800000
generated: 15689 / 800000
generated: 15701 / 800000
generated: 15711 / 800000
generated: 15719 / 800000
generated: 15735 / 800000
generated: 15750 / 800000
generated: 15761 / 800000
generated: 15773 / 800000
generated: 15779 / 800000
generated: 15792 / 800000
generated: 15802 / 800000
generated: 15809 / 800000
generated: 15823 / 800000
generated: 15833 / 800000
generated: 15846 / 800000
generated: 15857 / 800000
generated: 15866 / 800000
generated: 15875 / 800000
generated: 15880 / 800000
generated: 15896 / 800000
generated: 15903 / 800000
generated: 15914 / 800000
generated: 15921 / 800000
generated: 15930 / 800000
generated: 15942 / 800000
generated: 15953 / 800000
generated: 15961 / 800000
generated: 15971 / 800000
generated: 15983 / 800000
generated: 15996 / 800000
generated: 16005 / 800000
generated: 16013 / 800000
generated: 16022 / 800000
generated: 16037 / 800000
generated: 16048 / 800000
generated: 16055 / 800000
generated: 16069 / 800000
generated: 16077 / 800000
generated: 16091 / 800000
generated: 16101 / 800000
generated: 16113 / 800000
generated: 16124 / 800000
generated: 16136 / 800000
generated: 16144 / 800000
generated: 16157 / 800000
generated: 16167 / 800000
generated: 16176 / 800000
generated: 16188 / 800000
generated: 16202 / 800000
generated: 16207 / 800000
generated: 16215 / 800000
generated: 16223 / 800000
generated: 16234 / 800000
generated: 16244 / 800000
generated: 16253 / 800000
generated: 16261 / 800000
generated: 16266 / 800000
generated: 16271 / 800000
generated: 16286 / 800000
generated: 16295 / 800000
generated: 16307 / 800000
generated: 16313 / 800000
generated: 16322 / 800000
generated: 16331 / 800000
generated: 16342 / 800000
generated: 16351 / 800000
generated: 16356 / 800000
generated: 16367 / 800000
generated: 16381 / 800000
generated: 16392 / 800000
generated: 16403 / 800000
generated: 16417 / 800000
generated: 16428 / 800000
generated: 16436 / 800000
generated: 16446 / 800000
generated: 16461 / 800000
generated: 16474 / 800000
generated: 16488 / 800000
generated: 16498 / 800000
generated: 16514 / 800000
generated: 16525 / 800000
generated: 16534 / 800000
generated: 16544 / 800000
generated: 16552 / 800000
generated: 16557 / 800000
generated: 16564 / 800000
generated: 16572 / 800000
generated: 16582 / 800000
generated: 16594 / 800000
generated: 16605 / 800000
generated: 16612 / 800000
generated: 16628 / 800000
generated: 16635 / 800000
generated: 16643 / 800000
generated: 16658 / 800000
generated: 16668 / 800000
generated: 16683 / 800000
generated: 16690 / 800000
generated: 16698 / 800000
generated: 16704 / 800000
generated: 16717 / 800000
generated: 16732 / 800000
generated: 16749 / 800000
generated: 16765 / 800000
generated: 16774 / 800000
generated: 16781 / 800000
generated: 16790 / 800000
generated: 16799 / 800000
generated: 16808 / 800000
generated: 16820 / 800000
generated: 16828 / 800000
generated: 16838 / 800000
generated: 16854 / 800000
generated: 16862 / 800000
generated: 16869 / 800000
generated: 16881 / 800000
generated: 16898 / 800000
generated: 16916 / 800000
generated: 16924 / 800000
generated: 16939 / 800000
generated: 16950 / 800000
generated: 16961 / 800000
generated: 16976 / 800000
generated: 16985 / 800000
generated: 16995 / 800000
generated: 17012 / 800000
generated: 17024 / 800000
generated: 17041 / 800000
generated: 17057 / 800000
generated: 17069 / 800000
generated: 17079 / 800000
generated: 17089 / 800000
generated: 17093 / 800000
generated: 17101 / 800000
generated: 17115 / 800000
generated: 17123 / 800000
generated: 17135 / 800000
generated: 17145 / 800000
generated: 17156 / 800000
generated: 17166 / 800000
generated: 17179 / 800000
generated: 17192 / 800000
generated: 17199 / 800000
generated: 17212 / 800000
generated: 17219 / 800000
generated: 17227 / 800000
generated: 17238 / 800000
generated: 17248 / 800000
generated: 17260 / 800000
generated: 17270 / 800000
generated: 17282 / 800000
generated: 17298 / 800000
generated: 17314 / 800000
generated: 17321 / 800000
generated: 17336 / 800000
generated: 17348 / 800000
generated: 17357 / 800000
generated: 17369 / 800000
generated: 17373 / 800000
generated: 17386 / 800000
generated: 17396 / 800000
generated: 17404 / 800000
generated: 17416 / 800000
generated: 17422 / 800000
generated: 17434 / 800000
generated: 17447 / 800000
generated: 17458 / 800000
generated: 17466 / 800000
generated: 17473 / 800000
generated: 17486 / 800000
generated: 17501 / 800000
generated: 17514 / 800000
generated: 17528 / 800000
generated: 17541 / 800000
generated: 17555 / 800000
generated: 17568 / 800000
generated: 17579 / 800000
generated: 17583 / 800000
generated: 17593 / 800000
generated: 17604 / 800000
generated: 17620 / 800000
generated: 17627 / 800000
generated: 17637 / 800000
generated: 17647 / 800000
generated: 17659 / 800000
generated: 17673 / 800000
generated: 17685 / 800000
generated: 17696 / 800000
generated: 17702 / 800000
generated: 17713 / 800000
generated: 17724 / 800000
generated: 17733 / 800000
generated: 17747 / 800000
generated: 17758 / 800000
generated: 17772 / 800000
generated: 17784 / 800000
generated: 17794 / 800000
generated: 17808 / 800000
generated: 17817 / 800000
generated: 17834 / 800000
generated: 17848 / 800000
generated: 17863 / 800000
generated: 17874 / 800000
generated: 17884 / 800000
generated: 17895 / 800000
generated: 17907 / 800000
generated: 17918 / 800000
generated: 17929 / 800000
generated: 17937 / 800000
generated: 17946 / 800000
generated: 17957 / 800000
generated: 17968 / 800000
generated: 17976 / 800000
generated: 17986 / 800000
generated: 17997 / 800000
generated: 18010 / 800000
generated: 18020 / 800000
generated: 18026 / 800000
generated: 18037 / 800000
generated: 18049 / 800000
generated: 18062 / 800000
generated: 18078 / 800000
generated: 18083 / 800000
generated: 18090 / 800000
generated: 18097 / 800000
generated: 18108 / 800000
generated: 18120 / 800000
generated: 18128 / 800000
generated: 18136 / 800000
generated: 18146 / 800000
generated: 18158 / 800000
generated: 18173 / 800000
generated: 18183 / 800000
generated: 18198 / 800000
generated: 18211 / 800000
generated: 18223 / 800000
generated: 18234 / 800000
generated: 18248 / 800000
generated: 18259 / 800000
generated: 18272 / 800000
generated: 18283 / 800000
generated: 18299 / 800000
generated: 18309 / 800000
generated: 18317 / 800000
generated: 18325 / 800000
generated: 18334 / 800000
generated: 18346 / 800000
generated: 18358 / 800000
generated: 18369 / 800000
generated: 18379 / 800000
generated: 18385 / 800000
generated: 18398 / 800000
generated: 18409 / 800000
generated: 18417 / 800000
generated: 18428 / 800000
generated: 18437 / 800000
generated: 18448 / 800000
generated: 18462 / 800000
generated: 18470 / 800000
generated: 18481 / 800000
generated: 18494 / 800000
generated: 18504 / 800000
generated: 18511 / 800000
generated: 18529 / 800000
generated: 18536 / 800000
generated: 18550 / 800000
generated: 18561 / 800000
generated: 18571 / 800000
generated: 18584 / 800000
generated: 18592 / 800000
generated: 18605 / 800000
generated: 18615 / 800000
generated: 18626 / 800000
generated: 18638 / 800000
generated: 18652 / 800000
generated: 18664 / 800000
generated: 18673 / 800000
generated: 18680 / 800000
generated: 18689 / 800000
generated: 18702 / 800000
generated: 18709 / 800000
generated: 18717 / 800000
generated: 18725 / 800000
generated: 18737 / 800000
generated: 18751 / 800000
generated: 18760 / 800000
generated: 18769 / 800000
generated: 18784 / 800000
generated: 18806 / 800000
generated: 18814 / 800000
generated: 18828 / 800000
generated: 18841 / 800000
generated: 18852 / 800000
generated: 18857 / 800000
generated: 18865 / 800000
generated: 18870 / 800000
generated: 18877 / 800000
generated: 18888 / 800000
generated: 18897 / 800000
generated: 18915 / 800000
generated: 18923 / 800000
generated: 18933 / 800000
generated: 18946 / 800000
generated: 18954 / 800000
generated: 18967 / 800000
generated: 18977 / 800000
generated: 18989 / 800000
generated: 19001 / 800000
generated: 19012 / 800000
generated: 19023 / 800000
generated: 19032 / 800000
generated: 19038 / 800000
generated: 19045 / 800000
generated: 19050 / 800000
generated: 19060 / 800000
generated: 19071 / 800000
generated: 19085 / 800000
generated: 19097 / 800000
generated: 19108 / 800000
generated: 19121 / 800000
generated: 19128 / 800000
generated: 19138 / 800000
generated: 19150 / 800000
generated: 19154 / 800000
generated: 19166 / 800000
generated: 19178 / 800000
generated: 19190 / 800000
generated: 19201 / 800000
generated: 19221 / 800000
generated: 19229 / 800000
generated: 19241 / 800000
generated: 19252 / 800000
generated: 19260 / 800000
generated: 19271 / 800000
generated: 19278 / 800000
generated: 19285 / 800000
generated: 19289 / 800000
generated: 19300 / 800000
generated: 19315 / 800000
generated: 19322 / 800000
generated: 19332 / 800000
generated: 19343 / 800000
generated: 19349 / 800000
generated: 19359 / 800000
generated: 19370 / 800000
generated: 19381 / 800000
generated: 19391 / 800000
generated: 19397 / 800000
generated: 19407 / 800000
generated: 19424 / 800000
generated: 19431 / 800000
generated: 19444 / 800000
generated: 19453 / 800000
generated: 19469 / 800000
generated: 19482 / 800000
generated: 19493 / 800000
generated: 19503 / 800000
generated: 19512 / 800000
generated: 19524 / 800000
generated: 19533 / 800000
generated: 19541 / 800000
generated: 19548 / 800000
generated: 19559 / 800000
generated: 19567 / 800000
generated: 19576 / 800000
generated: 19593 / 800000
generated: 19601 / 800000
generated: 19611 / 800000
generated: 19620 / 800000
generated: 19633 / 800000
generated: 19649 / 800000
generated: 19663 / 800000
generated: 19677 / 800000
generated: 19689 / 800000
generated: 19701 / 800000
generated: 19710 / 800000
generated: 19720 / 800000
generated: 19729 / 800000
generated: 19735 / 800000
generated: 19749 / 800000
generated: 19755 / 800000
generated: 19767 / 800000
generated: 19775 / 800000
generated: 19784 / 800000
generated: 19800 / 800000
generated: 19813 / 800000
generated: 19823 / 800000
generated: 19839 / 800000
generated: 19849 / 800000
generated: 19861 / 800000
generated: 19873 / 800000
generated: 19877 / 800000
generated: 19897 / 800000
generated: 19911 / 800000
generated: 19921 / 800000
generated: 19929 / 800000
generated: 19940 / 800000
generated: 19952 / 800000
generated: 19956 / 800000
generated: 19970 / 800000
generated: 19973 / 800000
generated: 19981 / 800000
generated: 19993 / 800000
generated: 20004 / 800000
generated: 20014 / 800000
generated: 20025 / 800000
generated: 20034 / 800000
generated: 20044 / 800000
generated: 20055 / 800000
generated: 20066 / 800000
generated: 20078 / 800000
generated: 20089 / 800000
generated: 20100 / 800000
generated: 20111 / 800000
generated: 20123 / 800000
generated: 20135 / 800000
generated: 20143 / 800000
generated: 20154 / 800000
generated: 20163 / 800000
generated: 20172 / 800000
generated: 20182 / 800000
generated: 20188 / 800000
generated: 20197 / 800000
generated: 20212 / 800000
generated: 20226 / 800000
generated: 20229 / 800000
generated: 20235 / 800000
generated: 20244 / 800000
generated: 20255 / 800000
generated: 20267 / 800000
generated: 20278 / 800000
generated: 20283 / 800000
generated: 20297 / 800000
generated: 20305 / 800000
generated: 20317 / 800000
generated: 20330 / 800000
generated: 20340 / 800000
generated: 20355 / 800000
generated: 20374 / 800000
generated: 20385 / 800000
generated: 20391 / 800000
generated: 20404 / 800000
generated: 20416 / 800000
generated: 20426 / 800000
generated: 20435 / 800000
generated: 20446 / 800000
generated: 20458 / 800000
generated: 20468 / 800000
generated: 20481 / 800000
generated: 20487 / 800000
generated: 20496 / 800000
generated: 20506 / 800000
generated: 20516 / 800000
generated: 20525 / 800000
generated: 20539 / 800000
generated: 20550 / 800000
generated: 20560 / 800000
generated: 20572 / 800000
generated: 20582 / 800000
generated: 20589 / 800000
generated: 20592 / 800000
generated: 20603 / 800000
generated: 20617 / 800000
generated: 20624 / 800000
generated: 20637 / 800000
generated: 20649 / 800000
generated: 20654 / 800000
generated: 20663 / 800000
generated: 20678 / 800000
generated: 20685 / 800000
generated: 20694 / 800000
generated: 20706 / 800000
generated: 20717 / 800000
generated: 20728 / 800000
generated: 20737 / 800000
generated: 20748 / 800000
generated: 20757 / 800000
generated: 20765 / 800000
generated: 20771 / 800000
generated: 20780 / 800000
generated: 20785 / 800000
generated: 20795 / 800000
generated: 20807 / 800000
generated: 20822 / 800000
generated: 20834 / 800000
generated: 20844 / 800000
generated: 20856 / 800000
generated: 20865 / 800000
generated: 20875 / 800000
generated: 20886 / 800000
generated: 20899 / 800000
generated: 20911 / 800000
generated: 20924 / 800000
generated: 20931 / 800000
generated: 20938 / 800000
generated: 20948 / 800000
generated: 20962 / 800000
generated: 20969 / 800000
generated: 20983 / 800000
generated: 20990 / 800000
generated: 20998 / 800000
generated: 21011 / 800000
generated: 21021 / 800000
generated: 21030 / 800000
generated: 21034 / 800000
generated: 21052 / 800000
generated: 21060 / 800000
generated: 21065 / 800000
generated: 21075 / 800000
generated: 21079 / 800000
generated: 21087 / 800000
generated: 21096 / 800000
generated: 21106 / 800000
generated: 21114 / 800000
generated: 21125 / 800000
generated: 21136 / 800000
generated: 21148 / 800000
generated: 21157 / 800000
generated: 21168 / 800000
generated: 21181 / 800000
generated: 21191 / 800000
generated: 21205 / 800000
generated: 21218 / 800000
generated: 21227 / 800000
generated: 21239 / 800000
generated: 21250 / 800000
generated: 21261 / 800000
generated: 21273 / 800000
generated: 21281 / 800000
generated: 21295 / 800000
generated: 21306 / 800000
generated: 21316 / 800000
generated: 21329 / 800000
generated: 21341 / 800000
generated: 21357 / 800000
generated: 21372 / 800000
generated: 21388 / 800000
generated: 21401 / 800000
generated: 21408 / 800000
generated: 21416 / 800000
generated: 21432 / 800000
generated: 21443 / 800000
generated: 21450 / 800000
generated: 21456 / 800000
generated: 21467 / 800000
generated: 21475 / 800000
generated: 21481 / 800000
generated: 21488 / 800000
generated: 21501 / 800000
generated: 21509 / 800000
generated: 21527 / 800000
generated: 21539 / 800000
generated: 21557 / 800000
generated: 21568 / 800000
generated: 21577 / 800000
generated: 21587 / 800000
generated: 21596 / 800000
generated: 21609 / 800000
generated: 21616 / 800000
generated: 21631 / 800000
generated: 21643 / 800000
generated: 21652 / 800000
generated: 21657 / 800000
generated: 21663 / 800000
generated: 21670 / 800000
generated: 21677 / 800000
generated: 21689 / 800000
generated: 21696 / 800000
generated: 21707 / 800000
generated: 21715 / 800000
generated: 21728 / 800000
generated: 21737 / 800000
generated: 21746 / 800000
generated: 21761 / 800000
generated: 21776 / 800000
generated: 21784 / 800000
generated: 21797 / 800000
generated: 21807 / 800000
generated: 21818 / 800000
generated: 21825 / 800000
generated: 21837 / 800000
generated: 21851 / 800000
generated: 21859 / 800000
generated: 21865 / 800000
generated: 21871 / 800000
generated: 21881 / 800000
generated: 21896 / 800000
generated: 21911 / 800000
generated: 21918 / 800000
generated: 21923 / 800000
generated: 21934 / 800000
generated: 21946 / 800000
generated: 21960 / 800000
generated: 21974 / 800000
generated: 21991 / 800000
generated: 21999 / 800000
generated: 22009 / 800000
generated: 22020 / 800000
generated: 22026 / 800000
generated: 22032 / 800000
generated: 22044 / 800000
generated: 22054 / 800000
generated: 22069 / 800000
generated: 22081 / 800000
generated: 22088 / 800000
generated: 22094 / 800000
generated: 22107 / 800000
generated: 22116 / 800000
generated: 22130 / 800000
generated: 22139 / 800000
generated: 22146 / 800000
generated: 22157 / 800000
generated: 22177 / 800000
generated: 22186 / 800000
generated: 22196 / 800000
generated: 22206 / 800000
generated: 22217 / 800000
generated: 22229 / 800000
generated: 22243 / 800000
generated: 22254 / 800000
generated: 22260 / 800000
generated: 22269 / 800000
generated: 22277 / 800000
generated: 22287 / 800000
generated: 22295 / 800000
generated: 22311 / 800000
generated: 22320 / 800000
generated: 22333 / 800000
generated: 22345 / 800000
generated: 22359 / 800000
generated: 22374 / 800000
generated: 22387 / 800000
generated: 22396 / 800000
generated: 22405 / 800000
generated: 22415 / 800000
generated: 22425 / 800000
generated: 22436 / 800000
generated: 22445 / 800000
generated: 22457 / 800000
generated: 22472 / 800000
generated: 22484 / 800000
generated: 22489 / 800000
generated: 22501 / 800000
generated: 22509 / 800000
generated: 22527 / 800000
generated: 22542 / 800000
generated: 22553 / 800000
generated: 22557 / 800000
generated: 22566 / 800000
generated: 22579 / 800000
generated: 22586 / 800000
generated: 22595 / 800000
generated: 22609 / 800000
generated: 22617 / 800000
generated: 22629 / 800000
generated: 22643 / 800000
generated: 22652 / 800000
generated: 22662 / 800000
generated: 22669 / 800000
generated: 22678 / 800000
generated: 22684 / 800000
generated: 22689 / 800000
generated: 22696 / 800000
generated: 22705 / 800000
generated: 22716 / 800000
generated: 22735 / 800000
generated: 22746 / 800000
generated: 22757 / 800000
generated: 22764 / 800000
generated: 22773 / 800000
generated: 22778 / 800000
generated: 22793 / 800000
generated: 22805 / 800000
generated: 22821 / 800000
generated: 22829 / 800000
generated: 22841 / 800000
generated: 22853 / 800000
generated: 22860 / 800000
generated: 22871 / 800000
generated: 22882 / 800000
generated: 22891 / 800000
generated: 22899 / 800000
generated: 22912 / 800000
generated: 22920 / 800000
generated: 22933 / 800000
generated: 22940 / 800000
generated: 22946 / 800000
generated: 22960 / 800000
generated: 22971 / 800000
generated: 22983 / 800000
generated: 23002 / 800000
generated: 23007 / 800000
generated: 23022 / 800000
generated: 23038 / 800000
generated: 23053 / 800000
generated: 23068 / 800000
generated: 23082 / 800000
generated: 23090 / 800000
generated: 23100 / 800000
generated: 23114 / 800000
generated: 23128 / 800000
generated: 23141 / 800000
generated: 23149 / 800000
generated: 23155 / 800000
generated: 23167 / 800000
generated: 23182 / 800000
generated: 23195 / 800000
generated: 23201 / 800000
generated: 23215 / 800000
generated: 23227 / 800000
generated: 23234 / 800000
generated: 23249 / 800000
generated: 23266 / 800000
generated: 23281 / 800000
generated: 23291 / 800000
generated: 23305 / 800000
generated: 23314 / 800000
generated: 23323 / 800000
generated: 23333 / 800000
generated: 23348 / 800000
generated: 23359 / 800000
generated: 23370 / 800000
generated: 23382 / 800000
generated: 23391 / 800000
generated: 23404 / 800000
generated: 23414 / 800000
generated: 23425 / 800000
generated: 23433 / 800000
generated: 23447 / 800000
generated: 23459 / 800000
generated: 23470 / 800000
generated: 23480 / 800000
generated: 23488 / 800000
generated: 23504 / 800000
generated: 23517 / 800000
generated: 23525 / 800000
generated: 23538 / 800000
generated: 23551 / 800000
generated: 23567 / 800000
generated: 23579 / 800000
generated: 23593 / 800000
generated: 23604 / 800000
generated: 23616 / 800000
generated: 23624 / 800000
generated: 23629 / 800000
generated: 23636 / 800000
generated: 23645 / 800000
generated: 23654 / 800000
generated: 23666 / 800000
generated: 23674 / 800000
generated: 23687 / 800000
generated: 23697 / 800000
generated: 23704 / 800000
generated: 23710 / 800000
generated: 23720 / 800000
generated: 23728 / 800000
generated: 23736 / 800000
generated: 23744 / 800000
generated: 23753 / 800000
generated: 23761 / 800000
generated: 23771 / 800000
generated: 23788 / 800000
generated: 23800 / 800000
generated: 23809 / 800000
generated: 23819 / 800000
generated: 23829 / 800000
generated: 23847 / 800000
generated: 23860 / 800000
generated: 23871 / 800000
generated: 23881 / 800000
generated: 23893 / 800000
generated: 23904 / 800000
generated: 23919 / 800000
generated: 23930 / 800000
generated: 23940 / 800000
generated: 23947 / 800000
generated: 23959 / 800000
generated: 23973 / 800000
generated: 23983 / 800000
generated: 23988 / 800000
generated: 24000 / 800000
generated: 24011 / 800000
generated: 24020 / 800000
generated: 24032 / 800000
generated: 24044 / 800000
generated: 24057 / 800000
generated: 24066 / 800000
generated: 24076 / 800000
generated: 24086 / 800000
generated: 24098 / 800000
generated: 24110 / 800000
generated: 24120 / 800000
generated: 24129 / 800000
generated: 24136 / 800000
generated: 24149 / 800000
generated: 24163 / 800000
generated: 24172 / 800000
generated: 24181 / 800000
generated: 24192 / 800000
generated: 24205 / 800000
generated: 24211 / 800000
generated: 24217 / 800000
generated: 24229 / 800000
generated: 24240 / 800000
generated: 24248 / 800000
generated: 24263 / 800000
generated: 24274 / 800000
generated: 24285 / 800000
generated: 24290 / 800000
generated: 24307 / 800000
generated: 24314 / 800000
generated: 24323 / 800000
generated: 24336 / 800000
generated: 24344 / 800000
generated: 24354 / 800000
generated: 24365 / 800000
generated: 24378 / 800000
generated: 24386 / 800000
generated: 24397 / 800000
generated: 24405 / 800000
generated: 24414 / 800000
generated: 24419 / 800000
generated: 24428 / 800000
generated: 24436 / 800000
generated: 24447 / 800000
generated: 24456 / 800000
generated: 24465 / 800000
generated: 24473 / 800000
generated: 24484 / 800000
generated: 24495 / 800000
generated: 24507 / 800000
generated: 24518 / 800000
generated: 24532 / 800000
generated: 24544 / 800000
generated: 24554 / 800000
generated: 24563 / 800000
generated: 24577 / 800000
generated: 24584 / 800000
generated: 24591 / 800000
generated: 24600 / 800000
generated: 24608 / 800000
generated: 24617 / 800000
generated: 24628 / 800000
generated: 24642 / 800000
generated: 24650 / 800000
generated: 24657 / 800000
generated: 24662 / 800000
generated: 24674 / 800000
generated: 24685 / 800000
generated: 24699 / 800000
generated: 24710 / 800000
generated: 24727 / 800000
generated: 24744 / 800000
generated: 24755 / 800000
generated: 24764 / 800000
generated: 24773 / 800000
generated: 24787 / 800000
generated: 24796 / 800000
generated: 24813 / 800000
generated: 24822 / 800000
generated: 24838 / 800000
generated: 24846 / 800000
generated: 24856 / 800000
generated: 24869 / 800000
generated: 24881 / 800000
generated: 24894 / 800000
generated: 24904 / 800000
generated: 24918 / 800000
generated: 24928 / 800000
generated: 24942 / 800000
generated: 24956 / 800000
generated: 24970 / 800000
generated: 24980 / 800000
generated: 24993 / 800000
generated: 25006 / 800000
generated: 25020 / 800000
generated: 25030 / 800000
generated: 25040 / 800000
generated: 25054 / 800000
generated: 25073 / 800000
generated: 25083 / 800000
generated: 25095 / 800000
generated: 25108 / 800000
generated: 25119 / 800000
generated: 25128 / 800000
generated: 25137 / 800000
generated: 25148 / 800000
generated: 25151 / 800000
generated: 25167 / 800000
generated: 25177 / 800000
generated: 25187 / 800000
generated: 25201 / 800000
generated: 25212 / 800000
generated: 25222 / 800000
generated: 25232 / 800000
generated: 25240 / 800000
generated: 25249 / 800000
generated: 25263 / 800000
generated: 25271 / 800000
generated: 25284 / 800000
generated: 25294 / 800000
generated: 25305 / 800000
generated: 25317 / 800000
generated: 25328 / 800000
generated: 25338 / 800000
generated: 25350 / 800000
generated: 25363 / 800000
generated: 25376 / 800000
generated: 25392 / 800000
generated: 25403 / 800000
generated: 25407 / 800000
generated: 25419 / 800000
generated: 25430 / 800000
generated: 25440 / 800000
generated: 25447 / 800000
generated: 25461 / 800000
generated: 25476 / 800000
generated: 25488 / 800000
generated: 25501 / 800000
generated: 25508 / 800000
generated: 25516 / 800000
generated: 25524 / 800000
generated: 25539 / 800000
generated: 25547 / 800000
generated: 25557 / 800000
generated: 25568 / 800000
generated: 25576 / 800000
generated: 25587 / 800000
generated: 25600 / 800000
generated: 25616 / 800000
generated: 25629 / 800000
generated: 25635 / 800000
generated: 25646 / 800000
generated: 25651 / 800000
generated: 25663 / 800000
generated: 25680 / 800000
generated: 25696 / 800000
generated: 25703 / 800000
generated: 25716 / 800000
generated: 25728 / 800000
generated: 25739 / 800000
generated: 25748 / 800000
generated: 25756 / 800000
generated: 25767 / 800000
generated: 25776 / 800000
generated: 25785 / 800000
generated: 25794 / 800000
generated: 25811 / 800000
generated: 25824 / 800000
generated: 25831 / 800000
generated: 25842 / 800000
generated: 25855 / 800000
generated: 25872 / 800000
generated: 25879 / 800000
generated: 25892 / 800000
generated: 25897 / 800000
generated: 25903 / 800000
generated: 25911 / 800000
generated: 25926 / 800000
generated: 25936 / 800000
generated: 25948 / 800000
generated: 25957 / 800000
generated: 25971 / 800000
generated: 25982 / 800000
generated: 25987 / 800000
generated: 25997 / 800000
generated: 26006 / 800000
generated: 26020 / 800000
generated: 26032 / 800000
generated: 26054 / 800000
generated: 26067 / 800000
generated: 26073 / 800000
generated: 26083 / 800000
generated: 26094 / 800000
generated: 26103 / 800000
generated: 26118 / 800000
generated: 26135 / 800000
generated: 26148 / 800000
generated: 26157 / 800000
generated: 26168 / 800000
generated: 26177 / 800000
generated: 26185 / 800000
generated: 26197 / 800000
generated: 26204 / 800000
generated: 26213 / 800000
generated: 26220 / 800000
generated: 26229 / 800000
generated: 26243 / 800000
generated: 26250 / 800000
generated: 26262 / 800000
generated: 26276 / 800000
generated: 26300 / 800000
generated: 26309 / 800000
generated: 26319 / 800000
generated: 26327 / 800000
generated: 26336 / 800000
generated: 26346 / 800000
generated: 26366 / 800000
generated: 26377 / 800000
generated: 26388 / 800000
generated: 26401 / 800000
generated: 26412 / 800000
generated: 26423 / 800000
generated: 26438 / 800000
generated: 26450 / 800000
generated: 26458 / 800000
generated: 26472 / 800000
generated: 26484 / 800000
generated: 26492 / 800000
generated: 26498 / 800000
generated: 26504 / 800000
generated: 26518 / 800000
generated: 26531 / 800000
generated: 26540 / 800000
generated: 26554 / 800000
generated: 26566 / 800000
generated: 26574 / 800000
generated: 26582 / 800000
generated: 26590 / 800000
generated: 26598 / 800000
generated: 26608 / 800000
generated: 26618 / 800000
generated: 26628 / 800000
generated: 26640 / 800000
generated: 26651 / 800000
generated: 26660 / 800000
generated: 26679 / 800000
generated: 26692 / 800000
generated: 26705 / 800000
generated: 26721 / 800000
generated: 26734 / 800000
generated: 26744 / 800000
generated: 26755 / 800000
generated: 26764 / 800000
generated: 26775 / 800000
generated: 26791 / 800000
generated: 26805 / 800000
generated: 26817 / 800000
generated: 26829 / 800000
generated: 26839 / 800000
generated: 26847 / 800000
generated: 26860 / 800000
generated: 26868 / 800000
generated: 26876 / 800000
generated: 26888 / 800000
generated: 26899 / 800000
generated: 26906 / 800000
generated: 26918 / 800000
generated: 26927 / 800000
generated: 26940 / 800000
generated: 26952 / 800000
generated: 26961 / 800000
generated: 26973 / 800000
generated: 26987 / 800000
generated: 26994 / 800000
generated: 27007 / 800000
generated: 27018 / 800000
generated: 27034 / 800000
generated: 27049 / 800000
generated: 27063 / 800000
generated: 27078 / 800000
generated: 27084 / 800000
generated: 27094 / 800000
generated: 27101 / 800000
generated: 27109 / 800000
generated: 27118 / 800000
generated: 27134 / 800000
generated: 27147 / 800000
generated: 27155 / 800000
generated: 27175 / 800000
generated: 27183 / 800000
generated: 27191 / 800000
generated: 27200 / 800000
generated: 27213 / 800000
generated: 27222 / 800000
generated: 27233 / 800000
generated: 27240 / 800000
generated: 27245 / 800000
generated: 27260 / 800000
generated: 27274 / 800000
generated: 27283 / 800000
generated: 27297 / 800000
generated: 27306 / 800000
generated: 27317 / 800000
generated: 27325 / 800000
generated: 27331 / 800000
generated: 27342 / 800000
generated: 27359 / 800000
generated: 27370 / 800000
generated: 27384 / 800000
generated: 27393 / 800000
generated: 27402 / 800000
generated: 27411 / 800000
generated: 27422 / 800000
generated: 27426 / 800000
generated: 27438 / 800000
generated: 27450 / 800000
generated: 27460 / 800000
generated: 27470 / 800000
generated: 27477 / 800000
generated: 27486 / 800000
generated: 27494 / 800000
generated: 27500 / 800000
generated: 27510 / 800000
generated: 27531 / 800000
generated: 27546 / 800000
generated: 27556 / 800000
generated: 27566 / 800000
generated: 27575 / 800000
generated: 27586 / 800000
generated: 27600 / 800000
generated: 27614 / 800000
generated: 27619 / 800000
generated: 27633 / 800000
generated: 27645 / 800000
generated: 27661 / 800000
generated: 27672 / 800000
generated: 27683 / 800000
generated: 27700 / 800000
generated: 27710 / 800000
generated: 27717 / 800000
generated: 27728 / 800000
generated: 27739 / 800000
generated: 27752 / 800000
generated: 27759 / 800000
generated: 27765 / 800000
generated: 27780 / 800000
generated: 27800 / 800000
generated: 27811 / 800000
generated: 27814 / 800000
generated: 27821 / 800000
generated: 27828 / 800000
generated: 27839 / 800000
generated: 27846 / 800000
generated: 27857 / 800000
generated: 27866 / 800000
generated: 27882 / 800000
generated: 27893 / 800000
generated: 27903 / 800000
generated: 27918 / 800000
generated: 27936 / 800000
generated: 27946 / 800000
generated: 27948 / 800000
generated: 27958 / 800000
generated: 27968 / 800000
generated: 27977 / 800000
generated: 27985 / 800000
generated: 27998 / 800000
generated: 28009 / 800000
generated: 28015 / 800000
generated: 28021 / 800000
generated: 28032 / 800000
generated: 28041 / 800000
generated: 28053 / 800000
generated: 28064 / 800000
generated: 28077 / 800000
generated: 28091 / 800000
generated: 28102 / 800000
generated: 28116 / 800000
generated: 28124 / 800000
generated: 28134 / 800000
generated: 28140 / 800000
generated: 28151 / 800000
generated: 28163 / 800000
generated: 28172 / 800000
generated: 28185 / 800000
generated: 28195 / 800000
generated: 28208 / 800000
generated: 28216 / 800000
generated: 28230 / 800000
generated: 28240 / 800000
generated: 28253 / 800000
generated: 28261 / 800000
generated: 28280 / 800000
generated: 28295 / 800000
generated: 28302 / 800000
generated: 28314 / 800000
generated: 28330 / 800000
generated: 28349 / 800000
generated: 28360 / 800000
generated: 28368 / 800000
generated: 28378 / 800000
generated: 28384 / 800000
generated: 28390 / 800000
generated: 28395 / 800000
generated: 28407 / 800000
generated: 28417 / 800000
generated: 28427 / 800000
generated: 28435 / 800000
generated: 28445 / 800000
generated: 28451 / 800000
generated: 28462 / 800000
generated: 28476 / 800000
generated: 28492 / 800000
generated: 28497 / 800000
generated: 28506 / 800000
generated: 28519 / 800000
generated: 28537 / 800000
generated: 28552 / 800000
generated: 28562 / 800000
generated: 28573 / 800000
generated: 28582 / 800000
generated: 28594 / 800000
generated: 28602 / 800000
generated: 28610 / 800000
generated: 28619 / 800000
generated: 28629 / 800000
generated: 28641 / 800000
generated: 28650 / 800000
generated: 28661 / 800000
generated: 28670 / 800000
generated: 28678 / 800000
generated: 28692 / 800000
generated: 28703 / 800000
generated: 28716 / 800000
generated: 28724 / 800000
generated: 28736 / 800000
generated: 28748 / 800000
generated: 28760 / 800000
generated: 28779 / 800000
generated: 28790 / 800000
generated: 28798 / 800000
generated: 28810 / 800000
generated: 28815 / 800000
generated: 28829 / 800000
generated: 28838 / 800000
generated: 28848 / 800000
generated: 28860 / 800000
generated: 28865 / 800000
generated: 28876 / 800000
generated: 28888 / 800000
generated: 28901 / 800000
generated: 28915 / 800000
generated: 28928 / 800000
generated: 28939 / 800000
generated: 28950 / 800000
generated: 28959 / 800000
generated: 28973 / 800000
generated: 28981 / 800000
generated: 28993 / 800000
generated: 29007 / 800000
generated: 29013 / 800000
generated: 29024 / 800000
generated: 29032 / 800000
generated: 29048 / 800000
generated: 29054 / 800000
generated: 29065 / 800000
generated: 29071 / 800000
generated: 29077 / 800000
generated: 29085 / 800000
generated: 29095 / 800000
generated: 29104 / 800000
generated: 29108 / 800000
generated: 29114 / 800000
generated: 29125 / 800000
generated: 29134 / 800000
generated: 29150 / 800000
generated: 29157 / 800000
generated: 29168 / 800000
generated: 29173 / 800000
generated: 29184 / 800000
generated: 29193 / 800000
generated: 29202 / 800000
generated: 29212 / 800000
generated: 29222 / 800000
generated: 29231 / 800000
generated: 29240 / 800000
generated: 29242 / 800000
generated: 29256 / 800000
generated: 29263 / 800000
generated: 29267 / 800000
generated: 29278 / 800000
generated: 29289 / 800000
generated: 29302 / 800000
generated: 29313 / 800000
generated: 29320 / 800000
generated: 29332 / 800000
generated: 29345 / 800000
generated: 29361 / 800000
generated: 29371 / 800000
generated: 29383 / 800000
generated: 29392 / 800000
generated: 29405 / 800000
generated: 29424 / 800000
generated: 29438 / 800000
generated: 29450 / 800000
generated: 29465 / 800000
generated: 29478 / 800000
generated: 29493 / 800000
generated: 29502 / 800000
generated: 29513 / 800000
generated: 29524 / 800000
generated: 29538 / 800000
generated: 29548 / 800000
generated: 29555 / 800000
generated: 29560 / 800000
generated: 29575 / 800000
generated: 29582 / 800000
generated: 29592 / 800000
generated: 29603 / 800000
generated: 29611 / 800000
generated: 29626 / 800000
generated: 29639 / 800000
generated: 29651 / 800000
generated: 29660 / 800000
generated: 29671 / 800000
generated: 29685 / 800000
generated: 29692 / 800000
generated: 29706 / 800000
generated: 29717 / 800000
generated: 29727 / 800000
generated: 29732 / 800000
generated: 29737 / 800000
generated: 29745 / 800000
generated: 29761 / 800000
generated: 29771 / 800000
generated: 29789 / 800000
generated: 29798 / 800000
generated: 29812 / 800000
generated: 29825 / 800000
generated: 29841 / 800000
generated: 29852 / 800000
generated: 29862 / 800000
generated: 29877 / 800000
generated: 29890 / 800000
generated: 29898 / 800000
generated: 29905 / 800000
generated: 29909 / 800000
generated: 29925 / 800000
generated: 29938 / 800000
generated: 29945 / 800000
generated: 29951 / 800000
generated: 29966 / 800000
generated: 29975 / 800000
generated: 29981 / 800000
generated: 29992 / 800000
generated: 29996 / 800000
generated: 30003 / 800000
generated: 30012 / 800000
generated: 30023 / 800000
generated: 30035 / 800000
generated: 30042 / 800000
generated: 30048 / 800000
generated: 30055 / 800000
generated: 30063 / 800000
generated: 30071 / 800000
generated: 30078 / 800000
generated: 30085 / 800000
generated: 30097 / 800000
generated: 30106 / 800000
generated: 30117 / 800000
generated: 30127 / 800000
generated: 30145 / 800000
generated: 30160 / 800000
generated: 30172 / 800000
generated: 30181 / 800000
generated: 30187 / 800000
generated: 30195 / 800000
generated: 30205 / 800000
generated: 30217 / 800000
generated: 30227 / 800000
generated: 30237 / 800000
generated: 30243 / 800000
generated: 30254 / 800000
generated: 30263 / 800000
generated: 30280 / 800000
generated: 30289 / 800000
generated: 30298 / 800000
generated: 30305 / 800000
generated: 30314 / 800000
generated: 30328 / 800000
generated: 30335 / 800000
generated: 30350 / 800000
generated: 30365 / 800000
generated: 30375 / 800000
generated: 30384 / 800000
generated: 30399 / 800000
generated: 30409 / 800000
generated: 30415 / 800000
generated: 30426 / 800000
generated: 30437 / 800000
generated: 30450 / 800000
generated: 30463 / 800000
generated: 30469 / 800000
generated: 30477 / 800000
generated: 30496 / 800000
generated: 30505 / 800000
generated: 30513 / 800000
generated: 30519 / 800000
generated: 30527 / 800000
generated: 30531 / 800000
generated: 30538 / 800000
generated: 30543 / 800000
generated: 30553 / 800000
generated: 30565 / 800000
generated: 30572 / 800000
generated: 30583 / 800000
generated: 30595 / 800000
generated: 30605 / 800000
generated: 30620 / 800000
generated: 30625 / 800000
generated: 30633 / 800000
generated: 30646 / 800000
generated: 30655 / 800000
generated: 30666 / 800000
generated: 30674 / 800000
generated: 30684 / 800000
generated: 30696 / 800000
generated: 30707 / 800000
generated: 30715 / 800000
generated: 30728 / 800000
generated: 30740 / 800000
generated: 30751 / 800000
generated: 30762 / 800000
generated: 30772 / 800000
generated: 30786 / 800000
generated: 30798 / 800000
generated: 30811 / 800000
generated: 30821 / 800000
generated: 30828 / 800000
generated: 30836 / 800000
generated: 30848 / 800000
generated: 30858 / 800000
generated: 30863 / 800000
generated: 30873 / 800000
generated: 30888 / 800000
generated: 30898 / 800000
generated: 30907 / 800000
generated: 30916 / 800000
generated: 30922 / 800000
generated: 30931 / 800000
generated: 30937 / 800000
generated: 30945 / 800000
generated: 30953 / 800000
generated: 30961 / 800000
generated: 30971 / 800000
generated: 30979 / 800000
generated: 30989 / 800000
generated: 30997 / 800000
generated: 31004 / 800000
generated: 31013 / 800000
generated: 31027 / 800000
generated: 31033 / 800000
generated: 31046 / 800000
generated: 31052 / 800000
generated: 31059 / 800000
generated: 31069 / 800000
generated: 31078 / 800000
generated: 31084 / 800000
generated: 31096 / 800000
generated: 31110 / 800000
generated: 31122 / 800000
generated: 31137 / 800000
generated: 31145 / 800000
generated: 31156 / 800000
generated: 31168 / 800000
generated: 31173 / 800000
generated: 31182 / 800000
generated: 31192 / 800000
generated: 31210 / 800000
generated: 31227 / 800000
generated: 31246 / 800000
generated: 31253 / 800000
generated: 31260 / 800000
generated: 31273 / 800000
generated: 31282 / 800000
generated: 31292 / 800000
generated: 31298 / 800000
generated: 31316 / 800000
generated: 31325 / 800000
generated: 31337 / 800000
generated: 31350 / 800000
generated: 31367 / 800000
generated: 31386 / 800000
generated: 31398 / 800000
generated: 31411 / 800000
generated: 31415 / 800000
generated: 31430 / 800000
generated: 31437 / 800000
generated: 31441 / 800000
generated: 31454 / 800000
generated: 31463 / 800000
generated: 31473 / 800000
generated: 31492 / 800000
generated: 31501 / 800000
generated: 31516 / 800000
generated: 31522 / 800000
generated: 31536 / 800000
generated: 31547 / 800000
generated: 31556 / 800000
generated: 31562 / 800000
generated: 31577 / 800000
generated: 31584 / 800000
generated: 31592 / 800000
generated: 31602 / 800000
generated: 31614 / 800000
generated: 31628 / 800000
generated: 31640 / 800000
generated: 31655 / 800000
generated: 31665 / 800000
generated: 31671 / 800000
generated: 31682 / 800000
generated: 31691 / 800000
generated: 31694 / 800000
generated: 31701 / 800000
generated: 31707 / 800000
generated: 31715 / 800000
generated: 31726 / 800000
generated: 31739 / 800000
generated: 31749 / 800000
generated: 31764 / 800000
generated: 31776 / 800000
generated: 31785 / 800000
generated: 31799 / 800000
generated: 31808 / 800000
generated: 31817 / 800000
generated: 31825 / 800000
generated: 31834 / 800000
generated: 31848 / 800000
generated: 31861 / 800000
generated: 31874 / 800000
generated: 31883 / 800000
generated: 31895 / 800000
generated: 31904 / 800000
generated: 31911 / 800000
generated: 31924 / 800000
generated: 31941 / 800000
generated: 31952 / 800000
generated: 31964 / 800000
generated: 31970 / 800000
generated: 31977 / 800000
generated: 31990 / 800000
generated: 32005 / 800000
generated: 32019 / 800000
generated: 32032 / 800000
generated: 32041 / 800000
generated: 32051 / 800000
generated: 32064 / 800000
generated: 32073 / 800000
generated: 32087 / 800000
generated: 32101 / 800000
generated: 32113 / 800000
generated: 32124 / 800000
generated: 32137 / 800000
generated: 32150 / 800000
generated: 32153 / 800000
generated: 32162 / 800000
generated: 32173 / 800000
generated: 32185 / 800000
generated: 32195 / 800000
generated: 32208 / 800000
generated: 32216 / 800000
generated: 32226 / 800000
generated: 32235 / 800000
generated: 32246 / 800000
generated: 32253 / 800000
generated: 32265 / 800000
generated: 32275 / 800000
generated: 32287 / 800000
generated: 32305 / 800000
generated: 32311 / 800000
generated: 32322 / 800000
generated: 32333 / 800000
generated: 32344 / 800000
generated: 32355 / 800000
generated: 32370 / 800000
generated: 32377 / 800000
generated: 32382 / 800000
generated: 32391 / 800000
generated: 32398 / 800000
generated: 32408 / 800000
generated: 32414 / 800000
generated: 32426 / 800000
generated: 32436 / 800000
generated: 32448 / 800000
generated: 32460 / 800000
generated: 32473 / 800000
generated: 32481 / 800000
generated: 32484 / 800000
generated: 32494 / 800000
generated: 32504 / 800000
generated: 32515 / 800000
generated: 32522 / 800000
generated: 32533 / 800000
generated: 32546 / 800000
generated: 32554 / 800000
generated: 32568 / 800000
generated: 32585 / 800000
generated: 32597 / 800000
generated: 32607 / 800000
generated: 32614 / 800000
generated: 32628 / 800000
generated: 32639 / 800000
generated: 32648 / 800000
generated: 32660 / 800000
generated: 32671 / 800000
generated: 32677 / 800000
generated: 32692 / 800000
generated: 32704 / 800000
generated: 32710 / 800000
generated: 32724 / 800000
generated: 32736 / 800000
generated: 32746 / 800000
generated: 32755 / 800000
generated: 32765 / 800000
generated: 32780 / 800000
generated: 32791 / 800000
generated: 32800 / 800000
generated: 32812 / 800000
generated: 32823 / 800000
generated: 32833 / 800000
generated: 32843 / 800000
generated: 32855 / 800000
generated: 32867 / 800000
generated: 32875 / 800000
generated: 32891 / 800000
generated: 32904 / 800000
generated: 32918 / 800000
generated: 32927 / 800000
generated: 32943 / 800000
generated: 32955 / 800000
generated: 32968 / 800000
generated: 32971 / 800000
generated: 32978 / 800000
generated: 32991 / 800000
generated: 32994 / 800000
generated: 33005 / 800000
generated: 33011 / 800000
generated: 33026 / 800000
generated: 33034 / 800000
generated: 33044 / 800000
generated: 33057 / 800000
generated: 33069 / 800000
generated: 33076 / 800000
generated: 33087 / 800000
generated: 33096 / 800000
generated: 33104 / 800000
generated: 33115 / 800000
generated: 33126 / 800000
generated: 33137 / 800000
generated: 33142 / 800000
generated: 33155 / 800000
generated: 33165 / 800000
generated: 33179 / 800000
generated: 33194 / 800000
generated: 33210 / 800000
generated: 33222 / 800000
generated: 33232 / 800000
generated: 33253 / 800000
generated: 33261 / 800000
generated: 33270 / 800000
generated: 33284 / 800000
generated: 33295 / 800000
generated: 33309 / 800000
generated: 33320 / 800000
generated: 33331 / 800000
generated: 33347 / 800000
generated: 33357 / 800000
generated: 33363 / 800000
generated: 33370 / 800000
generated: 33387 / 800000
generated: 33398 / 800000
generated: 33410 / 800000
generated: 33418 / 800000
generated: 33424 / 800000
generated: 33431 / 800000
generated: 33444 / 800000
generated: 33450 / 800000
generated: 33464 / 800000
generated: 33476 / 800000
generated: 33482 / 800000
generated: 33493 / 800000
generated: 33505 / 800000
generated: 33511 / 800000
generated: 33520 / 800000
generated: 33524 / 800000
generated: 33537 / 800000
generated: 33549 / 800000
generated: 33556 / 800000
generated: 33563 / 800000
generated: 33574 / 800000
generated: 33585 / 800000
generated: 33598 / 800000
generated: 33605 / 800000
generated: 33614 / 800000
generated: 33623 / 800000
generated: 33633 / 800000
generated: 33641 / 800000
generated: 33657 / 800000
generated: 33670 / 800000
generated: 33684 / 800000
generated: 33692 / 800000
generated: 33701 / 800000
generated: 33712 / 800000
generated: 33721 / 800000
generated: 33730 / 800000
generated: 33737 / 800000
generated: 33743 / 800000
generated: 33755 / 800000
generated: 33765 / 800000
generated: 33774 / 800000
generated: 33779 / 800000
generated: 33782 / 800000
generated: 33790 / 800000
generated: 33798 / 800000
generated: 33811 / 800000
generated: 33825 / 800000
generated: 33833 / 800000
generated: 33849 / 800000
generated: 33862 / 800000
generated: 33875 / 800000
generated: 33881 / 800000
generated: 33890 / 800000
generated: 33901 / 800000
generated: 33910 / 800000
generated: 33920 / 800000
generated: 33935 / 800000
generated: 33947 / 800000
generated: 33956 / 800000
generated: 33966 / 800000
generated: 33973 / 800000
generated: 33981 / 800000
generated: 33992 / 800000
generated: 34008 / 800000
generated: 34018 / 800000
generated: 34028 / 800000
generated: 34036 / 800000
generated: 34043 / 800000
generated: 34054 / 800000
generated: 34071 / 800000
generated: 34082 / 800000
generated: 34092 / 800000
generated: 34105 / 800000
generated: 34112 / 800000
generated: 34122 / 800000
generated: 34131 / 800000
generated: 34144 / 800000
generated: 34153 / 800000
generated: 34164 / 800000
generated: 34176 / 800000
generated: 34183 / 800000
generated: 34189 / 800000
generated: 34198 / 800000
generated: 34204 / 800000
generated: 34215 / 800000
generated: 34228 / 800000
generated: 34241 / 800000
generated: 34249 / 800000
generated: 34255 / 800000
generated: 34264 / 800000
generated: 34272 / 800000
generated: 34282 / 800000
generated: 34289 / 800000
generated: 34302 / 800000
generated: 34312 / 800000
generated: 34321 / 800000
generated: 34328 / 800000
generated: 34337 / 800000
generated: 34352 / 800000
generated: 34361 / 800000
generated: 34371 / 800000
generated: 34382 / 800000
generated: 34397 / 800000
generated: 34412 / 800000
generated: 34424 / 800000
generated: 34431 / 800000
generated: 34436 / 800000
generated: 34447 / 800000
generated: 34462 / 800000
generated: 34474 / 800000
generated: 34488 / 800000
generated: 34501 / 800000
generated: 34513 / 800000
generated: 34521 / 800000
generated: 34526 / 800000
generated: 34537 / 800000
generated: 34550 / 800000
generated: 34561 / 800000
generated: 34570 / 800000
generated: 34580 / 800000
generated: 34585 / 800000
generated: 34601 / 800000
generated: 34610 / 800000
generated: 34616 / 800000
generated: 34624 / 800000
generated: 34640 / 800000
generated: 34648 / 800000
generated: 34658 / 800000
generated: 34668 / 800000
generated: 34678 / 800000
generated: 34690 / 800000
generated: 34701 / 800000
generated: 34713 / 800000
generated: 34727 / 800000
generated: 34740 / 800000
generated: 34758 / 800000
generated: 34769 / 800000
generated: 34778 / 800000
generated: 34784 / 800000
generated: 34799 / 800000
generated: 34809 / 800000
generated: 34820 / 800000
generated: 34828 / 800000
generated: 34838 / 800000
generated: 34847 / 800000
generated: 34862 / 800000
generated: 34874 / 800000
generated: 34883 / 800000
generated: 34895 / 800000
generated: 34906 / 800000
generated: 34924 / 800000
generated: 34939 / 800000
generated: 34950 / 800000
generated: 34961 / 800000
generated: 34974 / 800000
generated: 34979 / 800000
generated: 34994 / 800000
generated: 35006 / 800000
generated: 35019 / 800000
generated: 35029 / 800000
generated: 35040 / 800000
generated: 35044 / 800000
generated: 35052 / 800000
generated: 35067 / 800000
generated: 35074 / 800000
generated: 35085 / 800000
generated: 35098 / 800000
generated: 35113 / 800000
generated: 35123 / 800000
generated: 35131 / 800000
generated: 35142 / 800000
generated: 35158 / 800000
generated: 35165 / 800000
generated: 35174 / 800000
generated: 35192 / 800000
generated: 35207 / 800000
generated: 35220 / 800000
generated: 35236 / 800000
generated: 35245 / 800000
generated: 35259 / 800000
generated: 35266 / 800000
generated: 35280 / 800000
generated: 35289 / 800000
generated: 35301 / 800000
generated: 35312 / 800000
generated: 35321 / 800000
generated: 35328 / 800000
generated: 35337 / 800000
generated: 35351 / 800000
generated: 35362 / 800000
generated: 35368 / 800000
generated: 35379 / 800000
generated: 35388 / 800000
generated: 35398 / 800000
generated: 35413 / 800000
generated: 35423 / 800000
generated: 35435 / 800000
generated: 35445 / 800000
generated: 35453 / 800000
generated: 35467 / 800000
generated: 35480 / 800000
generated: 35488 / 800000
generated: 35493 / 800000
generated: 35507 / 800000
generated: 35518 / 800000
generated: 35525 / 800000
generated: 35534 / 800000
generated: 35545 / 800000
generated: 35552 / 800000
generated: 35567 / 800000
generated: 35578 / 800000
generated: 35585 / 800000
generated: 35589 / 800000
generated: 35595 / 800000
generated: 35603 / 800000
generated: 35612 / 800000
generated: 35620 / 800000
generated: 35629 / 800000
generated: 35637 / 800000
generated: 35644 / 800000
generated: 35652 / 800000
generated: 35664 / 800000
generated: 35671 / 800000
generated: 35686 / 800000
generated: 35696 / 800000
generated: 35703 / 800000
generated: 35711 / 800000
generated: 35726 / 800000
generated: 35736 / 800000
generated: 35751 / 800000
generated: 35766 / 800000
generated: 35775 / 800000
generated: 35787 / 800000
generated: 35806 / 800000
generated: 35819 / 800000
generated: 35831 / 800000
generated: 35838 / 800000
generated: 35849 / 800000
generated: 35861 / 800000
generated: 35871 / 800000
generated: 35882 / 800000
generated: 35894 / 800000
generated: 35910 / 800000
generated: 35919 / 800000
generated: 35930 / 800000
generated: 35943 / 800000
generated: 35951 / 800000
generated: 35966 / 800000
generated: 35976 / 800000
generated: 35987 / 800000
generated: 36007 / 800000
generated: 36017 / 800000
generated: 36029 / 800000
generated: 36036 / 800000
generated: 36047 / 800000
generated: 36056 / 800000
generated: 36071 / 800000
generated: 36080 / 800000
generated: 36090 / 800000
generated: 36099 / 800000
generated: 36110 / 800000
generated: 36118 / 800000
generated: 36131 / 800000
generated: 36134 / 800000
generated: 36148 / 800000
generated: 36162 / 800000
generated: 36172 / 800000
generated: 36186 / 800000
generated: 36198 / 800000
generated: 36210 / 800000
generated: 36219 / 800000
generated: 36227 / 800000
generated: 36236 / 800000
generated: 36247 / 800000
generated: 36258 / 800000
generated: 36271 / 800000
generated: 36284 / 800000
generated: 36290 / 800000
generated: 36292 / 800000
generated: 36304 / 800000
generated: 36315 / 800000
generated: 36322 / 800000
generated: 36331 / 800000
generated: 36344 / 800000
generated: 36354 / 800000
generated: 36363 / 800000
generated: 36376 / 800000
generated: 36385 / 800000
generated: 36392 / 800000
generated: 36405 / 800000
generated: 36419 / 800000
generated: 36425 / 800000
generated: 36430 / 800000
generated: 36441 / 800000
generated: 36449 / 800000
generated: 36458 / 800000
generated: 36468 / 800000
generated: 36477 / 800000
generated: 36484 / 800000
generated: 36498 / 800000
generated: 36516 / 800000
generated: 36528 / 800000
generated: 36542 / 800000
generated: 36553 / 800000
generated: 36557 / 800000
generated: 36569 / 800000
generated: 36575 / 800000
generated: 36584 / 800000
generated: 36591 / 800000
generated: 36598 / 800000
generated: 36608 / 800000
generated: 36619 / 800000
generated: 36634 / 800000
generated: 36643 / 800000
generated: 36651 / 800000
generated: 36665 / 800000
generated: 36677 / 800000
generated: 36687 / 800000
generated: 36697 / 800000
generated: 36710 / 800000
generated: 36720 / 800000
generated: 36736 / 800000
generated: 36745 / 800000
generated: 36760 / 800000
generated: 36769 / 800000
generated: 36783 / 800000
generated: 36795 / 800000
generated: 36805 / 800000
generated: 36816 / 800000
generated: 36825 / 800000
generated: 36832 / 800000
generated: 36842 / 800000
generated: 36858 / 800000
generated: 36869 / 800000
generated: 36880 / 800000
generated: 36886 / 800000
generated: 36896 / 800000
generated: 36903 / 800000
generated: 36911 / 800000
generated: 36922 / 800000
generated: 36926 / 800000
generated: 36944 / 800000
generated: 36958 / 800000
generated: 36973 / 800000
generated: 36982 / 800000
generated: 36988 / 800000
generated: 37003 / 800000
generated: 37016 / 800000
generated: 37025 / 800000
generated: 37037 / 800000
generated: 37047 / 800000
generated: 37057 / 800000
generated: 37069 / 800000
generated: 37082 / 800000
generated: 37089 / 800000
generated: 37104 / 800000
generated: 37111 / 800000
generated: 37125 / 800000
generated: 37134 / 800000
generated: 37148 / 800000
generated: 37164 / 800000
generated: 37173 / 800000
generated: 37184 / 800000
generated: 37195 / 800000
generated: 37204 / 800000
generated: 37211 / 800000
generated: 37222 / 800000
generated: 37232 / 800000
generated: 37240 / 800000
generated: 37248 / 800000
generated: 37255 / 800000
generated: 37263 / 800000
generated: 37275 / 800000
generated: 37283 / 800000
generated: 37288 / 800000
generated: 37297 / 800000
generated: 37307 / 800000
generated: 37324 / 800000
generated: 37335 / 800000
generated: 37347 / 800000
generated: 37360 / 800000
generated: 37366 / 800000
generated: 37372 / 800000
generated: 37380 / 800000
generated: 37393 / 800000
generated: 37406 / 800000
generated: 37419 / 800000
generated: 37430 / 800000
generated: 37448 / 800000
generated: 37459 / 800000
generated: 37472 / 800000
generated: 37480 / 800000
generated: 37490 / 800000
generated: 37504 / 800000
generated: 37512 / 800000
generated: 37517 / 800000
generated: 37526 / 800000
generated: 37539 / 800000
generated: 37551 / 800000
generated: 37563 / 800000
generated: 37571 / 800000
generated: 37580 / 800000
generated: 37595 / 800000
generated: 37606 / 800000
generated: 37616 / 800000
generated: 37624 / 800000
generated: 37637 / 800000
generated: 37648 / 800000
generated: 37658 / 800000
generated: 37669 / 800000
generated: 37682 / 800000
generated: 37692 / 800000
generated: 37697 / 800000
generated: 37705 / 800000
generated: 37715 / 800000
generated: 37725 / 800000
generated: 37736 / 800000
generated: 37750 / 800000
generated: 37764 / 800000
generated: 37772 / 800000
generated: 37783 / 800000
generated: 37795 / 800000
generated: 37805 / 800000
generated: 37813 / 800000
generated: 37822 / 800000
generated: 37834 / 800000
generated: 37845 / 800000
generated: 37852 / 800000
generated: 37863 / 800000
generated: 37870 / 800000
generated: 37874 / 800000
generated: 37882 / 800000
generated: 37893 / 800000
generated: 37901 / 800000
generated: 37915 / 800000
generated: 37924 / 800000
generated: 37928 / 800000
generated: 37934 / 800000
generated: 37952 / 800000
generated: 37960 / 800000
generated: 37972 / 800000
generated: 37980 / 800000
generated: 37987 / 800000
generated: 38000 / 800000
generated: 38010 / 800000
generated: 38025 / 800000
generated: 38036 / 800000
generated: 38047 / 800000
generated: 38062 / 800000
generated: 38073 / 800000
generated: 38079 / 800000
generated: 38085 / 800000
generated: 38088 / 800000
generated: 38105 / 800000
generated: 38118 / 800000
generated: 38128 / 800000
generated: 38140 / 800000
generated: 38147 / 800000
generated: 38159 / 800000
generated: 38168 / 800000
generated: 38182 / 800000
generated: 38194 / 800000
generated: 38205 / 800000
generated: 38215 / 800000
generated: 38222 / 800000
generated: 38233 / 800000
generated: 38242 / 800000
generated: 38254 / 800000
generated: 38267 / 800000
generated: 38280 / 800000
generated: 38290 / 800000
generated: 38299 / 800000
generated: 38306 / 800000
generated: 38315 / 800000
generated: 38326 / 800000
generated: 38339 / 800000
generated: 38345 / 800000
generated: 38349 / 800000
generated: 38358 / 800000
generated: 38372 / 800000
generated: 38382 / 800000
generated: 38389 / 800000
generated: 38398 / 800000
generated: 38402 / 800000
generated: 38417 / 800000
generated: 38423 / 800000
generated: 38435 / 800000
generated: 38451 / 800000
generated: 38463 / 800000
generated: 38478 / 800000
generated: 38486 / 800000
generated: 38493 / 800000
generated: 38508 / 800000
generated: 38519 / 800000
generated: 38526 / 800000
generated: 38537 / 800000
generated: 38543 / 800000
generated: 38550 / 800000
generated: 38564 / 800000
generated: 38575 / 800000
generated: 38582 / 800000
generated: 38591 / 800000
generated: 38599 / 800000
generated: 38612 / 800000
generated: 38625 / 800000
generated: 38628 / 800000
generated: 38643 / 800000
generated: 38651 / 800000
generated: 38655 / 800000
generated: 38664 / 800000
generated: 38678 / 800000
generated: 38693 / 800000
generated: 38703 / 800000
generated: 38711 / 800000
generated: 38722 / 800000
generated: 38729 / 800000
generated: 38737 / 800000
generated: 38752 / 800000
generated: 38762 / 800000
generated: 38771 / 800000
generated: 38781 / 800000
generated: 38788 / 800000
generated: 38797 / 800000
generated: 38810 / 800000
generated: 38826 / 800000
generated: 38838 / 800000
generated: 38850 / 800000
generated: 38862 / 800000
generated: 38874 / 800000
generated: 38879 / 800000
generated: 38885 / 800000
generated: 38896 / 800000
generated: 38909 / 800000
generated: 38918 / 800000
generated: 38929 / 800000
generated: 38935 / 800000
generated: 38944 / 800000
generated: 38952 / 800000
generated: 38960 / 800000
generated: 38970 / 800000
generated: 38982 / 800000
generated: 38999 / 800000
generated: 39007 / 800000
generated: 39018 / 800000
generated: 39032 / 800000
generated: 39043 / 800000
generated: 39056 / 800000
generated: 39066 / 800000
generated: 39082 / 800000
generated: 39092 / 800000
generated: 39101 / 800000
generated: 39115 / 800000
generated: 39122 / 800000
generated: 39130 / 800000
generated: 39139 / 800000
generated: 39147 / 800000
generated: 39155 / 800000
generated: 39172 / 800000
generated: 39177 / 800000
generated: 39187 / 800000
generated: 39198 / 800000
generated: 39208 / 800000
generated: 39221 / 800000
generated: 39230 / 800000
generated: 39239 / 800000
generated: 39250 / 800000
generated: 39257 / 800000
generated: 39263 / 800000
generated: 39271 / 800000
generated: 39282 / 800000
generated: 39300 / 800000
generated: 39315 / 800000
generated: 39324 / 800000
generated: 39336 / 800000
generated: 39347 / 800000
generated: 39360 / 800000
generated: 39372 / 800000
generated: 39378 / 800000
generated: 39388 / 800000
generated: 39399 / 800000
generated: 39412 / 800000
generated: 39418 / 800000
generated: 39426 / 800000
generated: 39436 / 800000
generated: 39451 / 800000
generated: 39463 / 800000
generated: 39477 / 800000
generated: 39485 / 800000
generated: 39495 / 800000
generated: 39504 / 800000
generated: 39519 / 800000
generated: 39527 / 800000
generated: 39537 / 800000
generated: 39544 / 800000
generated: 39554 / 800000
generated: 39558 / 800000
generated: 39576 / 800000
generated: 39581 / 800000
generated: 39592 / 800000
generated: 39599 / 800000
generated: 39610 / 800000
generated: 39620 / 800000
generated: 39626 / 800000
generated: 39633 / 800000
generated: 39644 / 800000
generated: 39661 / 800000
generated: 39672 / 800000
generated: 39681 / 800000
generated: 39688 / 800000
generated: 39705 / 800000
generated: 39713 / 800000
generated: 39726 / 800000
generated: 39736 / 800000
generated: 39742 / 800000
generated: 39749 / 800000
generated: 39759 / 800000
generated: 39767 / 800000
generated: 39774 / 800000
generated: 39784 / 800000
generated: 39796 / 800000
generated: 39803 / 800000
generated: 39810 / 800000
generated: 39821 / 800000
generated: 39833 / 800000
generated: 39840 / 800000
generated: 39846 / 800000
generated: 39858 / 800000
generated: 39868 / 800000
generated: 39878 / 800000
generated: 39886 / 800000
generated: 39899 / 800000
generated: 39907 / 800000
generated: 39919 / 800000
generated: 39927 / 800000
generated: 39939 / 800000
generated: 39947 / 800000
generated: 39961 / 800000
generated: 39971 / 800000
generated: 39982 / 800000
generated: 39993 / 800000
generated: 40004 / 800000
generated: 40015 / 800000
generated: 40026 / 800000
generated: 40034 / 800000
generated: 40044 / 800000
generated: 40057 / 800000
generated: 40068 / 800000
generated: 40077 / 800000
generated: 40083 / 800000
generated: 40096 / 800000
generated: 40109 / 800000
generated: 40118 / 800000
generated: 40129 / 800000
generated: 40142 / 800000
generated: 40158 / 800000
generated: 40167 / 800000
generated: 40179 / 800000
generated: 40188 / 800000
generated: 40194 / 800000
generated: 40206 / 800000
generated: 40219 / 800000
generated: 40236 / 800000
generated: 40244 / 800000
generated: 40251 / 800000
generated: 40254 / 800000
generated: 40267 / 800000
generated: 40273 / 800000
generated: 40282 / 800000
generated: 40292 / 800000
generated: 40309 / 800000
generated: 40325 / 800000
generated: 40338 / 800000
generated: 40346 / 800000
generated: 40352 / 800000
generated: 40364 / 800000
generated: 40374 / 800000
generated: 40382 / 800000
generated: 40388 / 800000
generated: 40401 / 800000
generated: 40414 / 800000
generated: 40422 / 800000
generated: 40431 / 800000
generated: 40439 / 800000
generated: 40450 / 800000
generated: 40463 / 800000
generated: 40480 / 800000
generated: 40485 / 800000
generated: 40492 / 800000
generated: 40503 / 800000
generated: 40516 / 800000
generated: 40528 / 800000
generated: 40539 / 800000
generated: 40547 / 800000
generated: 40561 / 800000
generated: 40572 / 800000
generated: 40585 / 800000
generated: 40598 / 800000
generated: 40605 / 800000
generated: 40614 / 800000
generated: 40629 / 800000
generated: 40637 / 800000
generated: 40644 / 800000
generated: 40655 / 800000
generated: 40666 / 800000
generated: 40680 / 800000
generated: 40690 / 800000
generated: 40704 / 800000
generated: 40712 / 800000
generated: 40719 / 800000
generated: 40729 / 800000
generated: 40746 / 800000
generated: 40755 / 800000
generated: 40769 / 800000
generated: 40782 / 800000
generated: 40787 / 800000
generated: 40798 / 800000
generated: 40814 / 800000
generated: 40831 / 800000
generated: 40840 / 800000
generated: 40849 / 800000
generated: 40857 / 800000
generated: 40869 / 800000
generated: 40878 / 800000
generated: 40889 / 800000
generated: 40904 / 800000
generated: 40918 / 800000
generated: 40930 / 800000
generated: 40937 / 800000
generated: 40951 / 800000
generated: 40962 / 800000
generated: 40974 / 800000
generated: 40982 / 800000
generated: 40995 / 800000
generated: 41008 / 800000
generated: 41020 / 800000
generated: 41028 / 800000
generated: 41038 / 800000
generated: 41055 / 800000
generated: 41066 / 800000
generated: 41076 / 800000
generated: 41083 / 800000
generated: 41096 / 800000
generated: 41106 / 800000
generated: 41112 / 800000
generated: 41130 / 800000
generated: 41140 / 800000
generated: 41150 / 800000
generated: 41158 / 800000
generated: 41166 / 800000
generated: 41172 / 800000
generated: 41182 / 800000
generated: 41190 / 800000
generated: 41198 / 800000
generated: 41209 / 800000
generated: 41220 / 800000
generated: 41230 / 800000
generated: 41237 / 800000
generated: 41245 / 800000
generated: 41256 / 800000
generated: 41262 / 800000
generated: 41273 / 800000
generated: 41288 / 800000
generated: 41300 / 800000
generated: 41304 / 800000
generated: 41315 / 800000
generated: 41330 / 800000
generated: 41340 / 800000
generated: 41350 / 800000
generated: 41359 / 800000
generated: 41377 / 800000
generated: 41385 / 800000
generated: 41398 / 800000
generated: 41405 / 800000
generated: 41416 / 800000
generated: 41431 / 800000
generated: 41446 / 800000
generated: 41452 / 800000
generated: 41466 / 800000
generated: 41480 / 800000
generated: 41490 / 800000
generated: 41502 / 800000
generated: 41509 / 800000
generated: 41518 / 800000
generated: 41537 / 800000
generated: 41545 / 800000
generated: 41559 / 800000
generated: 41565 / 800000
generated: 41579 / 800000
generated: 41587 / 800000
generated: 41596 / 800000
generated: 41609 / 800000
generated: 41616 / 800000
generated: 41626 / 800000
generated: 41635 / 800000
generated: 41644 / 800000
generated: 41652 / 800000
generated: 41658 / 800000
generated: 41672 / 800000
generated: 41689 / 800000
generated: 41704 / 800000
generated: 41712 / 800000
generated: 41722 / 800000
generated: 41735 / 800000
generated: 41742 / 800000
generated: 41755 / 800000
generated: 41772 / 800000
generated: 41789 / 800000
generated: 41800 / 800000
generated: 41812 / 800000
generated: 41819 / 800000
generated: 41828 / 800000
generated: 41832 / 800000
generated: 41841 / 800000
generated: 41853 / 800000
generated: 41865 / 800000
generated: 41872 / 800000
generated: 41883 / 800000
generated: 41895 / 800000
generated: 41909 / 800000
generated: 41917 / 800000
generated: 41924 / 800000
generated: 41938 / 800000
generated: 41953 / 800000
generated: 41959 / 800000
generated: 41972 / 800000
generated: 41982 / 800000
generated: 41991 / 800000
generated: 42003 / 800000
generated: 42010 / 800000
generated: 42017 / 800000
generated: 42028 / 800000
generated: 42041 / 800000
generated: 42046 / 800000
generated: 42054 / 800000
generated: 42073 / 800000
generated: 42086 / 800000
generated: 42098 / 800000
generated: 42108 / 800000
generated: 42124 / 800000
generated: 42143 / 800000
generated: 42159 / 800000
generated: 42171 / 800000
generated: 42185 / 800000
generated: 42193 / 800000
generated: 42205 / 800000
generated: 42213 / 800000
generated: 42227 / 800000
generated: 42240 / 800000
generated: 42250 / 800000
generated: 42260 / 800000
generated: 42270 / 800000
generated: 42280 / 800000
generated: 42290 / 800000
generated: 42300 / 800000
generated: 42314 / 800000
generated: 42318 / 800000
generated: 42326 / 800000
generated: 42340 / 800000
generated: 42353 / 800000
generated: 42364 / 800000
generated: 42370 / 800000
generated: 42381 / 800000
generated: 42390 / 800000
generated: 42401 / 800000
generated: 42409 / 800000
generated: 42418 / 800000
generated: 42430 / 800000
generated: 42443 / 800000
generated: 42454 / 800000
generated: 42464 / 800000
generated: 42474 / 800000
generated: 42483 / 800000
generated: 42495 / 800000
generated: 42510 / 800000
generated: 42523 / 800000
generated: 42538 / 800000
generated: 42553 / 800000
generated: 42568 / 800000
generated: 42579 / 800000
generated: 42588 / 800000
generated: 42594 / 800000
generated: 42606 / 800000
generated: 42616 / 800000
generated: 42627 / 800000
generated: 42640 / 800000
generated: 42653 / 800000
generated: 42664 / 800000
generated: 42678 / 800000
generated: 42683 / 800000
generated: 42694 / 800000
generated: 42707 / 800000
generated: 42719 / 800000
generated: 42729 / 800000
generated: 42736 / 800000
generated: 42749 / 800000
generated: 42753 / 800000
generated: 42758 / 800000
generated: 42769 / 800000
generated: 42779 / 800000
generated: 42789 / 800000
generated: 42800 / 800000
generated: 42809 / 800000
generated: 42826 / 800000
generated: 42835 / 800000
generated: 42842 / 800000
generated: 42855 / 800000
generated: 42865 / 800000
generated: 42871 / 800000
generated: 42883 / 800000
generated: 42892 / 800000
generated: 42898 / 800000
generated: 42909 / 800000
generated: 42916 / 800000
generated: 42925 / 800000
generated: 42938 / 800000
generated: 42947 / 800000
generated: 42957 / 800000
generated: 42964 / 800000
generated: 42973 / 800000
generated: 42986 / 800000
generated: 43001 / 800000
generated: 43014 / 800000
generated: 43022 / 800000
generated: 43031 / 800000
generated: 43042 / 800000
generated: 43055 / 800000
generated: 43065 / 800000
generated: 43074 / 800000
generated: 43084 / 800000
generated: 43099 / 800000
generated: 43103 / 800000
generated: 43122 / 800000
generated: 43141 / 800000
generated: 43154 / 800000
generated: 43162 / 800000
generated: 43172 / 800000
generated: 43180 / 800000
generated: 43188 / 800000
generated: 43199 / 800000
generated: 43209 / 800000
generated: 43216 / 800000
generated: 43228 / 800000
generated: 43236 / 800000
generated: 43246 / 800000
generated: 43251 / 800000
generated: 43265 / 800000
generated: 43272 / 800000
generated: 43285 / 800000
generated: 43296 / 800000
generated: 43305 / 800000
generated: 43324 / 800000
generated: 43338 / 800000
generated: 43351 / 800000
generated: 43359 / 800000
generated: 43369 / 800000
generated: 43381 / 800000
generated: 43392 / 800000
generated: 43401 / 800000
generated: 43406 / 800000
generated: 43415 / 800000
generated: 43422 / 800000
generated: 43428 / 800000
generated: 43438 / 800000
generated: 43445 / 800000
generated: 43457 / 800000
generated: 43468 / 800000
generated: 43475 / 800000
generated: 43480 / 800000
generated: 43491 / 800000
generated: 43498 / 800000
generated: 43508 / 800000
generated: 43524 / 800000
generated: 43535 / 800000
generated: 43541 / 800000
generated: 43554 / 800000
generated: 43559 / 800000
generated: 43570 / 800000
generated: 43579 / 800000
generated: 43587 / 800000
generated: 43594 / 800000
generated: 43602 / 800000
generated: 43608 / 800000
generated: 43623 / 800000
generated: 43633 / 800000
generated: 43642 / 800000
generated: 43651 / 800000
generated: 43660 / 800000
generated: 43669 / 800000
generated: 43683 / 800000
generated: 43695 / 800000
generated: 43709 / 800000
generated: 43720 / 800000
generated: 43733 / 800000
generated: 43742 / 800000
generated: 43748 / 800000
generated: 43757 / 800000
generated: 43764 / 800000
generated: 43771 / 800000
generated: 43778 / 800000
generated: 43788 / 800000
generated: 43798 / 800000
generated: 43814 / 800000
generated: 43829 / 800000
generated: 43835 / 800000
generated: 43845 / 800000
generated: 43853 / 800000
generated: 43860 / 800000
generated: 43871 / 800000
generated: 43877 / 800000
generated: 43892 / 800000
generated: 43900 / 800000
generated: 43910 / 800000
generated: 43916 / 800000
generated: 43934 / 800000
generated: 43940 / 800000
generated: 43952 / 800000
generated: 43966 / 800000
generated: 43974 / 800000
generated: 43989 / 800000
generated: 44008 / 800000
generated: 44018 / 800000
generated: 44029 / 800000
generated: 44036 / 800000
generated: 44046 / 800000
generated: 44056 / 800000
generated: 44068 / 800000
generated: 44078 / 800000
generated: 44092 / 800000
generated: 44096 / 800000
generated: 44108 / 800000
generated: 44115 / 800000
generated: 44122 / 800000
generated: 44130 / 800000
generated: 44140 / 800000
generated: 44147 / 800000
generated: 44158 / 800000
generated: 44171 / 800000
generated: 44184 / 800000
generated: 44192 / 800000
generated: 44203 / 800000
generated: 44207 / 800000
generated: 44212 / 800000
generated: 44221 / 800000
generated: 44232 / 800000
generated: 44237 / 800000
generated: 44248 / 800000
generated: 44260 / 800000
generated: 44265 / 800000
generated: 44275 / 800000
generated: 44290 / 800000
generated: 44302 / 800000
generated: 44307 / 800000
generated: 44318 / 800000
generated: 44331 / 800000
generated: 44338 / 800000
generated: 44351 / 800000
generated: 44359 / 800000
generated: 44370 / 800000
generated: 44379 / 800000
generated: 44387 / 800000
generated: 44397 / 800000
generated: 44412 / 800000
generated: 44429 / 800000
generated: 44438 / 800000
generated: 44446 / 800000
generated: 44455 / 800000
generated: 44461 / 800000
generated: 44471 / 800000
generated: 44481 / 800000
generated: 44499 / 800000
generated: 44509 / 800000
generated: 44521 / 800000
generated: 44529 / 800000
generated: 44541 / 800000
generated: 44552 / 800000
generated: 44563 / 800000
generated: 44575 / 800000
generated: 44588 / 800000
generated: 44608 / 800000
generated: 44617 / 800000
generated: 44633 / 800000
generated: 44647 / 800000
generated: 44658 / 800000
generated: 44665 / 800000
generated: 44678 / 800000
generated: 44700 / 800000
generated: 44706 / 800000
generated: 44718 / 800000
generated: 44728 / 800000
generated: 44741 / 800000
generated: 44751 / 800000
generated: 44757 / 800000
generated: 44772 / 800000
generated: 44780 / 800000
generated: 44791 / 800000
generated: 44798 / 800000
generated: 44810 / 800000
generated: 44819 / 800000
generated: 44835 / 800000
generated: 44847 / 800000
generated: 44857 / 800000
generated: 44866 / 800000
generated: 44883 / 800000
generated: 44899 / 800000
generated: 44911 / 800000
generated: 44932 / 800000
generated: 44950 / 800000
generated: 44962 / 800000
generated: 44975 / 800000
generated: 44993 / 800000
generated: 45001 / 800000
generated: 45012 / 800000
generated: 45028 / 800000
generated: 45042 / 800000
generated: 45056 / 800000
generated: 45066 / 800000
generated: 45077 / 800000
generated: 45091 / 800000
generated: 45103 / 800000
generated: 45112 / 800000
generated: 45124 / 800000
generated: 45135 / 800000
generated: 45143 / 800000
generated: 45149 / 800000
generated: 45159 / 800000
generated: 45175 / 800000
generated: 45181 / 800000
generated: 45188 / 800000
generated: 45197 / 800000
generated: 45210 / 800000
generated: 45222 / 800000
generated: 45230 / 800000
generated: 45238 / 800000
generated: 45246 / 800000
generated: 45261 / 800000
generated: 45270 / 800000
generated: 45281 / 800000
generated: 45295 / 800000
generated: 45302 / 800000
generated: 45310 / 800000
generated: 45322 / 800000
generated: 45331 / 800000
generated: 45344 / 800000
generated: 45353 / 800000
generated: 45364 / 800000
generated: 45374 / 800000
generated: 45384 / 800000
generated: 45392 / 800000
generated: 45406 / 800000
generated: 45420 / 800000
generated: 45429 / 800000
generated: 45441 / 800000
generated: 45457 / 800000
generated: 45465 / 800000
generated: 45483 / 800000
generated: 45490 / 800000
generated: 45501 / 800000
generated: 45513 / 800000
generated: 45526 / 800000
generated: 45538 / 800000
generated: 45548 / 800000
generated: 45561 / 800000
generated: 45572 / 800000
generated: 45582 / 800000
generated: 45593 / 800000
generated: 45602 / 800000
generated: 45612 / 800000
generated: 45622 / 800000
generated: 45634 / 800000
generated: 45642 / 800000
generated: 45653 / 800000
generated: 45660 / 800000
generated: 45669 / 800000
generated: 45678 / 800000
generated: 45691 / 800000
generated: 45706 / 800000
generated: 45719 / 800000
generated: 45727 / 800000
generated: 45740 / 800000
generated: 45757 / 800000
generated: 45768 / 800000
generated: 45776 / 800000
generated: 45788 / 800000
generated: 45801 / 800000
generated: 45813 / 800000
generated: 45823 / 800000
generated: 45839 / 800000
generated: 45845 / 800000
generated: 45858 / 800000
generated: 45871 / 800000
generated: 45881 / 800000
generated: 45894 / 800000
generated: 45904 / 800000
generated: 45913 / 800000
generated: 45932 / 800000
generated: 45940 / 800000
generated: 45953 / 800000
generated: 45960 / 800000
generated: 45975 / 800000
generated: 45984 / 800000
generated: 45993 / 800000
generated: 46002 / 800000
generated: 46013 / 800000
generated: 46027 / 800000
generated: 46035 / 800000
generated: 46045 / 800000
generated: 46052 / 800000
generated: 46068 / 800000
generated: 46082 / 800000
generated: 46096 / 800000
generated: 46106 / 800000
generated: 46113 / 800000
generated: 46126 / 800000
generated: 46136 / 800000
generated: 46148 / 800000
generated: 46167 / 800000
generated: 46179 / 800000
generated: 46191 / 800000
generated: 46205 / 800000
generated: 46213 / 800000
generated: 46222 / 800000
generated: 46234 / 800000
generated: 46244 / 800000
generated: 46252 / 800000
generated: 46258 / 800000
generated: 46267 / 800000
generated: 46280 / 800000
generated: 46292 / 800000
generated: 46303 / 800000
generated: 46313 / 800000
generated: 46328 / 800000
generated: 46338 / 800000
generated: 46353 / 800000
generated: 46358 / 800000
generated: 46365 / 800000
generated: 46376 / 800000
generated: 46390 / 800000
generated: 46402 / 800000
generated: 46413 / 800000
generated: 46420 / 800000
generated: 46431 / 800000
generated: 46441 / 800000
generated: 46454 / 800000
generated: 46465 / 800000
generated: 46470 / 800000
generated: 46481 / 800000
generated: 46487 / 800000
generated: 46501 / 800000
generated: 46509 / 800000
generated: 46520 / 800000
generated: 46537 / 800000
generated: 46552 / 800000
generated: 46561 / 800000
generated: 46570 / 800000
generated: 46582 / 800000
generated: 46590 / 800000
generated: 46603 / 800000
generated: 46617 / 800000
generated: 46627 / 800000
generated: 46641 / 800000
generated: 46656 / 800000
generated: 46665 / 800000
generated: 46677 / 800000
generated: 46681 / 800000
generated: 46692 / 800000
generated: 46701 / 800000
generated: 46711 / 800000
generated: 46721 / 800000
generated: 46733 / 800000
generated: 46743 / 800000
generated: 46759 / 800000
generated: 46768 / 800000
generated: 46783 / 800000
generated: 46797 / 800000
generated: 46814 / 800000
generated: 46822 / 800000
generated: 46828 / 800000
generated: 46843 / 800000
generated: 46853 / 800000
generated: 46870 / 800000
generated: 46883 / 800000
generated: 46891 / 800000
generated: 46903 / 800000
generated: 46914 / 800000
generated: 46928 / 800000
generated: 46941 / 800000
generated: 46952 / 800000
generated: 46960 / 800000
generated: 46969 / 800000
generated: 46988 / 800000
generated: 46995 / 800000
generated: 47007 / 800000
generated: 47015 / 800000
generated: 47027 / 800000
generated: 47034 / 800000
generated: 47046 / 800000
generated: 47058 / 800000
generated: 47064 / 800000
generated: 47069 / 800000
generated: 47078 / 800000
generated: 47085 / 800000
generated: 47095 / 800000
generated: 47108 / 800000
generated: 47118 / 800000
generated: 47123 / 800000
generated: 47126 / 800000
generated: 47140 / 800000
generated: 47149 / 800000
generated: 47167 / 800000
generated: 47177 / 800000
generated: 47189 / 800000
generated: 47200 / 800000
generated: 47213 / 800000
generated: 47219 / 800000
generated: 47226 / 800000
generated: 47234 / 800000
generated: 47248 / 800000
generated: 47257 / 800000
generated: 47267 / 800000
generated: 47278 / 800000
generated: 47288 / 800000
generated: 47299 / 800000
generated: 47309 / 800000
generated: 47328 / 800000
generated: 47342 / 800000
generated: 47351 / 800000
generated: 47359 / 800000
generated: 47373 / 800000
generated: 47383 / 800000
generated: 47390 / 800000
generated: 47404 / 800000
generated: 47410 / 800000
generated: 47421 / 800000
generated: 47430 / 800000
generated: 47436 / 800000
generated: 47442 / 800000
generated: 47447 / 800000
generated: 47461 / 800000
generated: 47473 / 800000
generated: 47485 / 800000
generated: 47495 / 800000
generated: 47507 / 800000
generated: 47515 / 800000
generated: 47526 / 800000
generated: 47538 / 800000
generated: 47554 / 800000
generated: 47570 / 800000
generated: 47582 / 800000
generated: 47591 / 800000
generated: 47597 / 800000
generated: 47611 / 800000
generated: 47629 / 800000
generated: 47636 / 800000
generated: 47648 / 800000
generated: 47657 / 800000
generated: 47671 / 800000
generated: 47682 / 800000
generated: 47686 / 800000
generated: 47691 / 800000
generated: 47703 / 800000
generated: 47710 / 800000
generated: 47722 / 800000
generated: 47732 / 800000
generated: 47743 / 800000
generated: 47751 / 800000
generated: 47760 / 800000
generated: 47770 / 800000
generated: 47779 / 800000
generated: 47793 / 800000
generated: 47810 / 800000
generated: 47820 / 800000
generated: 47835 / 800000
generated: 47849 / 800000
generated: 47862 / 800000
generated: 47870 / 800000
generated: 47882 / 800000
generated: 47891 / 800000
generated: 47903 / 800000
generated: 47913 / 800000
generated: 47931 / 800000
generated: 47943 / 800000
generated: 47954 / 800000
generated: 47965 / 800000
generated: 47972 / 800000
generated: 47982 / 800000
generated: 47992 / 800000
generated: 48000 / 800000
generated: 48013 / 800000
generated: 48022 / 800000
generated: 48031 / 800000
generated: 48042 / 800000
generated: 48054 / 800000
generated: 48060 / 800000
generated: 48071 / 800000
generated: 48084 / 800000
generated: 48092 / 800000
generated: 48105 / 800000
generated: 48118 / 800000
generated: 48126 / 800000
generated: 48144 / 800000
generated: 48158 / 800000
generated: 48166 / 800000
generated: 48181 / 800000
generated: 48189 / 800000
generated: 48197 / 800000
generated: 48213 / 800000
generated: 48225 / 800000
generated: 48243 / 800000
generated: 48255 / 800000
generated: 48264 / 800000
generated: 48276 / 800000
generated: 48284 / 800000
generated: 48296 / 800000
generated: 48309 / 800000
generated: 48315 / 800000
generated: 48326 / 800000
generated: 48333 / 800000
generated: 48344 / 800000
generated: 48355 / 800000
generated: 48360 / 800000
generated: 48368 / 800000
generated: 48374 / 800000
generated: 48388 / 800000
generated: 48397 / 800000
generated: 48404 / 800000
generated: 48412 / 800000
generated: 48424 / 800000
generated: 48444 / 800000
generated: 48458 / 800000
generated: 48470 / 800000
generated: 48484 / 800000
generated: 48500 / 800000
generated: 48513 / 800000
generated: 48525 / 800000
generated: 48534 / 800000
generated: 48549 / 800000
generated: 48557 / 800000
generated: 48562 / 800000
generated: 48573 / 800000
generated: 48587 / 800000
generated: 48595 / 800000
generated: 48604 / 800000
generated: 48618 / 800000
generated: 48629 / 800000
generated: 48638 / 800000
generated: 48643 / 800000
generated: 48652 / 800000
generated: 48660 / 800000
generated: 48668 / 800000
generated: 48675 / 800000
generated: 48681 / 800000
generated: 48691 / 800000
generated: 48704 / 800000
generated: 48712 / 800000
generated: 48722 / 800000
generated: 48731 / 800000
generated: 48742 / 800000
generated: 48752 / 800000
generated: 48766 / 800000
generated: 48780 / 800000
generated: 48790 / 800000
generated: 48808 / 800000
generated: 48814 / 800000
generated: 48820 / 800000
generated: 48836 / 800000
generated: 48850 / 800000
generated: 48860 / 800000
generated: 48871 / 800000
generated: 48884 / 800000
generated: 48897 / 800000
generated: 48906 / 800000
generated: 48914 / 800000
generated: 48920 / 800000
generated: 48924 / 800000
generated: 48935 / 800000
generated: 48941 / 800000
generated: 48945 / 800000
generated: 48956 / 800000
generated: 48969 / 800000
generated: 48979 / 800000
generated: 48988 / 800000
generated: 48993 / 800000
generated: 49003 / 800000
generated: 49009 / 800000
generated: 49023 / 800000
generated: 49036 / 800000
generated: 49044 / 800000
generated: 49058 / 800000
generated: 49071 / 800000
generated: 49089 / 800000
generated: 49098 / 800000
generated: 49106 / 800000
generated: 49120 / 800000
generated: 49135 / 800000
generated: 49145 / 800000
generated: 49148 / 800000
generated: 49155 / 800000
generated: 49163 / 800000
generated: 49178 / 800000
generated: 49185 / 800000
generated: 49194 / 800000
generated: 49201 / 800000
generated: 49209 / 800000
generated: 49220 / 800000
generated: 49225 / 800000
generated: 49236 / 800000
generated: 49249 / 800000
generated: 49261 / 800000
generated: 49274 / 800000
generated: 49285 / 800000
generated: 49292 / 800000
generated: 49301 / 800000
generated: 49312 / 800000
generated: 49323 / 800000
generated: 49330 / 800000
generated: 49337 / 800000
generated: 49347 / 800000
generated: 49355 / 800000
generated: 49372 / 800000
generated: 49387 / 800000
generated: 49401 / 800000
generated: 49407 / 800000
generated: 49420 / 800000
generated: 49431 / 800000
generated: 49444 / 800000
generated: 49460 / 800000
generated: 49472 / 800000
generated: 49483 / 800000
generated: 49491 / 800000
generated: 49501 / 800000
generated: 49513 / 800000
generated: 49521 / 800000
generated: 49535 / 800000
generated: 49545 / 800000
generated: 49558 / 800000
generated: 49566 / 800000
generated: 49571 / 800000
generated: 49581 / 800000
generated: 49595 / 800000
generated: 49607 / 800000
generated: 49618 / 800000
generated: 49629 / 800000
generated: 49633 / 800000
generated: 49649 / 800000
generated: 49662 / 800000
generated: 49680 / 800000
generated: 49693 / 800000
generated: 49705 / 800000
generated: 49719 / 800000
generated: 49728 / 800000
generated: 49741 / 800000
generated: 49747 / 800000
generated: 49755 / 800000
generated: 49765 / 800000
generated: 49777 / 800000
generated: 49782 / 800000
generated: 49789 / 800000
generated: 49799 / 800000
generated: 49810 / 800000
generated: 49818 / 800000
generated: 49833 / 800000
generated: 49851 / 800000
generated: 49864 / 800000
generated: 49874 / 800000
generated: 49882 / 800000
generated: 49893 / 800000
generated: 49900 / 800000
generated: 49907 / 800000
generated: 49918 / 800000
generated: 49931 / 800000
generated: 49937 / 800000
generated: 49945 / 800000
generated: 49958 / 800000
generated: 49965 / 800000
generated: 49973 / 800000
generated: 49986 / 800000
generated: 49996 / 800000
generated: 50010 / 800000
generated: 50021 / 800000
generated: 50034 / 800000
generated: 50044 / 800000
generated: 50052 / 800000
generated: 50063 / 800000
generated: 50073 / 800000
generated: 50083 / 800000
generated: 50097 / 800000
generated: 50105 / 800000
generated: 50116 / 800000
generated: 50123 / 800000
generated: 50132 / 800000
generated: 50147 / 800000
generated: 50158 / 800000
generated: 50169 / 800000
generated: 50180 / 800000
generated: 50190 / 800000
generated: 50202 / 800000
generated: 50217 / 800000
generated: 50233 / 800000
generated: 50241 / 800000
generated: 50253 / 800000
generated: 50260 / 800000
generated: 50273 / 800000
generated: 50290 / 800000
generated: 50298 / 800000
generated: 50310 / 800000
generated: 50327 / 800000
generated: 50341 / 800000
generated: 50355 / 800000
generated: 50364 / 800000
generated: 50376 / 800000
generated: 50389 / 800000
generated: 50398 / 800000
generated: 50408 / 800000
generated: 50423 / 800000
generated: 50432 / 800000
generated: 50443 / 800000
generated: 50458 / 800000
generated: 50463 / 800000
generated: 50474 / 800000
generated: 50483 / 800000
generated: 50501 / 800000
generated: 50514 / 800000
generated: 50525 / 800000
generated: 50534 / 800000
generated: 50547 / 800000
generated: 50560 / 800000
generated: 50566 / 800000
generated: 50579 / 800000
generated: 50595 / 800000
generated: 50608 / 800000
generated: 50616 / 800000
generated: 50627 / 800000
generated: 50636 / 800000
generated: 50643 / 800000
generated: 50653 / 800000
generated: 50667 / 800000
generated: 50674 / 800000
generated: 50687 / 800000
generated: 50697 / 800000
generated: 50703 / 800000
generated: 50725 / 800000
generated: 50736 / 800000
generated: 50745 / 800000
generated: 50757 / 800000
generated: 50765 / 800000
generated: 50774 / 800000
generated: 50788 / 800000
generated: 50798 / 800000
generated: 50805 / 800000
generated: 50818 / 800000
generated: 50826 / 800000
generated: 50831 / 800000
generated: 50839 / 800000
generated: 50855 / 800000
generated: 50862 / 800000
generated: 50877 / 800000
generated: 50890 / 800000
generated: 50902 / 800000
generated: 50913 / 800000
generated: 50921 / 800000
generated: 50932 / 800000
generated: 50944 / 800000
generated: 50955 / 800000
generated: 50966 / 800000
generated: 50978 / 800000
generated: 50988 / 800000
generated: 51000 / 800000
generated: 51011 / 800000
generated: 51024 / 800000
generated: 51033 / 800000
generated: 51049 / 800000
generated: 51061 / 800000
generated: 51067 / 800000
generated: 51083 / 800000
generated: 51091 / 800000
generated: 51102 / 800000
generated: 51110 / 800000
generated: 51119 / 800000
generated: 51130 / 800000
generated: 51139 / 800000
generated: 51149 / 800000
generated: 51161 / 800000
generated: 51165 / 800000
generated: 51173 / 800000
generated: 51185 / 800000
generated: 51197 / 800000
generated: 51204 / 800000
generated: 51222 / 800000
generated: 51237 / 800000
generated: 51245 / 800000
generated: 51254 / 800000
generated: 51262 / 800000
generated: 51268 / 800000
generated: 51277 / 800000
generated: 51289 / 800000
generated: 51303 / 800000
generated: 51314 / 800000
generated: 51324 / 800000
generated: 51332 / 800000
generated: 51348 / 800000
generated: 51357 / 800000
generated: 51365 / 800000
generated: 51371 / 800000
generated: 51380 / 800000
generated: 51390 / 800000
generated: 51397 / 800000
generated: 51412 / 800000
generated: 51424 / 800000
generated: 51435 / 800000
generated: 51440 / 800000
generated: 51447 / 800000
generated: 51456 / 800000
generated: 51464 / 800000
generated: 51473 / 800000
generated: 51483 / 800000
generated: 51490 / 800000
generated: 51504 / 800000
generated: 51518 / 800000
generated: 51532 / 800000
generated: 51537 / 800000
generated: 51548 / 800000
generated: 51558 / 800000
generated: 51573 / 800000
generated: 51584 / 800000
generated: 51596 / 800000
generated: 51601 / 800000
generated: 51616 / 800000
generated: 51625 / 800000
generated: 51635 / 800000
generated: 51647 / 800000
generated: 51655 / 800000
generated: 51669 / 800000
generated: 51678 / 800000
generated: 51689 / 800000
generated: 51701 / 800000
generated: 51719 / 800000
generated: 51726 / 800000
generated: 51735 / 800000
generated: 51746 / 800000
generated: 51764 / 800000
generated: 51773 / 800000
generated: 51787 / 800000
generated: 51798 / 800000
generated: 51812 / 800000
generated: 51820 / 800000
generated: 51822 / 800000
generated: 51833 / 800000
generated: 51840 / 800000
generated: 51849 / 800000
generated: 51859 / 800000
generated: 51871 / 800000
generated: 51885 / 800000
generated: 51891 / 800000
generated: 51901 / 800000
generated: 51910 / 800000
generated: 51922 / 800000
generated: 51927 / 800000
generated: 51938 / 800000
generated: 51950 / 800000
generated: 51958 / 800000
generated: 51963 / 800000
generated: 51977 / 800000
generated: 51989 / 800000
generated: 52002 / 800000
generated: 52015 / 800000
generated: 52023 / 800000
generated: 52036 / 800000
generated: 52043 / 800000
generated: 52057 / 800000
generated: 52070 / 800000
generated: 52078 / 800000
generated: 52086 / 800000
generated: 52095 / 800000
generated: 52106 / 800000
generated: 52119 / 800000
generated: 52135 / 800000
generated: 52145 / 800000
generated: 52155 / 800000
generated: 52162 / 800000
generated: 52172 / 800000
generated: 52178 / 800000
generated: 52194 / 800000
generated: 52208 / 800000
generated: 52216 / 800000
generated: 52228 / 800000
generated: 52238 / 800000
generated: 52249 / 800000
generated: 52253 / 800000
generated: 52265 / 800000
generated: 52275 / 800000
generated: 52284 / 800000
generated: 52292 / 800000
generated: 52299 / 800000
generated: 52310 / 800000
generated: 52320 / 800000
generated: 52327 / 800000
generated: 52345 / 800000
generated: 52350 / 800000
generated: 52361 / 800000
generated: 52374 / 800000
generated: 52387 / 800000
generated: 52397 / 800000
generated: 52409 / 800000
generated: 52421 / 800000
generated: 52432 / 800000
generated: 52445 / 800000
generated: 52452 / 800000
generated: 52468 / 800000
generated: 52478 / 800000
generated: 52489 / 800000
generated: 52496 / 800000
generated: 52509 / 800000
generated: 52524 / 800000
generated: 52533 / 800000
generated: 52545 / 800000
generated: 52558 / 800000
generated: 52569 / 800000
generated: 52574 / 800000
generated: 52580 / 800000
generated: 52588 / 800000
generated: 52604 / 800000
generated: 52613 / 800000
generated: 52618 / 800000
generated: 52624 / 800000
generated: 52635 / 800000
generated: 52645 / 800000
generated: 52655 / 800000
generated: 52669 / 800000
generated: 52682 / 800000
generated: 52694 / 800000
generated: 52703 / 800000
generated: 52718 / 800000
generated: 52728 / 800000
generated: 52734 / 800000
generated: 52746 / 800000
generated: 52754 / 800000
generated: 52768 / 800000
generated: 52776 / 800000
generated: 52787 / 800000
generated: 52793 / 800000
generated: 52809 / 800000
generated: 52824 / 800000
generated: 52835 / 800000
generated: 52843 / 800000
generated: 52852 / 800000
generated: 52865 / 800000
generated: 52873 / 800000
generated: 52882 / 800000
generated: 52892 / 800000
generated: 52901 / 800000
generated: 52916 / 800000
generated: 52929 / 800000
generated: 52942 / 800000
generated: 52953 / 800000
generated: 52961 / 800000
generated: 52971 / 800000
generated: 52982 / 800000
generated: 52993 / 800000
generated: 53009 / 800000
generated: 53017 / 800000
generated: 53029 / 800000
generated: 53040 / 800000
generated: 53055 / 800000
generated: 53066 / 800000
generated: 53080 / 800000
generated: 53091 / 800000
generated: 53101 / 800000
generated: 53111 / 800000
generated: 53119 / 800000
generated: 53127 / 800000
generated: 53135 / 800000
generated: 53148 / 800000
generated: 53161 / 800000
generated: 53167 / 800000
generated: 53177 / 800000
generated: 53188 / 800000
generated: 53196 / 800000
generated: 53203 / 800000
generated: 53215 / 800000
generated: 53223 / 800000
generated: 53236 / 800000
generated: 53249 / 800000
generated: 53259 / 800000
generated: 53270 / 800000
generated: 53272 / 800000
generated: 53282 / 800000
generated: 53289 / 800000
generated: 53301 / 800000
generated: 53309 / 800000
generated: 53325 / 800000
generated: 53338 / 800000
generated: 53346 / 800000
generated: 53354 / 800000
generated: 53368 / 800000
generated: 53379 / 800000
generated: 53388 / 800000
generated: 53399 / 800000
generated: 53408 / 800000
generated: 53421 / 800000
generated: 53434 / 800000
generated: 53445 / 800000
generated: 53455 / 800000
generated: 53464 / 800000
generated: 53477 / 800000
generated: 53493 / 800000
generated: 53505 / 800000
generated: 53514 / 800000
generated: 53523 / 800000
generated: 53535 / 800000
generated: 53546 / 800000
generated: 53557 / 800000
generated: 53566 / 800000
generated: 53574 / 800000
generated: 53583 / 800000
generated: 53590 / 800000
generated: 53599 / 800000
generated: 53611 / 800000
generated: 53621 / 800000
generated: 53629 / 800000
generated: 53637 / 800000
generated: 53648 / 800000
generated: 53657 / 800000
generated: 53663 / 800000
generated: 53674 / 800000
generated: 53684 / 800000
generated: 53694 / 800000
generated: 53704 / 800000
generated: 53710 / 800000
generated: 53723 / 800000
generated: 53740 / 800000
generated: 53753 / 800000
generated: 53765 / 800000
generated: 53782 / 800000
generated: 53791 / 800000
generated: 53797 / 800000
generated: 53809 / 800000
generated: 53820 / 800000
generated: 53834 / 800000
generated: 53844 / 800000
generated: 53860 / 800000
generated: 53875 / 800000
generated: 53881 / 800000
generated: 53890 / 800000
generated: 53902 / 800000
generated: 53909 / 800000
generated: 53914 / 800000
generated: 53925 / 800000
generated: 53934 / 800000
generated: 53946 / 800000
generated: 53957 / 800000
generated: 53971 / 800000
generated: 53982 / 800000
generated: 53993 / 800000
generated: 54000 / 800000
generated: 54011 / 800000
generated: 54027 / 800000
generated: 54042 / 800000
generated: 54057 / 800000
generated: 54063 / 800000
generated: 54068 / 800000
generated: 54081 / 800000
generated: 54097 / 800000
generated: 54107 / 800000
generated: 54120 / 800000
generated: 54127 / 800000
generated: 54136 / 800000
generated: 54145 / 800000
generated: 54155 / 800000
generated: 54166 / 800000
generated: 54175 / 800000
generated: 54185 / 800000
generated: 54198 / 800000
generated: 54213 / 800000
generated: 54221 / 800000
generated: 54227 / 800000
generated: 54239 / 800000
generated: 54247 / 800000
generated: 54253 / 800000
generated: 54264 / 800000
generated: 54275 / 800000
generated: 54279 / 800000
