[load_obj] 'datasets/3dshape/4shape3d.obj': 1 objects/groups
  [0] 'Body4'  (36 triangles)
[load_obj] 'datasets/3dshape/env1.obj': 5 objects/groups
  [0] 'Body2'  (12 triangles)
  [1] 'Body3'  (12 triangles)
  [2] 'Body4'  (12 triangles)
  [3] 'Body5'  (12 triangles)
  [4] 'wall (2)'  (12 triangles)
shape       : datasets/3dshape/4shape3d.obj  (20 verts, 30 tets, radius 0.1654)
environment : datasets/3dshape/env1.obj  (60 tris, 50000 collision points)
bounds      : low [-0.475, -0.3329, -0.5]  high [0.475, 0.3329, 0.5]
test cases  : 1000 from testing_data/3dshape/4shape3d_env1/sampled_points.npy
planner     : LazyPRM  (time limit 30.0s per case, resolution 0.005, roadmap cleared per case)

[000] PASS  time=  2.881s  status=Exact solution     len=  5.719  endpoints_valid=True  collision=False  over_limit=False
[001] FAIL  time= 30.042s  status=Timeout            len=    nan  endpoints_valid=True  collision=False  over_limit=True
[002] PASS  time=  3.457s  status=Exact solution     len=  9.447  endpoints_valid=True  collision=False  over_limit=False
[003] PASS  time=  8.884s  status=Exact solution     len=  7.169  endpoints_valid=True  collision=False  over_limit=False
[004] PASS  time= 11.332s  status=Exact solution     len= 13.960  endpoints_valid=True  collision=False  over_limit=False
[005] PASS  time= 17.768s  status=Exact solution     len= 13.858  endpoints_valid=True  collision=False  over_limit=False
[006] PASS  time= 17.744s  status=Exact solution     len=  6.383  endpoints_valid=True  collision=False  over_limit=False
[007] PASS  time= 25.605s  status=Exact solution     len=  8.879  endpoints_valid=True  collision=False  over_limit=False
[008] PASS  time=  6.242s  status=Exact solution     len=  5.239  endpoints_valid=True  collision=False  over_limit=False
[009] PASS  time=  5.905s  status=Exact solution     len=  4.646  endpoints_valid=True  collision=False  over_limit=False
[010] PASS  time= 22.941s  status=Exact solution     len= 15.517  endpoints_valid=True  collision=False  over_limit=False
[011] PASS  time=  2.017s  status=Exact solution     len=  2.739  endpoints_valid=True  collision=False  over_limit=False
[012] PASS  time= 12.257s  status=Exact solution     len= 10.218  endpoints_valid=True  collision=False  over_limit=False
[013] PASS  time=  1.733s  status=Exact solution     len=  2.003  endpoints_valid=True  collision=False  over_limit=False
[014] PASS  time=  3.874s  status=Exact solution     len=  8.088  endpoints_valid=True  collision=False  over_limit=False
[015] PASS  time= 11.357s  status=Exact solution     len=  8.528  endpoints_valid=True  collision=False  over_limit=False
[016] PASS  time= 10.915s  status=Exact solution     len=  3.094  endpoints_valid=True  collision=False  over_limit=False
[017] PASS  time=  7.451s  status=Exact solution     len=  7.137  endpoints_valid=True  collision=False  over_limit=False
[018] PASS  time= 10.997s  status=Exact solution     len=  9.978  endpoints_valid=True  collision=False  over_limit=False
[019] PASS  time=  7.365s  status=Exact solution     len=  8.768  endpoints_valid=True  collision=False  over_limit=False
[020] PASS  time= 21.804s  status=Exact solution     len=  7.823  endpoints_valid=True  collision=False  over_limit=False
[021] PASS  time= 21.135s  status=Exact solution     len=  5.675  endpoints_valid=True  collision=False  over_limit=False
[022] PASS  time= 20.030s  status=Exact solution     len=  9.321  endpoints_valid=True  collision=False  over_limit=False
[023] PASS  time=  7.919s  status=Exact solution     len=  8.050  endpoints_valid=True  collision=False  over_limit=False
[024] PASS  time=  0.744s  status=Exact solution     len=  1.720  endpoints_valid=True  collision=False  over_limit=False
[025] PASS  time=  3.458s  status=Exact solution     len=  3.089  endpoints_valid=True  collision=False  over_limit=False
[026] PASS  time= 20.199s  status=Exact solution     len= 21.930  endpoints_valid=True  collision=False  over_limit=False
[027] PASS  time=  2.402s  status=Exact solution     len=  2.195  endpoints_valid=True  collision=False  over_limit=False
[028] PASS  time=  9.880s  status=Exact solution     len=  7.913  endpoints_valid=True  collision=False  over_limit=False
[029] PASS  time=  4.987s  status=Exact solution     len=  8.884  endpoints_valid=True  collision=False  over_limit=False
[030] PASS  time=  5.426s  status=Exact solution     len=  8.955  endpoints_valid=True  collision=False  over_limit=False
[031] PASS  time= 10.623s  status=Exact solution     len=  8.029  endpoints_valid=True  collision=False  over_limit=False
[032] PASS  time= 18.032s  status=Exact solution     len= 11.713  endpoints_valid=True  collision=False  over_limit=False
[033] PASS  time=  2.506s  status=Exact solution     len=  4.080  endpoints_valid=True  collision=False  over_limit=False
[034] PASS  time=  3.159s  status=Exact solution     len=  6.191  endpoints_valid=True  collision=False  over_limit=False
[035] PASS  time=  2.748s  status=Exact solution     len=  4.428  endpoints_valid=True  collision=False  over_limit=False
[036] PASS  time=  8.853s  status=Exact solution     len= 12.261  endpoints_valid=True  collision=False  over_limit=False
[037] PASS  time= 12.140s  status=Exact solution     len=  9.387  endpoints_valid=True  collision=False  over_limit=False
[038] PASS  time=  0.083s  status=Exact solution     len=  0.497  endpoints_valid=True  collision=False  over_limit=False
[039] PASS  time=  7.008s  status=Exact solution     len=  6.214  endpoints_valid=True  collision=False  over_limit=False
[040] PASS  time= 16.135s  status=Exact solution     len=  8.666  endpoints_valid=True  collision=False  over_limit=False
[041] PASS  time= 16.303s  status=Exact solution     len= 24.659  endpoints_valid=True  collision=False  over_limit=False
[042] PASS  time= 10.291s  status=Exact solution     len=  8.465  endpoints_valid=True  collision=False  over_limit=False
[043] PASS  time=  6.499s  status=Exact solution     len=  6.819  endpoints_valid=True  collision=False  over_limit=False
[044] PASS  time= 15.385s  status=Exact solution     len=  6.431  endpoints_valid=True  collision=False  over_limit=False
[045] PASS  time= 17.921s  status=Exact solution     len= 15.886  endpoints_valid=True  collision=False  over_limit=False
[046] PASS  time=  4.811s  status=Exact solution     len=  4.615  endpoints_valid=True  collision=False  over_limit=False
[047] PASS  time= 15.106s  status=Exact solution     len=  7.532  endpoints_valid=True  collision=False  over_limit=False
[048] PASS  time=  2.254s  status=Exact solution     len=  4.001  endpoints_valid=True  collision=False  over_limit=False
[049] PASS  time=  7.607s  status=Exact solution     len=  7.751  endpoints_valid=True  collision=False  over_limit=False
[050] PASS  time=  0.127s  status=Exact solution     len=  0.548  endpoints_valid=True  collision=False  over_limit=False
[051] PASS  time=  1.050s  status=Exact solution     len=  2.788  endpoints_valid=True  collision=False  over_limit=False
[052] PASS  time=  4.668s  status=Exact solution     len=  8.870  endpoints_valid=True  collision=False  over_limit=False
[053] PASS  time= 28.883s  status=Exact solution     len= 11.000  endpoints_valid=True  collision=False  over_limit=False
[054] PASS  time=  8.549s  status=Exact solution     len=  8.358  endpoints_valid=True  collision=False  over_limit=False
[055] PASS  time=  5.704s  status=Exact solution     len=  2.445  endpoints_valid=True  collision=False  over_limit=False
[056] PASS  time=  2.556s  status=Exact solution     len=  3.442  endpoints_valid=True  collision=False  over_limit=False
[057] PASS  time=  3.896s  status=Exact solution     len=  9.336  endpoints_valid=True  collision=False  over_limit=False
[058] PASS  time= 10.734s  status=Exact solution     len=  8.917  endpoints_valid=True  collision=False  over_limit=False
[059] PASS  time=  1.962s  status=Exact solution     len=  4.260  endpoints_valid=True  collision=False  over_limit=False
[060] PASS  time=  4.692s  status=Exact solution     len=  5.419  endpoints_valid=True  collision=False  over_limit=False
[061] PASS  time= 11.119s  status=Exact solution     len= 10.917  endpoints_valid=True  collision=False  over_limit=False
[062] PASS  time=  7.799s  status=Exact solution     len= 10.969  endpoints_valid=True  collision=False  over_limit=False
[063] PASS  time=  9.234s  status=Exact solution     len=  7.307  endpoints_valid=True  collision=False  over_limit=False
[064] PASS  time= 15.171s  status=Exact solution     len= 12.841  endpoints_valid=True  collision=False  over_limit=False
[065] PASS  time=  6.751s  status=Exact solution     len=  4.403  endpoints_valid=True  collision=False  over_limit=False
[066] PASS  time=  8.022s  status=Exact solution     len= 12.801  endpoints_valid=True  collision=False  over_limit=False
[067] PASS  time=  0.789s  status=Exact solution     len=  1.594  endpoints_valid=True  collision=False  over_limit=False
[068] PASS  time=  1.062s  status=Exact solution     len=  3.748  endpoints_valid=True  collision=False  over_limit=False
[069] PASS  time= 14.385s  status=Exact solution     len=  8.609  endpoints_valid=True  collision=False  over_limit=False
[070] PASS  time= 11.462s  status=Exact solution     len=  8.237  endpoints_valid=True  collision=False  over_limit=False
[071] PASS  time=  4.126s  status=Exact solution     len=  3.555  endpoints_valid=True  collision=False  over_limit=False
[072] PASS  time=  8.038s  status=Exact solution     len= 10.413  endpoints_valid=True  collision=False  over_limit=False
[073] PASS  time=  3.713s  status=Exact solution     len=  9.423  endpoints_valid=True  collision=False  over_limit=False
[074] PASS  time=  9.844s  status=Exact solution     len=  9.591  endpoints_valid=True  collision=False  over_limit=False
[075] PASS  time=  8.681s  status=Exact solution     len= 11.502  endpoints_valid=True  collision=False  over_limit=False
[076] PASS  time= 26.287s  status=Exact solution     len= 20.698  endpoints_valid=True  collision=False  over_limit=False
[077] PASS  time=  5.152s  status=Exact solution     len=  9.713  endpoints_valid=True  collision=False  over_limit=False
[078] PASS  time= 23.261s  status=Exact solution     len=  6.391  endpoints_valid=True  collision=False  over_limit=False
[079] PASS  time=  4.595s  status=Exact solution     len=  1.986  endpoints_valid=True  collision=False  over_limit=False
[080] PASS  time= 19.763s  status=Exact solution     len=  7.021  endpoints_valid=True  collision=False  over_limit=False
[081] PASS  time= 22.557s  status=Exact solution     len=  9.724  endpoints_valid=True  collision=False  over_limit=False
[082] FAIL  time= 30.129s  status=Timeout            len=    nan  endpoints_valid=True  collision=False  over_limit=True
[083] PASS  time=  7.891s  status=Exact solution     len=  6.222  endpoints_valid=True  collision=False  over_limit=False
[084] PASS  time= 11.716s  status=Exact solution     len=  7.408  endpoints_valid=True  collision=False  over_limit=False
[085] PASS  time=  7.782s  status=Exact solution     len=  5.623  endpoints_valid=True  collision=False  over_limit=False
[086] PASS  time=  0.062s  status=Exact solution     len=  0.356  endpoints_valid=True  collision=False  over_limit=False
[087] PASS  time= 12.564s  status=Exact solution     len= 13.333  endpoints_valid=True  collision=False  over_limit=False
[088] PASS  time= 11.195s  status=Exact solution     len= 11.918  endpoints_valid=True  collision=False  over_limit=False
[089] PASS  time= 10.225s  status=Exact solution     len=  6.158  endpoints_valid=True  collision=False  over_limit=False
[090] PASS  time= 12.369s  status=Exact solution     len=  5.226  endpoints_valid=True  collision=False  over_limit=False
[091] PASS  time= 24.677s  status=Exact solution     len=  6.598  endpoints_valid=True  collision=False  over_limit=False
[092] PASS  time=  4.156s  status=Exact solution     len=  6.979  endpoints_valid=True  collision=False  over_limit=False
[093] PASS  time= 10.929s  status=Exact solution     len= 10.251  endpoints_valid=True  collision=False  over_limit=False
[094] PASS  time=  4.216s  status=Exact solution     len=  5.670  endpoints_valid=True  collision=False  over_limit=False
[095] PASS  time= 16.497s  status=Exact solution     len= 10.011  endpoints_valid=True  collision=False  over_limit=False
[096] PASS  time=  8.604s  status=Exact solution     len= 10.641  endpoints_valid=True  collision=False  over_limit=False
[097] PASS  time=  0.542s  status=Exact solution     len=  2.188  endpoints_valid=True  collision=False  over_limit=False
[098] PASS  time= 10.003s  status=Exact solution     len=  5.534  endpoints_valid=True  collision=False  over_limit=False
[099] PASS  time=  7.487s  status=Exact solution     len=  5.076  endpoints_valid=True  collision=False  over_limit=False
[100] PASS  time= 10.776s  status=Exact solution     len=  7.145  endpoints_valid=True  collision=False  over_limit=False
[101] PASS  time=  4.053s  status=Exact solution     len=  2.247  endpoints_valid=True  collision=False  over_limit=False
[102] PASS  time=  0.850s  status=Exact solution     len=  3.116  endpoints_valid=True  collision=False  over_limit=False
[103] PASS  time= 12.239s  status=Exact solution     len=  7.077  endpoints_valid=True  collision=False  over_limit=False
[104] PASS  time= 21.128s  status=Exact solution     len=  3.825  endpoints_valid=True  collision=False  over_limit=False
[105] PASS  time=  2.087s  status=Exact solution     len=  3.201  endpoints_valid=True  collision=False  over_limit=False
[106] PASS  time= 15.198s  status=Exact solution     len=  7.540  endpoints_valid=True  collision=False  over_limit=False
[107] PASS  time= 11.378s  status=Exact solution     len=  8.560  endpoints_valid=True  collision=False  over_limit=False
[108] PASS  time= 18.189s  status=Exact solution     len= 11.320  endpoints_valid=True  collision=False  over_limit=False
[109] PASS  time= 25.246s  status=Exact solution     len= 18.374  endpoints_valid=True  collision=False  over_limit=False
[110] PASS  time= 10.361s  status=Exact solution     len= 11.013  endpoints_valid=True  collision=False  over_limit=False
[111] FAIL  time= 30.041s  status=Timeout            len=    nan  endpoints_valid=True  collision=False  over_limit=True
[112] PASS  time= 16.512s  status=Exact solution     len= 11.476  endpoints_valid=True  collision=False  over_limit=False
[113] PASS  time=  7.467s  status=Exact solution     len= 12.155  endpoints_valid=True  collision=False  over_limit=False
[114] PASS  time=  0.131s  status=Exact solution     len=  0.581  endpoints_valid=True  collision=False  over_limit=False
[115] PASS  time=  7.011s  status=Exact solution     len=  7.452  endpoints_valid=True  collision=False  over_limit=False
[116] PASS  time= 16.182s  status=Exact solution     len=  7.971  endpoints_valid=True  collision=False  over_limit=False
[117] PASS  time=  9.824s  status=Exact solution     len= 13.278  endpoints_valid=True  collision=False  over_limit=False
[118] PASS  time=  1.876s  status=Exact solution     len=  4.802  endpoints_valid=True  collision=False  over_limit=False
[119] PASS  time=  2.303s  status=Exact solution     len=  2.646  endpoints_valid=True  collision=False  over_limit=False
[120] PASS  time=  5.490s  status=Exact solution     len=  3.339  endpoints_valid=True  collision=False  over_limit=False
[121] PASS  time= 12.455s  status=Exact solution     len=  9.710  endpoints_valid=True  collision=False  over_limit=False
[122] PASS  time=  0.182s  status=Exact solution     len=  0.523  endpoints_valid=True  collision=False  over_limit=False
[123] PASS  time=  5.042s  status=Exact solution     len=  7.404  endpoints_valid=True  collision=False  over_limit=False
[124] PASS  time=  4.935s  status=Exact solution     len=  7.465  endpoints_valid=True  collision=False  over_limit=False
[125] PASS  time=  4.466s  status=Exact solution     len=  5.794  endpoints_valid=True  collision=False  over_limit=False
[126] PASS  time=  4.368s  status=Exact solution     len=  7.320  endpoints_valid=True  collision=False  over_limit=False
[127] PASS  time=  7.627s  status=Exact solution     len= 11.406  endpoints_valid=True  collision=False  over_limit=False
[128] PASS  time= 13.207s  status=Exact solution     len= 10.684  endpoints_valid=True  collision=False  over_limit=False
[129] PASS  time=  9.035s  status=Exact solution     len=  9.340  endpoints_valid=True  collision=False  over_limit=False
[130] PASS  time=  6.663s  status=Exact solution     len= 11.973  endpoints_valid=True  collision=False  over_limit=False
[131] PASS  time=  5.168s  status=Exact solution     len=  6.104  endpoints_valid=True  collision=False  over_limit=False
[132] PASS  time=  1.699s  status=Exact solution     len=  4.199  endpoints_valid=True  collision=False  over_limit=False
[133] PASS  time= 20.546s  status=Exact solution     len=  9.555  endpoints_valid=True  collision=False  over_limit=False
[134] PASS  time= 24.769s  status=Exact solution     len=  5.038  endpoints_valid=True  collision=False  over_limit=False
[135] PASS  time=  3.210s  status=Exact solution     len=  2.011  endpoints_valid=True  collision=False  over_limit=False
[136] PASS  time=  1.802s  status=Exact solution     len=  4.466  endpoints_valid=True  collision=False  over_limit=False
[137] PASS  time= 19.395s  status=Exact solution     len= 28.059  endpoints_valid=True  collision=False  over_limit=False
[138] PASS  time=  7.191s  status=Exact solution     len=  7.679  endpoints_valid=True  collision=False  over_limit=False
[139] PASS  time=  5.348s  status=Exact solution     len=  5.167  endpoints_valid=True  collision=False  over_limit=False
[140] PASS  time=  4.470s  status=Exact solution     len=  4.191  endpoints_valid=True  collision=False  over_limit=False
[141] PASS  time= 24.990s  status=Exact solution     len=  6.882  endpoints_valid=True  collision=False  over_limit=False
[142] PASS  time=  3.485s  status=Exact solution     len=  3.336  endpoints_valid=True  collision=False  over_limit=False
[143] PASS  time= 12.756s  status=Exact solution     len=  6.527  endpoints_valid=True  collision=False  over_limit=False
[144] PASS  time=  4.113s  status=Exact solution     len=  7.272  endpoints_valid=True  collision=False  over_limit=False
[145] PASS  time= 10.384s  status=Exact solution     len=  8.081  endpoints_valid=True  collision=False  over_limit=False
[146] PASS  time= 20.531s  status=Exact solution     len=  6.502  endpoints_valid=True  collision=False  over_limit=False
[147] PASS  time= 10.854s  status=Exact solution     len=  3.743  endpoints_valid=True  collision=False  over_limit=False
[148] PASS  time=  3.863s  status=Exact solution     len=  5.588  endpoints_valid=True  collision=False  over_limit=False
[149] PASS  time=  3.662s  status=Exact solution     len=  9.483  endpoints_valid=True  collision=False  over_limit=False
[150] PASS  time= 20.428s  status=Exact solution     len= 14.661  endpoints_valid=True  collision=False  over_limit=False
[151] PASS  time= 14.268s  status=Exact solution     len=  7.422  endpoints_valid=True  collision=False  over_limit=False
[152] PASS  time= 10.957s  status=Exact solution     len= 12.506  endpoints_valid=True  collision=False  over_limit=False
[153] PASS  time=  1.049s  status=Exact solution     len=  1.942  endpoints_valid=True  collision=False  over_limit=False
[154] PASS  time= 16.895s  status=Exact solution     len=  9.318  endpoints_valid=True  collision=False  over_limit=False
[155] PASS  time= 10.649s  status=Exact solution     len=  7.706  endpoints_valid=True  collision=False  over_limit=False
[156] PASS  time=  8.343s  status=Exact solution     len=  9.536  endpoints_valid=True  collision=False  over_limit=False
[157] PASS  time= 20.759s  status=Exact solution     len= 15.765  endpoints_valid=True  collision=False  over_limit=False
[158] PASS  time=  1.536s  status=Exact solution     len=  3.755  endpoints_valid=True  collision=False  over_limit=False
[159] PASS  time=  2.169s  status=Exact solution     len=  5.503  endpoints_valid=True  collision=False  over_limit=False
[160] PASS  time= 14.768s  status=Exact solution     len=  8.960  endpoints_valid=True  collision=False  over_limit=False
[161] PASS  time=  0.016s  status=Exact solution     len=  0.281  endpoints_valid=True  collision=False  over_limit=False
[162] PASS  time= 12.203s  status=Exact solution     len= 13.449  endpoints_valid=True  collision=False  over_limit=False
[163] PASS  time= 16.509s  status=Exact solution     len=  5.906  endpoints_valid=True  collision=False  over_limit=False
[164] PASS  time=  2.892s  status=Exact solution     len=  4.681  endpoints_valid=True  collision=False  over_limit=False
[165] PASS  time= 12.159s  status=Exact solution     len= 11.086  endpoints_valid=True  collision=False  over_limit=False
[166] PASS  time=  2.524s  status=Exact solution     len=  4.575  endpoints_valid=True  collision=False  over_limit=False
[167] PASS  time=  7.195s  status=Exact solution     len=  5.799  endpoints_valid=True  collision=False  over_limit=False
[168] PASS  time= 17.537s  status=Exact solution     len=  7.620  endpoints_valid=True  collision=False  over_limit=False
[169] PASS  time=  8.053s  status=Exact solution     len= 11.215  endpoints_valid=True  collision=False  over_limit=False
[170] PASS  time=  4.017s  status=Exact solution     len=  4.268  endpoints_valid=True  collision=False  over_limit=False
[171] PASS  time=  5.105s  status=Exact solution     len=  8.461  endpoints_valid=True  collision=False  over_limit=False
[172] PASS  time=  8.077s  status=Exact solution     len=  5.748  endpoints_valid=True  collision=False  over_limit=False
[173] PASS  time=  5.717s  status=Exact solution     len=  6.346  endpoints_valid=True  collision=False  over_limit=False
[174] PASS  time=  1.577s  status=Exact solution     len=  3.862  endpoints_valid=True  collision=False  over_limit=False
[175] PASS  time=  5.169s  status=Exact solution     len=  5.079  endpoints_valid=True  collision=False  over_limit=False
[176] PASS  time=  2.068s  status=Exact solution     len=  4.533  endpoints_valid=True  collision=False  over_limit=False
[177] PASS  time= 24.580s  status=Exact solution     len= 15.266  endpoints_valid=True  collision=False  over_limit=False
[178] PASS  time= 13.536s  status=Exact solution     len= 10.575  endpoints_valid=True  collision=False  over_limit=False
[179] PASS  time= 26.575s  status=Exact solution     len=  3.047  endpoints_valid=True  collision=False  over_limit=False
[180] PASS  time=  5.033s  status=Exact solution     len=  8.221  endpoints_valid=True  collision=False  over_limit=False
[181] PASS  time=  9.746s  status=Exact solution     len= 10.156  endpoints_valid=True  collision=False  over_limit=False
[182] PASS  time=  5.669s  status=Exact solution     len=  6.137  endpoints_valid=True  collision=False  over_limit=False
[183] PASS  time=  3.781s  status=Exact solution     len=  3.220  endpoints_valid=True  collision=False  over_limit=False
[184] PASS  time=  3.877s  status=Exact solution     len=  8.800  endpoints_valid=True  collision=False  over_limit=False
[185] PASS  time= 15.994s  status=Exact solution     len= 14.500  endpoints_valid=True  collision=False  over_limit=False
[186] PASS  time= 11.232s  status=Exact solution     len= 10.720  endpoints_valid=True  collision=False  over_limit=False
[187] PASS  time= 16.399s  status=Exact solution     len=  9.005  endpoints_valid=True  collision=False  over_limit=False
[188] PASS  time= 19.188s  status=Exact solution     len= 17.079  endpoints_valid=True  collision=False  over_limit=False
[189] PASS  time=  4.162s  status=Exact solution     len=  7.904  endpoints_valid=True  collision=False  over_limit=False
[190] PASS  time= 14.041s  status=Exact solution     len=  5.248  endpoints_valid=True  collision=False  over_limit=False
[191] PASS  time= 15.280s  status=Exact solution     len=  5.711  endpoints_valid=True  collision=False  over_limit=False
[192] PASS  time=  1.090s  status=Exact solution     len=  3.262  endpoints_valid=True  collision=False  over_limit=False
[193] PASS  time= 15.744s  status=Exact solution     len=  7.536  endpoints_valid=True  collision=False  over_limit=False
[194] PASS  time= 10.223s  status=Exact solution     len=  8.147  endpoints_valid=True  collision=False  over_limit=False
[195] PASS  time= 10.152s  status=Exact solution     len= 13.360  endpoints_valid=True  collision=False  over_limit=False
[196] PASS  time= 17.693s  status=Exact solution     len=  8.361  endpoints_valid=True  collision=False  over_limit=False
[197] PASS  time= 15.452s  status=Exact solution     len=  5.000  endpoints_valid=True  collision=False  over_limit=False
[198] PASS  time= 14.906s  status=Exact solution     len= 13.956  endpoints_valid=True  collision=False  over_limit=False
[199] PASS  time=  9.010s  status=Exact solution     len= 11.786  endpoints_valid=True  collision=False  over_limit=False
[200] PASS  time=  8.563s  status=Exact solution     len=  4.268  endpoints_valid=True  collision=False  over_limit=False
[201] PASS  time=  6.352s  status=Exact solution     len=  9.759  endpoints_valid=True  collision=False  over_limit=False
[202] PASS  time= 10.285s  status=Exact solution     len= 14.751  endpoints_valid=True  collision=False  over_limit=False
[203] PASS  time=  4.897s  status=Exact solution     len=  4.228  endpoints_valid=True  collision=False  over_limit=False
[204] PASS  time=  8.436s  status=Exact solution     len=  6.089  endpoints_valid=True  collision=False  over_limit=False
[205] PASS  time= 14.000s  status=Exact solution     len=  4.453  endpoints_valid=True  collision=False  over_limit=False
[206] PASS  time= 10.921s  status=Exact solution     len= 14.392  endpoints_valid=True  collision=False  over_limit=False
[207] PASS  time=  4.645s  status=Exact solution     len=  6.573  endpoints_valid=True  collision=False  over_limit=False
[208] PASS  time= 18.274s  status=Exact solution     len= 10.884  endpoints_valid=True  collision=False  over_limit=False
[209] PASS  time=  6.707s  status=Exact solution     len=  8.418  endpoints_valid=True  collision=False  over_limit=False
[210] PASS  time=  2.713s  status=Exact solution     len=  2.813  endpoints_valid=True  collision=False  over_limit=False
[211] PASS  time= 17.644s  status=Exact solution     len=  4.166  endpoints_valid=True  collision=False  over_limit=False
[212] PASS  time=  5.345s  status=Exact solution     len=  5.208  endpoints_valid=True  collision=False  over_limit=False
[213] PASS  time= 17.159s  status=Exact solution     len= 27.560  endpoints_valid=True  collision=False  over_limit=False
[214] PASS  time=  5.725s  status=Exact solution     len=  6.336  endpoints_valid=True  collision=False  over_limit=False
[215] PASS  time=  6.899s  status=Exact solution     len=  3.371  endpoints_valid=True  collision=False  over_limit=False
[216] PASS  time= 17.302s  status=Exact solution     len=  7.865  endpoints_valid=True  collision=False  over_limit=False
[217] PASS  time=  9.747s  status=Exact solution     len=  8.292  endpoints_valid=True  collision=False  over_limit=False
[218] PASS  time= 25.175s  status=Exact solution     len=  4.356  endpoints_valid=True  collision=False  over_limit=False
[219] PASS  time=  8.717s  status=Exact solution     len=  4.713  endpoints_valid=True  collision=False  over_limit=False
[220] PASS  time=  8.361s  status=Exact solution     len=  9.919  endpoints_valid=True  collision=False  over_limit=False
[221] PASS  time=  4.731s  status=Exact solution     len=  9.325  endpoints_valid=True  collision=False  over_limit=False
[222] PASS  time=  2.929s  status=Exact solution     len=  6.050  endpoints_valid=True  collision=False  over_limit=False
[223] PASS  time= 25.768s  status=Exact solution     len= 19.107  endpoints_valid=True  collision=False  over_limit=False
[224] PASS  time= 15.467s  status=Exact solution     len=  5.798  endpoints_valid=True  collision=False  over_limit=False
[225] PASS  time=  4.602s  status=Exact solution     len=  4.806  endpoints_valid=True  collision=False  over_limit=False
[226] PASS  time=  9.118s  status=Exact solution     len= 15.297  endpoints_valid=True  collision=False  over_limit=False
[227] PASS  time=  8.259s  status=Exact solution     len=  9.067  endpoints_valid=True  collision=False  over_limit=False
[228] PASS  time= 27.258s  status=Exact solution     len=  8.941  endpoints_valid=True  collision=False  over_limit=False
[229] PASS  time=  1.316s  status=Exact solution     len=  0.938  endpoints_valid=True  collision=False  over_limit=False
[230] PASS  time=  6.767s  status=Exact solution     len=  6.981  endpoints_valid=True  collision=False  over_limit=False
[231] PASS  time=  2.440s  status=Exact solution     len=  5.378  endpoints_valid=True  collision=False  over_limit=False
[232] PASS  time=  6.603s  status=Exact solution     len=  9.813  endpoints_valid=True  collision=False  over_limit=False
[233] PASS  time=  8.867s  status=Exact solution     len=  8.998  endpoints_valid=True  collision=False  over_limit=False
[234] PASS  time= 11.653s  status=Exact solution     len= 10.419  endpoints_valid=True  collision=False  over_limit=False
[235] PASS  time= 24.949s  status=Exact solution     len=  3.260  endpoints_valid=True  collision=False  over_limit=False
[236] PASS  time= 24.809s  status=Exact solution     len=  5.851  endpoints_valid=True  collision=False  over_limit=False
[237] PASS  time= 11.921s  status=Exact solution     len=  8.885  endpoints_valid=True  collision=False  over_limit=False
[238] PASS  time=  8.748s  status=Exact solution     len=  8.695  endpoints_valid=True  collision=False  over_limit=False
[239] PASS  time= 23.306s  status=Exact solution     len=  4.748  endpoints_valid=True  collision=False  over_limit=False
[240] PASS  time=  3.837s  status=Exact solution     len=  7.300  endpoints_valid=True  collision=False  over_limit=False
[241] FAIL  time= 30.136s  status=Timeout            len=    nan  endpoints_valid=True  collision=False  over_limit=True
[242] PASS  time= 22.542s  status=Exact solution     len=  5.828  endpoints_valid=True  collision=False  over_limit=False
[243] PASS  time= 17.513s  status=Exact solution     len=  6.984  endpoints_valid=True  collision=False  over_limit=False
[244] PASS  time=  1.635s  status=Exact solution     len=  6.229  endpoints_valid=True  collision=False  over_limit=False
[245] PASS  time= 20.136s  status=Exact solution     len=  7.126  endpoints_valid=True  collision=False  over_limit=False
[246] PASS  time= 12.558s  status=Exact solution     len= 12.797  endpoints_valid=True  collision=False  over_limit=False
[247] PASS  time=  8.942s  status=Exact solution     len=  3.211  endpoints_valid=True  collision=False  over_limit=False
[248] PASS  time=  3.334s  status=Exact solution     len=  3.515  endpoints_valid=True  collision=False  over_limit=False
[249] PASS  time=  4.641s  status=Exact solution     len=  6.398  endpoints_valid=True  collision=False  over_limit=False
[250] PASS  time=  8.915s  status=Exact solution     len=  9.567  endpoints_valid=True  collision=False  over_limit=False
[251] PASS  time=  0.872s  status=Exact solution     len=  0.997  endpoints_valid=True  collision=False  over_limit=False
[252] PASS  time= 19.972s  status=Exact solution     len=  7.050  endpoints_valid=True  collision=False  over_limit=False
[253] PASS  time=  2.443s  status=Exact solution     len=  3.583  endpoints_valid=True  collision=False  over_limit=False
[254] PASS  time=  4.468s  status=Exact solution     len=  6.126  endpoints_valid=True  collision=False  over_limit=False
[255] PASS  time= 16.838s  status=Exact solution     len=  7.396  endpoints_valid=True  collision=False  over_limit=False
[256] PASS  time= 14.950s  status=Exact solution     len=  9.963  endpoints_valid=True  collision=False  over_limit=False
[257] PASS  time=  8.388s  status=Exact solution     len= 10.377  endpoints_valid=True  collision=False  over_limit=False
[258] PASS  time=  5.531s  status=Exact solution     len=  5.259  endpoints_valid=True  collision=False  over_limit=False
[259] PASS  time= 29.987s  status=Exact solution     len=  7.816  endpoints_valid=True  collision=False  over_limit=False
[260] PASS  time= 24.235s  status=Exact solution     len=  5.727  endpoints_valid=True  collision=False  over_limit=False
[261] PASS  time=  3.822s  status=Exact solution     len=  5.060  endpoints_valid=True  collision=False  over_limit=False
[262] PASS  time=  8.640s  status=Exact solution     len= 10.148  endpoints_valid=True  collision=False  over_limit=False
[263] PASS  time= 14.079s  status=Exact solution     len=  7.386  endpoints_valid=True  collision=False  over_limit=False
[264] PASS  time= 26.339s  status=Exact solution     len=  7.942  endpoints_valid=True  collision=False  over_limit=False
[265] PASS  time=  9.346s  status=Exact solution     len= 13.163  endpoints_valid=True  collision=False  over_limit=False
[266] PASS  time=  3.618s  status=Exact solution     len=  3.876  endpoints_valid=True  collision=False  over_limit=False
[267] PASS  time=  0.120s  status=Exact solution     len=  0.420  endpoints_valid=True  collision=False  over_limit=False
[268] PASS  time= 23.467s  status=Exact solution     len=  2.997  endpoints_valid=True  collision=False  over_limit=False
[269] PASS  time= 18.904s  status=Exact solution     len=  6.870  endpoints_valid=True  collision=False  over_limit=False
[270] PASS  time= 11.426s  status=Exact solution     len=  9.523  endpoints_valid=True  collision=False  over_limit=False
[271] PASS  time=  0.070s  status=Exact solution     len=  0.452  endpoints_valid=True  collision=False  over_limit=False
[272] PASS  time= 25.319s  status=Exact solution     len= 14.647  endpoints_valid=True  collision=False  over_limit=False
[273] PASS  time=  5.198s  status=Exact solution     len=  7.760  endpoints_valid=True  collision=False  over_limit=False
[274] PASS  time=  8.864s  status=Exact solution     len=  9.485  endpoints_valid=True  collision=False  over_limit=False
[275] PASS  time= 11.808s  status=Exact solution     len= 13.530  endpoints_valid=True  collision=False  over_limit=False
[276] PASS  time= 15.314s  status=Exact solution     len=  0.903  endpoints_valid=True  collision=False  over_limit=False
[277] PASS  time= 11.659s  status=Exact solution     len= 17.910  endpoints_valid=True  collision=False  over_limit=False
[278] PASS  time=  9.265s  status=Exact solution     len= 12.655  endpoints_valid=True  collision=False  over_limit=False
[279] PASS  time=  8.442s  status=Exact solution     len=  3.144  endpoints_valid=True  collision=False  over_limit=False
[280] PASS  time= 14.638s  status=Exact solution     len= 10.308  endpoints_valid=True  collision=False  over_limit=False
[281] FAIL  time= 30.182s  status=Timeout            len=    nan  endpoints_valid=True  collision=False  over_limit=True
[282] PASS  time=  5.816s  status=Exact solution     len=  5.588  endpoints_valid=True  collision=False  over_limit=False
[283] PASS  time=  0.071s  status=Exact solution     len=  0.460  endpoints_valid=True  collision=False  over_limit=False
[284] PASS  time= 25.128s  status=Exact solution     len= 10.519  endpoints_valid=True  collision=False  over_limit=False
[285] PASS  time=  3.345s  status=Exact solution     len=  4.827  endpoints_valid=True  collision=False  over_limit=False
[286] PASS  time=  2.433s  status=Exact solution     len=  5.900  endpoints_valid=True  collision=False  over_limit=False
[287] PASS  time=  4.378s  status=Exact solution     len=  9.854  endpoints_valid=True  collision=False  over_limit=False
[288] PASS  time= 14.921s  status=Exact solution     len= 16.136  endpoints_valid=True  collision=False  over_limit=False
[289] PASS  time=  3.491s  status=Exact solution     len=  7.096  endpoints_valid=True  collision=False  over_limit=False
[290] PASS  time=  5.520s  status=Exact solution     len=  6.316  endpoints_valid=True  collision=False  over_limit=False
[291] PASS  time=  0.065s  status=Exact solution     len=  0.619  endpoints_valid=True  collision=False  over_limit=False
[292] PASS  time=  0.114s  status=Exact solution     len=  1.192  endpoints_valid=True  collision=False  over_limit=False
[293] PASS  time= 12.609s  status=Exact solution     len= 15.394  endpoints_valid=True  collision=False  over_limit=False
[294] PASS  time=  5.126s  status=Exact solution     len=  3.854  endpoints_valid=True  collision=False  over_limit=False
[295] PASS  time=  4.213s  status=Exact solution     len=  7.448  endpoints_valid=True  collision=False  over_limit=False
[296] PASS  time=  7.567s  status=Exact solution     len=  6.035  endpoints_valid=True  collision=False  over_limit=False
[297] PASS  time=  2.457s  status=Exact solution     len=  5.477  endpoints_valid=True  collision=False  over_limit=False
[298] PASS  time=  0.591s  status=Exact solution     len=  1.306  endpoints_valid=True  collision=False  over_limit=False
[299] PASS  time=  6.138s  status=Exact solution     len=  6.348  endpoints_valid=True  collision=False  over_limit=False
[300] PASS  time= 16.208s  status=Exact solution     len=  6.929  endpoints_valid=True  collision=False  over_limit=False
[301] PASS  time=  7.551s  status=Exact solution     len= 14.106  endpoints_valid=True  collision=False  over_limit=False
[302] PASS  time=  7.610s  status=Exact solution     len=  4.177  endpoints_valid=True  collision=False  over_limit=False
[303] FAIL  time= 30.564s  status=Timeout            len=    nan  endpoints_valid=True  collision=False  over_limit=True
[304] PASS  time= 10.359s  status=Exact solution     len=  9.792  endpoints_valid=True  collision=False  over_limit=False
[305] PASS  time= 16.587s  status=Exact solution     len=  5.898  endpoints_valid=True  collision=False  over_limit=False
[306] PASS  time=  0.333s  status=Exact solution     len=  1.068  endpoints_valid=True  collision=False  over_limit=False
[307] PASS  time=  0.525s  status=Exact solution     len=  0.806  endpoints_valid=True  collision=False  over_limit=False
[308] PASS  time= 16.041s  status=Exact solution     len=  8.168  endpoints_valid=True  collision=False  over_limit=False
[309] PASS  time=  2.261s  status=Exact solution     len=  3.750  endpoints_valid=True  collision=False  over_limit=False
[310] PASS  time=  4.227s  status=Exact solution     len=  1.697  endpoints_valid=True  collision=False  over_limit=False
[311] PASS  time= 11.909s  status=Exact solution     len= 13.945  endpoints_valid=True  collision=False  over_limit=False
[312] PASS  time= 19.200s  status=Exact solution     len=  7.090  endpoints_valid=True  collision=False  over_limit=False
[313] PASS  time= 28.262s  status=Exact solution     len=  5.712  endpoints_valid=True  collision=False  over_limit=False
[314] PASS  time= 11.962s  status=Exact solution     len= 13.525  endpoints_valid=True  collision=False  over_limit=False
[315] PASS  time=  6.420s  status=Exact solution     len=  4.667  endpoints_valid=True  collision=False  over_limit=False
[316] PASS  time=  6.327s  status=Exact solution     len=  8.735  endpoints_valid=True  collision=False  over_limit=False
[317] FAIL  time= 30.284s  status=Timeout            len=    nan  endpoints_valid=True  collision=False  over_limit=True
[318] FAIL  time= 30.134s  status=Timeout            len=    nan  endpoints_valid=True  collision=False  over_limit=True
[319] PASS  time=  4.650s  status=Exact solution     len=  6.167  endpoints_valid=True  collision=False  over_limit=False
[320] PASS  time=  8.928s  status=Exact solution     len=  9.512  endpoints_valid=True  collision=False  over_limit=False
[321] PASS  time=  9.011s  status=Exact solution     len=  8.819  endpoints_valid=True  collision=False  over_limit=False
[322] PASS  time=  4.393s  status=Exact solution     len=  6.740  endpoints_valid=True  collision=False  over_limit=False
[323] PASS  time= 17.206s  status=Exact solution     len= 15.667  endpoints_valid=True  collision=False  over_limit=False
[324] PASS  time=  7.054s  status=Exact solution     len=  4.184  endpoints_valid=True  collision=False  over_limit=False
[325] PASS  time=  5.021s  status=Exact solution     len=  5.482  endpoints_valid=True  collision=False  over_limit=False
[326] PASS  time= 17.627s  status=Exact solution     len= 16.222  endpoints_valid=True  collision=False  over_limit=False
[327] PASS  time=  9.783s  status=Exact solution     len=  8.251  endpoints_valid=True  collision=False  over_limit=False
[328] PASS  time=  0.080s  status=Exact solution     len=  0.347  endpoints_valid=True  collision=False  over_limit=False
[329] PASS  time=  5.841s  status=Exact solution     len=  2.043  endpoints_valid=True  collision=False  over_limit=False
[330] PASS  time=  0.060s  status=Exact solution     len=  0.423  endpoints_valid=True  collision=False  over_limit=False
[331] PASS  time= 18.836s  status=Exact solution     len=  6.233  endpoints_valid=True  collision=False  over_limit=False
[332] PASS  time=  5.723s  status=Exact solution     len=  8.175  endpoints_valid=True  collision=False  over_limit=False
[333] PASS  time=  7.810s  status=Exact solution     len=  5.480  endpoints_valid=True  collision=False  over_limit=False
[334] PASS  time=  9.665s  status=Exact solution     len= 10.942  endpoints_valid=True  collision=False  over_limit=False
[335] PASS  time= 10.186s  status=Exact solution     len=  7.761  endpoints_valid=True  collision=False  over_limit=False
[336] PASS  time= 12.432s  status=Exact solution     len=  4.305  endpoints_valid=True  collision=False  over_limit=False
[337] PASS  time= 10.969s  status=Exact solution     len= 11.332  endpoints_valid=True  collision=False  over_limit=False
[338] PASS  time=  6.074s  status=Exact solution     len= 10.283  endpoints_valid=True  collision=False  over_limit=False
[339] PASS  time= 11.141s  status=Exact solution     len= 13.054  endpoints_valid=True  collision=False  over_limit=False
[340] PASS  time=  3.939s  status=Exact solution     len=  8.223  endpoints_valid=True  collision=False  over_limit=False
[341] PASS  time= 17.785s  status=Exact solution     len= 12.042  endpoints_valid=True  collision=False  over_limit=False
[342] PASS  time=  5.456s  status=Exact solution     len=  5.417  endpoints_valid=True  collision=False  over_limit=False
[343] FAIL  time= 30.047s  status=Timeout            len=    nan  endpoints_valid=True  collision=False  over_limit=True
[344] PASS  time=  9.173s  status=Exact solution     len= 11.299  endpoints_valid=True  collision=False  over_limit=False
[345] PASS  time= 25.992s  status=Exact solution     len=  4.668  endpoints_valid=True  collision=False  over_limit=False
[346] PASS  time=  4.545s  status=Exact solution     len=  5.692  endpoints_valid=True  collision=False  over_limit=False
[347] PASS  time=  4.380s  status=Exact solution     len=  6.127  endpoints_valid=True  collision=False  over_limit=False
[348] PASS  time=  8.666s  status=Exact solution     len=  7.496  endpoints_valid=True  collision=False  over_limit=False
[349] PASS  time=  3.952s  status=Exact solution     len=  6.601  endpoints_valid=True  collision=False  over_limit=False
[350] PASS  time= 12.426s  status=Exact solution     len=  3.717  endpoints_valid=True  collision=False  over_limit=False
[351] PASS  time=  6.388s  status=Exact solution     len=  7.245  endpoints_valid=True  collision=False  over_limit=False
[352] FAIL  time= 30.124s  status=Timeout            len=    nan  endpoints_valid=True  collision=False  over_limit=True
[353] FAIL  time= 30.376s  status=Timeout            len=    nan  endpoints_valid=True  collision=False  over_limit=True
[354] PASS  time= 10.579s  status=Exact solution     len=  9.473  endpoints_valid=True  collision=False  over_limit=False
[355] PASS  time= 19.886s  status=Exact solution     len= 15.131  endpoints_valid=True  collision=False  over_limit=False
[356] PASS  time= 13.649s  status=Exact solution     len=  5.795  endpoints_valid=True  collision=False  over_limit=False
[357] PASS  time= 11.508s  status=Exact solution     len=  6.497  endpoints_valid=True  collision=False  over_limit=False
[358] PASS  time= 13.511s  status=Exact solution     len=  9.126  endpoints_valid=True  collision=False  over_limit=False
[359] PASS  time=  6.966s  status=Exact solution     len=  7.940  endpoints_valid=True  collision=False  over_limit=False
[360] PASS  time= 19.606s  status=Exact solution     len=  4.872  endpoints_valid=True  collision=False  over_limit=False
[361] PASS  time=  0.981s  status=Exact solution     len=  2.592  endpoints_valid=True  collision=False  over_limit=False
[362] PASS  time=  4.876s  status=Exact solution     len=  6.967  endpoints_valid=True  collision=False  over_limit=False
[363] PASS  time=  7.358s  status=Exact solution     len=  7.869  endpoints_valid=True  collision=False  over_limit=False
[364] PASS  time=  0.414s  status=Exact solution     len=  0.941  endpoints_valid=True  collision=False  over_limit=False
[365] PASS  time=  3.900s  status=Exact solution     len=  6.403  endpoints_valid=True  collision=False  over_limit=False
[366] PASS  time=  5.298s  status=Exact solution     len=  7.338  endpoints_valid=True  collision=False  over_limit=False
[367] PASS  time= 13.676s  status=Exact solution     len=  6.132  endpoints_valid=True  collision=False  over_limit=False
[368] PASS  time=  4.947s  status=Exact solution     len=  4.403  endpoints_valid=True  collision=False  over_limit=False
[369] PASS  time= 12.824s  status=Exact solution     len=  9.862  endpoints_valid=True  collision=False  over_limit=False
[370] PASS  time= 11.263s  status=Exact solution     len= 11.321  endpoints_valid=True  collision=False  over_limit=False
[371] PASS  time= 23.795s  status=Exact solution     len=  7.133  endpoints_valid=True  collision=False  over_limit=False
[372] PASS  time=  2.302s  status=Exact solution     len=  3.393  endpoints_valid=True  collision=False  over_limit=False
[373] PASS  time= 28.715s  status=Exact solution     len=  2.413  endpoints_valid=True  collision=False  over_limit=False
[374] PASS  time= 13.313s  status=Exact solution     len=  5.128  endpoints_valid=True  collision=False  over_limit=False
[375] PASS  time=  6.869s  status=Exact solution     len= 10.918  endpoints_valid=True  collision=False  over_limit=False
[376] PASS  time= 17.049s  status=Exact solution     len= 11.389  endpoints_valid=True  collision=False  over_limit=False
[377] PASS  time=  3.031s  status=Exact solution     len=  4.930  endpoints_valid=True  collision=False  over_limit=False
[378] PASS  time= 11.838s  status=Exact solution     len= 10.031  endpoints_valid=True  collision=False  over_limit=False
[379] PASS  time= 24.928s  status=Exact solution     len= 15.633  endpoints_valid=True  collision=False  over_limit=False
[380] PASS  time=  9.704s  status=Exact solution     len=  6.149  endpoints_valid=True  collision=False  over_limit=False
[381] PASS  time=  0.711s  status=Exact solution     len=  0.856  endpoints_valid=True  collision=False  over_limit=False
[382] PASS  time=  5.070s  status=Exact solution     len=  4.084  endpoints_valid=True  collision=False  over_limit=False
[383] PASS  time=  6.975s  status=Exact solution     len=  5.709  endpoints_valid=True  collision=False  over_limit=False
[384] PASS  time= 10.153s  status=Exact solution     len= 11.327  endpoints_valid=True  collision=False  over_limit=False
[385] PASS  time= 22.674s  status=Exact solution     len=  7.528  endpoints_valid=True  collision=False  over_limit=False
[386] PASS  time=  3.389s  status=Exact solution     len=  7.056  endpoints_valid=True  collision=False  over_limit=False
[387] PASS  time=  4.113s  status=Exact solution     len=  4.637  endpoints_valid=True  collision=False  over_limit=False
[388] PASS  time= 11.845s  status=Exact solution     len=  4.970  endpoints_valid=True  collision=False  over_limit=False
[389] PASS  time=  6.551s  status=Exact solution     len= 11.504  endpoints_valid=True  collision=False  over_limit=False
[390] PASS  time=  5.054s  status=Exact solution     len=  4.625  endpoints_valid=True  collision=False  over_limit=False
[391] PASS  time=  4.587s  status=Exact solution     len= 10.128  endpoints_valid=True  collision=False  over_limit=False
[392] PASS  time=  2.193s  status=Exact solution     len=  4.728  endpoints_valid=True  collision=False  over_limit=False
[393] PASS  time= 12.218s  status=Exact solution     len= 21.978  endpoints_valid=True  collision=False  over_limit=False
[394] PASS  time=  4.347s  status=Exact solution     len=  5.337  endpoints_valid=True  collision=False  over_limit=False
[395] PASS  time= 14.800s  status=Exact solution     len= 10.146  endpoints_valid=True  collision=False  over_limit=False
[396] PASS  time=  6.165s  status=Exact solution     len=  7.147  endpoints_valid=True  collision=False  over_limit=False
[397] PASS  time= 11.026s  status=Exact solution     len=  6.811  endpoints_valid=True  collision=False  over_limit=False
[398] PASS  time=  2.397s  status=Exact solution     len=  7.455  endpoints_valid=True  collision=False  over_limit=False
[399] PASS  time= 15.349s  status=Exact solution     len=  9.542  endpoints_valid=True  collision=False  over_limit=False
[400] PASS  time=  7.771s  status=Exact solution     len=  5.346  endpoints_valid=True  collision=False  over_limit=False
[401] PASS  time= 13.239s  status=Exact solution     len=  7.137  endpoints_valid=True  collision=False  over_limit=False
[402] PASS  time=  5.810s  status=Exact solution     len=  9.690  endpoints_valid=True  collision=False  over_limit=False
[403] PASS  time=  4.344s  status=Exact solution     len=  5.631  endpoints_valid=True  collision=False  over_limit=False
[404] PASS  time=  5.580s  status=Exact solution     len=  7.522  endpoints_valid=True  collision=False  over_limit=False
[405] PASS  time=  3.872s  status=Exact solution     len=  4.857  endpoints_valid=True  collision=False  over_limit=False
[406] PASS  time=  8.176s  status=Exact solution     len=  8.600  endpoints_valid=True  collision=False  over_limit=False
[407] PASS  time=  0.181s  status=Exact solution     len=  1.176  endpoints_valid=True  collision=False  over_limit=False
[408] PASS  time=  6.430s  status=Exact solution     len= 12.263  endpoints_valid=True  collision=False  over_limit=False
[409] PASS  time= 10.484s  status=Exact solution     len=  9.073  endpoints_valid=True  collision=False  over_limit=False
[410] PASS  time=  2.322s  status=Exact solution     len=  2.616  endpoints_valid=True  collision=False  over_limit=False
[411] PASS  time=  0.096s  status=Exact solution     len=  0.292  endpoints_valid=True  collision=False  over_limit=False
[412] PASS  time=  3.440s  status=Exact solution     len=  7.794  endpoints_valid=True  collision=False  over_limit=False
[413] FAIL  time= 30.326s  status=Timeout            len=    nan  endpoints_valid=True  collision=False  over_limit=True
[414] PASS  time= 24.525s  status=Exact solution     len= 10.154  endpoints_valid=True  collision=False  over_limit=False
[415] PASS  time=  5.317s  status=Exact solution     len=  3.155  endpoints_valid=True  collision=False  over_limit=False
[416] PASS  time=  3.971s  status=Exact solution     len=  6.066  endpoints_valid=True  collision=False  over_limit=False
[417] PASS  time= 20.236s  status=Exact solution     len=  5.790  endpoints_valid=True  collision=False  over_limit=False
[418] PASS  time=  1.588s  status=Exact solution     len=  4.172  endpoints_valid=True  collision=False  over_limit=False
[419] PASS  time=  7.764s  status=Exact solution     len=  7.612  endpoints_valid=True  collision=False  over_limit=False
[420] PASS  time=  9.741s  status=Exact solution     len=  8.631  endpoints_valid=True  collision=False  over_limit=False
[421] PASS  time=  4.869s  status=Exact solution     len=  8.621  endpoints_valid=True  collision=False  over_limit=False
[422] PASS  time= 12.421s  status=Exact solution     len=  5.161  endpoints_valid=True  collision=False  over_limit=False
[423] PASS  time=  1.282s  status=Exact solution     len=  3.513  endpoints_valid=True  collision=False  over_limit=False
[424] PASS  time= 18.296s  status=Exact solution     len= 15.009  endpoints_valid=True  collision=False  over_limit=False
[425] PASS  time= 23.435s  status=Exact solution     len= 13.038  endpoints_valid=True  collision=False  over_limit=False
[426] PASS  time=  6.577s  status=Exact solution     len=  9.655  endpoints_valid=True  collision=False  over_limit=False
[427] PASS  time=  9.224s  status=Exact solution     len=  7.718  endpoints_valid=True  collision=False  over_limit=False
[428] PASS  time= 11.446s  status=Exact solution     len=  7.537  endpoints_valid=True  collision=False  over_limit=False
[429] PASS  time= 12.658s  status=Exact solution     len= 12.352  endpoints_valid=True  collision=False  over_limit=False
[430] PASS  time= 10.823s  status=Exact solution     len=  6.762  endpoints_valid=True  collision=False  over_limit=False
[431] PASS  time=  3.268s  status=Exact solution     len=  5.550  endpoints_valid=True  collision=False  over_limit=False
[432] PASS  time=  7.432s  status=Exact solution     len=  3.634  endpoints_valid=True  collision=False  over_limit=False
[433] PASS  time=  4.619s  status=Exact solution     len=  5.956  endpoints_valid=True  collision=False  over_limit=False
[434] PASS  time=  6.044s  status=Exact solution     len=  3.794  endpoints_valid=True  collision=False  over_limit=False
[435] PASS  time=  8.855s  status=Exact solution     len= 12.810  endpoints_valid=True  collision=False  over_limit=False
[436] PASS  time= 11.850s  status=Exact solution     len=  6.615  endpoints_valid=True  collision=False  over_limit=False
[437] PASS  time= 11.402s  status=Exact solution     len=  5.219  endpoints_valid=True  collision=False  over_limit=False
[438] PASS  time= 17.120s  status=Exact solution     len=  4.473  endpoints_valid=True  collision=False  over_limit=False
[439] PASS  time=  1.563s  status=Exact solution     len=  1.561  endpoints_valid=True  collision=False  over_limit=False
[440] PASS  time= 17.134s  status=Exact solution     len= 13.833  endpoints_valid=True  collision=False  over_limit=False
[441] PASS  time=  4.074s  status=Exact solution     len=  8.955  endpoints_valid=True  collision=False  over_limit=False
[442] PASS  time=  3.151s  status=Exact solution     len=  3.869  endpoints_valid=True  collision=False  over_limit=False
[443] FAIL  time= 30.042s  status=Timeout            len=    nan  endpoints_valid=True  collision=False  over_limit=True
[444] PASS  time= 12.207s  status=Exact solution     len=  6.190  endpoints_valid=True  collision=False  over_limit=False
[445] PASS  time= 10.801s  status=Exact solution     len= 10.192  endpoints_valid=True  collision=False  over_limit=False
[446] PASS  time=  1.201s  status=Exact solution     len=  3.855  endpoints_valid=True  collision=False  over_limit=False
[447] PASS  time=  2.949s  status=Exact solution     len=  4.569  endpoints_valid=True  collision=False  over_limit=False
[448] PASS  time=  7.503s  status=Exact solution     len=  5.979  endpoints_valid=True  collision=False  over_limit=False
[449] PASS  time=  0.074s  status=Exact solution     len=  0.359  endpoints_valid=True  collision=False  over_limit=False
[450] PASS  time= 20.036s  status=Exact solution     len= 10.054  endpoints_valid=True  collision=False  over_limit=False
[451] PASS  time=  1.447s  status=Exact solution     len=  1.951  endpoints_valid=True  collision=False  over_limit=False
[452] PASS  time=  1.689s  status=Exact solution     len=  2.824  endpoints_valid=True  collision=False  over_limit=False
[453] PASS  time= 12.292s  status=Exact solution     len=  3.295  endpoints_valid=True  collision=False  over_limit=False
[454] PASS  time=  3.660s  status=Exact solution     len=  1.585  endpoints_valid=True  collision=False  over_limit=False
[455] PASS  time= 16.649s  status=Exact solution     len= 14.316  endpoints_valid=True  collision=False  over_limit=False
[456] PASS  time= 16.847s  status=Exact solution     len= 16.953  endpoints_valid=True  collision=False  over_limit=False
[457] PASS  time=  7.682s  status=Exact solution     len=  7.954  endpoints_valid=True  collision=False  over_limit=False
[458] PASS  time=  2.533s  status=Exact solution     len=  3.098  endpoints_valid=True  collision=False  over_limit=False
[459] PASS  time= 17.061s  status=Exact solution     len=  6.051  endpoints_valid=True  collision=False  over_limit=False
[460] PASS  time= 14.585s  status=Exact solution     len=  4.526  endpoints_valid=True  collision=False  over_limit=False
[461] PASS  time=  3.442s  status=Exact solution     len=  6.346  endpoints_valid=True  collision=False  over_limit=False
[462] PASS  time=  2.650s  status=Exact solution     len=  3.931  endpoints_valid=True  collision=False  over_limit=False
[463] PASS  time=  9.247s  status=Exact solution     len=  9.150  endpoints_valid=True  collision=False  over_limit=False
[464] PASS  time=  8.554s  status=Exact solution     len= 11.021  endpoints_valid=True  collision=False  over_limit=False
[465] PASS  time= 12.717s  status=Exact solution     len=  7.250  endpoints_valid=True  collision=False  over_limit=False
[466] PASS  time= 10.180s  status=Exact solution     len=  5.622  endpoints_valid=True  collision=False  over_limit=False
[467] PASS  time= 17.897s  status=Exact solution     len= 18.431  endpoints_valid=True  collision=False  over_limit=False
[468] PASS  time=  3.371s  status=Exact solution     len=  4.362  endpoints_valid=True  collision=False  over_limit=False
[469] PASS  time=  6.479s  status=Exact solution     len=  8.776  endpoints_valid=True  collision=False  over_limit=False
[470] PASS  time=  3.376s  status=Exact solution     len=  1.535  endpoints_valid=True  collision=False  over_limit=False
[471] FAIL  time= 30.109s  status=Timeout            len=    nan  endpoints_valid=True  collision=False  over_limit=True
[472] PASS  time=  0.059s  status=Exact solution     len=  0.501  endpoints_valid=True  collision=False  over_limit=False
[473] PASS  time= 21.337s  status=Exact solution     len= 21.920  endpoints_valid=True  collision=False  over_limit=False
[474] PASS  time=  9.195s  status=Exact solution     len=  5.770  endpoints_valid=True  collision=False  over_limit=False
[475] PASS  time=  8.584s  status=Exact solution     len= 10.258  endpoints_valid=True  collision=False  over_limit=False
[476] PASS  time= 13.964s  status=Exact solution     len=  9.471  endpoints_valid=True  collision=False  over_limit=False
[477] PASS  time= 20.966s  status=Exact solution     len=  6.302  endpoints_valid=True  collision=False  over_limit=False
[478] PASS  time=  9.563s  status=Exact solution     len=  6.967  endpoints_valid=True  collision=False  over_limit=False
[479] PASS  time=  1.181s  status=Exact solution     len=  4.259  endpoints_valid=True  collision=False  over_limit=False
[480] PASS  time= 18.659s  status=Exact solution     len=  8.495  endpoints_valid=True  collision=False  over_limit=False
[481] PASS  time=  7.269s  status=Exact solution     len=  6.538  endpoints_valid=True  collision=False  over_limit=False
[482] PASS  time=  3.588s  status=Exact solution     len=  5.363  endpoints_valid=True  collision=False  over_limit=False
[483] PASS  time=  3.670s  status=Exact solution     len=  6.675  endpoints_valid=True  collision=False  over_limit=False
[484] PASS  time=  5.506s  status=Exact solution     len=  6.532  endpoints_valid=True  collision=False  over_limit=False
[485] PASS  time=  9.706s  status=Exact solution     len= 10.187  endpoints_valid=True  collision=False  over_limit=False
[486] PASS  time=  2.702s  status=Exact solution     len=  6.919  endpoints_valid=True  collision=False  over_limit=False
[487] PASS  time=  4.300s  status=Exact solution     len=  7.032  endpoints_valid=True  collision=False  over_limit=False
[488] PASS  time=  3.956s  status=Exact solution     len=  7.403  endpoints_valid=True  collision=False  over_limit=False
[489] PASS  time= 10.066s  status=Exact solution     len=  9.373  endpoints_valid=True  collision=False  over_limit=False
[490] PASS  time=  6.914s  status=Exact solution     len= 10.651  endpoints_valid=True  collision=False  over_limit=False
[491] PASS  time= 13.291s  status=Exact solution     len= 21.193  endpoints_valid=True  collision=False  over_limit=False
[492] PASS  time= 17.123s  status=Exact solution     len= 15.386  endpoints_valid=True  collision=False  over_limit=False
[493] PASS  time=  9.817s  status=Exact solution     len= 10.124  endpoints_valid=True  collision=False  over_limit=False
[494] PASS  time= 10.466s  status=Exact solution     len=  7.419  endpoints_valid=True  collision=False  over_limit=False
[495] PASS  time= 15.892s  status=Exact solution     len=  8.294  endpoints_valid=True  collision=False  over_limit=False
[496] PASS  time= 18.354s  status=Exact solution     len= 11.290  endpoints_valid=True  collision=False  over_limit=False
[497] PASS  time=  7.778s  status=Exact solution     len=  8.260  endpoints_valid=True  collision=False  over_limit=False
[498] PASS  time=  9.382s  status=Exact solution     len=  3.467  endpoints_valid=True  collision=False  over_limit=False
[499] PASS  time= 10.605s  status=Exact solution     len=  5.164  endpoints_valid=True  collision=False  over_limit=False
[500] PASS  time= 10.150s  status=Exact solution     len=  8.838  endpoints_valid=True  collision=False  over_limit=False
[501] PASS  time=  9.288s  status=Exact solution     len=  5.886  endpoints_valid=True  collision=False  over_limit=False
[502] PASS  time= 18.669s  status=Exact solution     len= 12.166  endpoints_valid=True  collision=False  over_limit=False
[503] PASS  time= 14.749s  status=Exact solution     len= 25.334  endpoints_valid=True  collision=False  over_limit=False
[504] FAIL  time= 30.012s  status=Exact solution     len=  7.945  endpoints_valid=True  collision=False  over_limit=True
[505] PASS  time=  9.341s  status=Exact solution     len= 13.479  endpoints_valid=True  collision=False  over_limit=False
[506] PASS  time=  9.720s  status=Exact solution     len= 11.063  endpoints_valid=True  collision=False  over_limit=False
[507] PASS  time=  8.168s  status=Exact solution     len= 10.252  endpoints_valid=True  collision=False  over_limit=False
[508] PASS  time=  0.650s  status=Exact solution     len=  1.355  endpoints_valid=True  collision=False  over_limit=False
[509] PASS  time=  0.179s  status=Exact solution     len=  0.485  endpoints_valid=True  collision=False  over_limit=False
[510] PASS  time= 19.633s  status=Exact solution     len=  8.213  endpoints_valid=True  collision=False  over_limit=False
[511] PASS  time=  4.198s  status=Exact solution     len=  4.634  endpoints_valid=True  collision=False  over_limit=False
[512] PASS  time=  6.007s  status=Exact solution     len=  8.832  endpoints_valid=True  collision=False  over_limit=False
[513] PASS  time= 15.584s  status=Exact solution     len=  8.186  endpoints_valid=True  collision=False  over_limit=False
[514] PASS  time= 24.217s  status=Exact solution     len=  7.433  endpoints_valid=True  collision=False  over_limit=False
[515] PASS  time=  9.032s  status=Exact solution     len= 13.142  endpoints_valid=True  collision=False  over_limit=False
[516] PASS  time=  6.082s  status=Exact solution     len=  3.125  endpoints_valid=True  collision=False  over_limit=False
[517] PASS  time=  1.393s  status=Exact solution     len=  3.801  endpoints_valid=True  collision=False  over_limit=False
[518] PASS  time=  8.348s  status=Exact solution     len=  9.845  endpoints_valid=True  collision=False  over_limit=False
[519] PASS  time= 24.093s  status=Exact solution     len=  5.780  endpoints_valid=True  collision=False  over_limit=False
[520] PASS  time= 17.293s  status=Exact solution     len=  9.946  endpoints_valid=True  collision=False  over_limit=False
[521] PASS  time= 11.892s  status=Exact solution     len=  8.307  endpoints_valid=True  collision=False  over_limit=False
[522] PASS  time= 11.556s  status=Exact solution     len=  3.299  endpoints_valid=True  collision=False  over_limit=False
[523] PASS  time= 13.179s  status=Exact solution     len= 11.714  endpoints_valid=True  collision=False  over_limit=False
[524] PASS  time= 29.202s  status=Exact solution     len=  6.850  endpoints_valid=True  collision=False  over_limit=False
[525] PASS  time=  0.166s  status=Exact solution     len=  1.728  endpoints_valid=True  collision=False  over_limit=False
[526] PASS  time= 18.448s  status=Exact solution     len= 10.805  endpoints_valid=True  collision=False  over_limit=False
[527] PASS  time= 20.015s  status=Exact solution     len= 12.098  endpoints_valid=True  collision=False  over_limit=False
[528] PASS  time= 20.057s  status=Exact solution     len= 11.390  endpoints_valid=True  collision=False  over_limit=False
[529] PASS  time= 10.079s  status=Exact solution     len= 13.144  endpoints_valid=True  collision=False  over_limit=False
[530] PASS  time= 19.258s  status=Exact solution     len=  7.005  endpoints_valid=True  collision=False  over_limit=False
[531] PASS  time=  9.088s  status=Exact solution     len=  4.299  endpoints_valid=True  collision=False  over_limit=False
[532] PASS  time= 13.116s  status=Exact solution     len=  9.029  endpoints_valid=True  collision=False  over_limit=False
[533] PASS  time=  6.907s  status=Exact solution     len=  5.420  endpoints_valid=True  collision=False  over_limit=False
[534] PASS  time= 16.429s  status=Exact solution     len= 11.747  endpoints_valid=True  collision=False  over_limit=False
[535] PASS  time=  0.646s  status=Exact solution     len=  2.181  endpoints_valid=True  collision=False  over_limit=False
[536] PASS  time=  5.986s  status=Exact solution     len= 10.761  endpoints_valid=True  collision=False  over_limit=False
[537] PASS  time= 23.160s  status=Exact solution     len= 10.675  endpoints_valid=True  collision=False  over_limit=False
[538] PASS  time= 12.126s  status=Exact solution     len=  8.818  endpoints_valid=True  collision=False  over_limit=False
[539] PASS  time=  9.485s  status=Exact solution     len=  9.034  endpoints_valid=True  collision=False  over_limit=False
[540] PASS  time=  5.307s  status=Exact solution     len=  3.984  endpoints_valid=True  collision=False  over_limit=False
[541] PASS  time=  2.083s  status=Exact solution     len=  1.724  endpoints_valid=True  collision=False  over_limit=False
[542] PASS  time= 10.109s  status=Exact solution     len=  6.030  endpoints_valid=True  collision=False  over_limit=False
[543] PASS  time= 11.760s  status=Exact solution     len=  8.195  endpoints_valid=True  collision=False  over_limit=False
[544] PASS  time=  5.782s  status=Exact solution     len=  2.118  endpoints_valid=True  collision=False  over_limit=False
[545] PASS  time=  5.067s  status=Exact solution     len=  4.934  endpoints_valid=True  collision=False  over_limit=False
[546] PASS  time=  1.192s  status=Exact solution     len=  1.113  endpoints_valid=True  collision=False  over_limit=False
[547] PASS  time=  2.157s  status=Exact solution     len=  3.748  endpoints_valid=True  collision=False  over_limit=False
[548] PASS  time=  3.411s  status=Exact solution     len=  6.049  endpoints_valid=True  collision=False  over_limit=False
[549] PASS  time=  7.533s  status=Exact solution     len=  6.568  endpoints_valid=True  collision=False  over_limit=False
[550] PASS  time= 18.402s  status=Exact solution     len= 11.364  endpoints_valid=True  collision=False  over_limit=False
[551] PASS  time= 15.355s  status=Exact solution     len=  6.147  endpoints_valid=True  collision=False  over_limit=False
[552] PASS  time=  0.914s  status=Exact solution     len=  1.445  endpoints_valid=True  collision=False  over_limit=False
[553] PASS  time=  0.323s  status=Exact solution     len=  1.049  endpoints_valid=True  collision=False  over_limit=False
[554] PASS  time=  6.232s  status=Exact solution     len=  5.479  endpoints_valid=True  collision=False  over_limit=False
[555] PASS  time=  7.459s  status=Exact solution     len=  5.237  endpoints_valid=True  collision=False  over_limit=False
[556] PASS  time= 11.593s  status=Exact solution     len=  9.581  endpoints_valid=True  collision=False  over_limit=False
[557] PASS  time=  4.525s  status=Exact solution     len=  6.922  endpoints_valid=True  collision=False  over_limit=False
[558] PASS  time= 12.009s  status=Exact solution     len=  4.387  endpoints_valid=True  collision=False  over_limit=False
[559] PASS  time= 14.007s  status=Exact solution     len= 10.807  endpoints_valid=True  collision=False  over_limit=False
[560] PASS  time=  3.609s  status=Exact solution     len=  5.228  endpoints_valid=True  collision=False  over_limit=False
[561] PASS  time= 16.175s  status=Exact solution     len= 11.822  endpoints_valid=True  collision=False  over_limit=False
[562] PASS  time=  8.805s  status=Exact solution     len=  5.356  endpoints_valid=True  collision=False  over_limit=False
[563] PASS  time=  8.620s  status=Exact solution     len=  4.200  endpoints_valid=True  collision=False  over_limit=False
[564] PASS  time=  1.493s  status=Exact solution     len=  2.053  endpoints_valid=True  collision=False  over_limit=False
[565] PASS  time=  7.389s  status=Exact solution     len=  5.363  endpoints_valid=True  collision=False  over_limit=False
[566] PASS  time=  0.062s  status=Exact solution     len=  0.373  endpoints_valid=True  collision=False  over_limit=False
[567] PASS  time=  7.958s  status=Exact solution     len= 10.475  endpoints_valid=True  collision=False  over_limit=False
[568] PASS  time= 11.402s  status=Exact solution     len= 12.677  endpoints_valid=True  collision=False  over_limit=False
[569] PASS  time= 19.725s  status=Exact solution     len=  4.929  endpoints_valid=True  collision=False  over_limit=False
[570] PASS  time=  6.191s  status=Exact solution     len=  7.479  endpoints_valid=True  collision=False  over_limit=False
[571] PASS  time= 25.664s  status=Exact solution     len= 11.907  endpoints_valid=True  collision=False  over_limit=False
[572] PASS  time=  8.072s  status=Exact solution     len= 11.099  endpoints_valid=True  collision=False  over_limit=False
[573] PASS  time= 15.196s  status=Exact solution     len=  8.852  endpoints_valid=True  collision=False  over_limit=False
[574] PASS  time= 13.595s  status=Exact solution     len=  8.186  endpoints_valid=True  collision=False  over_limit=False
[575] PASS  time=  2.654s  status=Exact solution     len=  4.914  endpoints_valid=True  collision=False  over_limit=False
[576] PASS  time= 12.918s  status=Exact solution     len= 16.470  endpoints_valid=True  collision=False  over_limit=False
[577] PASS  time=  7.841s  status=Exact solution     len= 11.312  endpoints_valid=True  collision=False  over_limit=False
[578] PASS  time=  5.211s  status=Exact solution     len=  7.136  endpoints_valid=True  collision=False  over_limit=False
[579] PASS  time= 11.789s  status=Exact solution     len=  8.242  endpoints_valid=True  collision=False  over_limit=False
[580] PASS  time=  8.682s  status=Exact solution     len=  6.089  endpoints_valid=True  collision=False  over_limit=False
[581] PASS  time=  1.782s  status=Exact solution     len=  3.812  endpoints_valid=True  collision=False  over_limit=False
[582] PASS  time=  1.011s  status=Exact solution     len=  1.593  endpoints_valid=True  collision=False  over_limit=False
[583] PASS  time=  9.091s  status=Exact solution     len=  4.878  endpoints_valid=True  collision=False  over_limit=False
[584] PASS  time=  1.854s  status=Exact solution     len=  2.105  endpoints_valid=True  collision=False  over_limit=False
[585] PASS  time=  4.574s  status=Exact solution     len=  9.728  endpoints_valid=True  collision=False  over_limit=False
[586] FAIL  time= 30.154s  status=Exact solution     len=  8.066  endpoints_valid=True  collision=False  over_limit=True
[587] PASS  time=  6.100s  status=Exact solution     len=  6.806  endpoints_valid=True  collision=False  over_limit=False
[588] PASS  time= 23.343s  status=Exact solution     len= 11.237  endpoints_valid=True  collision=False  over_limit=False
[589] PASS  time= 13.089s  status=Exact solution     len= 19.716  endpoints_valid=True  collision=False  over_limit=False
[590] PASS  time= 12.351s  status=Exact solution     len=  9.485  endpoints_valid=True  collision=False  over_limit=False
[591] PASS  time= 27.013s  status=Exact solution     len=  1.741  endpoints_valid=True  collision=False  over_limit=False
[592] PASS  time=  7.839s  status=Exact solution     len=  7.616  endpoints_valid=True  collision=False  over_limit=False
[593] PASS  time=  1.894s  status=Exact solution     len=  3.973  endpoints_valid=True  collision=False  over_limit=False
[594] PASS  time=  1.843s  status=Exact solution     len=  2.198  endpoints_valid=True  collision=False  over_limit=False
[595] PASS  time=  8.942s  status=Exact solution     len=  5.993  endpoints_valid=True  collision=False  over_limit=False
[596] PASS  time= 19.634s  status=Exact solution     len= 10.150  endpoints_valid=True  collision=False  over_limit=False
[597] PASS  time=  0.706s  status=Exact solution     len=  2.730  endpoints_valid=True  collision=False  over_limit=False
[598] PASS  time= 22.449s  status=Exact solution     len= 10.106  endpoints_valid=True  collision=False  over_limit=False
[599] PASS  time= 11.773s  status=Exact solution     len=  8.336  endpoints_valid=True  collision=False  over_limit=False
[600] PASS  time=  4.712s  status=Exact solution     len=  4.968  endpoints_valid=True  collision=False  over_limit=False
[601] PASS  time= 12.253s  status=Exact solution     len= 14.673  endpoints_valid=True  collision=False  over_limit=False
[602] PASS  time= 13.479s  status=Exact solution     len= 16.492  endpoints_valid=True  collision=False  over_limit=False
[603] PASS  time= 14.285s  status=Exact solution     len=  5.624  endpoints_valid=True  collision=False  over_limit=False
[604] PASS  time= 19.906s  status=Exact solution     len=  9.897  endpoints_valid=True  collision=False  over_limit=False
[605] FAIL  time= 30.219s  status=Timeout            len=    nan  endpoints_valid=True  collision=False  over_limit=True
[606] PASS  time= 19.342s  status=Exact solution     len=  7.528  endpoints_valid=True  collision=False  over_limit=False
[607] PASS  time=  5.301s  status=Exact solution     len=  4.318  endpoints_valid=True  collision=False  over_limit=False
[608] PASS  time=  8.932s  status=Exact solution     len=  9.189  endpoints_valid=True  collision=False  over_limit=False
[609] PASS  time=  2.814s  status=Exact solution     len=  9.161  endpoints_valid=True  collision=False  over_limit=False
[610] PASS  time= 27.791s  status=Exact solution     len= 10.869  endpoints_valid=True  collision=False  over_limit=False
[611] PASS  time= 13.490s  status=Exact solution     len= 20.327  endpoints_valid=True  collision=False  over_limit=False
[612] PASS  time=  7.229s  status=Exact solution     len=  9.103  endpoints_valid=True  collision=False  over_limit=False
[613] PASS  time=  0.062s  status=Exact solution     len=  0.204  endpoints_valid=True  collision=False  over_limit=False
[614] PASS  time= 20.027s  status=Exact solution     len= 19.748  endpoints_valid=True  collision=False  over_limit=False
[615] PASS  time= 10.118s  status=Exact solution     len=  9.582  endpoints_valid=True  collision=False  over_limit=False
[616] PASS  time= 18.453s  status=Exact solution     len=  3.655  endpoints_valid=True  collision=False  over_limit=False
[617] PASS  time=  9.297s  status=Exact solution     len= 14.941  endpoints_valid=True  collision=False  over_limit=False
[618] PASS  time= 11.844s  status=Exact solution     len=  8.848  endpoints_valid=True  collision=False  over_limit=False
[619] PASS  time=  9.310s  status=Exact solution     len=  2.540  endpoints_valid=True  collision=False  over_limit=False
[620] PASS  time=  1.342s  status=Exact solution     len=  3.716  endpoints_valid=True  collision=False  over_limit=False
[621] PASS  time= 10.710s  status=Exact solution     len=  1.746  endpoints_valid=True  collision=False  over_limit=False
[622] PASS  time= 17.567s  status=Exact solution     len= 13.382  endpoints_valid=True  collision=False  over_limit=False
[623] PASS  time=  0.102s  status=Exact solution     len=  0.483  endpoints_valid=True  collision=False  over_limit=False
[624] PASS  time=  6.708s  status=Exact solution     len=  3.857  endpoints_valid=True  collision=False  over_limit=False
[625] PASS  time=  7.549s  status=Exact solution     len=  8.483  endpoints_valid=True  collision=False  over_limit=False
[626] PASS  time=  4.279s  status=Exact solution     len=  5.425  endpoints_valid=True  collision=False  over_limit=False
[627] PASS  time=  6.265s  status=Exact solution     len=  9.649  endpoints_valid=True  collision=False  over_limit=False
[628] PASS  time=  4.534s  status=Exact solution     len=  7.742  endpoints_valid=True  collision=False  over_limit=False
[629] PASS  time= 18.123s  status=Exact solution     len=  5.358  endpoints_valid=True  collision=False  over_limit=False
[630] PASS  time=  6.049s  status=Exact solution     len=  7.089  endpoints_valid=True  collision=False  over_limit=False
[631] PASS  time= 18.932s  status=Exact solution     len=  8.014  endpoints_valid=True  collision=False  over_limit=False
[632] PASS  time=  1.982s  status=Exact solution     len=  5.548  endpoints_valid=True  collision=False  over_limit=False
[633] PASS  time=  9.440s  status=Exact solution     len=  4.817  endpoints_valid=True  collision=False  over_limit=False
[634] PASS  time=  5.486s  status=Exact solution     len=  5.935  endpoints_valid=True  collision=False  over_limit=False
[635] PASS  time= 11.961s  status=Exact solution     len= 11.550  endpoints_valid=True  collision=False  over_limit=False
[636] PASS  time= 12.899s  status=Exact solution     len=  8.317  endpoints_valid=True  collision=False  over_limit=False
[637] PASS  time= 12.126s  status=Exact solution     len= 15.147  endpoints_valid=True  collision=False  over_limit=False
[638] PASS  time= 15.066s  status=Exact solution     len=  6.831  endpoints_valid=True  collision=False  over_limit=False
[639] PASS  time=  2.936s  status=Exact solution     len=  4.133  endpoints_valid=True  collision=False  over_limit=False
[640] PASS  time= 10.477s  status=Exact solution     len=  5.825  endpoints_valid=True  collision=False  over_limit=False
[641] PASS  time=  8.366s  status=Exact solution     len= 11.364  endpoints_valid=True  collision=False  over_limit=False
[642] PASS  time=  1.892s  status=Exact solution     len=  5.797  endpoints_valid=True  collision=False  over_limit=False
[643] PASS  time=  2.520s  status=Exact solution     len=  4.475  endpoints_valid=True  collision=False  over_limit=False
[644] PASS  time=  3.939s  status=Exact solution     len=  5.115  endpoints_valid=True  collision=False  over_limit=False
[645] PASS  time=  6.883s  status=Exact solution     len=  9.100  endpoints_valid=True  collision=False  over_limit=False
[646] PASS  time=  9.204s  status=Exact solution     len= 15.236  endpoints_valid=True  collision=False  over_limit=False
[647] FAIL  time= 30.261s  status=Timeout            len=    nan  endpoints_valid=True  collision=False  over_limit=True
[648] PASS  time=  4.570s  status=Exact solution     len=  9.146  endpoints_valid=True  collision=False  over_limit=False
[649] PASS  time=  1.682s  status=Exact solution     len=  2.631  endpoints_valid=True  collision=False  over_limit=False
[650] PASS  time= 13.483s  status=Exact solution     len= 13.064  endpoints_valid=True  collision=False  over_limit=False
[651] PASS  time=  1.647s  status=Exact solution     len=  5.432  endpoints_valid=True  collision=False  over_limit=False
[652] PASS  time= 23.806s  status=Exact solution     len=  6.452  endpoints_valid=True  collision=False  over_limit=False
[653] PASS  time=  6.195s  status=Exact solution     len= 12.424  endpoints_valid=True  collision=False  over_limit=False
[654] PASS  time=  0.953s  status=Exact solution     len=  1.119  endpoints_valid=True  collision=False  over_limit=False
[655] PASS  time= 17.487s  status=Exact solution     len= 11.882  endpoints_valid=True  collision=False  over_limit=False
[656] PASS  time=  7.608s  status=Exact solution     len=  7.841  endpoints_valid=True  collision=False  over_limit=False
[657] PASS  time= 19.131s  status=Exact solution     len=  3.136  endpoints_valid=True  collision=False  over_limit=False
[658] PASS  time= 16.049s  status=Exact solution     len=  8.784  endpoints_valid=True  collision=False  over_limit=False
[659] PASS  time= 21.169s  status=Exact solution     len=  4.728  endpoints_valid=True  collision=False  over_limit=False
[660] PASS  time= 13.451s  status=Exact solution     len= 11.733  endpoints_valid=True  collision=False  over_limit=False
[661] PASS  time= 15.638s  status=Exact solution     len= 19.132  endpoints_valid=True  collision=False  over_limit=False
[662] PASS  time= 11.773s  status=Exact solution     len= 11.922  endpoints_valid=True  collision=False  over_limit=False
[663] PASS  time=  8.169s  status=Exact solution     len=  9.429  endpoints_valid=True  collision=False  over_limit=False
[664] PASS  time= 14.639s  status=Exact solution     len=  9.904  endpoints_valid=True  collision=False  over_limit=False
[665] PASS  time= 13.159s  status=Exact solution     len= 10.166  endpoints_valid=True  collision=False  over_limit=False
[666] PASS  time=  2.269s  status=Exact solution     len=  3.054  endpoints_valid=True  collision=False  over_limit=False
[667] PASS  time=  2.696s  status=Exact solution     len=  5.090  endpoints_valid=True  collision=False  over_limit=False
[668] PASS  time=  4.419s  status=Exact solution     len=  4.986  endpoints_valid=True  collision=False  over_limit=False
[669] PASS  time= 14.947s  status=Exact solution     len=  7.303  endpoints_valid=True  collision=False  over_limit=False
[670] PASS  time= 18.732s  status=Exact solution     len= 10.838  endpoints_valid=True  collision=False  over_limit=False
[671] PASS  time=  5.643s  status=Exact solution     len=  6.939  endpoints_valid=True  collision=False  over_limit=False
[672] PASS  time=  8.281s  status=Exact solution     len= 14.559  endpoints_valid=True  collision=False  over_limit=False
[673] PASS  time=  9.691s  status=Exact solution     len=  7.464  endpoints_valid=True  collision=False  over_limit=False
[674] PASS  time=  4.815s  status=Exact solution     len=  6.293  endpoints_valid=True  collision=False  over_limit=False
[675] PASS  time= 10.902s  status=Exact solution     len= 14.282  endpoints_valid=True  collision=False  over_limit=False
[676] PASS  time=  6.313s  status=Exact solution     len=  6.244  endpoints_valid=True  collision=False  over_limit=False
[677] PASS  time=  2.859s  status=Exact solution     len=  6.338  endpoints_valid=True  collision=False  over_limit=False
[678] PASS  time= 22.451s  status=Exact solution     len=  8.354  endpoints_valid=True  collision=False  over_limit=False
[679] PASS  time= 15.406s  status=Exact solution     len= 15.552  endpoints_valid=True  collision=False  over_limit=False
[680] PASS  time=  8.502s  status=Exact solution     len=  7.780  endpoints_valid=True  collision=False  over_limit=False
[681] PASS  time=  1.166s  status=Exact solution     len=  1.604  endpoints_valid=True  collision=False  over_limit=False
[682] PASS  time= 17.975s  status=Exact solution     len= 16.826  endpoints_valid=True  collision=False  over_limit=False
[683] PASS  time=  3.352s  status=Exact solution     len=  0.942  endpoints_valid=True  collision=False  over_limit=False
[684] PASS  time=  5.926s  status=Exact solution     len=  7.061  endpoints_valid=True  collision=False  over_limit=False
[685] PASS  time=  1.267s  status=Exact solution     len=  3.778  endpoints_valid=True  collision=False  over_limit=False
[686] PASS  time=  5.447s  status=Exact solution     len=  4.641  endpoints_valid=True  collision=False  over_limit=False
[687] PASS  time=  4.049s  status=Exact solution     len=  2.105  endpoints_valid=True  collision=False  over_limit=False
[688] PASS  time=  3.804s  status=Exact solution     len=  6.553  endpoints_valid=True  collision=False  over_limit=False
[689] PASS  time= 21.365s  status=Exact solution     len=  6.500  endpoints_valid=True  collision=False  over_limit=False
[690] PASS  time= 11.741s  status=Exact solution     len= 12.580  endpoints_valid=True  collision=False  over_limit=False
[691] PASS  time= 11.565s  status=Exact solution     len= 19.194  endpoints_valid=True  collision=False  over_limit=False
[692] PASS  time=  1.359s  status=Exact solution     len=  2.351  endpoints_valid=True  collision=False  over_limit=False
[693] PASS  time=  8.354s  status=Exact solution     len=  8.315  endpoints_valid=True  collision=False  over_limit=False
[694] PASS  time=  6.459s  status=Exact solution     len=  5.775  endpoints_valid=True  collision=False  over_limit=False
[695] PASS  time=  4.379s  status=Exact solution     len=  6.195  endpoints_valid=True  collision=False  over_limit=False
[696] PASS  time= 18.961s  status=Exact solution     len=  7.392  endpoints_valid=True  collision=False  over_limit=False
[697] PASS  time=  0.074s  status=Exact solution     len=  0.589  endpoints_valid=True  collision=False  over_limit=False
[698] PASS  time= 15.159s  status=Exact solution     len= 13.042  endpoints_valid=True  collision=False  over_limit=False
[699] PASS  time= 24.254s  status=Exact solution     len=  7.703  endpoints_valid=True  collision=False  over_limit=False
[700] PASS  time= 23.660s  status=Exact solution     len= 11.232  endpoints_valid=True  collision=False  over_limit=False
[701] PASS  time=  1.641s  status=Exact solution     len=  4.049  endpoints_valid=True  collision=False  over_limit=False
[702] PASS  time= 29.936s  status=Exact solution     len=  6.237  endpoints_valid=True  collision=False  over_limit=False
[703] PASS  time= 11.373s  status=Exact solution     len= 11.165  endpoints_valid=True  collision=False  over_limit=False
[704] PASS  time=  0.244s  status=Exact solution     len=  2.320  endpoints_valid=True  collision=False  over_limit=False
[705] PASS  time= 21.933s  status=Exact solution     len= 11.515  endpoints_valid=True  collision=False  over_limit=False
[706] PASS  time= 24.644s  status=Exact solution     len=  7.573  endpoints_valid=True  collision=False  over_limit=False
[707] PASS  time= 23.496s  status=Exact solution     len=  8.853  endpoints_valid=True  collision=False  over_limit=False
[708] PASS  time=  3.179s  status=Exact solution     len=  7.729  endpoints_valid=True  collision=False  over_limit=False
[709] PASS  time= 16.273s  status=Exact solution     len= 12.659  endpoints_valid=True  collision=False  over_limit=False
[710] PASS  time=  0.230s  status=Exact solution     len=  0.614  endpoints_valid=True  collision=False  over_limit=False
[711] PASS  time=  7.135s  status=Exact solution     len=  6.115  endpoints_valid=True  collision=False  over_limit=False
[712] PASS  time=  7.357s  status=Exact solution     len=  3.259  endpoints_valid=True  collision=False  over_limit=False
[713] PASS  time=  8.910s  status=Exact solution     len=  8.828  endpoints_valid=True  collision=False  over_limit=False
[714] PASS  time= 14.581s  status=Exact solution     len=  9.176  endpoints_valid=True  collision=False  over_limit=False
[715] PASS  time= 12.634s  status=Exact solution     len= 11.681  endpoints_valid=True  collision=False  over_limit=False
[716] PASS  time=  4.529s  status=Exact solution     len= 13.000  endpoints_valid=True  collision=False  over_limit=False
[717] PASS  time= 22.809s  status=Exact solution     len= 10.170  endpoints_valid=True  collision=False  over_limit=False
[718] PASS  time= 23.655s  status=Exact solution     len=  5.184  endpoints_valid=True  collision=False  over_limit=False
[719] PASS  time= 17.044s  status=Exact solution     len= 16.629  endpoints_valid=True  collision=False  over_limit=False
[720] PASS  time=  8.993s  status=Exact solution     len=  6.139  endpoints_valid=True  collision=False  over_limit=False
[721] PASS  time= 27.134s  status=Exact solution     len=  8.427  endpoints_valid=True  collision=False  over_limit=False
[722] PASS  time=  9.763s  status=Exact solution     len=  8.077  endpoints_valid=True  collision=False  over_limit=False
[723] PASS  time= 21.730s  status=Exact solution     len=  8.638  endpoints_valid=True  collision=False  over_limit=False
[724] PASS  time= 11.905s  status=Exact solution     len=  9.252  endpoints_valid=True  collision=False  over_limit=False
[725] PASS  time= 20.948s  status=Exact solution     len=  5.643  endpoints_valid=True  collision=False  over_limit=False
[726] PASS  time=  5.342s  status=Exact solution     len=  8.222  endpoints_valid=True  collision=False  over_limit=False
[727] PASS  time=  3.938s  status=Exact solution     len=  4.054  endpoints_valid=True  collision=False  over_limit=False
[728] PASS  time= 21.241s  status=Exact solution     len= 12.110  endpoints_valid=True  collision=False  over_limit=False
[729] PASS  time=  0.229s  status=Exact solution     len=  1.584  endpoints_valid=True  collision=False  over_limit=False
[730] PASS  time=  1.977s  status=Exact solution     len=  5.615  endpoints_valid=True  collision=False  over_limit=False
[731] PASS  time= 15.811s  status=Exact solution     len= 15.227  endpoints_valid=True  collision=False  over_limit=False
[732] PASS  time= 11.973s  status=Exact solution     len=  5.444  endpoints_valid=True  collision=False  over_limit=False
[733] PASS  time= 10.313s  status=Exact solution     len= 13.240  endpoints_valid=True  collision=False  over_limit=False
[734] PASS  time=  8.456s  status=Exact solution     len= 10.449  endpoints_valid=True  collision=False  over_limit=False
[735] PASS  time= 10.359s  status=Exact solution     len= 12.882  endpoints_valid=True  collision=False  over_limit=False
[736] PASS  time=  0.463s  status=Exact solution     len=  2.112  endpoints_valid=True  collision=False  over_limit=False
[737] PASS  time= 16.208s  status=Exact solution     len=  7.559  endpoints_valid=True  collision=False  over_limit=False
[738] PASS  time=  1.121s  status=Exact solution     len=  2.582  endpoints_valid=True  collision=False  over_limit=False
[739] FAIL  time= 30.154s  status=Timeout            len=    nan  endpoints_valid=True  collision=False  over_limit=True
[740] PASS  time= 12.196s  status=Exact solution     len= 13.127  endpoints_valid=True  collision=False  over_limit=False
[741] PASS  time=  5.861s  status=Exact solution     len=  4.908  endpoints_valid=True  collision=False  over_limit=False
[742] PASS  time=  3.403s  status=Exact solution     len=  3.756  endpoints_valid=True  collision=False  over_limit=False
[743] PASS  time=  7.798s  status=Exact solution     len= 10.858  endpoints_valid=True  collision=False  over_limit=False
[744] PASS  time=  9.919s  status=Exact solution     len=  5.119  endpoints_valid=True  collision=False  over_limit=False
[745] PASS  time= 11.323s  status=Exact solution     len= 15.257  endpoints_valid=True  collision=False  over_limit=False
[746] PASS  time=  7.934s  status=Exact solution     len=  7.185  endpoints_valid=True  collision=False  over_limit=False
[747] PASS  time=  2.818s  status=Exact solution     len=  3.883  endpoints_valid=True  collision=False  over_limit=False
[748] PASS  time=  3.079s  status=Exact solution     len=  4.817  endpoints_valid=True  collision=False  over_limit=False
[749] PASS  time=  7.304s  status=Exact solution     len=  7.955  endpoints_valid=True  collision=False  over_limit=False
[750] FAIL  time= 30.150s  status=Timeout            len=    nan  endpoints_valid=True  collision=False  over_limit=True
[751] PASS  time=  6.838s  status=Exact solution     len= 10.620  endpoints_valid=True  collision=False  over_limit=False
[752] PASS  time= 12.472s  status=Exact solution     len=  4.404  endpoints_valid=True  collision=False  over_limit=False
[753] PASS  time=  2.409s  status=Exact solution     len=  3.093  endpoints_valid=True  collision=False  over_limit=False
[754] PASS  time= 16.831s  status=Exact solution     len=  7.700  endpoints_valid=True  collision=False  over_limit=False
[755] PASS  time=  2.771s  status=Exact solution     len=  3.577  endpoints_valid=True  collision=False  over_limit=False
[756] PASS  time=  0.412s  status=Exact solution     len=  1.041  endpoints_valid=True  collision=False  over_limit=False
[757] PASS  time= 25.258s  status=Exact solution     len=  5.939  endpoints_valid=True  collision=False  over_limit=False
[758] PASS  time= 10.900s  status=Exact solution     len= 11.095  endpoints_valid=True  collision=False  over_limit=False
[759] PASS  time=  7.034s  status=Exact solution     len=  8.923  endpoints_valid=True  collision=False  over_limit=False
[760] PASS  time= 22.627s  status=Exact solution     len= 10.532  endpoints_valid=True  collision=False  over_limit=False
[761] PASS  time=  7.805s  status=Exact solution     len=  6.840  endpoints_valid=True  collision=False  over_limit=False
[762] PASS  time=  3.207s  status=Exact solution     len=  1.894  endpoints_valid=True  collision=False  over_limit=False
[763] PASS  time=  8.752s  status=Exact solution     len= 10.794  endpoints_valid=True  collision=False  over_limit=False
[764] PASS  time=  0.156s  status=Exact solution     len=  0.608  endpoints_valid=True  collision=False  over_limit=False
[765] PASS  time=  5.414s  status=Exact solution     len=  6.324  endpoints_valid=True  collision=False  over_limit=False
[766] PASS  time= 25.322s  status=Exact solution     len=  4.171  endpoints_valid=True  collision=False  over_limit=False
[767] PASS  time= 12.794s  status=Exact solution     len= 11.376  endpoints_valid=True  collision=False  over_limit=False
[768] PASS  time= 10.239s  status=Exact solution     len=  5.471  endpoints_valid=True  collision=False  over_limit=False
[769] PASS  time= 11.221s  status=Exact solution     len=  8.077  endpoints_valid=True  collision=False  over_limit=False
[770] PASS  time= 15.568s  status=Exact solution     len= 14.051  endpoints_valid=True  collision=False  over_limit=False
[771] PASS  time=  7.226s  status=Exact solution     len=  3.999  endpoints_valid=True  collision=False  over_limit=False
[772] PASS  time= 22.293s  status=Exact solution     len= 15.120  endpoints_valid=True  collision=False  over_limit=False
[773] FAIL  time= 30.045s  status=Timeout            len=    nan  endpoints_valid=True  collision=False  over_limit=True
[774] PASS  time= 17.098s  status=Exact solution     len=  7.237  endpoints_valid=True  collision=False  over_limit=False
[775] PASS  time=  3.866s  status=Exact solution     len=  6.946  endpoints_valid=True  collision=False  over_limit=False
[776] PASS  time=  9.200s  status=Exact solution     len=  6.895  endpoints_valid=True  collision=False  over_limit=False
[777] PASS  time=  9.055s  status=Exact solution     len= 10.649  endpoints_valid=True  collision=False  over_limit=False
[778] PASS  time= 12.890s  status=Exact solution     len= 14.753  endpoints_valid=True  collision=False  over_limit=False
[779] PASS  time=  1.476s  status=Exact solution     len=  3.655  endpoints_valid=True  collision=False  over_limit=False
[780] PASS  time= 15.366s  status=Exact solution     len= 12.976  endpoints_valid=True  collision=False  over_limit=False
[781] PASS  time= 17.200s  status=Exact solution     len= 10.795  endpoints_valid=True  collision=False  over_limit=False
[782] PASS  time=  5.739s  status=Exact solution     len=  3.995  endpoints_valid=True  collision=False  over_limit=False
[783] PASS  time= 11.794s  status=Exact solution     len=  4.791  endpoints_valid=True  collision=False  over_limit=False
[784] PASS  time= 24.005s  status=Exact solution     len= 10.474  endpoints_valid=True  collision=False  over_limit=False
[785] PASS  time=  2.989s  status=Exact solution     len=  3.316  endpoints_valid=True  collision=False  over_limit=False
[786] PASS  time= 11.345s  status=Exact solution     len=  5.510  endpoints_valid=True  collision=False  over_limit=False
[787] PASS  time= 25.773s  status=Exact solution     len= 10.317  endpoints_valid=True  collision=False  over_limit=False
[788] PASS  time= 24.336s  status=Exact solution     len=  4.727  endpoints_valid=True  collision=False  over_limit=False
[789] PASS  time= 12.195s  status=Exact solution     len=  6.906  endpoints_valid=True  collision=False  over_limit=False
[790] PASS  time=  9.593s  status=Exact solution     len=  5.610  endpoints_valid=True  collision=False  over_limit=False
[791] PASS  time=  6.189s  status=Exact solution     len=  7.986  endpoints_valid=True  collision=False  over_limit=False
[792] PASS  time=  7.316s  status=Exact solution     len=  7.768  endpoints_valid=True  collision=False  over_limit=False
[793] PASS  time=  8.969s  status=Exact solution     len= 12.086  endpoints_valid=True  collision=False  over_limit=False
[794] PASS  time=  2.128s  status=Exact solution     len=  4.681  endpoints_valid=True  collision=False  over_limit=False
[795] PASS  time=  4.263s  status=Exact solution     len=  4.196  endpoints_valid=True  collision=False  over_limit=False
[796] PASS  time=  3.911s  status=Exact solution     len=  6.485  endpoints_valid=True  collision=False  over_limit=False
[797] FAIL  time= 30.029s  status=Timeout            len=    nan  endpoints_valid=True  collision=False  over_limit=True
[798] PASS  time=  0.092s  status=Exact solution     len=  0.553  endpoints_valid=True  collision=False  over_limit=False
[799] PASS  time= 11.210s  status=Exact solution     len=  4.638  endpoints_valid=True  collision=False  over_limit=False
[800] PASS  time= 23.349s  status=Exact solution     len=  7.796  endpoints_valid=True  collision=False  over_limit=False
[801] PASS  time= 11.666s  status=Exact solution     len=  3.773  endpoints_valid=True  collision=False  over_limit=False
[802] PASS  time=  2.518s  status=Exact solution     len=  5.934  endpoints_valid=True  collision=False  over_limit=False
[803] PASS  time= 10.426s  status=Exact solution     len= 11.434  endpoints_valid=True  collision=False  over_limit=False
[804] PASS  time= 11.932s  status=Exact solution     len=  4.653  endpoints_valid=True  collision=False  over_limit=False
[805] PASS  time= 15.994s  status=Exact solution     len= 10.922  endpoints_valid=True  collision=False  over_limit=False
[806] PASS  time= 15.115s  status=Exact solution     len=  7.619  endpoints_valid=True  collision=False  over_limit=False
[807] PASS  time= 22.887s  status=Exact solution     len=  3.895  endpoints_valid=True  collision=False  over_limit=False
[808] PASS  time= 22.088s  status=Exact solution     len= 17.787  endpoints_valid=True  collision=False  over_limit=False
[809] PASS  time=  3.575s  status=Exact solution     len=  1.938  endpoints_valid=True  collision=False  over_limit=False
[810] PASS  time=  8.026s  status=Exact solution     len= 12.369  endpoints_valid=True  collision=False  over_limit=False
[811] PASS  time= 14.601s  status=Exact solution     len=  4.955  endpoints_valid=True  collision=False  over_limit=False
[812] PASS  time=  0.648s  status=Exact solution     len=  1.237  endpoints_valid=True  collision=False  over_limit=False
[813] PASS  time=  3.540s  status=Exact solution     len=  6.248  endpoints_valid=True  collision=False  over_limit=False
[814] PASS  time=  4.846s  status=Exact solution     len=  3.006  endpoints_valid=True  collision=False  over_limit=False
[815] PASS  time= 15.426s  status=Exact solution     len=  4.468  endpoints_valid=True  collision=False  over_limit=False
[816] PASS  time= 16.003s  status=Exact solution     len= 15.952  endpoints_valid=True  collision=False  over_limit=False
[817] PASS  time= 16.683s  status=Exact solution     len=  4.790  endpoints_valid=True  collision=False  over_limit=False
[818] PASS  time= 18.202s  status=Exact solution     len=  2.816  endpoints_valid=True  collision=False  over_limit=False
[819] PASS  time= 11.151s  status=Exact solution     len=  5.644  endpoints_valid=True  collision=False  over_limit=False
[820] PASS  time= 22.706s  status=Exact solution     len=  6.914  endpoints_valid=True  collision=False  over_limit=False
[821] PASS  time=  9.939s  status=Exact solution     len= 10.621  endpoints_valid=True  collision=False  over_limit=False
[822] PASS  time= 18.817s  status=Exact solution     len=  6.051  endpoints_valid=True  collision=False  over_limit=False
[823] PASS  time= 11.345s  status=Exact solution     len= 17.358  endpoints_valid=True  collision=False  over_limit=False
[824] PASS  time=  4.245s  status=Exact solution     len=  3.599  endpoints_valid=True  collision=False  over_limit=False
[825] PASS  time= 18.434s  status=Exact solution     len= 10.891  endpoints_valid=True  collision=False  over_limit=False
[826] PASS  time=  9.829s  status=Exact solution     len= 22.455  endpoints_valid=True  collision=False  over_limit=False
[827] PASS  time=  5.633s  status=Exact solution     len=  6.957  endpoints_valid=True  collision=False  over_limit=False
[828] PASS  time=  2.035s  status=Exact solution     len=  5.459  endpoints_valid=True  collision=False  over_limit=False
[829] PASS  time= 12.325s  status=Exact solution     len= 11.199  endpoints_valid=True  collision=False  over_limit=False
[830] PASS  time= 21.349s  status=Exact solution     len= 22.033  endpoints_valid=True  collision=False  over_limit=False
[831] PASS  time= 11.018s  status=Exact solution     len=  7.335  endpoints_valid=True  collision=False  over_limit=False
[832] PASS  time= 12.135s  status=Exact solution     len= 11.001  endpoints_valid=True  collision=False  over_limit=False
[833] PASS  time= 11.407s  status=Exact solution     len=  6.276  endpoints_valid=True  collision=False  over_limit=False
[834] PASS  time=  7.971s  status=Exact solution     len=  6.260  endpoints_valid=True  collision=False  over_limit=False
[835] PASS  time=  4.823s  status=Exact solution     len=  4.237  endpoints_valid=True  collision=False  over_limit=False
[836] PASS  time=  9.014s  status=Exact solution     len= 10.244  endpoints_valid=True  collision=False  over_limit=False
[837] PASS  time=  3.043s  status=Exact solution     len=  6.395  endpoints_valid=True  collision=False  over_limit=False
[838] PASS  time=  0.912s  status=Exact solution     len=  3.046  endpoints_valid=True  collision=False  over_limit=False
[839] PASS  time= 18.863s  status=Exact solution     len=  9.200  endpoints_valid=True  collision=False  over_limit=False
[840] PASS  time= 20.745s  status=Exact solution     len=  3.904  endpoints_valid=True  collision=False  over_limit=False
[841] PASS  time= 14.451s  status=Exact solution     len= 12.877  endpoints_valid=True  collision=False  over_limit=False
[842] PASS  time= 21.316s  status=Exact solution     len= 25.736  endpoints_valid=True  collision=False  over_limit=False
[843] PASS  time=  5.306s  status=Exact solution     len=  7.010  endpoints_valid=True  collision=False  over_limit=False
[844] PASS  time= 20.916s  status=Exact solution     len=  2.753  endpoints_valid=True  collision=False  over_limit=False
[845] FAIL  time= 30.171s  status=Timeout            len=    nan  endpoints_valid=True  collision=False  over_limit=True
[846] PASS  time=  0.110s  status=Exact solution     len=  0.461  endpoints_valid=True  collision=False  over_limit=False
[847] PASS  time= 16.079s  status=Exact solution     len=  2.997  endpoints_valid=True  collision=False  over_limit=False
[848] PASS  time=  3.322s  status=Exact solution     len=  2.288  endpoints_valid=True  collision=False  over_limit=False
[849] PASS  time=  9.610s  status=Exact solution     len=  8.138  endpoints_valid=True  collision=False  over_limit=False
[850] PASS  time=  9.832s  status=Exact solution     len= 10.037  endpoints_valid=True  collision=False  over_limit=False
[851] PASS  time=  0.158s  status=Exact solution     len=  0.453  endpoints_valid=True  collision=False  over_limit=False
[852] PASS  time=  2.627s  status=Exact solution     len=  3.159  endpoints_valid=True  collision=False  over_limit=False
[853] PASS  time=  9.744s  status=Exact solution     len=  9.956  endpoints_valid=True  collision=False  over_limit=False
[854] PASS  time=  5.039s  status=Exact solution     len=  8.666  endpoints_valid=True  collision=False  over_limit=False
[855] PASS  time=  5.975s  status=Exact solution     len=  4.907  endpoints_valid=True  collision=False  over_limit=False
[856] PASS  time=  3.706s  status=Exact solution     len=  3.152  endpoints_valid=True  collision=False  over_limit=False
[857] PASS  time=  4.496s  status=Exact solution     len=  6.183  endpoints_valid=True  collision=False  over_limit=False
[858] PASS  time=  6.854s  status=Exact solution     len=  5.178  endpoints_valid=True  collision=False  over_limit=False
[859] PASS  time=  3.525s  status=Exact solution     len=  3.313  endpoints_valid=True  collision=False  over_limit=False
[860] PASS  time=  1.379s  status=Exact solution     len=  3.565  endpoints_valid=True  collision=False  over_limit=False
[861] PASS  time=  0.644s  status=Exact solution     len=  1.718  endpoints_valid=True  collision=False  over_limit=False
[862] PASS  time= 10.177s  status=Exact solution     len= 12.804  endpoints_valid=True  collision=False  over_limit=False
[863] PASS  time=  2.200s  status=Exact solution     len=  4.165  endpoints_valid=True  collision=False  over_limit=False
[864] PASS  time=  4.210s  status=Exact solution     len=  4.805  endpoints_valid=True  collision=False  over_limit=False
[865] PASS  time= 23.391s  status=Exact solution     len=  8.277  endpoints_valid=True  collision=False  over_limit=False
[866] PASS  time=  5.272s  status=Exact solution     len= 14.282  endpoints_valid=True  collision=False  over_limit=False
[867] PASS  time= 18.518s  status=Exact solution     len=  6.759  endpoints_valid=True  collision=False  over_limit=False
[868] PASS  time= 13.611s  status=Exact solution     len=  7.449  endpoints_valid=True  collision=False  over_limit=False
[869] PASS  time=  8.612s  status=Exact solution     len= 13.915  endpoints_valid=True  collision=False  over_limit=False
[870] PASS  time= 16.715s  status=Exact solution     len=  5.699  endpoints_valid=True  collision=False  over_limit=False
[871] PASS  time= 19.440s  status=Exact solution     len= 12.902  endpoints_valid=True  collision=False  over_limit=False
[872] PASS  time=  4.248s  status=Exact solution     len=  5.447  endpoints_valid=True  collision=False  over_limit=False
[873] PASS  time= 16.593s  status=Exact solution     len=  9.725  endpoints_valid=True  collision=False  over_limit=False
[874] PASS  time= 14.539s  status=Exact solution     len=  9.236  endpoints_valid=True  collision=False  over_limit=False
[875] PASS  time=  6.047s  status=Exact solution     len=  5.231  endpoints_valid=True  collision=False  over_limit=False
[876] PASS  time= 13.320s  status=Exact solution     len= 13.797  endpoints_valid=True  collision=False  over_limit=False
[877] PASS  time=  3.347s  status=Exact solution     len=  7.655  endpoints_valid=True  collision=False  over_limit=False
[878] PASS  time=  7.002s  status=Exact solution     len= 13.221  endpoints_valid=True  collision=False  over_limit=False
[879] PASS  time=  5.615s  status=Exact solution     len=  8.302  endpoints_valid=True  collision=False  over_limit=False
[880] PASS  time=  1.920s  status=Exact solution     len=  2.456  endpoints_valid=True  collision=False  over_limit=False
[881] PASS  time=  7.778s  status=Exact solution     len=  6.677  endpoints_valid=True  collision=False  over_limit=False
[882] PASS  time= 15.599s  status=Exact solution     len=  4.885  endpoints_valid=True  collision=False  over_limit=False
[883] PASS  time=  6.681s  status=Exact solution     len=  9.002  endpoints_valid=True  collision=False  over_limit=False
[884] PASS  time= 10.635s  status=Exact solution     len= 10.552  endpoints_valid=True  collision=False  over_limit=False
[885] PASS  time= 12.502s  status=Exact solution     len=  9.391  endpoints_valid=True  collision=False  over_limit=False
[886] PASS  time=  8.709s  status=Exact solution     len=  8.816  endpoints_valid=True  collision=False  over_limit=False
[887] PASS  time= 12.659s  status=Exact solution     len=  5.891  endpoints_valid=True  collision=False  over_limit=False
[888] PASS  time=  0.036s  status=Exact solution     len=  0.406  endpoints_valid=True  collision=False  over_limit=False
[889] PASS  time=  6.368s  status=Exact solution     len=  8.236  endpoints_valid=True  collision=False  over_limit=False
[890] PASS  time= 25.876s  status=Exact solution     len=  8.515  endpoints_valid=True  collision=False  over_limit=False
[891] PASS  time= 13.641s  status=Exact solution     len=  4.641  endpoints_valid=True  collision=False  over_limit=False
[892] PASS  time=  8.273s  status=Exact solution     len=  5.624  endpoints_valid=True  collision=False  over_limit=False
[893] PASS  time= 17.122s  status=Exact solution     len=  5.515  endpoints_valid=True  collision=False  over_limit=False
[894] PASS  time= 15.778s  status=Exact solution     len= 19.298  endpoints_valid=True  collision=False  over_limit=False
[895] PASS  time= 13.835s  status=Exact solution     len= 15.601  endpoints_valid=True  collision=False  over_limit=False
[896] PASS  time= 16.124s  status=Exact solution     len= 15.094  endpoints_valid=True  collision=False  over_limit=False
[897] PASS  time=  9.257s  status=Exact solution     len= 20.173  endpoints_valid=True  collision=False  over_limit=False
[898] PASS  time= 23.772s  status=Exact solution     len=  5.117  endpoints_valid=True  collision=False  over_limit=False
[899] PASS  time=  6.614s  status=Exact solution     len=  6.589  endpoints_valid=True  collision=False  over_limit=False
[900] PASS  time=  7.507s  status=Exact solution     len=  6.825  endpoints_valid=True  collision=False  over_limit=False
[901] PASS  time=  0.167s  status=Exact solution     len=  1.067  endpoints_valid=True  collision=False  over_limit=False
[902] PASS  time= 12.100s  status=Exact solution     len=  9.184  endpoints_valid=True  collision=False  over_limit=False
[903] PASS  time=  0.150s  status=Exact solution     len=  0.430  endpoints_valid=True  collision=False  over_limit=False
[904] PASS  time=  1.980s  status=Exact solution     len=  3.595  endpoints_valid=True  collision=False  over_limit=False
[905] PASS  time=  9.027s  status=Exact solution     len= 11.809  endpoints_valid=True  collision=False  over_limit=False
[906] PASS  time= 21.867s  status=Exact solution     len=  6.271  endpoints_valid=True  collision=False  over_limit=False
[907] PASS  time=  3.809s  status=Exact solution     len=  3.777  endpoints_valid=True  collision=False  over_limit=False
[908] PASS  time=  6.416s  status=Exact solution     len= 10.984  endpoints_valid=True  collision=False  over_limit=False
[909] PASS  time=  5.625s  status=Exact solution     len=  4.852  endpoints_valid=True  collision=False  over_limit=False
[910] PASS  time= 14.227s  status=Exact solution     len=  7.300  endpoints_valid=True  collision=False  over_limit=False
[911] PASS  time=  6.251s  status=Exact solution     len=  7.186  endpoints_valid=True  collision=False  over_limit=False
[912] PASS  time= 19.435s  status=Exact solution     len= 16.344  endpoints_valid=True  collision=False  over_limit=False
[913] PASS  time= 15.159s  status=Exact solution     len=  7.116  endpoints_valid=True  collision=False  over_limit=False
[914] PASS  time=  2.923s  status=Exact solution     len=  3.419  endpoints_valid=True  collision=False  over_limit=False
[915] PASS  time= 12.927s  status=Exact solution     len=  4.931  endpoints_valid=True  collision=False  over_limit=False
[916] PASS  time= 21.885s  status=Exact solution     len= 13.113  endpoints_valid=True  collision=False  over_limit=False
[917] PASS  time= 11.419s  status=Exact solution     len=  9.584  endpoints_valid=True  collision=False  over_limit=False
[918] PASS  time=  2.271s  status=Exact solution     len=  5.075  endpoints_valid=True  collision=False  over_limit=False
[919] PASS  time= 10.112s  status=Exact solution     len=  9.149  endpoints_valid=True  collision=False  over_limit=False
[920] PASS  time= 19.595s  status=Exact solution     len= 19.651  endpoints_valid=True  collision=False  over_limit=False
[921] PASS  time=  6.919s  status=Exact solution     len=  6.242  endpoints_valid=True  collision=False  over_limit=False
[922] PASS  time= 14.361s  status=Exact solution     len= 19.265  endpoints_valid=True  collision=False  over_limit=False
[923] PASS  time= 16.392s  status=Exact solution     len=  2.050  endpoints_valid=True  collision=False  over_limit=False
[924] FAIL  time= 30.247s  status=Timeout            len=    nan  endpoints_valid=True  collision=False  over_limit=True
[925] PASS  time=  1.813s  status=Exact solution     len=  2.904  endpoints_valid=True  collision=False  over_limit=False
[926] PASS  time= 12.195s  status=Exact solution     len= 15.149  endpoints_valid=True  collision=False  over_limit=False
[927] PASS  time= 29.061s  status=Exact solution     len=  3.662  endpoints_valid=True  collision=False  over_limit=False
[928] PASS  time= 28.334s  status=Exact solution     len= 10.059  endpoints_valid=True  collision=False  over_limit=False
[929] PASS  time=  4.769s  status=Exact solution     len=  5.898  endpoints_valid=True  collision=False  over_limit=False
[930] PASS  time=  4.887s  status=Exact solution     len=  8.130  endpoints_valid=True  collision=False  over_limit=False
[931] PASS  time= 12.645s  status=Exact solution     len=  8.183  endpoints_valid=True  collision=False  over_limit=False
[932] PASS  time= 10.558s  status=Exact solution     len= 10.005  endpoints_valid=True  collision=False  over_limit=False
[933] PASS  time= 11.154s  status=Exact solution     len= 13.382  endpoints_valid=True  collision=False  over_limit=False
[934] PASS  time= 11.447s  status=Exact solution     len=  3.000  endpoints_valid=True  collision=False  over_limit=False
[935] PASS  time= 15.521s  status=Exact solution     len= 16.267  endpoints_valid=True  collision=False  over_limit=False
[936] PASS  time= 18.642s  status=Exact solution     len=  4.101  endpoints_valid=True  collision=False  over_limit=False
[937] PASS  time= 13.360s  status=Exact solution     len=  3.414  endpoints_valid=True  collision=False  over_limit=False
[938] PASS  time=  5.554s  status=Exact solution     len=  6.235  endpoints_valid=True  collision=False  over_limit=False
[939] PASS  time=  5.098s  status=Exact solution     len=  6.630  endpoints_valid=True  collision=False  over_limit=False
[940] PASS  time=  7.319s  status=Exact solution     len= 11.422  endpoints_valid=True  collision=False  over_limit=False
[941] FAIL  time= 30.008s  status=Timeout            len=    nan  endpoints_valid=True  collision=False  over_limit=True
[942] FAIL  time= 30.338s  status=Timeout            len=    nan  endpoints_valid=True  collision=False  over_limit=True
[943] PASS  time=  7.888s  status=Exact solution     len=  8.074  endpoints_valid=True  collision=False  over_limit=False
[944] PASS  time=  3.716s  status=Exact solution     len=  5.080  endpoints_valid=True  collision=False  over_limit=False
[945] PASS  time=  8.500s  status=Exact solution     len=  6.632  endpoints_valid=True  collision=False  over_limit=False
[946] PASS  time=  9.335s  status=Exact solution     len= 10.092  endpoints_valid=True  collision=False  over_limit=False
[947] PASS  time=  6.308s  status=Exact solution     len=  3.896  endpoints_valid=True  collision=False  over_limit=False
[948] PASS  time= 15.805s  status=Exact solution     len=  5.486  endpoints_valid=True  collision=False  over_limit=False
[949] PASS  time= 10.174s  status=Exact solution     len=  9.846  endpoints_valid=True  collision=False  over_limit=False
[950] PASS  time=  6.104s  status=Exact solution     len=  7.427  endpoints_valid=True  collision=False  over_limit=False
[951] PASS  time= 10.071s  status=Exact solution     len= 10.981  endpoints_valid=True  collision=False  over_limit=False
[952] PASS  time= 11.577s  status=Exact solution     len=  4.791  endpoints_valid=True  collision=False  over_limit=False
[953] PASS  time=  8.900s  status=Exact solution     len=  9.512  endpoints_valid=True  collision=False  over_limit=False
[954] PASS  time= 21.216s  status=Exact solution     len= 16.840  endpoints_valid=True  collision=False  over_limit=False
[955] PASS  time= 15.065s  status=Exact solution     len= 11.592  endpoints_valid=True  collision=False  over_limit=False
[956] PASS  time= 11.759s  status=Exact solution     len=  3.812  endpoints_valid=True  collision=False  over_limit=False
[957] FAIL  time= 30.244s  status=Timeout            len=    nan  endpoints_valid=True  collision=False  over_limit=True
[958] PASS  time= 13.195s  status=Exact solution     len= 10.124  endpoints_valid=True  collision=False  over_limit=False
[959] PASS  time= 10.522s  status=Exact solution     len=  5.818  endpoints_valid=True  collision=False  over_limit=False
[960] PASS  time=  9.365s  status=Exact solution     len= 12.100  endpoints_valid=True  collision=False  over_limit=False
[961] PASS  time= 10.265s  status=Exact solution     len=  4.814  endpoints_valid=True  collision=False  over_limit=False
[962] PASS  time= 18.816s  status=Exact solution     len= 15.452  endpoints_valid=True  collision=False  over_limit=False
[963] PASS  time=  4.222s  status=Exact solution     len=  3.509  endpoints_valid=True  collision=False  over_limit=False
[964] PASS  time= 20.719s  status=Exact solution     len= 10.516  endpoints_valid=True  collision=False  over_limit=False
[965] PASS  time=  9.895s  status=Exact solution     len=  8.657  endpoints_valid=True  collision=False  over_limit=False
[966] PASS  time=  6.285s  status=Exact solution     len=  4.931  endpoints_valid=True  collision=False  over_limit=False
[967] PASS  time= 11.804s  status=Exact solution     len=  8.559  endpoints_valid=True  collision=False  over_limit=False
[968] PASS  time= 10.350s  status=Exact solution     len= 12.146  endpoints_valid=True  collision=False  over_limit=False
[969] PASS  time=  1.469s  status=Exact solution     len=  5.068  endpoints_valid=True  collision=False  over_limit=False
[970] PASS  time= 17.957s  status=Exact solution     len= 12.627  endpoints_valid=True  collision=False  over_limit=False
[971] PASS  time= 10.978s  status=Exact solution     len= 11.885  endpoints_valid=True  collision=False  over_limit=False
[972] FAIL  time= 30.127s  status=Timeout            len=    nan  endpoints_valid=True  collision=False  over_limit=True
[973] PASS  time=  0.577s  status=Exact solution     len=  3.348  endpoints_valid=True  collision=False  over_limit=False
[974] PASS  time= 10.271s  status=Exact solution     len=  8.832  endpoints_valid=True  collision=False  over_limit=False
[975] PASS  time=  4.765s  status=Exact solution     len=  6.542  endpoints_valid=True  collision=False  over_limit=False
[976] PASS  time=  0.364s  status=Exact solution     len=  0.803  endpoints_valid=True  collision=False  over_limit=False
[977] PASS  time= 12.527s  status=Exact solution     len=  3.243  endpoints_valid=True  collision=False  over_limit=False
[978] PASS  time=  4.731s  status=Exact solution     len=  6.771  endpoints_valid=True  collision=False  over_limit=False
[979] PASS  time= 13.744s  status=Exact solution     len=  8.132  endpoints_valid=True  collision=False  over_limit=False
[980] PASS  time=  6.498s  status=Exact solution     len=  8.282  endpoints_valid=True  collision=False  over_limit=False
[981] PASS  time=  6.892s  status=Exact solution     len=  4.145  endpoints_valid=True  collision=False  over_limit=False
[982] PASS  time=  0.862s  status=Exact solution     len=  4.304  endpoints_valid=True  collision=False  over_limit=False
[983] PASS  time=  4.440s  status=Exact solution     len=  4.381  endpoints_valid=True  collision=False  over_limit=False
[984] PASS  time= 13.423s  status=Exact solution     len= 10.165  endpoints_valid=True  collision=False  over_limit=False
[985] PASS  time= 17.990s  status=Exact solution     len=  7.521  endpoints_valid=True  collision=False  over_limit=False
[986] PASS  time= 22.185s  status=Exact solution     len=  7.120  endpoints_valid=True  collision=False  over_limit=False
[987] PASS  time=  6.503s  status=Exact solution     len=  6.525  endpoints_valid=True  collision=False  over_limit=False
[988] PASS  time= 18.428s  status=Exact solution     len= 16.093  endpoints_valid=True  collision=False  over_limit=False
[989] FAIL  time= 30.201s  status=Timeout            len=    nan  endpoints_valid=True  collision=False  over_limit=True
[990] PASS  time= 19.541s  status=Exact solution     len=  5.505  endpoints_valid=True  collision=False  over_limit=False
[991] PASS  time= 10.451s  status=Exact solution     len=  8.535  endpoints_valid=True  collision=False  over_limit=False
[992] PASS  time=  3.961s  status=Exact solution     len=  4.318  endpoints_valid=True  collision=False  over_limit=False
[993] PASS  time= 21.460s  status=Exact solution     len=  3.085  endpoints_valid=True  collision=False  over_limit=False
[994] PASS  time= 14.096s  status=Exact solution     len=  9.605  endpoints_valid=True  collision=False  over_limit=False
[995] PASS  time=  8.888s  status=Exact solution     len=  5.396  endpoints_valid=True  collision=False  over_limit=False
[996] PASS  time=  6.540s  status=Exact solution     len=  4.226  endpoints_valid=True  collision=False  over_limit=False
[997] PASS  time= 17.534s  status=Exact solution     len=  9.478  endpoints_valid=True  collision=False  over_limit=False
[998] PASS  time=  6.501s  status=Exact solution     len=  5.565  endpoints_valid=True  collision=False  over_limit=False
[999] PASS  time=  2.746s  status=Exact solution     len=  3.931  endpoints_valid=True  collision=False  over_limit=False

shape                     : datasets/3dshape/4shape3d.obj
environment               : datasets/3dshape/env1.obj
data_path                 : testing_data/3dshape/4shape3d_env1
planner                   : LazyPRM (OMPL, SE(3))
roadmap                   : cleared per case
time_limit_per_case       : 30.000 s  (a case over this = fail)
path_simplification       : off

test_cases_total          : 1000
invalid_start_or_goal     : 0  (excluded, unplannable)
test_cases_scored         : 1000  [valid start+goal only]
successes                 : 971
failures                  : 29
  no_solution_in_time     : 27
  over_time_limit         : 2
  path_in_collision       : 0
success_rate              : 0.9710  (97.1%)  [971/1000]

time_mean                 : 10.6095 s   [all 1000 scored cases]
time_std                  : 7.5556 s
time_mean_successful      : 10.0253 s   [971 successful cases]
time_std_successful       : 6.8567 s
time_median               : 9.2016 s

path_length_mean          : 7.6414   [971 successful cases]
path_length_std           : 4.3059
path_length_total         : 7419.8340

total_time                : 10609.51 s
collision_checks          : 4699526

Wrote results/ompl_lazyprm_rerun/4shape3d_env1/lazy_prm_success_rate.txt
Wrote results/ompl_lazyprm_rerun/4shape3d_env1/lazy_prm_cases.csv
