[load_obj] 'datasets/3dshape/2denv4_zup.obj': 8 objects/groups
  [0] 'Body1'  (32 triangles)
  [1] 'Body2'  (12 triangles)
  [2] 'Body3'  (12 triangles)
  [3] 'Body4'  (12 triangles)
  [4] 'Body5'  (12 triangles)
  [5] 'Body6'  (12 triangles)
  [6] 'Body7'  (12 triangles)
  [7] 'Body8'  (32 triangles)
[--2d] environment flattened onto z=0
[load_obj] 'datasets/3dshape/4shape3d_zup.obj': 1 objects/groups
  [0] 'Body4'  (36 triangles)
[--2d] shape z extent 0.0286 -> 0.0100 (env-normalized units)
Delaunizing vertices...
Delaunay seconds:  0.000412
Creating surface mesh ...
Surface mesh seconds:  6.1e-05
Recovering boundaries...
Boundary recovery seconds:  0.003392
Removing exterior tetrahedra ...
Exterior tets removal seconds:  0.002167
Suppressing Steiner points ...
Steiner suppression seconds:  0.000627
Recovering Delaunayness...
Delaunay recovery seconds:  0.000174
Refining mesh...
  27 insertions, added 0 points, 2 tetrahedra in queue.
  8 insertions, added 0 points, 0 tetrahedra in queue.
Refinement seconds:  0.000146
Smoothing vertices...
Mesh smoothing seconds:  0.003248
Improving mesh...
Mesh improvement seconds:  2.7e-05

Writing nodes.
Writing elements.
Writing faces.
Writing edges.

Output seconds:  4.9e-05
Total running seconds:  0.010516

Statistics:

  Input points: 20
  Input facets: 36
  Input segments: 54
  Input holes: 0
  Input regions: 0

  Mesh points: 21
  Mesh tetrahedra: 30
  Mesh faces: 78
  Mesh faces on exterior boundary: 36
  Mesh faces on input facets: 36
  Mesh edges on input segments: 54
  Steiner points inside domain: 1

Tetrahedralized shape: 30 tets, 36 boundary triangles, 21 verts
Sampling 800000 (x0, x1) pairs [TRAINING (narrow-band correlated pairs) | PLANAR 2-D (z=0, rotation about z only)]   margin=0.05  offset=0.001  ...
generated: 24 / 800000
generated: 32 / 800000
generated: 52 / 800000
generated: 65 / 800000
generated: 87 / 800000
generated: 105 / 800000
generated: 122 / 800000
generated: 132 / 800000
generated: 149 / 800000
generated: 173 / 800000
generated: 191 / 800000
generated: 212 / 800000
generated: 235 / 800000
generated: 252 / 800000
generated: 267 / 800000
generated: 280 / 800000
generated: 303 / 800000
generated: 321 / 800000
generated: 340 / 800000
generated: 361 / 800000
generated: 379 / 800000
generated: 401 / 800000
generated: 417 / 800000
generated: 432 / 800000
generated: 443 / 800000
generated: 457 / 800000
generated: 476 / 800000
generated: 496 / 800000
generated: 508 / 800000
generated: 526 / 800000
generated: 549 / 800000
generated: 567 / 800000
generated: 593 / 800000
generated: 613 / 800000
generated: 638 / 800000
generated: 649 / 800000
generated: 670 / 800000
generated: 692 / 800000
generated: 714 / 800000
generated: 730 / 800000
generated: 745 / 800000
generated: 760 / 800000
generated: 774 / 800000
generated: 784 / 800000
generated: 797 / 800000
generated: 818 / 800000
generated: 838 / 800000
generated: 863 / 800000
generated: 884 / 800000
generated: 903 / 800000
generated: 922 / 800000
generated: 936 / 800000
generated: 951 / 800000
generated: 970 / 800000
generated: 983 / 800000
generated: 998 / 800000
generated: 1013 / 800000
generated: 1031 / 800000
generated: 1049 / 800000
generated: 1067 / 800000
generated: 1084 / 800000
generated: 1100 / 800000
generated: 1120 / 800000
generated: 1142 / 800000
generated: 1160 / 800000
generated: 1184 / 800000
generated: 1206 / 800000
generated: 1224 / 800000
generated: 1245 / 800000
generated: 1263 / 800000
generated: 1275 / 800000
generated: 1298 / 800000
generated: 1315 / 800000
generated: 1331 / 800000
generated: 1347 / 800000
generated: 1363 / 800000
generated: 1387 / 800000
generated: 1406 / 800000
generated: 1423 / 800000
generated: 1441 / 800000
generated: 1457 / 800000
generated: 1481 / 800000
generated: 1495 / 800000
generated: 1511 / 800000
generated: 1531 / 800000
generated: 1547 / 800000
generated: 1568 / 800000
generated: 1585 / 800000
generated: 1602 / 800000
generated: 1621 / 800000
generated: 1632 / 800000
generated: 1653 / 800000
generated: 1671 / 800000
generated: 1687 / 800000
generated: 1698 / 800000
generated: 1714 / 800000
generated: 1733 / 800000
generated: 1756 / 800000
generated: 1772 / 800000
generated: 1790 / 800000
generated: 1803 / 800000
generated: 1815 / 800000
generated: 1831 / 800000
generated: 1851 / 800000
generated: 1870 / 800000
generated: 1885 / 800000
generated: 1903 / 800000
generated: 1922 / 800000
generated: 1941 / 800000
generated: 1953 / 800000
generated: 1973 / 800000
generated: 1985 / 800000
generated: 2001 / 800000
generated: 2019 / 800000
generated: 2033 / 800000
generated: 2052 / 800000
generated: 2078 / 800000
generated: 2099 / 800000
generated: 2118 / 800000
generated: 2142 / 800000
generated: 2169 / 800000
generated: 2189 / 800000
generated: 2198 / 800000
generated: 2219 / 800000
generated: 2232 / 800000
generated: 2261 / 800000
generated: 2277 / 800000
generated: 2299 / 800000
generated: 2320 / 800000
generated: 2341 / 800000
generated: 2353 / 800000
generated: 2376 / 800000
generated: 2390 / 800000
generated: 2413 / 800000
generated: 2431 / 800000
generated: 2453 / 800000
generated: 2475 / 800000
generated: 2495 / 800000
generated: 2512 / 800000
generated: 2529 / 800000
generated: 2547 / 800000
generated: 2563 / 800000
generated: 2580 / 800000
generated: 2601 / 800000
generated: 2618 / 800000
generated: 2633 / 800000
generated: 2645 / 800000
generated: 2663 / 800000
generated: 2681 / 800000
generated: 2696 / 800000
generated: 2713 / 800000
generated: 2737 / 800000
generated: 2758 / 800000
generated: 2776 / 800000
generated: 2796 / 800000
generated: 2814 / 800000
generated: 2831 / 800000
generated: 2853 / 800000
generated: 2877 / 800000
generated: 2899 / 800000
generated: 2911 / 800000
generated: 2927 / 800000
generated: 2943 / 800000
generated: 2963 / 800000
generated: 2977 / 800000
generated: 2995 / 800000
generated: 3009 / 800000
generated: 3026 / 800000
generated: 3046 / 800000
generated: 3057 / 800000
generated: 3072 / 800000
generated: 3096 / 800000
generated: 3109 / 800000
generated: 3128 / 800000
generated: 3145 / 800000
generated: 3168 / 800000
generated: 3188 / 800000
generated: 3206 / 800000
generated: 3227 / 800000
generated: 3243 / 800000
generated: 3259 / 800000
generated: 3277 / 800000
generated: 3295 / 800000
generated: 3321 / 800000
generated: 3337 / 800000
generated: 3354 / 800000
generated: 3375 / 800000
generated: 3400 / 800000
generated: 3411 / 800000
generated: 3437 / 800000
generated: 3453 / 800000
generated: 3466 / 800000
generated: 3480 / 800000
generated: 3498 / 800000
generated: 3518 / 800000
generated: 3540 / 800000
generated: 3554 / 800000
generated: 3574 / 800000
generated: 3591 / 800000
generated: 3606 / 800000
generated: 3621 / 800000
generated: 3631 / 800000
generated: 3649 / 800000
generated: 3667 / 800000
generated: 3683 / 800000
generated: 3702 / 800000
generated: 3726 / 800000
generated: 3742 / 800000
generated: 3761 / 800000
generated: 3783 / 800000
generated: 3802 / 800000
generated: 3815 / 800000
generated: 3832 / 800000
generated: 3852 / 800000
generated: 3877 / 800000
generated: 3894 / 800000
generated: 3904 / 800000
generated: 3931 / 800000
generated: 3946 / 800000
generated: 3962 / 800000
generated: 3983 / 800000
generated: 3998 / 800000
generated: 4014 / 800000
generated: 4037 / 800000
generated: 4059 / 800000
generated: 4079 / 800000
generated: 4098 / 800000
generated: 4114 / 800000
generated: 4137 / 800000
generated: 4147 / 800000
generated: 4164 / 800000
generated: 4190 / 800000
generated: 4209 / 800000
generated: 4226 / 800000
generated: 4250 / 800000
generated: 4274 / 800000
generated: 4294 / 800000
generated: 4317 / 800000
generated: 4341 / 800000
generated: 4359 / 800000
generated: 4374 / 800000
generated: 4386 / 800000
generated: 4403 / 800000
generated: 4420 / 800000
generated: 4436 / 800000
generated: 4451 / 800000
generated: 4466 / 800000
generated: 4489 / 800000
generated: 4507 / 800000
generated: 4522 / 800000
generated: 4544 / 800000
generated: 4562 / 800000
generated: 4576 / 800000
generated: 4595 / 800000
generated: 4612 / 800000
generated: 4630 / 800000
generated: 4644 / 800000
generated: 4662 / 800000
generated: 4683 / 800000
generated: 4703 / 800000
generated: 4725 / 800000
generated: 4745 / 800000
generated: 4766 / 800000
generated: 4778 / 800000
generated: 4798 / 800000
generated: 4816 / 800000
generated: 4839 / 800000
generated: 4859 / 800000
generated: 4881 / 800000
generated: 4900 / 800000
generated: 4919 / 800000
generated: 4943 / 800000
generated: 4958 / 800000
generated: 4981 / 800000
generated: 4995 / 800000
generated: 5014 / 800000
generated: 5025 / 800000
generated: 5040 / 800000
generated: 5064 / 800000
generated: 5073 / 800000
generated: 5098 / 800000
generated: 5119 / 800000
generated: 5140 / 800000
generated: 5160 / 800000
generated: 5175 / 800000
generated: 5192 / 800000
generated: 5203 / 800000
generated: 5224 / 800000
generated: 5248 / 800000
generated: 5266 / 800000
generated: 5284 / 800000
generated: 5300 / 800000
generated: 5318 / 800000
generated: 5342 / 800000
generated: 5360 / 800000
generated: 5377 / 800000
generated: 5398 / 800000
generated: 5417 / 800000
generated: 5430 / 800000
generated: 5446 / 800000
generated: 5466 / 800000
generated: 5481 / 800000
generated: 5499 / 800000
generated: 5516 / 800000
generated: 5539 / 800000
generated: 5561 / 800000
generated: 5584 / 800000
generated: 5605 / 800000
generated: 5622 / 800000
generated: 5647 / 800000
generated: 5667 / 800000
generated: 5682 / 800000
generated: 5706 / 800000
generated: 5720 / 800000
generated: 5735 / 800000
generated: 5745 / 800000
generated: 5757 / 800000
generated: 5777 / 800000
generated: 5797 / 800000
generated: 5811 / 800000
generated: 5828 / 800000
generated: 5842 / 800000
generated: 5856 / 800000
generated: 5878 / 800000
generated: 5891 / 800000
generated: 5905 / 800000
generated: 5926 / 800000
generated: 5950 / 800000
generated: 5970 / 800000
generated: 5990 / 800000
generated: 6000 / 800000
generated: 6011 / 800000
generated: 6029 / 800000
generated: 6040 / 800000
generated: 6054 / 800000
generated: 6081 / 800000
generated: 6096 / 800000
generated: 6112 / 800000
generated: 6121 / 800000
generated: 6133 / 800000
generated: 6150 / 800000
generated: 6170 / 800000
generated: 6185 / 800000
generated: 6208 / 800000
generated: 6231 / 800000
generated: 6249 / 800000
generated: 6268 / 800000
generated: 6286 / 800000
generated: 6304 / 800000
generated: 6316 / 800000
generated: 6339 / 800000
generated: 6354 / 800000
generated: 6380 / 800000
generated: 6403 / 800000
generated: 6427 / 800000
generated: 6443 / 800000
generated: 6457 / 800000
generated: 6480 / 800000
generated: 6500 / 800000
generated: 6518 / 800000
generated: 6548 / 800000
generated: 6570 / 800000
generated: 6582 / 800000
generated: 6597 / 800000
generated: 6617 / 800000
generated: 6636 / 800000
generated: 6657 / 800000
generated: 6667 / 800000
generated: 6685 / 800000
generated: 6711 / 800000
generated: 6724 / 800000
generated: 6735 / 800000
generated: 6749 / 800000
generated: 6764 / 800000
generated: 6784 / 800000
generated: 6803 / 800000
generated: 6826 / 800000
generated: 6846 / 800000
generated: 6863 / 800000
generated: 6887 / 800000
generated: 6906 / 800000
generated: 6923 / 800000
generated: 6940 / 800000
generated: 6963 / 800000
generated: 6975 / 800000
generated: 6987 / 800000
generated: 7006 / 800000
generated: 7023 / 800000
generated: 7037 / 800000
generated: 7055 / 800000
generated: 7066 / 800000
generated: 7080 / 800000
generated: 7098 / 800000
generated: 7118 / 800000
generated: 7136 / 800000
generated: 7151 / 800000
generated: 7170 / 800000
generated: 7187 / 800000
generated: 7204 / 800000
generated: 7225 / 800000
generated: 7249 / 800000
generated: 7268 / 800000
generated: 7280 / 800000
generated: 7303 / 800000
generated: 7320 / 800000
generated: 7335 / 800000
generated: 7355 / 800000
generated: 7373 / 800000
generated: 7392 / 800000
generated: 7411 / 800000
generated: 7432 / 800000
generated: 7453 / 800000
generated: 7471 / 800000
generated: 7493 / 800000
generated: 7508 / 800000
generated: 7530 / 800000
generated: 7542 / 800000
generated: 7558 / 800000
generated: 7574 / 800000
generated: 7594 / 800000
generated: 7615 / 800000
generated: 7635 / 800000
generated: 7648 / 800000
generated: 7660 / 800000
generated: 7681 / 800000
generated: 7697 / 800000
generated: 7714 / 800000
generated: 7730 / 800000
generated: 7750 / 800000
generated: 7769 / 800000
generated: 7789 / 800000
generated: 7806 / 800000
generated: 7824 / 800000
generated: 7846 / 800000
generated: 7859 / 800000
generated: 7884 / 800000
generated: 7898 / 800000
generated: 7919 / 800000
generated: 7943 / 800000
generated: 7959 / 800000
generated: 7979 / 800000
generated: 7998 / 800000
generated: 8012 / 800000
generated: 8029 / 800000
generated: 8044 / 800000
generated: 8066 / 800000
generated: 8088 / 800000
generated: 8105 / 800000
generated: 8124 / 800000
generated: 8132 / 800000
generated: 8154 / 800000
generated: 8173 / 800000
generated: 8189 / 800000
generated: 8207 / 800000
generated: 8225 / 800000
generated: 8255 / 800000
generated: 8272 / 800000
generated: 8287 / 800000
generated: 8301 / 800000
generated: 8320 / 800000
generated: 8344 / 800000
generated: 8359 / 800000
generated: 8381 / 800000
generated: 8396 / 800000
generated: 8411 / 800000
generated: 8423 / 800000
generated: 8440 / 800000
generated: 8458 / 800000
generated: 8473 / 800000
generated: 8489 / 800000
generated: 8508 / 800000
generated: 8527 / 800000
generated: 8540 / 800000
generated: 8551 / 800000
generated: 8570 / 800000
generated: 8589 / 800000
generated: 8608 / 800000
generated: 8625 / 800000
generated: 8645 / 800000
generated: 8662 / 800000
generated: 8683 / 800000
generated: 8697 / 800000
generated: 8727 / 800000
generated: 8754 / 800000
generated: 8775 / 800000
generated: 8796 / 800000
generated: 8814 / 800000
generated: 8828 / 800000
generated: 8845 / 800000
generated: 8868 / 800000
generated: 8886 / 800000
generated: 8905 / 800000
generated: 8923 / 800000
generated: 8942 / 800000
generated: 8959 / 800000
generated: 8976 / 800000
generated: 8995 / 800000
generated: 9010 / 800000
generated: 9036 / 800000
generated: 9056 / 800000
generated: 9072 / 800000
generated: 9087 / 800000
generated: 9101 / 800000
generated: 9122 / 800000
generated: 9138 / 800000
generated: 9156 / 800000
generated: 9168 / 800000
generated: 9187 / 800000
generated: 9208 / 800000
generated: 9219 / 800000
generated: 9236 / 800000
generated: 9255 / 800000
generated: 9269 / 800000
generated: 9285 / 800000
generated: 9310 / 800000
generated: 9323 / 800000
generated: 9341 / 800000
generated: 9362 / 800000
generated: 9376 / 800000
generated: 9398 / 800000
generated: 9412 / 800000
generated: 9434 / 800000
generated: 9451 / 800000
generated: 9473 / 800000
generated: 9490 / 800000
generated: 9507 / 800000
generated: 9520 / 800000
generated: 9533 / 800000
generated: 9546 / 800000
generated: 9572 / 800000
generated: 9594 / 800000
generated: 9609 / 800000
generated: 9625 / 800000
generated: 9643 / 800000
generated: 9665 / 800000
generated: 9684 / 800000
generated: 9702 / 800000
generated: 9717 / 800000
generated: 9731 / 800000
generated: 9750 / 800000
generated: 9766 / 800000
generated: 9785 / 800000
generated: 9797 / 800000
generated: 9809 / 800000
generated: 9825 / 800000
generated: 9838 / 800000
generated: 9856 / 800000
generated: 9876 / 800000
generated: 9898 / 800000
generated: 9914 / 800000
generated: 9932 / 800000
generated: 9950 / 800000
generated: 9971 / 800000
generated: 9991 / 800000
generated: 10004 / 800000
generated: 10021 / 800000
generated: 10043 / 800000
generated: 10065 / 800000
generated: 10081 / 800000
generated: 10102 / 800000
generated: 10121 / 800000
generated: 10145 / 800000
generated: 10164 / 800000
generated: 10181 / 800000
generated: 10197 / 800000
generated: 10214 / 800000
generated: 10231 / 800000
generated: 10248 / 800000
generated: 10265 / 800000
generated: 10283 / 800000
generated: 10299 / 800000
generated: 10322 / 800000
generated: 10334 / 800000
generated: 10348 / 800000
generated: 10362 / 800000
generated: 10380 / 800000
generated: 10398 / 800000
generated: 10409 / 800000
generated: 10426 / 800000
generated: 10441 / 800000
generated: 10464 / 800000
generated: 10481 / 800000
generated: 10496 / 800000
generated: 10511 / 800000
generated: 10523 / 800000
generated: 10549 / 800000
generated: 10561 / 800000
generated: 10576 / 800000
generated: 10598 / 800000
generated: 10616 / 800000
generated: 10632 / 800000
generated: 10653 / 800000
generated: 10672 / 800000
generated: 10685 / 800000
generated: 10696 / 800000
generated: 10710 / 800000
generated: 10736 / 800000
generated: 10753 / 800000
generated: 10769 / 800000
generated: 10787 / 800000
generated: 10800 / 800000
generated: 10818 / 800000
generated: 10832 / 800000
generated: 10846 / 800000
generated: 10867 / 800000
generated: 10882 / 800000
generated: 10902 / 800000
generated: 10920 / 800000
generated: 10941 / 800000
generated: 10960 / 800000
generated: 10980 / 800000
generated: 10996 / 800000
generated: 11015 / 800000
generated: 11038 / 800000
generated: 11057 / 800000
generated: 11072 / 800000
generated: 11087 / 800000
generated: 11097 / 800000
generated: 11116 / 800000
generated: 11139 / 800000
generated: 11158 / 800000
generated: 11173 / 800000
generated: 11191 / 800000
generated: 11206 / 800000
generated: 11228 / 800000
generated: 11250 / 800000
generated: 11268 / 800000
generated: 11283 / 800000
generated: 11300 / 800000
generated: 11323 / 800000
generated: 11344 / 800000
generated: 11359 / 800000
generated: 11384 / 800000
generated: 11403 / 800000
generated: 11418 / 800000
generated: 11441 / 800000
generated: 11462 / 800000
generated: 11475 / 800000
generated: 11489 / 800000
generated: 11502 / 800000
generated: 11521 / 800000
generated: 11536 / 800000
generated: 11550 / 800000
generated: 11565 / 800000
generated: 11578 / 800000
generated: 11604 / 800000
generated: 11623 / 800000
generated: 11643 / 800000
generated: 11667 / 800000
generated: 11683 / 800000
generated: 11700 / 800000
generated: 11719 / 800000
generated: 11735 / 800000
generated: 11752 / 800000
generated: 11771 / 800000
generated: 11798 / 800000
generated: 11817 / 800000
generated: 11836 / 800000
generated: 11855 / 800000
generated: 11875 / 800000
generated: 11891 / 800000
generated: 11908 / 800000
generated: 11920 / 800000
generated: 11935 / 800000
generated: 11959 / 800000
generated: 11979 / 800000
generated: 11994 / 800000
generated: 12021 / 800000
generated: 12044 / 800000
generated: 12063 / 800000
generated: 12083 / 800000
generated: 12102 / 800000
generated: 12125 / 800000
generated: 12134 / 800000
generated: 12164 / 800000
generated: 12182 / 800000
generated: 12198 / 800000
generated: 12212 / 800000
generated: 12223 / 800000
generated: 12238 / 800000
generated: 12259 / 800000
generated: 12284 / 800000
generated: 12301 / 800000
generated: 12311 / 800000
generated: 12332 / 800000
generated: 12341 / 800000
generated: 12357 / 800000
generated: 12370 / 800000
generated: 12392 / 800000
generated: 12423 / 800000
generated: 12432 / 800000
generated: 12450 / 800000
generated: 12469 / 800000
generated: 12479 / 800000
generated: 12500 / 800000
generated: 12519 / 800000
generated: 12548 / 800000
generated: 12567 / 800000
generated: 12593 / 800000
generated: 12605 / 800000
generated: 12627 / 800000
generated: 12645 / 800000
generated: 12681 / 800000
generated: 12698 / 800000
generated: 12713 / 800000
generated: 12732 / 800000
generated: 12759 / 800000
generated: 12775 / 800000
generated: 12792 / 800000
generated: 12806 / 800000
generated: 12822 / 800000
generated: 12843 / 800000
generated: 12852 / 800000
generated: 12865 / 800000
generated: 12881 / 800000
generated: 12898 / 800000
generated: 12914 / 800000
generated: 12932 / 800000
generated: 12952 / 800000
generated: 12969 / 800000
generated: 12991 / 800000
generated: 13006 / 800000
generated: 13024 / 800000
generated: 13040 / 800000
generated: 13052 / 800000
generated: 13075 / 800000
generated: 13096 / 800000
generated: 13113 / 800000
generated: 13130 / 800000
generated: 13151 / 800000
generated: 13166 / 800000
generated: 13183 / 800000
generated: 13199 / 800000
generated: 13211 / 800000
generated: 13223 / 800000
generated: 13245 / 800000
generated: 13265 / 800000
generated: 13281 / 800000
generated: 13299 / 800000
generated: 13312 / 800000
generated: 13325 / 800000
generated: 13340 / 800000
generated: 13354 / 800000
generated: 13371 / 800000
generated: 13391 / 800000
generated: 13419 / 800000
generated: 13436 / 800000
generated: 13456 / 800000
generated: 13472 / 800000
generated: 13489 / 800000
generated: 13508 / 800000
generated: 13525 / 800000
generated: 13549 / 800000
generated: 13571 / 800000
generated: 13597 / 800000
generated: 13618 / 800000
generated: 13635 / 800000
generated: 13651 / 800000
generated: 13663 / 800000
generated: 13685 / 800000
generated: 13703 / 800000
generated: 13714 / 800000
generated: 13736 / 800000
generated: 13747 / 800000
generated: 13756 / 800000
generated: 13772 / 800000
generated: 13781 / 800000
generated: 13803 / 800000
generated: 13814 / 800000
generated: 13833 / 800000
generated: 13855 / 800000
generated: 13866 / 800000
generated: 13885 / 800000
generated: 13901 / 800000
generated: 13922 / 800000
generated: 13940 / 800000
generated: 13957 / 800000
generated: 13974 / 800000
generated: 13992 / 800000
generated: 14012 / 800000
generated: 14028 / 800000
generated: 14043 / 800000
generated: 14058 / 800000
generated: 14076 / 800000
generated: 14085 / 800000
generated: 14105 / 800000
generated: 14128 / 800000
generated: 14142 / 800000
generated: 14167 / 800000
generated: 14191 / 800000
generated: 14215 / 800000
generated: 14234 / 800000
generated: 14253 / 800000
generated: 14263 / 800000
generated: 14284 / 800000
generated: 14300 / 800000
generated: 14317 / 800000
generated: 14340 / 800000
generated: 14366 / 800000
generated: 14381 / 800000
generated: 14392 / 800000
generated: 14405 / 800000
generated: 14429 / 800000
generated: 14448 / 800000
generated: 14463 / 800000
generated: 14483 / 800000
generated: 14494 / 800000
generated: 14505 / 800000
generated: 14522 / 800000
generated: 14539 / 800000
generated: 14555 / 800000
generated: 14568 / 800000
generated: 14591 / 800000
generated: 14610 / 800000
generated: 14630 / 800000
generated: 14650 / 800000
generated: 14663 / 800000
generated: 14680 / 800000
generated: 14696 / 800000
generated: 14715 / 800000
generated: 14737 / 800000
generated: 14754 / 800000
generated: 14770 / 800000
generated: 14786 / 800000
generated: 14806 / 800000
generated: 14828 / 800000
generated: 14848 / 800000
generated: 14867 / 800000
generated: 14881 / 800000
generated: 14897 / 800000
generated: 14912 / 800000
generated: 14933 / 800000
generated: 14954 / 800000
generated: 14979 / 800000
generated: 14995 / 800000
generated: 15013 / 800000
generated: 15032 / 800000
generated: 15041 / 800000
generated: 15059 / 800000
generated: 15072 / 800000
generated: 15092 / 800000
generated: 15105 / 800000
generated: 15129 / 800000
generated: 15150 / 800000
generated: 15167 / 800000
generated: 15187 / 800000
generated: 15208 / 800000
generated: 15226 / 800000
generated: 15250 / 800000
generated: 15272 / 800000
generated: 15292 / 800000
generated: 15306 / 800000
generated: 15330 / 800000
generated: 15344 / 800000
generated: 15360 / 800000
generated: 15381 / 800000
generated: 15402 / 800000
generated: 15425 / 800000
generated: 15439 / 800000
generated: 15460 / 800000
generated: 15476 / 800000
generated: 15495 / 800000
generated: 15517 / 800000
generated: 15536 / 800000
generated: 15554 / 800000
generated: 15572 / 800000
generated: 15592 / 800000
generated: 15614 / 800000
generated: 15625 / 800000
generated: 15649 / 800000
generated: 15670 / 800000
generated: 15689 / 800000
generated: 15706 / 800000
generated: 15724 / 800000
generated: 15745 / 800000
generated: 15760 / 800000
generated: 15780 / 800000
generated: 15799 / 800000
generated: 15814 / 800000
generated: 15829 / 800000
generated: 15843 / 800000
generated: 15857 / 800000
generated: 15876 / 800000
generated: 15893 / 800000
generated: 15904 / 800000
generated: 15925 / 800000
generated: 15945 / 800000
generated: 15964 / 800000
generated: 15991 / 800000
generated: 16012 / 800000
generated: 16032 / 800000
generated: 16054 / 800000
generated: 16072 / 800000
generated: 16088 / 800000
generated: 16111 / 800000
generated: 16130 / 800000
generated: 16148 / 800000
generated: 16162 / 800000
generated: 16178 / 800000
generated: 16199 / 800000
generated: 16216 / 800000
generated: 16231 / 800000
generated: 16249 / 800000
generated: 16263 / 800000
generated: 16284 / 800000
generated: 16301 / 800000
generated: 16318 / 800000
generated: 16337 / 800000
generated: 16359 / 800000
generated: 16371 / 800000
generated: 16391 / 800000
generated: 16407 / 800000
generated: 16425 / 800000
generated: 16437 / 800000
generated: 16452 / 800000
generated: 16475 / 800000
generated: 16501 / 800000
generated: 16519 / 800000
generated: 16532 / 800000
generated: 16550 / 800000
generated: 16571 / 800000
generated: 16593 / 800000
generated: 16614 / 800000
generated: 16629 / 800000
generated: 16651 / 800000
generated: 16663 / 800000
generated: 16686 / 800000
generated: 16703 / 800000
generated: 16723 / 800000
generated: 16733 / 800000
generated: 16753 / 800000
generated: 16767 / 800000
generated: 16786 / 800000
generated: 16808 / 800000
generated: 16827 / 800000
generated: 16849 / 800000
generated: 16871 / 800000
generated: 16892 / 800000
generated: 16911 / 800000
generated: 16929 / 800000
generated: 16950 / 800000
generated: 16972 / 800000
generated: 16993 / 800000
generated: 17005 / 800000
generated: 17027 / 800000
generated: 17041 / 800000
generated: 17060 / 800000
generated: 17077 / 800000
generated: 17096 / 800000
generated: 17113 / 800000
generated: 17127 / 800000
generated: 17143 / 800000
generated: 17153 / 800000
generated: 17174 / 800000
generated: 17197 / 800000
generated: 17219 / 800000
generated: 17235 / 800000
generated: 17250 / 800000
generated: 17268 / 800000
generated: 17293 / 800000
generated: 17312 / 800000
generated: 17327 / 800000
generated: 17348 / 800000
generated: 17371 / 800000
generated: 17387 / 800000
generated: 17404 / 800000
generated: 17428 / 800000
generated: 17447 / 800000
generated: 17466 / 800000
generated: 17490 / 800000
generated: 17507 / 800000
generated: 17529 / 800000
generated: 17544 / 800000
generated: 17559 / 800000
generated: 17574 / 800000
generated: 17596 / 800000
generated: 17608 / 800000
generated: 17631 / 800000
generated: 17656 / 800000
generated: 17673 / 800000
generated: 17686 / 800000
generated: 17701 / 800000
generated: 17721 / 800000
generated: 17740 / 800000
generated: 17753 / 800000
generated: 17773 / 800000
generated: 17796 / 800000
generated: 17810 / 800000
generated: 17829 / 800000
generated: 17858 / 800000
generated: 17866 / 800000
generated: 17881 / 800000
generated: 17909 / 800000
generated: 17930 / 800000
generated: 17947 / 800000
generated: 17968 / 800000
generated: 17987 / 800000
generated: 18008 / 800000
generated: 18024 / 800000
generated: 18047 / 800000
generated: 18063 / 800000
generated: 18083 / 800000
generated: 18104 / 800000
generated: 18118 / 800000
generated: 18139 / 800000
generated: 18157 / 800000
generated: 18179 / 800000
generated: 18199 / 800000
generated: 18219 / 800000
generated: 18232 / 800000
generated: 18241 / 800000
generated: 18263 / 800000
generated: 18284 / 800000
generated: 18299 / 800000
generated: 18318 / 800000
generated: 18337 / 800000
generated: 18350 / 800000
generated: 18367 / 800000
generated: 18382 / 800000
generated: 18403 / 800000
generated: 18416 / 800000
generated: 18432 / 800000
generated: 18451 / 800000
generated: 18461 / 800000
generated: 18484 / 800000
generated: 18503 / 800000
generated: 18514 / 800000
generated: 18535 / 800000
generated: 18553 / 800000
generated: 18567 / 800000
generated: 18583 / 800000
generated: 18602 / 800000
generated: 18611 / 800000
generated: 18629 / 800000
generated: 18652 / 800000
generated: 18663 / 800000
generated: 18684 / 800000
generated: 18699 / 800000
generated: 18724 / 800000
generated: 18740 / 800000
generated: 18760 / 800000
generated: 18780 / 800000
generated: 18790 / 800000
generated: 18803 / 800000
generated: 18821 / 800000
generated: 18842 / 800000
generated: 18862 / 800000
generated: 18884 / 800000
generated: 18903 / 800000
generated: 18924 / 800000
generated: 18943 / 800000
generated: 18954 / 800000
generated: 18978 / 800000
generated: 18995 / 800000
generated: 19012 / 800000
generated: 19029 / 800000
generated: 19051 / 800000
generated: 19077 / 800000
generated: 19093 / 800000
generated: 19113 / 800000
generated: 19132 / 800000
generated: 19146 / 800000
generated: 19162 / 800000
generated: 19182 / 800000
generated: 19198 / 800000
generated: 19212 / 800000
generated: 19224 / 800000
generated: 19246 / 800000
generated: 19264 / 800000
generated: 19284 / 800000
generated: 19298 / 800000
generated: 19315 / 800000
generated: 19328 / 800000
generated: 19344 / 800000
generated: 19357 / 800000
generated: 19383 / 800000
generated: 19398 / 800000
generated: 19414 / 800000
generated: 19434 / 800000
generated: 19448 / 800000
generated: 19465 / 800000
generated: 19483 / 800000
generated: 19498 / 800000
generated: 19516 / 800000
generated: 19538 / 800000
generated: 19556 / 800000
generated: 19568 / 800000
generated: 19582 / 800000
generated: 19598 / 800000
generated: 19609 / 800000
generated: 19627 / 800000
generated: 19641 / 800000
generated: 19662 / 800000
generated: 19680 / 800000
generated: 19689 / 800000
generated: 19710 / 800000
generated: 19726 / 800000
generated: 19739 / 800000
generated: 19760 / 800000
generated: 19779 / 800000
generated: 19796 / 800000
generated: 19817 / 800000
generated: 19837 / 800000
generated: 19847 / 800000
generated: 19864 / 800000
generated: 19882 / 800000
generated: 19901 / 800000
generated: 19919 / 800000
generated: 19943 / 800000
generated: 19963 / 800000
generated: 19984 / 800000
generated: 20004 / 800000
generated: 20018 / 800000
generated: 20039 / 800000
generated: 20057 / 800000
generated: 20079 / 800000
generated: 20094 / 800000
generated: 20116 / 800000
generated: 20138 / 800000
generated: 20161 / 800000
generated: 20179 / 800000
generated: 20200 / 800000
generated: 20219 / 800000
generated: 20231 / 800000
generated: 20254 / 800000
generated: 20276 / 800000
generated: 20293 / 800000
generated: 20304 / 800000
generated: 20317 / 800000
generated: 20335 / 800000
generated: 20352 / 800000
generated: 20372 / 800000
generated: 20389 / 800000
generated: 20404 / 800000
generated: 20426 / 800000
generated: 20443 / 800000
generated: 20465 / 800000
generated: 20478 / 800000
generated: 20501 / 800000
generated: 20524 / 800000
generated: 20545 / 800000
generated: 20567 / 800000
generated: 20595 / 800000
generated: 20617 / 800000
generated: 20630 / 800000
generated: 20654 / 800000
generated: 20677 / 800000
generated: 20691 / 800000
generated: 20706 / 800000
generated: 20716 / 800000
generated: 20735 / 800000
generated: 20755 / 800000
generated: 20771 / 800000
generated: 20785 / 800000
generated: 20805 / 800000
generated: 20820 / 800000
generated: 20841 / 800000
generated: 20860 / 800000
generated: 20876 / 800000
generated: 20892 / 800000
generated: 20910 / 800000
generated: 20942 / 800000
generated: 20961 / 800000
generated: 20973 / 800000
generated: 20989 / 800000
generated: 21012 / 800000
generated: 21038 / 800000
generated: 21050 / 800000
generated: 21075 / 800000
generated: 21104 / 800000
generated: 21121 / 800000
generated: 21137 / 800000
generated: 21146 / 800000
generated: 21157 / 800000
generated: 21172 / 800000
generated: 21193 / 800000
generated: 21210 / 800000
generated: 21220 / 800000
generated: 21239 / 800000
generated: 21260 / 800000
generated: 21276 / 800000
generated: 21304 / 800000
generated: 21328 / 800000
generated: 21346 / 800000
generated: 21358 / 800000
generated: 21381 / 800000
generated: 21398 / 800000
generated: 21420 / 800000
generated: 21438 / 800000
generated: 21457 / 800000
generated: 21477 / 800000
generated: 21498 / 800000
generated: 21509 / 800000
generated: 21529 / 800000
generated: 21546 / 800000
generated: 21567 / 800000
generated: 21584 / 800000
generated: 21600 / 800000
generated: 21612 / 800000
generated: 21631 / 800000
generated: 21647 / 800000
generated: 21664 / 800000
generated: 21679 / 800000
generated: 21697 / 800000
generated: 21718 / 800000
generated: 21737 / 800000
generated: 21761 / 800000
generated: 21772 / 800000
generated: 21787 / 800000
generated: 21795 / 800000
generated: 21817 / 800000
generated: 21834 / 800000
generated: 21845 / 800000
generated: 21866 / 800000
generated: 21884 / 800000
generated: 21899 / 800000
generated: 21916 / 800000
generated: 21935 / 800000
generated: 21943 / 800000
generated: 21960 / 800000
generated: 21976 / 800000
generated: 21996 / 800000
generated: 22007 / 800000
generated: 22021 / 800000
generated: 22040 / 800000
generated: 22061 / 800000
generated: 22079 / 800000
generated: 22097 / 800000
generated: 22119 / 800000
generated: 22138 / 800000
generated: 22154 / 800000
generated: 22179 / 800000
generated: 22202 / 800000
generated: 22219 / 800000
generated: 22243 / 800000
generated: 22255 / 800000
generated: 22273 / 800000
generated: 22284 / 800000
generated: 22309 / 800000
generated: 22325 / 800000
generated: 22345 / 800000
generated: 22359 / 800000
generated: 22379 / 800000
generated: 22401 / 800000
generated: 22419 / 800000
generated: 22436 / 800000
generated: 22460 / 800000
generated: 22479 / 800000
generated: 22497 / 800000
generated: 22516 / 800000
generated: 22535 / 800000
generated: 22560 / 800000
generated: 22574 / 800000
generated: 22592 / 800000
generated: 22614 / 800000
generated: 22636 / 800000
generated: 22655 / 800000
generated: 22672 / 800000
generated: 22691 / 800000
generated: 22710 / 800000
generated: 22724 / 800000
generated: 22748 / 800000
generated: 22766 / 800000
generated: 22785 / 800000
generated: 22804 / 800000
generated: 22821 / 800000
generated: 22843 / 800000
generated: 22857 / 800000
generated: 22867 / 800000
generated: 22883 / 800000
generated: 22905 / 800000
generated: 22920 / 800000
generated: 22949 / 800000
generated: 22968 / 800000
generated: 22987 / 800000
generated: 23001 / 800000
generated: 23027 / 800000
generated: 23048 / 800000
generated: 23064 / 800000
generated: 23075 / 800000
generated: 23091 / 800000
generated: 23115 / 800000
generated: 23132 / 800000
generated: 23151 / 800000
generated: 23173 / 800000
generated: 23189 / 800000
generated: 23205 / 800000
generated: 23217 / 800000
generated: 23231 / 800000
generated: 23249 / 800000
generated: 23266 / 800000
generated: 23273 / 800000
generated: 23291 / 800000
generated: 23304 / 800000
generated: 23324 / 800000
generated: 23342 / 800000
generated: 23355 / 800000
generated: 23375 / 800000
generated: 23390 / 800000
generated: 23404 / 800000
generated: 23418 / 800000
generated: 23436 / 800000
generated: 23455 / 800000
generated: 23472 / 800000
generated: 23499 / 800000
generated: 23511 / 800000
generated: 23534 / 800000
generated: 23558 / 800000
generated: 23568 / 800000
generated: 23589 / 800000
generated: 23604 / 800000
generated: 23623 / 800000
generated: 23640 / 800000
generated: 23659 / 800000
generated: 23675 / 800000
generated: 23697 / 800000
generated: 23715 / 800000
generated: 23735 / 800000
generated: 23749 / 800000
generated: 23764 / 800000
generated: 23785 / 800000
generated: 23803 / 800000
generated: 23818 / 800000
generated: 23835 / 800000
generated: 23849 / 800000
generated: 23866 / 800000
generated: 23882 / 800000
generated: 23904 / 800000
generated: 23923 / 800000
generated: 23941 / 800000
generated: 23954 / 800000
generated: 23971 / 800000
generated: 23984 / 800000
generated: 23996 / 800000
generated: 24013 / 800000
generated: 24030 / 800000
generated: 24047 / 800000
generated: 24058 / 800000
generated: 24077 / 800000
generated: 24092 / 800000
generated: 24115 / 800000
generated: 24131 / 800000
generated: 24146 / 800000
generated: 24164 / 800000
generated: 24189 / 800000
generated: 24206 / 800000
generated: 24220 / 800000
generated: 24238 / 800000
generated: 24264 / 800000
generated: 24283 / 800000
generated: 24299 / 800000
generated: 24315 / 800000
generated: 24338 / 800000
generated: 24362 / 800000
generated: 24390 / 800000
generated: 24409 / 800000
generated: 24433 / 800000
generated: 24447 / 800000
generated: 24465 / 800000
generated: 24481 / 800000
generated: 24498 / 800000
generated: 24518 / 800000
generated: 24532 / 800000
generated: 24553 / 800000
generated: 24569 / 800000
generated: 24590 / 800000
generated: 24614 / 800000
generated: 24636 / 800000
generated: 24645 / 800000
generated: 24663 / 800000
generated: 24675 / 800000
generated: 24694 / 800000
generated: 24710 / 800000
generated: 24724 / 800000
generated: 24733 / 800000
generated: 24751 / 800000
generated: 24765 / 800000
generated: 24788 / 800000
generated: 24801 / 800000
generated: 24816 / 800000
generated: 24829 / 800000
generated: 24854 / 800000
generated: 24870 / 800000
generated: 24891 / 800000
generated: 24913 / 800000
generated: 24931 / 800000
generated: 24953 / 800000
generated: 24972 / 800000
generated: 24990 / 800000
generated: 25011 / 800000
generated: 25024 / 800000
generated: 25037 / 800000
generated: 25060 / 800000
generated: 25078 / 800000
generated: 25091 / 800000
generated: 25104 / 800000
generated: 25125 / 800000
generated: 25140 / 800000
generated: 25162 / 800000
generated: 25182 / 800000
generated: 25201 / 800000
generated: 25216 / 800000
generated: 25235 / 800000
generated: 25246 / 800000
generated: 25259 / 800000
generated: 25282 / 800000
generated: 25298 / 800000
generated: 25317 / 800000
generated: 25336 / 800000
generated: 25359 / 800000
generated: 25372 / 800000
generated: 25389 / 800000
generated: 25411 / 800000
generated: 25427 / 800000
generated: 25443 / 800000
generated: 25456 / 800000
generated: 25479 / 800000
generated: 25499 / 800000
generated: 25514 / 800000
generated: 25532 / 800000
generated: 25551 / 800000
generated: 25573 / 800000
generated: 25591 / 800000
generated: 25605 / 800000
generated: 25624 / 800000
generated: 25644 / 800000
generated: 25666 / 800000
generated: 25683 / 800000
generated: 25703 / 800000
generated: 25724 / 800000
generated: 25741 / 800000
generated: 25759 / 800000
generated: 25772 / 800000
generated: 25786 / 800000
generated: 25803 / 800000
generated: 25821 / 800000
generated: 25839 / 800000
generated: 25854 / 800000
generated: 25871 / 800000
generated: 25890 / 800000
generated: 25911 / 800000
generated: 25929 / 800000
generated: 25955 / 800000
generated: 25981 / 800000
generated: 25994 / 800000
generated: 26008 / 800000
generated: 26026 / 800000
generated: 26046 / 800000
generated: 26065 / 800000
generated: 26075 / 800000
generated: 26094 / 800000
generated: 26116 / 800000
generated: 26143 / 800000
generated: 26164 / 800000
generated: 26187 / 800000
generated: 26207 / 800000
generated: 26221 / 800000
generated: 26237 / 800000
generated: 26256 / 800000
generated: 26271 / 800000
generated: 26285 / 800000
generated: 26302 / 800000
generated: 26320 / 800000
generated: 26338 / 800000
generated: 26356 / 800000
generated: 26379 / 800000
generated: 26400 / 800000
generated: 26417 / 800000
generated: 26432 / 800000
generated: 26445 / 800000
generated: 26459 / 800000
generated: 26475 / 800000
generated: 26487 / 800000
generated: 26501 / 800000
generated: 26518 / 800000
generated: 26538 / 800000
generated: 26555 / 800000
generated: 26566 / 800000
generated: 26579 / 800000
generated: 26589 / 800000
generated: 26605 / 800000
generated: 26628 / 800000
generated: 26642 / 800000
generated: 26660 / 800000
generated: 26676 / 800000
generated: 26695 / 800000
generated: 26713 / 800000
generated: 26730 / 800000
generated: 26754 / 800000
generated: 26767 / 800000
generated: 26790 / 800000
generated: 26818 / 800000
generated: 26847 / 800000
generated: 26856 / 800000
generated: 26877 / 800000
generated: 26891 / 800000
generated: 26911 / 800000
generated: 26930 / 800000
generated: 26956 / 800000
generated: 26971 / 800000
generated: 26994 / 800000
generated: 27012 / 800000
generated: 27036 / 800000
generated: 27051 / 800000
generated: 27067 / 800000
generated: 27084 / 800000
generated: 27103 / 800000
generated: 27122 / 800000
generated: 27145 / 800000
generated: 27164 / 800000
generated: 27179 / 800000
generated: 27201 / 800000
generated: 27223 / 800000
generated: 27240 / 800000
generated: 27259 / 800000
generated: 27278 / 800000
generated: 27290 / 800000
generated: 27307 / 800000
generated: 27326 / 800000
generated: 27342 / 800000
generated: 27359 / 800000
generated: 27376 / 800000
generated: 27394 / 800000
generated: 27416 / 800000
generated: 27436 / 800000
generated: 27456 / 800000
generated: 27475 / 800000
generated: 27500 / 800000
generated: 27518 / 800000
generated: 27539 / 800000
generated: 27558 / 800000
generated: 27580 / 800000
generated: 27591 / 800000
generated: 27605 / 800000
generated: 27616 / 800000
generated: 27633 / 800000
generated: 27644 / 800000
generated: 27657 / 800000
generated: 27678 / 800000
generated: 27704 / 800000
generated: 27721 / 800000
generated: 27734 / 800000
generated: 27757 / 800000
generated: 27768 / 800000
generated: 27787 / 800000
generated: 27814 / 800000
generated: 27830 / 800000
generated: 27853 / 800000
generated: 27868 / 800000
generated: 27885 / 800000
generated: 27899 / 800000
generated: 27918 / 800000
generated: 27934 / 800000
generated: 27948 / 800000
generated: 27963 / 800000
generated: 27982 / 800000
generated: 28003 / 800000
generated: 28024 / 800000
generated: 28045 / 800000
generated: 28058 / 800000
generated: 28072 / 800000
generated: 28092 / 800000
generated: 28109 / 800000
generated: 28135 / 800000
generated: 28148 / 800000
generated: 28162 / 800000
generated: 28180 / 800000
generated: 28200 / 800000
generated: 28217 / 800000
generated: 28242 / 800000
generated: 28266 / 800000
generated: 28281 / 800000
generated: 28297 / 800000
generated: 28317 / 800000
generated: 28340 / 800000
generated: 28357 / 800000
generated: 28373 / 800000
generated: 28389 / 800000
generated: 28411 / 800000
generated: 28429 / 800000
generated: 28444 / 800000
generated: 28467 / 800000
generated: 28476 / 800000
generated: 28491 / 800000
generated: 28507 / 800000
generated: 28529 / 800000
generated: 28554 / 800000
generated: 28575 / 800000
generated: 28593 / 800000
generated: 28609 / 800000
generated: 28621 / 800000
generated: 28641 / 800000
generated: 28656 / 800000
generated: 28675 / 800000
generated: 28695 / 800000
generated: 28721 / 800000
generated: 28742 / 800000
generated: 28769 / 800000
generated: 28783 / 800000
generated: 28796 / 800000
generated: 28812 / 800000
generated: 28832 / 800000
generated: 28850 / 800000
generated: 28858 / 800000
generated: 28875 / 800000
generated: 28894 / 800000
generated: 28905 / 800000
generated: 28925 / 800000
generated: 28944 / 800000
generated: 28970 / 800000
generated: 28989 / 800000
generated: 29006 / 800000
generated: 29021 / 800000
generated: 29037 / 800000
generated: 29063 / 800000
generated: 29091 / 800000
generated: 29112 / 800000
generated: 29129 / 800000
generated: 29155 / 800000
generated: 29172 / 800000
generated: 29198 / 800000
generated: 29219 / 800000
generated: 29240 / 800000
generated: 29261 / 800000
generated: 29281 / 800000
generated: 29305 / 800000
generated: 29318 / 800000
generated: 29336 / 800000
generated: 29349 / 800000
generated: 29358 / 800000
generated: 29376 / 800000
generated: 29388 / 800000
generated: 29406 / 800000
generated: 29420 / 800000
generated: 29435 / 800000
generated: 29459 / 800000
generated: 29480 / 800000
generated: 29501 / 800000
generated: 29518 / 800000
generated: 29538 / 800000
generated: 29556 / 800000
generated: 29570 / 800000
generated: 29592 / 800000
generated: 29607 / 800000
generated: 29634 / 800000
generated: 29650 / 800000
generated: 29668 / 800000
generated: 29684 / 800000
generated: 29704 / 800000
generated: 29724 / 800000
generated: 29735 / 800000
generated: 29754 / 800000
generated: 29775 / 800000
generated: 29794 / 800000
generated: 29807 / 800000
generated: 29823 / 800000
generated: 29846 / 800000
generated: 29868 / 800000
generated: 29881 / 800000
generated: 29893 / 800000
generated: 29910 / 800000
generated: 29930 / 800000
generated: 29940 / 800000
generated: 29958 / 800000
generated: 29970 / 800000
generated: 29989 / 800000
generated: 30007 / 800000
generated: 30026 / 800000
generated: 30050 / 800000
generated: 30068 / 800000
generated: 30088 / 800000
generated: 30116 / 800000
generated: 30130 / 800000
generated: 30154 / 800000
generated: 30179 / 800000
generated: 30197 / 800000
generated: 30215 / 800000
generated: 30231 / 800000
generated: 30251 / 800000
generated: 30263 / 800000
generated: 30276 / 800000
generated: 30292 / 800000
generated: 30307 / 800000
generated: 30326 / 800000
generated: 30338 / 800000
generated: 30359 / 800000
generated: 30379 / 800000
generated: 30393 / 800000
generated: 30411 / 800000
generated: 30431 / 800000
generated: 30446 / 800000
generated: 30462 / 800000
generated: 30480 / 800000
generated: 30504 / 800000
generated: 30524 / 800000
generated: 30547 / 800000
generated: 30568 / 800000
generated: 30593 / 800000
generated: 30608 / 800000
generated: 30619 / 800000
generated: 30638 / 800000
generated: 30658 / 800000
generated: 30673 / 800000
generated: 30696 / 800000
generated: 30713 / 800000
generated: 30732 / 800000
generated: 30748 / 800000
generated: 30763 / 800000
generated: 30779 / 800000
generated: 30799 / 800000
generated: 30818 / 800000
generated: 30840 / 800000
generated: 30857 / 800000
generated: 30877 / 800000
generated: 30897 / 800000
generated: 30911 / 800000
generated: 30927 / 800000
generated: 30945 / 800000
generated: 30968 / 800000
generated: 30986 / 800000
generated: 31002 / 800000
generated: 31019 / 800000
generated: 31039 / 800000
generated: 31065 / 800000
generated: 31080 / 800000
generated: 31093 / 800000
generated: 31113 / 800000
generated: 31142 / 800000
generated: 31177 / 800000
generated: 31189 / 800000
generated: 31205 / 800000
generated: 31225 / 800000
generated: 31242 / 800000
generated: 31255 / 800000
generated: 31275 / 800000
generated: 31290 / 800000
generated: 31304 / 800000
generated: 31324 / 800000
generated: 31342 / 800000
generated: 31362 / 800000
generated: 31371 / 800000
generated: 31390 / 800000
generated: 31411 / 800000
generated: 31430 / 800000
generated: 31445 / 800000
generated: 31463 / 800000
generated: 31478 / 800000
generated: 31496 / 800000
generated: 31524 / 800000
generated: 31540 / 800000
generated: 31555 / 800000
generated: 31573 / 800000
generated: 31592 / 800000
generated: 31608 / 800000
generated: 31623 / 800000
generated: 31641 / 800000
generated: 31652 / 800000
generated: 31669 / 800000
generated: 31682 / 800000
generated: 31695 / 800000
generated: 31716 / 800000
generated: 31729 / 800000
generated: 31745 / 800000
generated: 31765 / 800000
generated: 31787 / 800000
generated: 31803 / 800000
generated: 31817 / 800000
generated: 31832 / 800000
generated: 31844 / 800000
generated: 31869 / 800000
generated: 31885 / 800000
generated: 31911 / 800000
generated: 31934 / 800000
generated: 31951 / 800000
generated: 31964 / 800000
generated: 31977 / 800000
generated: 31988 / 800000
generated: 32008 / 800000
generated: 32028 / 800000
generated: 32053 / 800000
generated: 32075 / 800000
generated: 32088 / 800000
generated: 32116 / 800000
generated: 32132 / 800000
generated: 32149 / 800000
generated: 32170 / 800000
generated: 32187 / 800000
generated: 32203 / 800000
generated: 32221 / 800000
generated: 32237 / 800000
generated: 32259 / 800000
generated: 32281 / 800000
generated: 32301 / 800000
generated: 32317 / 800000
generated: 32343 / 800000
generated: 32357 / 800000
generated: 32375 / 800000
generated: 32396 / 800000
generated: 32412 / 800000
generated: 32432 / 800000
generated: 32449 / 800000
generated: 32468 / 800000
generated: 32488 / 800000
generated: 32510 / 800000
generated: 32540 / 800000
generated: 32552 / 800000
generated: 32572 / 800000
generated: 32591 / 800000
generated: 32605 / 800000
generated: 32623 / 800000
generated: 32640 / 800000
generated: 32659 / 800000
generated: 32678 / 800000
generated: 32695 / 800000
generated: 32722 / 800000
generated: 32749 / 800000
generated: 32766 / 800000
generated: 32786 / 800000
generated: 32802 / 800000
generated: 32818 / 800000
generated: 32837 / 800000
generated: 32865 / 800000
generated: 32880 / 800000
generated: 32903 / 800000
generated: 32926 / 800000
generated: 32936 / 800000
generated: 32957 / 800000
generated: 32972 / 800000
generated: 32991 / 800000
generated: 33019 / 800000
generated: 33040 / 800000
generated: 33058 / 800000
generated: 33078 / 800000
generated: 33094 / 800000
generated: 33113 / 800000
generated: 33142 / 800000
generated: 33165 / 800000
generated: 33181 / 800000
generated: 33196 / 800000
generated: 33213 / 800000
generated: 33230 / 800000
generated: 33251 / 800000
generated: 33263 / 800000
generated: 33276 / 800000
generated: 33296 / 800000
generated: 33312 / 800000
generated: 33333 / 800000
generated: 33351 / 800000
generated: 33376 / 800000
generated: 33395 / 800000
generated: 33412 / 800000
generated: 33430 / 800000
generated: 33448 / 800000
generated: 33468 / 800000
generated: 33490 / 800000
generated: 33511 / 800000
generated: 33533 / 800000
generated: 33550 / 800000
generated: 33564 / 800000
generated: 33580 / 800000
generated: 33600 / 800000
generated: 33616 / 800000
generated: 33632 / 800000
generated: 33647 / 800000
generated: 33664 / 800000
generated: 33680 / 800000
generated: 33696 / 800000
generated: 33712 / 800000
generated: 33734 / 800000
generated: 33747 / 800000
generated: 33766 / 800000
generated: 33780 / 800000
generated: 33790 / 800000
generated: 33812 / 800000
generated: 33833 / 800000
generated: 33852 / 800000
generated: 33864 / 800000
generated: 33881 / 800000
generated: 33899 / 800000
generated: 33916 / 800000
generated: 33934 / 800000
generated: 33957 / 800000
generated: 33971 / 800000
generated: 33988 / 800000
generated: 34005 / 800000
generated: 34020 / 800000
generated: 34032 / 800000
generated: 34050 / 800000
generated: 34067 / 800000
generated: 34086 / 800000
generated: 34103 / 800000
generated: 34119 / 800000
generated: 34134 / 800000
generated: 34156 / 800000
generated: 34176 / 800000
generated: 34193 / 800000
generated: 34213 / 800000
generated: 34224 / 800000
generated: 34255 / 800000
generated: 34269 / 800000
generated: 34298 / 800000
generated: 34314 / 800000
generated: 34328 / 800000
generated: 34346 / 800000
generated: 34364 / 800000
generated: 34380 / 800000
generated: 34407 / 800000
generated: 34426 / 800000
generated: 34439 / 800000
generated: 34457 / 800000
generated: 34479 / 800000
generated: 34496 / 800000
generated: 34514 / 800000
generated: 34526 / 800000
generated: 34538 / 800000
generated: 34547 / 800000
generated: 34564 / 800000
generated: 34586 / 800000
generated: 34602 / 800000
generated: 34621 / 800000
generated: 34644 / 800000
generated: 34659 / 800000
generated: 34681 / 800000
generated: 34694 / 800000
generated: 34708 / 800000
generated: 34732 / 800000
generated: 34757 / 800000
generated: 34775 / 800000
generated: 34786 / 800000
generated: 34812 / 800000
generated: 34828 / 800000
generated: 34847 / 800000
generated: 34868 / 800000
generated: 34886 / 800000
generated: 34899 / 800000
generated: 34919 / 800000
generated: 34934 / 800000
generated: 34949 / 800000
generated: 34976 / 800000
generated: 35000 / 800000
generated: 35027 / 800000
generated: 35039 / 800000
generated: 35052 / 800000
generated: 35077 / 800000
generated: 35085 / 800000
generated: 35105 / 800000
generated: 35128 / 800000
generated: 35146 / 800000
generated: 35165 / 800000
generated: 35181 / 800000
generated: 35194 / 800000
generated: 35211 / 800000
generated: 35237 / 800000
generated: 35259 / 800000
generated: 35276 / 800000
generated: 35294 / 800000
generated: 35312 / 800000
generated: 35327 / 800000
generated: 35339 / 800000
generated: 35350 / 800000
generated: 35371 / 800000
generated: 35381 / 800000
generated: 35397 / 800000
generated: 35408 / 800000
generated: 35421 / 800000
generated: 35440 / 800000
generated: 35460 / 800000
generated: 35475 / 800000
generated: 35495 / 800000
generated: 35515 / 800000
generated: 35530 / 800000
generated: 35547 / 800000
generated: 35567 / 800000
generated: 35585 / 800000
generated: 35602 / 800000
generated: 35625 / 800000
generated: 35641 / 800000
generated: 35664 / 800000
generated: 35678 / 800000
generated: 35693 / 800000
generated: 35705 / 800000
generated: 35719 / 800000
generated: 35732 / 800000
generated: 35744 / 800000
generated: 35759 / 800000
generated: 35778 / 800000
generated: 35794 / 800000
generated: 35814 / 800000
generated: 35831 / 800000
generated: 35848 / 800000
generated: 35864 / 800000
generated: 35885 / 800000
generated: 35909 / 800000
generated: 35922 / 800000
generated: 35944 / 800000
generated: 35963 / 800000
generated: 35984 / 800000
generated: 36002 / 800000
generated: 36021 / 800000
generated: 36041 / 800000
generated: 36059 / 800000
generated: 36077 / 800000
generated: 36092 / 800000
generated: 36111 / 800000
generated: 36138 / 800000
generated: 36157 / 800000
generated: 36173 / 800000
generated: 36186 / 800000
generated: 36200 / 800000
generated: 36220 / 800000
generated: 36232 / 800000
generated: 36252 / 800000
generated: 36272 / 800000
generated: 36291 / 800000
generated: 36311 / 800000
generated: 36330 / 800000
generated: 36343 / 800000
generated: 36357 / 800000
generated: 36376 / 800000
generated: 36394 / 800000
generated: 36418 / 800000
generated: 36437 / 800000
generated: 36448 / 800000
generated: 36465 / 800000
generated: 36480 / 800000
generated: 36503 / 800000
generated: 36529 / 800000
generated: 36552 / 800000
generated: 36573 / 800000
generated: 36588 / 800000
generated: 36607 / 800000
generated: 36623 / 800000
generated: 36639 / 800000
generated: 36668 / 800000
generated: 36686 / 800000
generated: 36698 / 800000
generated: 36707 / 800000
generated: 36729 / 800000
generated: 36751 / 800000
generated: 36772 / 800000
generated: 36783 / 800000
generated: 36802 / 800000
generated: 36812 / 800000
generated: 36829 / 800000
generated: 36845 / 800000
generated: 36864 / 800000
generated: 36877 / 800000
generated: 36893 / 800000
generated: 36909 / 800000
generated: 36925 / 800000
generated: 36941 / 800000
generated: 36967 / 800000
generated: 36985 / 800000
generated: 37003 / 800000
generated: 37021 / 800000
generated: 37046 / 800000
generated: 37059 / 800000
generated: 37078 / 800000
generated: 37100 / 800000
generated: 37113 / 800000
generated: 37130 / 800000
generated: 37142 / 800000
generated: 37157 / 800000
generated: 37174 / 800000
generated: 37197 / 800000
generated: 37212 / 800000
generated: 37233 / 800000
generated: 37250 / 800000
generated: 37265 / 800000
generated: 37283 / 800000
generated: 37306 / 800000
generated: 37329 / 800000
generated: 37345 / 800000
generated: 37367 / 800000
generated: 37386 / 800000
generated: 37401 / 800000
generated: 37423 / 800000
generated: 37444 / 800000
generated: 37459 / 800000
generated: 37482 / 800000
generated: 37503 / 800000
generated: 37520 / 800000
generated: 37537 / 800000
generated: 37551 / 800000
generated: 37564 / 800000
generated: 37583 / 800000
generated: 37605 / 800000
generated: 37620 / 800000
generated: 37635 / 800000
generated: 37654 / 800000
generated: 37670 / 800000
generated: 37685 / 800000
generated: 37703 / 800000
generated: 37719 / 800000
generated: 37742 / 800000
generated: 37769 / 800000
generated: 37784 / 800000
generated: 37807 / 800000
generated: 37831 / 800000
generated: 37847 / 800000
generated: 37863 / 800000
generated: 37879 / 800000
generated: 37892 / 800000
generated: 37908 / 800000
generated: 37921 / 800000
generated: 37938 / 800000
generated: 37955 / 800000
generated: 37968 / 800000
generated: 37980 / 800000
generated: 38001 / 800000
generated: 38016 / 800000
generated: 38031 / 800000
generated: 38049 / 800000
generated: 38073 / 800000
generated: 38092 / 800000
generated: 38104 / 800000
generated: 38127 / 800000
generated: 38155 / 800000
generated: 38170 / 800000
generated: 38189 / 800000
generated: 38206 / 800000
generated: 38224 / 800000
generated: 38243 / 800000
generated: 38263 / 800000
generated: 38282 / 800000
generated: 38301 / 800000
generated: 38318 / 800000
generated: 38332 / 800000
generated: 38349 / 800000
generated: 38376 / 800000
generated: 38401 / 800000
generated: 38419 / 800000
generated: 38434 / 800000
generated: 38456 / 800000
generated: 38475 / 800000
generated: 38498 / 800000
generated: 38524 / 800000
generated: 38542 / 800000
generated: 38553 / 800000
generated: 38571 / 800000
generated: 38588 / 800000
generated: 38603 / 800000
generated: 38625 / 800000
generated: 38635 / 800000
generated: 38649 / 800000
generated: 38671 / 800000
generated: 38690 / 800000
generated: 38707 / 800000
generated: 38726 / 800000
generated: 38747 / 800000
generated: 38770 / 800000
generated: 38795 / 800000
generated: 38813 / 800000
generated: 38831 / 800000
generated: 38856 / 800000
generated: 38883 / 800000
generated: 38902 / 800000
generated: 38917 / 800000
generated: 38935 / 800000
generated: 38951 / 800000
generated: 38964 / 800000
generated: 38983 / 800000
generated: 39002 / 800000
generated: 39014 / 800000
generated: 39034 / 800000
generated: 39053 / 800000
generated: 39076 / 800000
generated: 39090 / 800000
generated: 39101 / 800000
generated: 39115 / 800000
generated: 39133 / 800000
generated: 39148 / 800000
generated: 39158 / 800000
generated: 39175 / 800000
generated: 39193 / 800000
generated: 39217 / 800000
generated: 39231 / 800000
generated: 39256 / 800000
generated: 39269 / 800000
generated: 39284 / 800000
generated: 39301 / 800000
generated: 39314 / 800000
generated: 39330 / 800000
generated: 39343 / 800000
generated: 39362 / 800000
generated: 39385 / 800000
generated: 39403 / 800000
generated: 39425 / 800000
generated: 39444 / 800000
generated: 39458 / 800000
generated: 39473 / 800000
generated: 39489 / 800000
generated: 39504 / 800000
generated: 39520 / 800000
generated: 39543 / 800000
generated: 39563 / 800000
generated: 39589 / 800000
generated: 39611 / 800000
generated: 39622 / 800000
generated: 39646 / 800000
generated: 39671 / 800000
generated: 39692 / 800000
generated: 39710 / 800000
generated: 39723 / 800000
generated: 39743 / 800000
generated: 39758 / 800000
generated: 39779 / 800000
generated: 39804 / 800000
generated: 39821 / 800000
generated: 39836 / 800000
generated: 39857 / 800000
generated: 39873 / 800000
generated: 39898 / 800000
generated: 39912 / 800000
generated: 39922 / 800000
generated: 39941 / 800000
generated: 39958 / 800000
generated: 39978 / 800000
generated: 39996 / 800000
generated: 40019 / 800000
generated: 40035 / 800000
generated: 40055 / 800000
generated: 40074 / 800000
generated: 40085 / 800000
generated: 40099 / 800000
generated: 40124 / 800000
generated: 40138 / 800000
generated: 40156 / 800000
generated: 40176 / 800000
generated: 40189 / 800000
generated: 40207 / 800000
generated: 40225 / 800000
generated: 40251 / 800000
generated: 40275 / 800000
generated: 40291 / 800000
generated: 40308 / 800000
generated: 40323 / 800000
generated: 40338 / 800000
generated: 40357 / 800000
generated: 40372 / 800000
generated: 40392 / 800000
generated: 40412 / 800000
generated: 40422 / 800000
generated: 40443 / 800000
generated: 40463 / 800000
generated: 40479 / 800000
generated: 40501 / 800000
generated: 40519 / 800000
generated: 40542 / 800000
generated: 40563 / 800000
generated: 40579 / 800000
generated: 40604 / 800000
generated: 40622 / 800000
generated: 40641 / 800000
generated: 40655 / 800000
generated: 40669 / 800000
generated: 40699 / 800000
generated: 40714 / 800000
generated: 40731 / 800000
generated: 40747 / 800000
generated: 40763 / 800000
generated: 40788 / 800000
generated: 40811 / 800000
generated: 40827 / 800000
generated: 40844 / 800000
generated: 40859 / 800000
generated: 40874 / 800000
generated: 40899 / 800000
generated: 40920 / 800000
generated: 40940 / 800000
generated: 40952 / 800000
generated: 40966 / 800000
generated: 40978 / 800000
generated: 40992 / 800000
generated: 41011 / 800000
generated: 41036 / 800000
generated: 41053 / 800000
generated: 41068 / 800000
generated: 41084 / 800000
generated: 41098 / 800000
generated: 41113 / 800000
generated: 41132 / 800000
generated: 41149 / 800000
generated: 41165 / 800000
generated: 41184 / 800000
generated: 41197 / 800000
generated: 41214 / 800000
generated: 41231 / 800000
generated: 41247 / 800000
generated: 41263 / 800000
generated: 41284 / 800000
generated: 41301 / 800000
generated: 41313 / 800000
generated: 41326 / 800000
generated: 41352 / 800000
generated: 41365 / 800000
generated: 41377 / 800000
generated: 41392 / 800000
generated: 41404 / 800000
generated: 41421 / 800000
generated: 41434 / 800000
generated: 41453 / 800000
generated: 41478 / 800000
generated: 41492 / 800000
generated: 41509 / 800000
generated: 41527 / 800000
generated: 41547 / 800000
generated: 41569 / 800000
generated: 41585 / 800000
generated: 41604 / 800000
generated: 41627 / 800000
generated: 41644 / 800000
generated: 41660 / 800000
generated: 41677 / 800000
generated: 41685 / 800000
generated: 41700 / 800000
generated: 41720 / 800000
generated: 41748 / 800000
generated: 41767 / 800000
generated: 41778 / 800000
generated: 41803 / 800000
generated: 41826 / 800000
generated: 41847 / 800000
generated: 41866 / 800000
generated: 41883 / 800000
generated: 41901 / 800000
generated: 41915 / 800000
generated: 41932 / 800000
generated: 41952 / 800000
generated: 41969 / 800000
generated: 41986 / 800000
generated: 41995 / 800000
generated: 42005 / 800000
generated: 42019 / 800000
generated: 42039 / 800000
generated: 42058 / 800000
generated: 42080 / 800000
generated: 42102 / 800000
generated: 42125 / 800000
generated: 42141 / 800000
generated: 42154 / 800000
generated: 42174 / 800000
generated: 42189 / 800000
generated: 42209 / 800000
generated: 42224 / 800000
generated: 42246 / 800000
generated: 42267 / 800000
generated: 42284 / 800000
generated: 42297 / 800000
generated: 42314 / 800000
generated: 42334 / 800000
generated: 42353 / 800000
generated: 42365 / 800000
generated: 42389 / 800000
generated: 42415 / 800000
generated: 42430 / 800000
generated: 42449 / 800000
generated: 42460 / 800000
generated: 42478 / 800000
generated: 42500 / 800000
generated: 42511 / 800000
generated: 42525 / 800000
generated: 42543 / 800000
generated: 42560 / 800000
generated: 42579 / 800000
generated: 42600 / 800000
generated: 42615 / 800000
generated: 42631 / 800000
generated: 42642 / 800000
generated: 42655 / 800000
generated: 42677 / 800000
generated: 42694 / 800000
generated: 42715 / 800000
generated: 42730 / 800000
generated: 42749 / 800000
generated: 42765 / 800000
generated: 42783 / 800000
generated: 42801 / 800000
generated: 42814 / 800000
generated: 42834 / 800000
generated: 42854 / 800000
generated: 42872 / 800000
generated: 42883 / 800000
generated: 42895 / 800000
generated: 42910 / 800000
generated: 42920 / 800000
generated: 42940 / 800000
generated: 42953 / 800000
generated: 42972 / 800000
generated: 42991 / 800000
generated: 43012 / 800000
generated: 43033 / 800000
generated: 43048 / 800000
generated: 43065 / 800000
generated: 43088 / 800000
generated: 43105 / 800000
generated: 43127 / 800000
generated: 43141 / 800000
generated: 43160 / 800000
generated: 43172 / 800000
generated: 43200 / 800000
generated: 43214 / 800000
generated: 43223 / 800000
generated: 43239 / 800000
generated: 43254 / 800000
generated: 43269 / 800000
generated: 43286 / 800000
generated: 43304 / 800000
generated: 43323 / 800000
generated: 43344 / 800000
generated: 43355 / 800000
generated: 43370 / 800000
generated: 43381 / 800000
generated: 43398 / 800000
generated: 43423 / 800000
generated: 43445 / 800000
generated: 43471 / 800000
generated: 43491 / 800000
generated: 43508 / 800000
generated: 43530 / 800000
generated: 43544 / 800000
generated: 43561 / 800000
generated: 43578 / 800000
generated: 43595 / 800000
generated: 43614 / 800000
generated: 43629 / 800000
generated: 43646 / 800000
generated: 43658 / 800000
generated: 43667 / 800000
generated: 43680 / 800000
generated: 43703 / 800000
generated: 43716 / 800000
generated: 43733 / 800000
generated: 43745 / 800000
generated: 43766 / 800000
generated: 43778 / 800000
generated: 43795 / 800000
generated: 43816 / 800000
generated: 43838 / 800000
generated: 43850 / 800000
generated: 43861 / 800000
generated: 43879 / 800000
generated: 43903 / 800000
generated: 43925 / 800000
generated: 43944 / 800000
generated: 43956 / 800000
generated: 43974 / 800000
generated: 43999 / 800000
generated: 44012 / 800000
generated: 44029 / 800000
generated: 44041 / 800000
generated: 44056 / 800000
generated: 44073 / 800000
generated: 44091 / 800000
generated: 44122 / 800000
generated: 44146 / 800000
generated: 44168 / 800000
generated: 44187 / 800000
generated: 44203 / 800000
generated: 44217 / 800000
generated: 44228 / 800000
generated: 44247 / 800000
generated: 44266 / 800000
generated: 44282 / 800000
generated: 44299 / 800000
generated: 44316 / 800000
generated: 44339 / 800000
generated: 44355 / 800000
generated: 44367 / 800000
generated: 44378 / 800000
generated: 44397 / 800000
generated: 44419 / 800000
generated: 44436 / 800000
generated: 44451 / 800000
generated: 44463 / 800000
generated: 44478 / 800000
generated: 44499 / 800000
generated: 44521 / 800000
generated: 44551 / 800000
generated: 44576 / 800000
generated: 44585 / 800000
generated: 44601 / 800000
generated: 44618 / 800000
generated: 44636 / 800000
generated: 44651 / 800000
generated: 44674 / 800000
generated: 44689 / 800000
generated: 44702 / 800000
generated: 44723 / 800000
generated: 44741 / 800000
generated: 44755 / 800000
generated: 44776 / 800000
generated: 44795 / 800000
generated: 44816 / 800000
generated: 44838 / 800000
generated: 44850 / 800000
generated: 44865 / 800000
generated: 44883 / 800000
generated: 44901 / 800000
generated: 44913 / 800000
generated: 44927 / 800000
generated: 44943 / 800000
generated: 44956 / 800000
generated: 44973 / 800000
generated: 44983 / 800000
generated: 44998 / 800000
generated: 45019 / 800000
generated: 45032 / 800000
generated: 45052 / 800000
generated: 45071 / 800000
generated: 45091 / 800000
generated: 45112 / 800000
generated: 45130 / 800000
generated: 45149 / 800000
generated: 45165 / 800000
generated: 45183 / 800000
generated: 45203 / 800000
generated: 45223 / 800000
generated: 45237 / 800000
generated: 45257 / 800000
generated: 45272 / 800000
generated: 45292 / 800000
generated: 45309 / 800000
generated: 45337 / 800000
generated: 45353 / 800000
generated: 45369 / 800000
generated: 45388 / 800000
generated: 45404 / 800000
generated: 45419 / 800000
generated: 45435 / 800000
generated: 45449 / 800000
generated: 45472 / 800000
generated: 45488 / 800000
generated: 45507 / 800000
generated: 45526 / 800000
generated: 45540 / 800000
generated: 45552 / 800000
generated: 45577 / 800000
generated: 45594 / 800000
generated: 45619 / 800000
generated: 45633 / 800000
generated: 45649 / 800000
generated: 45668 / 800000
generated: 45691 / 800000
generated: 45713 / 800000
generated: 45726 / 800000
generated: 45751 / 800000
generated: 45763 / 800000
generated: 45781 / 800000
generated: 45802 / 800000
generated: 45819 / 800000
generated: 45839 / 800000
generated: 45854 / 800000
generated: 45874 / 800000
generated: 45886 / 800000
generated: 45906 / 800000
generated: 45923 / 800000
generated: 45938 / 800000
generated: 45951 / 800000
generated: 45967 / 800000
generated: 45988 / 800000
generated: 46012 / 800000
generated: 46026 / 800000
generated: 46044 / 800000
generated: 46063 / 800000
generated: 46084 / 800000
generated: 46101 / 800000
generated: 46122 / 800000
generated: 46144 / 800000
generated: 46166 / 800000
generated: 46178 / 800000
generated: 46192 / 800000
generated: 46206 / 800000
generated: 46227 / 800000
generated: 46243 / 800000
generated: 46253 / 800000
generated: 46265 / 800000
generated: 46281 / 800000
generated: 46307 / 800000
generated: 46326 / 800000
generated: 46339 / 800000
generated: 46356 / 800000
generated: 46367 / 800000
generated: 46381 / 800000
generated: 46394 / 800000
generated: 46408 / 800000
generated: 46424 / 800000
generated: 46449 / 800000
generated: 46461 / 800000
generated: 46478 / 800000
generated: 46493 / 800000
generated: 46514 / 800000
generated: 46539 / 800000
generated: 46557 / 800000
generated: 46576 / 800000
generated: 46597 / 800000
generated: 46619 / 800000
generated: 46640 / 800000
generated: 46661 / 800000
generated: 46689 / 800000
generated: 46704 / 800000
generated: 46724 / 800000
generated: 46736 / 800000
generated: 46753 / 800000
generated: 46767 / 800000
generated: 46785 / 800000
generated: 46802 / 800000
generated: 46818 / 800000
generated: 46830 / 800000
generated: 46850 / 800000
generated: 46866 / 800000
generated: 46882 / 800000
generated: 46898 / 800000
generated: 46909 / 800000
generated: 46930 / 800000
generated: 46950 / 800000
generated: 46973 / 800000
generated: 46990 / 800000
generated: 47009 / 800000
generated: 47027 / 800000
generated: 47049 / 800000
generated: 47056 / 800000
generated: 47075 / 800000
generated: 47092 / 800000
generated: 47110 / 800000
generated: 47129 / 800000
generated: 47151 / 800000
generated: 47172 / 800000
generated: 47191 / 800000
generated: 47206 / 800000
generated: 47220 / 800000
generated: 47246 / 800000
generated: 47261 / 800000
generated: 47274 / 800000
generated: 47289 / 800000
generated: 47306 / 800000
generated: 47324 / 800000
generated: 47343 / 800000
generated: 47354 / 800000
generated: 47372 / 800000
generated: 47396 / 800000
generated: 47412 / 800000
generated: 47432 / 800000
generated: 47445 / 800000
generated: 47458 / 800000
generated: 47476 / 800000
generated: 47494 / 800000
generated: 47506 / 800000
generated: 47523 / 800000
generated: 47549 / 800000
generated: 47567 / 800000
generated: 47588 / 800000
generated: 47605 / 800000
generated: 47627 / 800000
generated: 47649 / 800000
generated: 47663 / 800000
generated: 47684 / 800000
generated: 47710 / 800000
generated: 47730 / 800000
generated: 47744 / 800000
generated: 47769 / 800000
generated: 47786 / 800000
generated: 47796 / 800000
generated: 47822 / 800000
generated: 47843 / 800000
generated: 47854 / 800000
generated: 47876 / 800000
generated: 47896 / 800000
generated: 47911 / 800000
generated: 47921 / 800000
generated: 47936 / 800000
generated: 47953 / 800000
generated: 47976 / 800000
generated: 47991 / 800000
generated: 48004 / 800000
generated: 48027 / 800000
generated: 48047 / 800000
generated: 48064 / 800000
generated: 48085 / 800000
generated: 48107 / 800000
generated: 48127 / 800000
generated: 48148 / 800000
generated: 48160 / 800000
generated: 48180 / 800000
generated: 48199 / 800000
generated: 48216 / 800000
generated: 48230 / 800000
generated: 48251 / 800000
generated: 48267 / 800000
generated: 48283 / 800000
generated: 48310 / 800000
generated: 48329 / 800000
generated: 48350 / 800000
generated: 48364 / 800000
generated: 48379 / 800000
generated: 48405 / 800000
generated: 48419 / 800000
generated: 48437 / 800000
generated: 48458 / 800000
generated: 48473 / 800000
generated: 48495 / 800000
generated: 48510 / 800000
generated: 48531 / 800000
generated: 48564 / 800000
generated: 48584 / 800000
generated: 48613 / 800000
generated: 48631 / 800000
generated: 48648 / 800000
generated: 48667 / 800000
generated: 48684 / 800000
generated: 48709 / 800000
generated: 48727 / 800000
generated: 48742 / 800000
generated: 48767 / 800000
generated: 48783 / 800000
generated: 48809 / 800000
generated: 48825 / 800000
generated: 48841 / 800000
generated: 48858 / 800000
generated: 48872 / 800000
generated: 48888 / 800000
generated: 48898 / 800000
generated: 48917 / 800000
generated: 48929 / 800000
generated: 48953 / 800000
generated: 48970 / 800000
generated: 48987 / 800000
generated: 49009 / 800000
generated: 49021 / 800000
generated: 49036 / 800000
generated: 49057 / 800000
generated: 49073 / 800000
generated: 49091 / 800000
generated: 49115 / 800000
generated: 49132 / 800000
generated: 49148 / 800000
generated: 49167 / 800000
generated: 49182 / 800000
generated: 49199 / 800000
generated: 49216 / 800000
generated: 49234 / 800000
generated: 49251 / 800000
generated: 49268 / 800000
generated: 49293 / 800000
generated: 49303 / 800000
generated: 49324 / 800000
generated: 49346 / 800000
generated: 49361 / 800000
generated: 49380 / 800000
generated: 49407 / 800000
generated: 49428 / 800000
generated: 49445 / 800000
generated: 49460 / 800000
generated: 49481 / 800000
generated: 49495 / 800000
generated: 49507 / 800000
generated: 49533 / 800000
generated: 49557 / 800000
generated: 49574 / 800000
generated: 49587 / 800000
generated: 49602 / 800000
generated: 49622 / 800000
generated: 49636 / 800000
generated: 49657 / 800000
generated: 49675 / 800000
generated: 49698 / 800000
generated: 49719 / 800000
generated: 49738 / 800000
generated: 49756 / 800000
generated: 49778 / 800000
generated: 49799 / 800000
generated: 49815 / 800000
generated: 49835 / 800000
generated: 49856 / 800000
generated: 49869 / 800000
generated: 49891 / 800000
generated: 49914 / 800000
generated: 49930 / 800000
generated: 49949 / 800000
generated: 49971 / 800000
generated: 49989 / 800000
generated: 50008 / 800000
generated: 50030 / 800000
generated: 50048 / 800000
generated: 50069 / 800000
generated: 50086 / 800000
generated: 50101 / 800000
generated: 50129 / 800000
generated: 50142 / 800000
generated: 50154 / 800000
generated: 50178 / 800000
generated: 50196 / 800000
generated: 50216 / 800000
generated: 50235 / 800000
generated: 50248 / 800000
generated: 50265 / 800000
generated: 50284 / 800000
generated: 50298 / 800000
generated: 50312 / 800000
generated: 50330 / 800000
generated: 50353 / 800000
generated: 50372 / 800000
generated: 50391 / 800000
generated: 50408 / 800000
generated: 50415 / 800000
generated: 50430 / 800000
generated: 50446 / 800000
generated: 50461 / 800000
generated: 50469 / 800000
generated: 50482 / 800000
generated: 50500 / 800000
generated: 50523 / 800000
generated: 50542 / 800000
generated: 50563 / 800000
generated: 50580 / 800000
generated: 50603 / 800000
generated: 50620 / 800000
generated: 50637 / 800000
generated: 50645 / 800000
generated: 50668 / 800000
generated: 50683 / 800000
generated: 50695 / 800000
generated: 50723 / 800000
generated: 50734 / 800000
generated: 50751 / 800000
generated: 50773 / 800000
generated: 50794 / 800000
generated: 50815 / 800000
generated: 50833 / 800000
generated: 50849 / 800000
generated: 50866 / 800000
generated: 50895 / 800000
generated: 50909 / 800000
generated: 50930 / 800000
generated: 50953 / 800000
generated: 50967 / 800000
generated: 50978 / 800000
generated: 50999 / 800000
generated: 51020 / 800000
generated: 51038 / 800000
generated: 51049 / 800000
generated: 51063 / 800000
generated: 51075 / 800000
generated: 51096 / 800000
generated: 51107 / 800000
generated: 51129 / 800000
generated: 51151 / 800000
generated: 51160 / 800000
generated: 51174 / 800000
generated: 51198 / 800000
generated: 51218 / 800000
generated: 51241 / 800000
generated: 51261 / 800000
generated: 51284 / 800000
generated: 51305 / 800000
generated: 51323 / 800000
generated: 51341 / 800000
generated: 51363 / 800000
generated: 51382 / 800000
generated: 51398 / 800000
generated: 51417 / 800000
generated: 51428 / 800000
generated: 51450 / 800000
generated: 51466 / 800000
generated: 51479 / 800000
generated: 51506 / 800000
generated: 51524 / 800000
generated: 51546 / 800000
generated: 51569 / 800000
generated: 51582 / 800000
generated: 51596 / 800000
generated: 51611 / 800000
generated: 51632 / 800000
generated: 51656 / 800000
generated: 51671 / 800000
generated: 51688 / 800000
generated: 51704 / 800000
generated: 51720 / 800000
generated: 51737 / 800000
generated: 51753 / 800000
generated: 51765 / 800000
generated: 51782 / 800000
generated: 51803 / 800000
generated: 51816 / 800000
generated: 51832 / 800000
generated: 51860 / 800000
generated: 51873 / 800000
generated: 51897 / 800000
generated: 51912 / 800000
generated: 51924 / 800000
generated: 51934 / 800000
generated: 51954 / 800000
generated: 51973 / 800000
generated: 51987 / 800000
generated: 52006 / 800000
generated: 52018 / 800000
generated: 52036 / 800000
generated: 52058 / 800000
generated: 52075 / 800000
generated: 52096 / 800000
generated: 52115 / 800000
generated: 52138 / 800000
generated: 52152 / 800000
generated: 52172 / 800000
generated: 52189 / 800000
generated: 52207 / 800000
generated: 52230 / 800000
generated: 52251 / 800000
generated: 52274 / 800000
generated: 52295 / 800000
generated: 52315 / 800000
generated: 52334 / 800000
generated: 52351 / 800000
generated: 52370 / 800000
generated: 52394 / 800000
generated: 52412 / 800000
generated: 52431 / 800000
generated: 52457 / 800000
generated: 52476 / 800000
generated: 52495 / 800000
generated: 52522 / 800000
generated: 52539 / 800000
generated: 52556 / 800000
generated: 52572 / 800000
generated: 52588 / 800000
generated: 52616 / 800000
generated: 52631 / 800000
generated: 52650 / 800000
generated: 52669 / 800000
generated: 52683 / 800000
generated: 52705 / 800000
generated: 52728 / 800000
generated: 52745 / 800000
generated: 52761 / 800000
generated: 52783 / 800000
generated: 52806 / 800000
generated: 52829 / 800000
generated: 52844 / 800000
generated: 52864 / 800000
generated: 52890 / 800000
generated: 52910 / 800000
generated: 52926 / 800000
generated: 52951 / 800000
generated: 52977 / 800000
generated: 52998 / 800000
generated: 53017 / 800000
generated: 53034 / 800000
generated: 53052 / 800000
generated: 53071 / 800000
generated: 53090 / 800000
generated: 53110 / 800000
generated: 53129 / 800000
generated: 53143 / 800000
generated: 53160 / 800000
generated: 53180 / 800000
generated: 53199 / 800000
generated: 53214 / 800000
generated: 53232 / 800000
generated: 53249 / 800000
generated: 53267 / 800000
generated: 53283 / 800000
generated: 53298 / 800000
generated: 53318 / 800000
generated: 53333 / 800000
generated: 53355 / 800000
generated: 53377 / 800000
generated: 53391 / 800000
generated: 53403 / 800000
generated: 53424 / 800000
generated: 53445 / 800000
generated: 53459 / 800000
generated: 53482 / 800000
generated: 53505 / 800000
generated: 53519 / 800000
generated: 53541 / 800000
generated: 53559 / 800000
generated: 53569 / 800000
generated: 53591 / 800000
generated: 53604 / 800000
generated: 53623 / 800000
generated: 53650 / 800000
generated: 53665 / 800000
generated: 53684 / 800000
generated: 53701 / 800000
generated: 53721 / 800000
generated: 53736 / 800000
generated: 53757 / 800000
generated: 53777 / 800000
generated: 53791 / 800000
generated: 53806 / 800000
generated: 53830 / 800000
generated: 53850 / 800000
generated: 53871 / 800000
generated: 53898 / 800000
generated: 53912 / 800000
generated: 53931 / 800000
generated: 53945 / 800000
generated: 53964 / 800000
generated: 53977 / 800000
generated: 53989 / 800000
generated: 54010 / 800000
generated: 54028 / 800000
generated: 54048 / 800000
generated: 54068 / 800000
generated: 54090 / 800000
generated: 54112 / 800000
generated: 54130 / 800000
generated: 54144 / 800000
generated: 54153 / 800000
generated: 54174 / 800000
generated: 54188 / 800000
generated: 54203 / 800000
generated: 54220 / 800000
generated: 54237 / 800000
generated: 54252 / 800000
generated: 54272 / 800000
generated: 54294 / 800000
generated: 54306 / 800000
generated: 54324 / 800000
generated: 54341 / 800000
generated: 54360 / 800000
generated: 54381 / 800000
generated: 54397 / 800000
generated: 54411 / 800000
generated: 54424 / 800000
generated: 54445 / 800000
generated: 54461 / 800000
generated: 54479 / 800000
generated: 54494 / 800000
generated: 54512 / 800000
generated: 54535 / 800000
generated: 54553 / 800000
generated: 54570 / 800000
generated: 54582 / 800000
generated: 54601 / 800000
generated: 54622 / 800000
generated: 54636 / 800000
generated: 54651 / 800000
generated: 54674 / 800000
generated: 54690 / 800000
generated: 54706 / 800000
generated: 54721 / 800000
generated: 54737 / 800000
generated: 54755 / 800000
generated: 54776 / 800000
generated: 54791 / 800000
generated: 54803 / 800000
generated: 54823 / 800000
generated: 54851 / 800000
generated: 54871 / 800000
generated: 54886 / 800000
generated: 54905 / 800000
generated: 54922 / 800000
generated: 54940 / 800000
generated: 54963 / 800000
generated: 54977 / 800000
generated: 55001 / 800000
generated: 55021 / 800000
generated: 55050 / 800000
generated: 55062 / 800000
generated: 55075 / 800000
generated: 55096 / 800000
generated: 55111 / 800000
generated: 55133 / 800000
generated: 55144 / 800000
generated: 55164 / 800000
generated: 55184 / 800000
generated: 55208 / 800000
generated: 55222 / 800000
generated: 55235 / 800000
generated: 55251 / 800000
generated: 55267 / 800000
generated: 55299 / 800000
generated: 55317 / 800000
generated: 55335 / 800000
generated: 55348 / 800000
generated: 55369 / 800000
generated: 55380 / 800000
generated: 55399 / 800000
generated: 55425 / 800000
generated: 55451 / 800000
generated: 55469 / 800000
generated: 55491 / 800000
generated: 55507 / 800000
generated: 55523 / 800000
generated: 55544 / 800000
generated: 55571 / 800000
generated: 55595 / 800000
generated: 55618 / 800000
generated: 55634 / 800000
generated: 55660 / 800000
generated: 55682 / 800000
generated: 55706 / 800000
generated: 55723 / 800000
generated: 55743 / 800000
generated: 55759 / 800000
generated: 55770 / 800000
generated: 55792 / 800000
generated: 55811 / 800000
generated: 55834 / 800000
generated: 55851 / 800000
generated: 55869 / 800000
generated: 55895 / 800000
generated: 55916 / 800000
generated: 55935 / 800000
generated: 55951 / 800000
generated: 55974 / 800000
generated: 55985 / 800000
generated: 56005 / 800000
generated: 56025 / 800000
generated: 56046 / 800000
generated: 56060 / 800000
generated: 56081 / 800000
generated: 56096 / 800000
generated: 56110 / 800000
generated: 56120 / 800000
generated: 56143 / 800000
generated: 56163 / 800000
generated: 56178 / 800000
generated: 56202 / 800000
generated: 56217 / 800000
generated: 56240 / 800000
generated: 56262 / 800000
generated: 56278 / 800000
generated: 56291 / 800000
generated: 56318 / 800000
generated: 56338 / 800000
generated: 56359 / 800000
generated: 56375 / 800000
generated: 56393 / 800000
generated: 56407 / 800000
generated: 56425 / 800000
generated: 56447 / 800000
generated: 56462 / 800000
generated: 56479 / 800000
generated: 56504 / 800000
generated: 56524 / 800000
generated: 56536 / 800000
generated: 56559 / 800000
generated: 56579 / 800000
generated: 56588 / 800000
generated: 56608 / 800000
generated: 56628 / 800000
generated: 56648 / 800000
generated: 56664 / 800000
generated: 56688 / 800000
generated: 56706 / 800000
generated: 56727 / 800000
generated: 56741 / 800000
generated: 56752 / 800000
generated: 56771 / 800000
generated: 56795 / 800000
generated: 56808 / 800000
generated: 56833 / 800000
generated: 56852 / 800000
generated: 56870 / 800000
generated: 56890 / 800000
generated: 56913 / 800000
generated: 56942 / 800000
generated: 56969 / 800000
generated: 56987 / 800000
generated: 56997 / 800000
generated: 57017 / 800000
generated: 57035 / 800000
generated: 57053 / 800000
generated: 57076 / 800000
generated: 57091 / 800000
generated: 57111 / 800000
generated: 57126 / 800000
generated: 57146 / 800000
generated: 57168 / 800000
generated: 57186 / 800000
generated: 57207 / 800000
generated: 57233 / 800000
generated: 57247 / 800000
generated: 57257 / 800000
generated: 57280 / 800000
generated: 57301 / 800000
generated: 57331 / 800000
generated: 57352 / 800000
generated: 57370 / 800000
generated: 57393 / 800000
generated: 57402 / 800000
generated: 57414 / 800000
generated: 57428 / 800000
generated: 57450 / 800000
generated: 57473 / 800000
generated: 57492 / 800000
generated: 57502 / 800000
generated: 57517 / 800000
generated: 57537 / 800000
generated: 57557 / 800000
generated: 57571 / 800000
generated: 57583 / 800000
generated: 57603 / 800000
generated: 57625 / 800000
generated: 57646 / 800000
generated: 57662 / 800000
generated: 57684 / 800000
generated: 57698 / 800000
generated: 57710 / 800000
generated: 57729 / 800000
generated: 57748 / 800000
generated: 57768 / 800000
generated: 57787 / 800000
generated: 57808 / 800000
generated: 57820 / 800000
generated: 57843 / 800000
generated: 57868 / 800000
generated: 57891 / 800000
generated: 57911 / 800000
generated: 57923 / 800000
generated: 57942 / 800000
generated: 57957 / 800000
generated: 57975 / 800000
generated: 57994 / 800000
generated: 58016 / 800000
generated: 58030 / 800000
generated: 58052 / 800000
generated: 58078 / 800000
generated: 58097 / 800000
generated: 58121 / 800000
generated: 58137 / 800000
generated: 58157 / 800000
generated: 58173 / 800000
generated: 58190 / 800000
generated: 58203 / 800000
generated: 58220 / 800000
generated: 58230 / 800000
generated: 58245 / 800000
generated: 58263 / 800000
generated: 58281 / 800000
generated: 58299 / 800000
generated: 58313 / 800000
generated: 58333 / 800000
generated: 58350 / 800000
generated: 58369 / 800000
generated: 58387 / 800000
generated: 58402 / 800000
generated: 58419 / 800000
generated: 58430 / 800000
generated: 58445 / 800000
generated: 58468 / 800000
generated: 58490 / 800000
generated: 58521 / 800000
generated: 58536 / 800000
generated: 58548 / 800000
generated: 58569 / 800000
generated: 58588 / 800000
generated: 58600 / 800000
generated: 58614 / 800000
generated: 58628 / 800000
generated: 58640 / 800000
generated: 58655 / 800000
generated: 58669 / 800000
generated: 58687 / 800000
generated: 58700 / 800000
generated: 58724 / 800000
generated: 58737 / 800000
generated: 58760 / 800000
generated: 58773 / 800000
generated: 58799 / 800000
generated: 58817 / 800000
generated: 58840 / 800000
generated: 58856 / 800000
generated: 58871 / 800000
generated: 58887 / 800000
generated: 58905 / 800000
generated: 58921 / 800000
generated: 58938 / 800000
generated: 58957 / 800000
generated: 58968 / 800000
generated: 58986 / 800000
generated: 59002 / 800000
generated: 59027 / 800000
generated: 59045 / 800000
generated: 59060 / 800000
generated: 59076 / 800000
generated: 59098 / 800000
generated: 59124 / 800000
generated: 59137 / 800000
generated: 59156 / 800000
generated: 59175 / 800000
generated: 59193 / 800000
generated: 59213 / 800000
generated: 59231 / 800000
generated: 59244 / 800000
generated: 59264 / 800000
generated: 59287 / 800000
generated: 59309 / 800000
generated: 59327 / 800000
generated: 59349 / 800000
generated: 59367 / 800000
generated: 59380 / 800000
generated: 59396 / 800000
generated: 59409 / 800000
generated: 59427 / 800000
generated: 59438 / 800000
generated: 59460 / 800000
generated: 59477 / 800000
generated: 59494 / 800000
generated: 59514 / 800000
generated: 59528 / 800000
generated: 59550 / 800000
generated: 59562 / 800000
generated: 59587 / 800000
generated: 59601 / 800000
generated: 59622 / 800000
generated: 59633 / 800000
generated: 59646 / 800000
generated: 59670 / 800000
generated: 59693 / 800000
generated: 59713 / 800000
generated: 59726 / 800000
generated: 59749 / 800000
generated: 59771 / 800000
generated: 59786 / 800000
generated: 59797 / 800000
generated: 59815 / 800000
generated: 59828 / 800000
generated: 59838 / 800000
generated: 59853 / 800000
generated: 59870 / 800000
generated: 59881 / 800000
generated: 59896 / 800000
generated: 59913 / 800000
generated: 59929 / 800000
generated: 59948 / 800000
generated: 59967 / 800000
generated: 59977 / 800000
generated: 59993 / 800000
generated: 60007 / 800000
generated: 60031 / 800000
generated: 60057 / 800000
generated: 60066 / 800000
generated: 60086 / 800000
generated: 60098 / 800000
generated: 60109 / 800000
generated: 60133 / 800000
generated: 60154 / 800000
generated: 60168 / 800000
generated: 60183 / 800000
generated: 60201 / 800000
generated: 60212 / 800000
generated: 60233 / 800000
generated: 60259 / 800000
generated: 60269 / 800000
generated: 60290 / 800000
generated: 60313 / 800000
generated: 60324 / 800000
generated: 60337 / 800000
generated: 60350 / 800000
generated: 60371 / 800000
generated: 60387 / 800000
generated: 60411 / 800000
generated: 60429 / 800000
generated: 60447 / 800000
generated: 60464 / 800000
generated: 60482 / 800000
generated: 60498 / 800000
generated: 60522 / 800000
generated: 60538 / 800000
generated: 60554 / 800000
generated: 60575 / 800000
generated: 60592 / 800000
generated: 60604 / 800000
generated: 60618 / 800000
generated: 60642 / 800000
generated: 60663 / 800000
generated: 60687 / 800000
generated: 60699 / 800000
generated: 60722 / 800000
generated: 60743 / 800000
generated: 60761 / 800000
generated: 60773 / 800000
generated: 60790 / 800000
generated: 60805 / 800000
generated: 60826 / 800000
generated: 60840 / 800000
generated: 60857 / 800000
generated: 60871 / 800000
generated: 60890 / 800000
generated: 60906 / 800000
generated: 60924 / 800000
generated: 60942 / 800000
generated: 60965 / 800000
generated: 60986 / 800000
generated: 61009 / 800000
generated: 61031 / 800000
generated: 61048 / 800000
generated: 61066 / 800000
generated: 61085 / 800000
generated: 61108 / 800000
generated: 61123 / 800000
generated: 61138 / 800000
generated: 61159 / 800000
generated: 61176 / 800000
generated: 61191 / 800000
generated: 61207 / 800000
generated: 61218 / 800000
generated: 61229 / 800000
generated: 61243 / 800000
generated: 61261 / 800000
generated: 61279 / 800000
generated: 61291 / 800000
generated: 61305 / 800000
generated: 61322 / 800000
generated: 61338 / 800000
generated: 61353 / 800000
generated: 61374 / 800000
generated: 61386 / 800000
generated: 61397 / 800000
generated: 61412 / 800000
generated: 61425 / 800000
generated: 61437 / 800000
generated: 61454 / 800000
generated: 61466 / 800000
generated: 61477 / 800000
generated: 61492 / 800000
generated: 61509 / 800000
generated: 61525 / 800000
generated: 61543 / 800000
generated: 61559 / 800000
generated: 61573 / 800000
generated: 61596 / 800000
generated: 61611 / 800000
generated: 61625 / 800000
generated: 61636 / 800000
generated: 61651 / 800000
generated: 61669 / 800000
generated: 61687 / 800000
generated: 61708 / 800000
generated: 61738 / 800000
generated: 61753 / 800000
generated: 61776 / 800000
generated: 61797 / 800000
generated: 61812 / 800000
generated: 61831 / 800000
generated: 61844 / 800000
generated: 61863 / 800000
generated: 61878 / 800000
generated: 61899 / 800000
generated: 61924 / 800000
generated: 61945 / 800000
generated: 61969 / 800000
generated: 61993 / 800000
generated: 62017 / 800000
generated: 62035 / 800000
generated: 62057 / 800000
generated: 62070 / 800000
generated: 62085 / 800000
generated: 62103 / 800000
generated: 62121 / 800000
generated: 62144 / 800000
generated: 62156 / 800000
generated: 62176 / 800000
generated: 62201 / 800000
generated: 62219 / 800000
generated: 62240 / 800000
generated: 62265 / 800000
generated: 62288 / 800000
generated: 62304 / 800000
generated: 62323 / 800000
generated: 62337 / 800000
generated: 62351 / 800000
generated: 62366 / 800000
generated: 62379 / 800000
generated: 62395 / 800000
generated: 62407 / 800000
generated: 62430 / 800000
generated: 62452 / 800000
generated: 62470 / 800000
generated: 62491 / 800000
generated: 62507 / 800000
generated: 62524 / 800000
generated: 62544 / 800000
generated: 62558 / 800000
generated: 62586 / 800000
generated: 62602 / 800000
generated: 62618 / 800000
generated: 62635 / 800000
generated: 62651 / 800000
generated: 62667 / 800000
generated: 62684 / 800000
generated: 62704 / 800000
generated: 62721 / 800000
generated: 62738 / 800000
generated: 62755 / 800000
generated: 62770 / 800000
generated: 62791 / 800000
generated: 62807 / 800000
generated: 62834 / 800000
generated: 62849 / 800000
generated: 62874 / 800000
generated: 62894 / 800000
generated: 62920 / 800000
generated: 62944 / 800000
generated: 62971 / 800000
generated: 62991 / 800000
generated: 63003 / 800000
generated: 63017 / 800000
generated: 63030 / 800000
generated: 63053 / 800000
generated: 63060 / 800000
generated: 63080 / 800000
generated: 63098 / 800000
generated: 63107 / 800000
generated: 63118 / 800000
generated: 63138 / 800000
generated: 63159 / 800000
generated: 63179 / 800000
generated: 63197 / 800000
generated: 63217 / 800000
generated: 63230 / 800000
generated: 63254 / 800000
generated: 63271 / 800000
generated: 63280 / 800000
generated: 63298 / 800000
generated: 63318 / 800000
generated: 63340 / 800000
generated: 63359 / 800000
generated: 63380 / 800000
generated: 63399 / 800000
generated: 63417 / 800000
generated: 63435 / 800000
generated: 63454 / 800000
generated: 63474 / 800000
generated: 63494 / 800000
generated: 63510 / 800000
generated: 63527 / 800000
generated: 63540 / 800000
generated: 63557 / 800000
generated: 63570 / 800000
generated: 63589 / 800000
generated: 63611 / 800000
generated: 63629 / 800000
generated: 63643 / 800000
generated: 63662 / 800000
generated: 63683 / 800000
generated: 63702 / 800000
generated: 63720 / 800000
generated: 63733 / 800000
generated: 63755 / 800000
generated: 63774 / 800000
generated: 63793 / 800000
generated: 63811 / 800000
generated: 63829 / 800000
generated: 63849 / 800000
generated: 63864 / 800000
generated: 63876 / 800000
generated: 63898 / 800000
generated: 63915 / 800000
generated: 63932 / 800000
generated: 63950 / 800000
generated: 63970 / 800000
generated: 63987 / 800000
generated: 64001 / 800000
generated: 64020 / 800000
generated: 64041 / 800000
generated: 64059 / 800000
generated: 64080 / 800000
generated: 64099 / 800000
generated: 64111 / 800000
generated: 64125 / 800000
generated: 64142 / 800000
generated: 64160 / 800000
generated: 64179 / 800000
generated: 64200 / 800000
generated: 64219 / 800000
generated: 64239 / 800000
generated: 64261 / 800000
generated: 64278 / 800000
generated: 64296 / 800000
generated: 64308 / 800000
generated: 64325 / 800000
generated: 64344 / 800000
generated: 64362 / 800000
generated: 64375 / 800000
generated: 64396 / 800000
generated: 64406 / 800000
generated: 64429 / 800000
generated: 64447 / 800000
generated: 64463 / 800000
generated: 64479 / 800000
generated: 64493 / 800000
generated: 64514 / 800000
generated: 64534 / 800000
generated: 64545 / 800000
generated: 64559 / 800000
generated: 64585 / 800000
generated: 64605 / 800000
generated: 64617 / 800000
generated: 64641 / 800000
generated: 64659 / 800000
generated: 64678 / 800000
generated: 64695 / 800000
generated: 64720 / 800000
generated: 64735 / 800000
generated: 64748 / 800000
generated: 64766 / 800000
generated: 64788 / 800000
generated: 64807 / 800000
generated: 64826 / 800000
generated: 64855 / 800000
generated: 64870 / 800000
generated: 64886 / 800000
generated: 64901 / 800000
generated: 64923 / 800000
generated: 64941 / 800000
generated: 64961 / 800000
generated: 64982 / 800000
generated: 65002 / 800000
generated: 65012 / 800000
generated: 65030 / 800000
generated: 65047 / 800000
generated: 65069 / 800000
generated: 65084 / 800000
generated: 65109 / 800000
generated: 65128 / 800000
generated: 65146 / 800000
generated: 65172 / 800000
generated: 65191 / 800000
generated: 65207 / 800000
generated: 65222 / 800000
generated: 65250 / 800000
generated: 65266 / 800000
generated: 65285 / 800000
generated: 65307 / 800000
generated: 65326 / 800000
generated: 65346 / 800000
generated: 65360 / 800000
generated: 65380 / 800000
generated: 65399 / 800000
generated: 65423 / 800000
generated: 65439 / 800000
generated: 65458 / 800000
generated: 65476 / 800000
generated: 65492 / 800000
generated: 65507 / 800000
generated: 65520 / 800000
generated: 65546 / 800000
generated: 65566 / 800000
generated: 65585 / 800000
generated: 65598 / 800000
generated: 65608 / 800000
generated: 65623 / 800000
generated: 65643 / 800000
generated: 65657 / 800000
generated: 65670 / 800000
generated: 65692 / 800000
generated: 65707 / 800000
generated: 65728 / 800000
generated: 65747 / 800000
generated: 65763 / 800000
generated: 65783 / 800000
generated: 65801 / 800000
generated: 65823 / 800000
generated: 65846 / 800000
generated: 65867 / 800000
generated: 65887 / 800000
generated: 65903 / 800000
generated: 65919 / 800000
generated: 65940 / 800000
generated: 65958 / 800000
generated: 65971 / 800000
generated: 65992 / 800000
generated: 66019 / 800000
generated: 66049 / 800000
generated: 66065 / 800000
generated: 66083 / 800000
generated: 66099 / 800000
generated: 66120 / 800000
generated: 66141 / 800000
generated: 66157 / 800000
generated: 66178 / 800000
generated: 66200 / 800000
generated: 66216 / 800000
generated: 66232 / 800000
generated: 66243 / 800000
generated: 66268 / 800000
generated: 66282 / 800000
generated: 66300 / 800000
generated: 66322 / 800000
generated: 66344 / 800000
generated: 66364 / 800000
generated: 66378 / 800000
generated: 66398 / 800000
generated: 66412 / 800000
generated: 66429 / 800000
generated: 66442 / 800000
generated: 66457 / 800000
generated: 66475 / 800000
generated: 66488 / 800000
generated: 66511 / 800000
generated: 66532 / 800000
generated: 66553 / 800000
generated: 66569 / 800000
generated: 66587 / 800000
generated: 66595 / 800000
generated: 66615 / 800000
generated: 66636 / 800000
generated: 66649 / 800000
generated: 66662 / 800000
generated: 66676 / 800000
generated: 66693 / 800000
generated: 66709 / 800000
generated: 66726 / 800000
generated: 66748 / 800000
generated: 66764 / 800000
generated: 66783 / 800000
generated: 66797 / 800000
generated: 66809 / 800000
generated: 66828 / 800000
generated: 66853 / 800000
generated: 66871 / 800000
generated: 66880 / 800000
generated: 66898 / 800000
generated: 66916 / 800000
generated: 66932 / 800000
generated: 66957 / 800000
generated: 66976 / 800000
generated: 66989 / 800000
generated: 67010 / 800000
generated: 67028 / 800000
generated: 67041 / 800000
generated: 67058 / 800000
generated: 67076 / 800000
generated: 67092 / 800000
generated: 67112 / 800000
generated: 67130 / 800000
generated: 67143 / 800000
generated: 67162 / 800000
generated: 67178 / 800000
generated: 67195 / 800000
generated: 67209 / 800000
generated: 67223 / 800000
generated: 67243 / 800000
generated: 67262 / 800000
generated: 67284 / 800000
generated: 67303 / 800000
generated: 67324 / 800000
generated: 67344 / 800000
generated: 67363 / 800000
generated: 67378 / 800000
generated: 67408 / 800000
generated: 67422 / 800000
generated: 67439 / 800000
generated: 67460 / 800000
generated: 67474 / 800000
generated: 67496 / 800000
generated: 67507 / 800000
generated: 67526 / 800000
generated: 67552 / 800000
generated: 67578 / 800000
generated: 67597 / 800000
generated: 67611 / 800000
generated: 67632 / 800000
generated: 67656 / 800000
generated: 67675 / 800000
generated: 67696 / 800000
generated: 67712 / 800000
generated: 67725 / 800000
generated: 67749 / 800000
generated: 67767 / 800000
generated: 67786 / 800000
generated: 67800 / 800000
generated: 67815 / 800000
generated: 67829 / 800000
generated: 67850 / 800000
generated: 67867 / 800000
generated: 67886 / 800000
generated: 67902 / 800000
generated: 67924 / 800000
generated: 67947 / 800000
generated: 67960 / 800000
generated: 67979 / 800000
generated: 68001 / 800000
generated: 68023 / 800000
generated: 68040 / 800000
generated: 68056 / 800000
generated: 68074 / 800000
generated: 68090 / 800000
generated: 68120 / 800000
generated: 68143 / 800000
generated: 68164 / 800000
generated: 68184 / 800000
generated: 68202 / 800000
generated: 68222 / 800000
generated: 68241 / 800000
generated: 68260 / 800000
generated: 68293 / 800000
generated: 68312 / 800000
generated: 68333 / 800000
generated: 68350 / 800000
generated: 68362 / 800000
generated: 68384 / 800000
generated: 68401 / 800000
generated: 68420 / 800000
generated: 68442 / 800000
generated: 68453 / 800000
generated: 68475 / 800000
generated: 68489 / 800000
generated: 68503 / 800000
generated: 68520 / 800000
generated: 68535 / 800000
generated: 68559 / 800000
generated: 68577 / 800000
generated: 68596 / 800000
generated: 68617 / 800000
generated: 68629 / 800000
generated: 68654 / 800000
generated: 68683 / 800000
generated: 68705 / 800000
generated: 68722 / 800000
generated: 68735 / 800000
generated: 68756 / 800000
generated: 68776 / 800000
generated: 68802 / 800000
generated: 68824 / 800000
generated: 68843 / 800000
generated: 68864 / 800000
generated: 68887 / 800000
generated: 68900 / 800000
generated: 68921 / 800000
generated: 68936 / 800000
generated: 68958 / 800000
generated: 68981 / 800000
generated: 69001 / 800000
generated: 69021 / 800000
generated: 69044 / 800000
generated: 69060 / 800000
generated: 69074 / 800000
generated: 69086 / 800000
generated: 69106 / 800000
generated: 69123 / 800000
generated: 69139 / 800000
generated: 69157 / 800000
generated: 69182 / 800000
generated: 69199 / 800000
generated: 69219 / 800000
generated: 69232 / 800000
generated: 69251 / 800000
generated: 69271 / 800000
generated: 69286 / 800000
generated: 69301 / 800000
generated: 69314 / 800000
generated: 69332 / 800000
generated: 69350 / 800000
generated: 69362 / 800000
generated: 69381 / 800000
generated: 69396 / 800000
generated: 69415 / 800000
generated: 69431 / 800000
generated: 69451 / 800000
generated: 69474 / 800000
generated: 69497 / 800000
generated: 69522 / 800000
generated: 69539 / 800000
generated: 69557 / 800000
generated: 69571 / 800000
generated: 69587 / 800000
generated: 69609 / 800000
generated: 69625 / 800000
generated: 69643 / 800000
generated: 69660 / 800000
generated: 69670 / 800000
generated: 69694 / 800000
generated: 69717 / 800000
generated: 69735 / 800000
generated: 69750 / 800000
generated: 69765 / 800000
generated: 69781 / 800000
generated: 69805 / 800000
generated: 69821 / 800000
generated: 69845 / 800000
generated: 69857 / 800000
generated: 69867 / 800000
generated: 69888 / 800000
generated: 69906 / 800000
generated: 69920 / 800000
generated: 69936 / 800000
generated: 69955 / 800000
generated: 69980 / 800000
generated: 69997 / 800000
generated: 70017 / 800000
generated: 70038 / 800000
generated: 70051 / 800000
generated: 70069 / 800000
generated: 70088 / 800000
generated: 70107 / 800000
generated: 70126 / 800000
generated: 70143 / 800000
generated: 70158 / 800000
generated: 70179 / 800000
generated: 70196 / 800000
generated: 70210 / 800000
generated: 70230 / 800000
generated: 70248 / 800000
generated: 70267 / 800000
generated: 70287 / 800000
generated: 70306 / 800000
generated: 70332 / 800000
generated: 70346 / 800000
generated: 70359 / 800000
generated: 70375 / 800000
generated: 70389 / 800000
generated: 70410 / 800000
generated: 70428 / 800000
generated: 70452 / 800000
generated: 70471 / 800000
generated: 70491 / 800000
generated: 70509 / 800000
generated: 70537 / 800000
generated: 70550 / 800000
generated: 70566 / 800000
generated: 70583 / 800000
generated: 70605 / 800000
generated: 70626 / 800000
generated: 70641 / 800000
generated: 70659 / 800000
generated: 70681 / 800000
generated: 70702 / 800000
generated: 70723 / 800000
generated: 70743 / 800000
generated: 70757 / 800000
generated: 70777 / 800000
generated: 70794 / 800000
generated: 70812 / 800000
generated: 70832 / 800000
generated: 70851 / 800000
generated: 70869 / 800000
generated: 70888 / 800000
generated: 70903 / 800000
generated: 70926 / 800000
generated: 70944 / 800000
generated: 70961 / 800000
generated: 70982 / 800000
generated: 71001 / 800000
generated: 71018 / 800000
generated: 71042 / 800000
generated: 71060 / 800000
generated: 71073 / 800000
generated: 71098 / 800000
generated: 71120 / 800000
generated: 71138 / 800000
generated: 71151 / 800000
generated: 71175 / 800000
generated: 71195 / 800000
generated: 71216 / 800000
generated: 71238 / 800000
generated: 71248 / 800000
generated: 71260 / 800000
generated: 71277 / 800000
generated: 71299 / 800000
generated: 71323 / 800000
generated: 71344 / 800000
generated: 71358 / 800000
generated: 71379 / 800000
generated: 71398 / 800000
generated: 71418 / 800000
generated: 71437 / 800000
generated: 71451 / 800000
generated: 71475 / 800000
generated: 71491 / 800000
generated: 71509 / 800000
generated: 71525 / 800000
generated: 71545 / 800000
generated: 71565 / 800000
generated: 71587 / 800000
generated: 71605 / 800000
generated: 71626 / 800000
generated: 71645 / 800000
generated: 71666 / 800000
generated: 71684 / 800000
generated: 71706 / 800000
generated: 71723 / 800000
generated: 71749 / 800000
generated: 71765 / 800000
generated: 71780 / 800000
generated: 71809 / 800000
generated: 71834 / 800000
generated: 71847 / 800000
generated: 71859 / 800000
generated: 71875 / 800000
generated: 71897 / 800000
generated: 71910 / 800000
generated: 71937 / 800000
generated: 71960 / 800000
generated: 71976 / 800000
generated: 71994 / 800000
generated: 72015 / 800000
generated: 72039 / 800000
generated: 72049 / 800000
generated: 72073 / 800000
generated: 72093 / 800000
generated: 72109 / 800000
generated: 72132 / 800000
generated: 72151 / 800000
generated: 72172 / 800000
generated: 72188 / 800000
generated: 72207 / 800000
generated: 72223 / 800000
generated: 72239 / 800000
generated: 72258 / 800000
generated: 72285 / 800000
generated: 72302 / 800000
generated: 72313 / 800000
generated: 72329 / 800000
generated: 72346 / 800000
generated: 72362 / 800000
generated: 72382 / 800000
generated: 72396 / 800000
generated: 72416 / 800000
generated: 72427 / 800000
generated: 72447 / 800000
generated: 72460 / 800000
generated: 72469 / 800000
generated: 72491 / 800000
generated: 72511 / 800000
generated: 72527 / 800000
generated: 72537 / 800000
generated: 72563 / 800000
generated: 72581 / 800000
generated: 72606 / 800000
generated: 72632 / 800000
generated: 72650 / 800000
generated: 72662 / 800000
generated: 72682 / 800000
generated: 72701 / 800000
generated: 72719 / 800000
generated: 72741 / 800000
generated: 72764 / 800000
generated: 72781 / 800000
generated: 72800 / 800000
generated: 72819 / 800000
generated: 72837 / 800000
generated: 72854 / 800000
generated: 72877 / 800000
generated: 72897 / 800000
generated: 72914 / 800000
generated: 72929 / 800000
generated: 72944 / 800000
generated: 72957 / 800000
generated: 72982 / 800000
generated: 73009 / 800000
generated: 73023 / 800000
generated: 73046 / 800000
generated: 73062 / 800000
generated: 73083 / 800000
generated: 73109 / 800000
generated: 73127 / 800000
generated: 73140 / 800000
generated: 73171 / 800000
generated: 73189 / 800000
generated: 73203 / 800000
generated: 73223 / 800000
generated: 73248 / 800000
generated: 73265 / 800000
generated: 73280 / 800000
generated: 73299 / 800000
generated: 73320 / 800000
generated: 73333 / 800000
generated: 73346 / 800000
generated: 73365 / 800000
generated: 73386 / 800000
generated: 73399 / 800000
generated: 73417 / 800000
generated: 73436 / 800000
generated: 73449 / 800000
generated: 73474 / 800000
generated: 73487 / 800000
generated: 73506 / 800000
generated: 73524 / 800000
generated: 73548 / 800000
generated: 73569 / 800000
generated: 73585 / 800000
generated: 73604 / 800000
generated: 73623 / 800000
generated: 73636 / 800000
generated: 73653 / 800000
generated: 73671 / 800000
generated: 73690 / 800000
generated: 73708 / 800000
generated: 73724 / 800000
generated: 73736 / 800000
generated: 73758 / 800000
generated: 73774 / 800000
generated: 73799 / 800000
generated: 73819 / 800000
generated: 73840 / 800000
generated: 73859 / 800000
generated: 73879 / 800000
generated: 73890 / 800000
generated: 73909 / 800000
generated: 73930 / 800000
generated: 73945 / 800000
generated: 73964 / 800000
generated: 73986 / 800000
generated: 74001 / 800000
generated: 74020 / 800000
generated: 74043 / 800000
generated: 74060 / 800000
generated: 74078 / 800000
generated: 74105 / 800000
generated: 74118 / 800000
generated: 74137 / 800000
generated: 74154 / 800000
generated: 74179 / 800000
generated: 74198 / 800000
generated: 74218 / 800000
generated: 74235 / 800000
generated: 74255 / 800000
generated: 74264 / 800000
generated: 74284 / 800000
generated: 74298 / 800000
generated: 74317 / 800000
generated: 74337 / 800000
generated: 74358 / 800000
generated: 74380 / 800000
generated: 74396 / 800000
generated: 74417 / 800000
generated: 74443 / 800000
generated: 74461 / 800000
generated: 74479 / 800000
generated: 74491 / 800000
generated: 74503 / 800000
generated: 74522 / 800000
generated: 74543 / 800000
generated: 74562 / 800000
generated: 74580 / 800000
generated: 74592 / 800000
generated: 74604 / 800000
generated: 74617 / 800000
generated: 74636 / 800000
generated: 74655 / 800000
generated: 74671 / 800000
generated: 74690 / 800000
generated: 74710 / 800000
generated: 74724 / 800000
generated: 74742 / 800000
generated: 74754 / 800000
generated: 74769 / 800000
generated: 74786 / 800000
generated: 74812 / 800000
generated: 74833 / 800000
generated: 74851 / 800000
generated: 74868 / 800000
generated: 74889 / 800000
generated: 74912 / 800000
generated: 74928 / 800000
generated: 74949 / 800000
generated: 74963 / 800000
generated: 74983 / 800000
generated: 75005 / 800000
generated: 75034 / 800000
generated: 75048 / 800000
generated: 75066 / 800000
generated: 75085 / 800000
generated: 75110 / 800000
generated: 75124 / 800000
generated: 75137 / 800000
generated: 75152 / 800000
generated: 75173 / 800000
generated: 75190 / 800000
generated: 75211 / 800000
generated: 75233 / 800000
generated: 75251 / 800000
generated: 75270 / 800000
generated: 75287 / 800000
generated: 75301 / 800000
generated: 75323 / 800000
generated: 75337 / 800000
generated: 75354 / 800000
generated: 75374 / 800000
generated: 75390 / 800000
generated: 75409 / 800000
generated: 75425 / 800000
generated: 75449 / 800000
generated: 75469 / 800000
generated: 75484 / 800000
generated: 75495 / 800000
generated: 75525 / 800000
generated: 75541 / 800000
generated: 75561 / 800000
generated: 75573 / 800000
generated: 75596 / 800000
generated: 75615 / 800000
generated: 75639 / 800000
generated: 75657 / 800000
generated: 75678 / 800000
generated: 75700 / 800000
generated: 75721 / 800000
generated: 75741 / 800000
generated: 75756 / 800000
generated: 75774 / 800000
generated: 75789 / 800000
generated: 75804 / 800000
generated: 75822 / 800000
generated: 75842 / 800000
generated: 75861 / 800000
generated: 75878 / 800000
generated: 75897 / 800000
generated: 75913 / 800000
generated: 75929 / 800000
generated: 75949 / 800000
generated: 75966 / 800000
generated: 75980 / 800000
generated: 75997 / 800000
generated: 76018 / 800000
generated: 76041 / 800000
generated: 76059 / 800000
generated: 76073 / 800000
generated: 76090 / 800000
generated: 76108 / 800000
generated: 76121 / 800000
generated: 76139 / 800000
generated: 76155 / 800000
generated: 76182 / 800000
generated: 76207 / 800000
generated: 76222 / 800000
generated: 76244 / 800000
generated: 76254 / 800000
generated: 76271 / 800000
generated: 76292 / 800000
generated: 76303 / 800000
generated: 76316 / 800000
generated: 76329 / 800000
generated: 76344 / 800000
generated: 76360 / 800000
generated: 76378 / 800000
generated: 76395 / 800000
generated: 76412 / 800000
generated: 76432 / 800000
generated: 76452 / 800000
generated: 76471 / 800000
generated: 76491 / 800000
generated: 76516 / 800000
generated: 76536 / 800000
generated: 76555 / 800000
generated: 76579 / 800000
generated: 76606 / 800000
generated: 76633 / 800000
generated: 76651 / 800000
generated: 76670 / 800000
generated: 76685 / 800000
generated: 76703 / 800000
generated: 76720 / 800000
generated: 76742 / 800000
generated: 76762 / 800000
generated: 76775 / 800000
generated: 76793 / 800000
generated: 76808 / 800000
generated: 76831 / 800000
generated: 76848 / 800000
generated: 76868 / 800000
generated: 76889 / 800000
generated: 76911 / 800000
generated: 76931 / 800000
generated: 76944 / 800000
generated: 76969 / 800000
generated: 76991 / 800000
generated: 77017 / 800000
generated: 77035 / 800000
generated: 77055 / 800000
generated: 77073 / 800000
generated: 77085 / 800000
generated: 77093 / 800000
generated: 77108 / 800000
generated: 77129 / 800000
generated: 77145 / 800000
generated: 77160 / 800000
generated: 77181 / 800000
generated: 77198 / 800000
generated: 77215 / 800000
generated: 77230 / 800000
generated: 77246 / 800000
generated: 77261 / 800000
generated: 77279 / 800000
generated: 77297 / 800000
generated: 77313 / 800000
generated: 77326 / 800000
generated: 77349 / 800000
generated: 77366 / 800000
generated: 77384 / 800000
generated: 77402 / 800000
generated: 77419 / 800000
generated: 77437 / 800000
generated: 77454 / 800000
generated: 77480 / 800000
generated: 77506 / 800000
generated: 77522 / 800000
generated: 77534 / 800000
generated: 77549 / 800000
generated: 77564 / 800000
generated: 77583 / 800000
generated: 77594 / 800000
generated: 77609 / 800000
generated: 77629 / 800000
generated: 77640 / 800000
generated: 77663 / 800000
generated: 77678 / 800000
generated: 77700 / 800000
generated: 77723 / 800000
generated: 77738 / 800000
generated: 77759 / 800000
generated: 77775 / 800000
generated: 77786 / 800000
generated: 77802 / 800000
generated: 77817 / 800000
generated: 77835 / 800000
generated: 77848 / 800000
generated: 77861 / 800000
generated: 77884 / 800000
generated: 77907 / 800000
generated: 77922 / 800000
generated: 77937 / 800000
generated: 77959 / 800000
generated: 77979 / 800000
generated: 78003 / 800000
generated: 78022 / 800000
generated: 78048 / 800000
generated: 78064 / 800000
generated: 78079 / 800000
generated: 78101 / 800000
generated: 78130 / 800000
generated: 78153 / 800000
generated: 78168 / 800000
generated: 78183 / 800000
generated: 78200 / 800000
generated: 78215 / 800000
generated: 78234 / 800000
generated: 78251 / 800000
generated: 78275 / 800000
generated: 78286 / 800000
generated: 78301 / 800000
generated: 78320 / 800000
generated: 78339 / 800000
generated: 78352 / 800000
generated: 78366 / 800000
generated: 78384 / 800000
generated: 78400 / 800000
generated: 78418 / 800000
generated: 78435 / 800000
generated: 78461 / 800000
generated: 78483 / 800000
generated: 78505 / 800000
generated: 78522 / 800000
generated: 78543 / 800000
generated: 78565 / 800000
generated: 78589 / 800000
generated: 78614 / 800000
generated: 78636 / 800000
generated: 78654 / 800000
generated: 78672 / 800000
generated: 78686 / 800000
generated: 78700 / 800000
generated: 78717 / 800000
generated: 78736 / 800000
generated: 78754 / 800000
generated: 78777 / 800000
generated: 78803 / 800000
generated: 78810 / 800000
generated: 78837 / 800000
generated: 78856 / 800000
generated: 78879 / 800000
generated: 78896 / 800000
generated: 78913 / 800000
generated: 78932 / 800000
generated: 78953 / 800000
generated: 78970 / 800000
generated: 78981 / 800000
generated: 79001 / 800000
generated: 79017 / 800000
generated: 79035 / 800000
generated: 79049 / 800000
generated: 79062 / 800000
generated: 79078 / 800000
generated: 79097 / 800000
generated: 79121 / 800000
generated: 79152 / 800000
generated: 79167 / 800000
generated: 79188 / 800000
generated: 79205 / 800000
generated: 79218 / 800000
generated: 79230 / 800000
generated: 79251 / 800000
generated: 79262 / 800000
generated: 79276 / 800000
generated: 79295 / 800000
generated: 79317 / 800000
generated: 79334 / 800000
generated: 79348 / 800000
generated: 79365 / 800000
generated: 79383 / 800000
generated: 79407 / 800000
generated: 79431 / 800000
generated: 79444 / 800000
generated: 79463 / 800000
generated: 79480 / 800000
generated: 79495 / 800000
generated: 79508 / 800000
generated: 79526 / 800000
generated: 79544 / 800000
generated: 79564 / 800000
generated: 79586 / 800000
generated: 79607 / 800000
generated: 79623 / 800000
generated: 79648 / 800000
generated: 79669 / 800000
generated: 79682 / 800000
generated: 79700 / 800000
generated: 79723 / 800000
generated: 79738 / 800000
generated: 79752 / 800000
generated: 79775 / 800000
generated: 79792 / 800000
generated: 79824 / 800000
generated: 79839 / 800000
generated: 79856 / 800000
generated: 79874 / 800000
generated: 79895 / 800000
generated: 79915 / 800000
generated: 79930 / 800000
generated: 79950 / 800000
generated: 79965 / 800000
generated: 79986 / 800000
generated: 80002 / 800000
generated: 80027 / 800000
generated: 80042 / 800000
generated: 80061 / 800000
generated: 80087 / 800000
generated: 80107 / 800000
generated: 80126 / 800000
generated: 80136 / 800000
generated: 80151 / 800000
generated: 80175 / 800000
generated: 80197 / 800000
generated: 80221 / 800000
generated: 80239 / 800000
generated: 80249 / 800000
generated: 80261 / 800000
generated: 80284 / 800000
generated: 80300 / 800000
generated: 80321 / 800000
generated: 80336 / 800000
generated: 80352 / 800000
generated: 80367 / 800000
generated: 80391 / 800000
generated: 80408 / 800000
generated: 80427 / 800000
generated: 80449 / 800000
generated: 80463 / 800000
generated: 80479 / 800000
generated: 80491 / 800000
generated: 80510 / 800000
generated: 80529 / 800000
generated: 80547 / 800000
generated: 80564 / 800000
generated: 80586 / 800000
generated: 80603 / 800000
generated: 80623 / 800000
generated: 80636 / 800000
generated: 80647 / 800000
generated: 80662 / 800000
generated: 80685 / 800000
generated: 80707 / 800000
generated: 80729 / 800000
generated: 80748 / 800000
generated: 80766 / 800000
generated: 80782 / 800000
generated: 80810 / 800000
generated: 80831 / 800000
generated: 80861 / 800000
generated: 80877 / 800000
generated: 80901 / 800000
generated: 80922 / 800000
generated: 80942 / 800000
generated: 80958 / 800000
generated: 80980 / 800000
generated: 80998 / 800000
generated: 81019 / 800000
generated: 81044 / 800000
generated: 81061 / 800000
generated: 81073 / 800000
generated: 81089 / 800000
generated: 81107 / 800000
generated: 81132 / 800000
generated: 81143 / 800000
generated: 81166 / 800000
generated: 81183 / 800000
generated: 81198 / 800000
generated: 81217 / 800000
generated: 81227 / 800000
generated: 81245 / 800000
generated: 81265 / 800000
generated: 81284 / 800000
generated: 81297 / 800000
generated: 81310 / 800000
generated: 81331 / 800000
generated: 81349 / 800000
generated: 81365 / 800000
generated: 81386 / 800000
generated: 81398 / 800000
generated: 81423 / 800000
generated: 81439 / 800000
generated: 81451 / 800000
generated: 81468 / 800000
generated: 81487 / 800000
generated: 81505 / 800000
generated: 81526 / 800000
generated: 81544 / 800000
generated: 81561 / 800000
generated: 81583 / 800000
generated: 81603 / 800000
generated: 81619 / 800000
generated: 81639 / 800000
generated: 81659 / 800000
generated: 81677 / 800000
generated: 81701 / 800000
generated: 81722 / 800000
generated: 81747 / 800000
generated: 81756 / 800000
generated: 81768 / 800000
generated: 81784 / 800000
generated: 81803 / 800000
generated: 81820 / 800000
generated: 81838 / 800000
generated: 81858 / 800000
generated: 81880 / 800000
generated: 81902 / 800000
generated: 81921 / 800000
generated: 81942 / 800000
generated: 81966 / 800000
generated: 81977 / 800000
generated: 81998 / 800000
generated: 82011 / 800000
generated: 82034 / 800000
generated: 82055 / 800000
generated: 82077 / 800000
generated: 82094 / 800000
generated: 82105 / 800000
generated: 82119 / 800000
generated: 82138 / 800000
generated: 82160 / 800000
generated: 82177 / 800000
generated: 82194 / 800000
generated: 82224 / 800000
generated: 82236 / 800000
generated: 82253 / 800000
generated: 82273 / 800000
generated: 82293 / 800000
generated: 82311 / 800000
generated: 82330 / 800000
generated: 82352 / 800000
generated: 82373 / 800000
generated: 82390 / 800000
generated: 82408 / 800000
generated: 82426 / 800000
generated: 82438 / 800000
generated: 82455 / 800000
generated: 82482 / 800000
generated: 82497 / 800000
generated: 82519 / 800000
generated: 82535 / 800000
generated: 82551 / 800000
generated: 82568 / 800000
generated: 82592 / 800000
generated: 82606 / 800000
generated: 82620 / 800000
generated: 82637 / 800000
generated: 82652 / 800000
generated: 82665 / 800000
generated: 82679 / 800000
generated: 82697 / 800000
generated: 82711 / 800000
generated: 82725 / 800000
generated: 82742 / 800000
generated: 82766 / 800000
generated: 82787 / 800000
generated: 82808 / 800000
generated: 82834 / 800000
generated: 82860 / 800000
generated: 82876 / 800000
generated: 82891 / 800000
generated: 82907 / 800000
generated: 82926 / 800000
generated: 82950 / 800000
generated: 82966 / 800000
generated: 82984 / 800000
generated: 83006 / 800000
generated: 83028 / 800000
generated: 83044 / 800000
generated: 83061 / 800000
generated: 83079 / 800000
generated: 83093 / 800000
generated: 83105 / 800000
generated: 83121 / 800000
generated: 83139 / 800000
generated: 83155 / 800000
generated: 83173 / 800000
generated: 83193 / 800000
generated: 83214 / 800000
generated: 83226 / 800000
generated: 83241 / 800000
generated: 83258 / 800000
generated: 83280 / 800000
generated: 83307 / 800000
generated: 83329 / 800000
generated: 83342 / 800000
generated: 83364 / 800000
generated: 83384 / 800000
generated: 83397 / 800000
generated: 83411 / 800000
generated: 83423 / 800000
generated: 83437 / 800000
generated: 83453 / 800000
generated: 83469 / 800000
generated: 83479 / 800000
generated: 83498 / 800000
generated: 83516 / 800000
generated: 83530 / 800000
generated: 83552 / 800000
generated: 83574 / 800000
generated: 83588 / 800000
generated: 83606 / 800000
generated: 83623 / 800000
generated: 83635 / 800000
generated: 83654 / 800000
generated: 83669 / 800000
generated: 83682 / 800000
generated: 83699 / 800000
generated: 83718 / 800000
generated: 83732 / 800000
generated: 83751 / 800000
generated: 83771 / 800000
generated: 83783 / 800000
generated: 83805 / 800000
generated: 83827 / 800000
generated: 83842 / 800000
generated: 83865 / 800000
generated: 83884 / 800000
generated: 83903 / 800000
generated: 83926 / 800000
generated: 83945 / 800000
generated: 83968 / 800000
generated: 83987 / 800000
generated: 84003 / 800000
generated: 84023 / 800000
generated: 84037 / 800000
generated: 84055 / 800000
generated: 84071 / 800000
generated: 84087 / 800000
generated: 84102 / 800000
generated: 84125 / 800000
generated: 84136 / 800000
generated: 84156 / 800000
generated: 84169 / 800000
generated: 84195 / 800000
generated: 84212 / 800000
generated: 84227 / 800000
generated: 84244 / 800000
generated: 84259 / 800000
generated: 84276 / 800000
generated: 84295 / 800000
generated: 84320 / 800000
generated: 84338 / 800000
generated: 84354 / 800000
generated: 84366 / 800000
generated: 84384 / 800000
generated: 84403 / 800000
generated: 84419 / 800000
generated: 84438 / 800000
generated: 84460 / 800000
generated: 84480 / 800000
generated: 84506 / 800000
generated: 84523 / 800000
generated: 84541 / 800000
generated: 84559 / 800000
generated: 84583 / 800000
generated: 84598 / 800000
generated: 84617 / 800000
generated: 84642 / 800000
generated: 84662 / 800000
generated: 84680 / 800000
generated: 84702 / 800000
generated: 84720 / 800000
generated: 84743 / 800000
generated: 84754 / 800000
generated: 84775 / 800000
generated: 84794 / 800000
generated: 84813 / 800000
generated: 84826 / 800000
generated: 84849 / 800000
generated: 84872 / 800000
generated: 84890 / 800000
generated: 84912 / 800000
generated: 84936 / 800000
generated: 84951 / 800000
generated: 84974 / 800000
generated: 84995 / 800000
generated: 85009 / 800000
generated: 85024 / 800000
generated: 85038 / 800000
generated: 85058 / 800000
generated: 85075 / 800000
generated: 85087 / 800000
generated: 85103 / 800000
generated: 85122 / 800000
generated: 85133 / 800000
generated: 85148 / 800000
generated: 85171 / 800000
generated: 85187 / 800000
generated: 85202 / 800000
generated: 85219 / 800000
generated: 85231 / 800000
generated: 85244 / 800000
generated: 85257 / 800000
generated: 85273 / 800000
generated: 85294 / 800000
generated: 85315 / 800000
generated: 85335 / 800000
generated: 85348 / 800000
generated: 85367 / 800000
generated: 85380 / 800000
generated: 85395 / 800000
generated: 85408 / 800000
generated: 85416 / 800000
generated: 85429 / 800000
generated: 85456 / 800000
generated: 85474 / 800000
generated: 85491 / 800000
generated: 85509 / 800000
generated: 85524 / 800000
generated: 85538 / 800000
generated: 85554 / 800000
generated: 85576 / 800000
generated: 85597 / 800000
generated: 85617 / 800000
generated: 85630 / 800000
generated: 85653 / 800000
generated: 85664 / 800000
generated: 85678 / 800000
generated: 85692 / 800000
generated: 85705 / 800000
generated: 85722 / 800000
generated: 85737 / 800000
generated: 85755 / 800000
generated: 85773 / 800000
generated: 85791 / 800000
generated: 85804 / 800000
generated: 85821 / 800000
generated: 85841 / 800000
generated: 85864 / 800000
generated: 85883 / 800000
generated: 85901 / 800000
generated: 85918 / 800000
generated: 85932 / 800000
generated: 85951 / 800000
generated: 85970 / 800000
generated: 85984 / 800000
generated: 86000 / 800000
generated: 86019 / 800000
generated: 86043 / 800000
generated: 86057 / 800000
generated: 86074 / 800000
generated: 86094 / 800000
generated: 86120 / 800000
generated: 86146 / 800000
generated: 86164 / 800000
generated: 86186 / 800000
generated: 86201 / 800000
generated: 86225 / 800000
generated: 86244 / 800000
generated: 86262 / 800000
generated: 86282 / 800000
generated: 86301 / 800000
generated: 86315 / 800000
generated: 86332 / 800000
generated: 86351 / 800000
generated: 86373 / 800000
generated: 86390 / 800000
generated: 86411 / 800000
generated: 86436 / 800000
generated: 86455 / 800000
generated: 86479 / 800000
generated: 86504 / 800000
generated: 86514 / 800000
generated: 86533 / 800000
generated: 86553 / 800000
generated: 86569 / 800000
generated: 86587 / 800000
generated: 86597 / 800000
generated: 86617 / 800000
generated: 86638 / 800000
generated: 86660 / 800000
generated: 86680 / 800000
generated: 86693 / 800000
generated: 86709 / 800000
generated: 86723 / 800000
generated: 86738 / 800000
generated: 86748 / 800000
generated: 86761 / 800000
generated: 86777 / 800000
generated: 86796 / 800000
generated: 86820 / 800000
generated: 86831 / 800000
generated: 86851 / 800000
generated: 86868 / 800000
generated: 86886 / 800000
generated: 86910 / 800000
generated: 86923 / 800000
generated: 86943 / 800000
generated: 86961 / 800000
generated: 86983 / 800000
generated: 87005 / 800000
generated: 87020 / 800000
generated: 87036 / 800000
generated: 87060 / 800000
generated: 87079 / 800000
generated: 87094 / 800000
generated: 87117 / 800000
generated: 87130 / 800000
generated: 87149 / 800000
generated: 87166 / 800000
generated: 87177 / 800000
generated: 87195 / 800000
generated: 87217 / 800000
generated: 87230 / 800000
generated: 87240 / 800000
generated: 87259 / 800000
generated: 87273 / 800000
generated: 87293 / 800000
generated: 87307 / 800000
generated: 87326 / 800000
generated: 87347 / 800000
generated: 87367 / 800000
generated: 87390 / 800000
generated: 87407 / 800000
generated: 87426 / 800000
generated: 87452 / 800000
generated: 87466 / 800000
generated: 87482 / 800000
generated: 87490 / 800000
generated: 87509 / 800000
generated: 87525 / 800000
generated: 87544 / 800000
generated: 87560 / 800000
generated: 87577 / 800000
generated: 87600 / 800000
generated: 87618 / 800000
generated: 87629 / 800000
generated: 87644 / 800000
generated: 87664 / 800000
generated: 87693 / 800000
generated: 87713 / 800000
generated: 87729 / 800000
generated: 87749 / 800000
generated: 87770 / 800000
generated: 87796 / 800000
generated: 87816 / 800000
generated: 87832 / 800000
generated: 87862 / 800000
generated: 87887 / 800000
generated: 87907 / 800000
generated: 87926 / 800000
generated: 87945 / 800000
generated: 87966 / 800000
generated: 87982 / 800000
generated: 87997 / 800000
generated: 88014 / 800000
generated: 88031 / 800000
generated: 88052 / 800000
generated: 88066 / 800000
generated: 88087 / 800000
generated: 88101 / 800000
generated: 88121 / 800000
generated: 88140 / 800000
generated: 88155 / 800000
generated: 88170 / 800000
generated: 88193 / 800000
generated: 88213 / 800000
generated: 88222 / 800000
generated: 88229 / 800000
generated: 88247 / 800000
generated: 88273 / 800000
generated: 88294 / 800000
generated: 88313 / 800000
generated: 88338 / 800000
generated: 88355 / 800000
generated: 88377 / 800000
generated: 88393 / 800000
generated: 88406 / 800000
generated: 88424 / 800000
generated: 88442 / 800000
generated: 88461 / 800000
generated: 88472 / 800000
generated: 88496 / 800000
generated: 88525 / 800000
generated: 88545 / 800000
generated: 88563 / 800000
generated: 88586 / 800000
generated: 88614 / 800000
generated: 88628 / 800000
generated: 88644 / 800000
generated: 88657 / 800000
generated: 88674 / 800000
generated: 88692 / 800000
generated: 88707 / 800000
generated: 88722 / 800000
generated: 88740 / 800000
generated: 88762 / 800000
generated: 88777 / 800000
generated: 88792 / 800000
generated: 88809 / 800000
generated: 88827 / 800000
generated: 88843 / 800000
generated: 88863 / 800000
generated: 88878 / 800000
generated: 88894 / 800000
generated: 88910 / 800000
generated: 88930 / 800000
generated: 88946 / 800000
generated: 88962 / 800000
generated: 88973 / 800000
generated: 88985 / 800000
generated: 89000 / 800000
generated: 89010 / 800000
generated: 89029 / 800000
generated: 89045 / 800000
generated: 89065 / 800000
generated: 89075 / 800000
generated: 89091 / 800000
generated: 89114 / 800000
generated: 89134 / 800000
generated: 89161 / 800000
generated: 89177 / 800000
generated: 89197 / 800000
generated: 89216 / 800000
generated: 89233 / 800000
generated: 89249 / 800000
generated: 89267 / 800000
generated: 89289 / 800000
generated: 89302 / 800000
generated: 89324 / 800000
generated: 89343 / 800000
generated: 89364 / 800000
generated: 89370 / 800000
generated: 89392 / 800000
generated: 89409 / 800000
generated: 89432 / 800000
generated: 89450 / 800000
generated: 89464 / 800000
generated: 89481 / 800000
generated: 89502 / 800000
generated: 89517 / 800000
generated: 89534 / 800000
generated: 89557 / 800000
generated: 89568 / 800000
generated: 89591 / 800000
generated: 89612 / 800000
generated: 89628 / 800000
generated: 89651 / 800000
generated: 89672 / 800000
generated: 89693 / 800000
generated: 89714 / 800000
generated: 89727 / 800000
generated: 89742 / 800000
generated: 89767 / 800000
generated: 89783 / 800000
generated: 89795 / 800000
generated: 89811 / 800000
generated: 89826 / 800000
generated: 89853 / 800000
generated: 89871 / 800000
generated: 89886 / 800000
generated: 89900 / 800000
generated: 89927 / 800000
generated: 89944 / 800000
generated: 89963 / 800000
generated: 89978 / 800000
generated: 90000 / 800000
generated: 90027 / 800000
generated: 90050 / 800000
generated: 90068 / 800000
generated: 90090 / 800000
generated: 90107 / 800000
generated: 90126 / 800000
generated: 90154 / 800000
generated: 90173 / 800000
generated: 90193 / 800000
generated: 90207 / 800000
generated: 90225 / 800000
generated: 90246 / 800000
generated: 90268 / 800000
generated: 90291 / 800000
generated: 90307 / 800000
generated: 90327 / 800000
generated: 90346 / 800000
generated: 90364 / 800000
generated: 90384 / 800000
generated: 90401 / 800000
generated: 90416 / 800000
generated: 90437 / 800000
generated: 90457 / 800000
generated: 90470 / 800000
generated: 90489 / 800000
generated: 90506 / 800000
generated: 90522 / 800000
generated: 90542 / 800000
generated: 90566 / 800000
generated: 90584 / 800000
generated: 90602 / 800000
generated: 90618 / 800000
generated: 90629 / 800000
generated: 90649 / 800000
generated: 90668 / 800000
generated: 90683 / 800000
generated: 90705 / 800000
generated: 90726 / 800000
generated: 90741 / 800000
generated: 90754 / 800000
generated: 90772 / 800000
generated: 90792 / 800000
generated: 90814 / 800000
generated: 90824 / 800000
generated: 90842 / 800000
generated: 90859 / 800000
generated: 90874 / 800000
generated: 90894 / 800000
generated: 90918 / 800000
generated: 90934 / 800000
generated: 90956 / 800000
generated: 90974 / 800000
generated: 90991 / 800000
generated: 91004 / 800000
generated: 91027 / 800000
generated: 91051 / 800000
generated: 91062 / 800000
generated: 91076 / 800000
generated: 91090 / 800000
generated: 91099 / 800000
generated: 91125 / 800000
generated: 91140 / 800000
generated: 91162 / 800000
generated: 91176 / 800000
generated: 91193 / 800000
generated: 91214 / 800000
generated: 91241 / 800000
generated: 91265 / 800000
generated: 91284 / 800000
generated: 91297 / 800000
generated: 91315 / 800000
generated: 91332 / 800000
generated: 91346 / 800000
generated: 91365 / 800000
generated: 91382 / 800000
generated: 91401 / 800000
generated: 91420 / 800000
generated: 91441 / 800000
generated: 91463 / 800000
generated: 91480 / 800000
generated: 91498 / 800000
generated: 91516 / 800000
generated: 91537 / 800000
generated: 91561 / 800000
generated: 91577 / 800000
generated: 91603 / 800000
generated: 91614 / 800000
generated: 91635 / 800000
generated: 91654 / 800000
generated: 91666 / 800000
generated: 91682 / 800000
generated: 91712 / 800000
generated: 91729 / 800000
generated: 91745 / 800000
generated: 91767 / 800000
generated: 91784 / 800000
generated: 91800 / 800000
generated: 91814 / 800000
generated: 91836 / 800000
generated: 91846 / 800000
generated: 91864 / 800000
generated: 91884 / 800000
generated: 91894 / 800000
generated: 91907 / 800000
generated: 91924 / 800000
generated: 91943 / 800000
generated: 91958 / 800000
generated: 91974 / 800000
generated: 91992 / 800000
generated: 92006 / 800000
generated: 92023 / 800000
generated: 92040 / 800000
generated: 92059 / 800000
generated: 92073 / 800000
generated: 92087 / 800000
generated: 92105 / 800000
generated: 92124 / 800000
generated: 92146 / 800000
generated: 92167 / 800000
generated: 92191 / 800000
generated: 92203 / 800000
generated: 92218 / 800000
generated: 92238 / 800000
generated: 92250 / 800000
generated: 92261 / 800000
generated: 92273 / 800000
generated: 92289 / 800000
generated: 92304 / 800000
generated: 92322 / 800000
generated: 92340 / 800000
generated: 92355 / 800000
generated: 92368 / 800000
generated: 92389 / 800000
generated: 92407 / 800000
generated: 92423 / 800000
generated: 92439 / 800000
generated: 92459 / 800000
generated: 92476 / 800000
generated: 92493 / 800000
generated: 92512 / 800000
generated: 92529 / 800000
generated: 92558 / 800000
generated: 92570 / 800000
generated: 92599 / 800000
generated: 92615 / 800000
generated: 92639 / 800000
generated: 92666 / 800000
generated: 92683 / 800000
generated: 92699 / 800000
generated: 92712 / 800000
generated: 92735 / 800000
generated: 92753 / 800000
generated: 92765 / 800000
generated: 92787 / 800000
generated: 92802 / 800000
generated: 92817 / 800000
generated: 92833 / 800000
generated: 92843 / 800000
generated: 92857 / 800000
generated: 92866 / 800000
generated: 92885 / 800000
generated: 92913 / 800000
generated: 92928 / 800000
generated: 92952 / 800000
generated: 92974 / 800000
generated: 92991 / 800000
generated: 93008 / 800000
generated: 93025 / 800000
generated: 93048 / 800000
generated: 93064 / 800000
generated: 93084 / 800000
generated: 93100 / 800000
generated: 93109 / 800000
generated: 93124 / 800000
generated: 93137 / 800000
generated: 93153 / 800000
generated: 93171 / 800000
generated: 93181 / 800000
generated: 93198 / 800000
generated: 93215 / 800000
generated: 93234 / 800000
generated: 93252 / 800000
generated: 93269 / 800000
generated: 93296 / 800000
generated: 93314 / 800000
generated: 93331 / 800000
generated: 93351 / 800000
generated: 93365 / 800000
generated: 93379 / 800000
generated: 93400 / 800000
generated: 93424 / 800000
generated: 93448 / 800000
generated: 93460 / 800000
generated: 93488 / 800000
generated: 93509 / 800000
generated: 93530 / 800000
generated: 93538 / 800000
generated: 93555 / 800000
generated: 93581 / 800000
generated: 93595 / 800000
generated: 93620 / 800000
generated: 93637 / 800000
generated: 93658 / 800000
generated: 93669 / 800000
generated: 93683 / 800000
generated: 93694 / 800000
generated: 93714 / 800000
generated: 93732 / 800000
generated: 93748 / 800000
generated: 93773 / 800000
generated: 93793 / 800000
generated: 93805 / 800000
generated: 93822 / 800000
generated: 93843 / 800000
generated: 93855 / 800000
generated: 93874 / 800000
generated: 93888 / 800000
generated: 93914 / 800000
generated: 93933 / 800000
generated: 93950 / 800000
generated: 93968 / 800000
generated: 93993 / 800000
generated: 94014 / 800000
generated: 94032 / 800000
generated: 94045 / 800000
generated: 94061 / 800000
generated: 94081 / 800000
generated: 94099 / 800000
generated: 94122 / 800000
generated: 94144 / 800000
generated: 94162 / 800000
generated: 94182 / 800000
generated: 94210 / 800000
generated: 94228 / 800000
generated: 94254 / 800000
generated: 94273 / 800000
generated: 94293 / 800000
generated: 94312 / 800000
generated: 94330 / 800000
generated: 94354 / 800000
generated: 94373 / 800000
generated: 94386 / 800000
generated: 94401 / 800000
generated: 94423 / 800000
generated: 94440 / 800000
generated: 94455 / 800000
generated: 94480 / 800000
generated: 94491 / 800000
generated: 94510 / 800000
generated: 94527 / 800000
generated: 94552 / 800000
generated: 94569 / 800000
generated: 94581 / 800000
generated: 94602 / 800000
generated: 94624 / 800000
generated: 94640 / 800000
generated: 94653 / 800000
generated: 94672 / 800000
generated: 94686 / 800000
generated: 94709 / 800000
generated: 94734 / 800000
generated: 94750 / 800000
generated: 94762 / 800000
generated: 94777 / 800000
generated: 94792 / 800000
generated: 94807 / 800000
generated: 94824 / 800000
generated: 94845 / 800000
generated: 94869 / 800000
generated: 94886 / 800000
generated: 94905 / 800000
generated: 94918 / 800000
generated: 94949 / 800000
generated: 94977 / 800000
generated: 95001 / 800000
generated: 95016 / 800000
generated: 95035 / 800000
generated: 95056 / 800000
generated: 95068 / 800000
generated: 95090 / 800000
generated: 95106 / 800000
generated: 95130 / 800000
generated: 95149 / 800000
generated: 95165 / 800000
generated: 95190 / 800000
generated: 95201 / 800000
generated: 95221 / 800000
generated: 95238 / 800000
generated: 95258 / 800000
generated: 95271 / 800000
generated: 95290 / 800000
generated: 95315 / 800000
generated: 95328 / 800000
generated: 95354 / 800000
generated: 95363 / 800000
generated: 95377 / 800000
generated: 95390 / 800000
generated: 95410 / 800000
generated: 95424 / 800000
generated: 95437 / 800000
generated: 95461 / 800000
generated: 95478 / 800000
generated: 95499 / 800000
generated: 95519 / 800000
generated: 95540 / 800000
generated: 95556 / 800000
generated: 95581 / 800000
generated: 95599 / 800000
generated: 95617 / 800000
generated: 95634 / 800000
generated: 95654 / 800000
generated: 95672 / 800000
generated: 95694 / 800000
generated: 95713 / 800000
generated: 95735 / 800000
generated: 95755 / 800000
generated: 95769 / 800000
generated: 95790 / 800000
generated: 95805 / 800000
generated: 95827 / 800000
generated: 95848 / 800000
generated: 95857 / 800000
generated: 95869 / 800000
generated: 95885 / 800000
generated: 95899 / 800000
generated: 95915 / 800000
generated: 95934 / 800000
generated: 95951 / 800000
generated: 95970 / 800000
generated: 95988 / 800000
generated: 95999 / 800000
generated: 96013 / 800000
generated: 96028 / 800000
generated: 96045 / 800000
generated: 96062 / 800000
generated: 96081 / 800000
generated: 96098 / 800000
generated: 96118 / 800000
generated: 96145 / 800000
generated: 96166 / 800000
generated: 96184 / 800000
generated: 96202 / 800000
generated: 96218 / 800000
generated: 96232 / 800000
generated: 96254 / 800000
generated: 96271 / 800000
generated: 96291 / 800000
generated: 96306 / 800000
generated: 96333 / 800000
generated: 96359 / 800000
generated: 96376 / 800000
generated: 96397 / 800000
generated: 96412 / 800000
generated: 96430 / 800000
generated: 96444 / 800000
generated: 96459 / 800000
generated: 96482 / 800000
generated: 96499 / 800000
generated: 96523 / 800000
generated: 96539 / 800000
generated: 96559 / 800000
generated: 96582 / 800000
generated: 96599 / 800000
generated: 96618 / 800000
generated: 96635 / 800000
generated: 96655 / 800000
generated: 96666 / 800000
generated: 96681 / 800000
generated: 96699 / 800000
generated: 96717 / 800000
generated: 96737 / 800000
generated: 96752 / 800000
generated: 96770 / 800000
generated: 96785 / 800000
generated: 96797 / 800000
generated: 96814 / 800000
generated: 96835 / 800000
generated: 96858 / 800000
generated: 96874 / 800000
generated: 96890 / 800000
generated: 96914 / 800000
generated: 96926 / 800000
generated: 96946 / 800000
generated: 96965 / 800000
generated: 96989 / 800000
generated: 97003 / 800000
generated: 97025 / 800000
generated: 97039 / 800000
generated: 97062 / 800000
generated: 97080 / 800000
generated: 97100 / 800000
generated: 97120 / 800000
generated: 97142 / 800000
generated: 97152 / 800000
generated: 97172 / 800000
generated: 97197 / 800000
generated: 97218 / 800000
generated: 97235 / 800000
generated: 97256 / 800000
generated: 97273 / 800000
generated: 97285 / 800000
generated: 97297 / 800000
generated: 97314 / 800000
generated: 97339 / 800000
generated: 97351 / 800000
generated: 97369 / 800000
generated: 97385 / 800000
generated: 97401 / 800000
generated: 97408 / 800000
generated: 97425 / 800000
generated: 97444 / 800000
generated: 97460 / 800000
generated: 97484 / 800000
generated: 97499 / 800000
generated: 97517 / 800000
generated: 97536 / 800000
generated: 97561 / 800000
generated: 97577 / 800000
generated: 97608 / 800000
generated: 97622 / 800000
generated: 97633 / 800000
generated: 97644 / 800000
generated: 97666 / 800000
generated: 97686 / 800000
generated: 97693 / 800000
generated: 97708 / 800000
generated: 97728 / 800000
generated: 97745 / 800000
generated: 97767 / 800000
generated: 97789 / 800000
generated: 97807 / 800000
generated: 97829 / 800000
generated: 97849 / 800000
generated: 97875 / 800000
generated: 97894 / 800000
generated: 97905 / 800000
generated: 97924 / 800000
generated: 97947 / 800000
generated: 97965 / 800000
generated: 97982 / 800000
generated: 98005 / 800000
generated: 98034 / 800000
generated: 98056 / 800000
generated: 98071 / 800000
generated: 98087 / 800000
generated: 98105 / 800000
generated: 98126 / 800000
generated: 98147 / 800000
generated: 98167 / 800000
generated: 98191 / 800000
generated: 98206 / 800000
generated: 98221 / 800000
generated: 98237 / 800000
generated: 98255 / 800000
generated: 98271 / 800000
generated: 98292 / 800000
generated: 98313 / 800000
generated: 98334 / 800000
generated: 98348 / 800000
generated: 98368 / 800000
generated: 98386 / 800000
generated: 98399 / 800000
generated: 98414 / 800000
generated: 98428 / 800000
generated: 98445 / 800000
generated: 98461 / 800000
generated: 98472 / 800000
generated: 98488 / 800000
generated: 98506 / 800000
generated: 98531 / 800000
generated: 98549 / 800000
generated: 98569 / 800000
generated: 98591 / 800000
generated: 98604 / 800000
generated: 98631 / 800000
generated: 98650 / 800000
generated: 98676 / 800000
generated: 98689 / 800000
generated: 98705 / 800000
generated: 98730 / 800000
generated: 98750 / 800000
generated: 98766 / 800000
generated: 98783 / 800000
generated: 98808 / 800000
generated: 98827 / 800000
generated: 98838 / 800000
generated: 98855 / 800000
generated: 98877 / 800000
generated: 98893 / 800000
generated: 98910 / 800000
generated: 98937 / 800000
generated: 98955 / 800000
generated: 98967 / 800000
generated: 98989 / 800000
generated: 99004 / 800000
generated: 99020 / 800000
generated: 99035 / 800000
generated: 99050 / 800000
generated: 99068 / 800000
generated: 99077 / 800000
generated: 99091 / 800000
generated: 99108 / 800000
generated: 99132 / 800000
generated: 99145 / 800000
generated: 99159 / 800000
generated: 99176 / 800000
generated: 99191 / 800000
generated: 99208 / 800000
generated: 99228 / 800000
generated: 99243 / 800000
generated: 99260 / 800000
generated: 99277 / 800000
generated: 99291 / 800000
generated: 99312 / 800000
generated: 99342 / 800000
generated: 99360 / 800000
generated: 99372 / 800000
generated: 99384 / 800000
generated: 99398 / 800000
generated: 99414 / 800000
generated: 99432 / 800000
generated: 99443 / 800000
generated: 99468 / 800000
generated: 99489 / 800000
generated: 99508 / 800000
generated: 99527 / 800000
generated: 99546 / 800000
generated: 99564 / 800000
generated: 99581 / 800000
generated: 99595 / 800000
generated: 99610 / 800000
generated: 99625 / 800000
generated: 99649 / 800000
generated: 99670 / 800000
generated: 99685 / 800000
generated: 99698 / 800000
generated: 99713 / 800000
generated: 99728 / 800000
generated: 99745 / 800000
generated: 99759 / 800000
generated: 99776 / 800000
generated: 99794 / 800000
generated: 99814 / 800000
generated: 99830 / 800000
generated: 99842 / 800000
generated: 99855 / 800000
generated: 99868 / 800000
generated: 99888 / 800000
generated: 99912 / 800000
generated: 99928 / 800000
generated: 99949 / 800000
generated: 99970 / 800000
generated: 99982 / 800000
generated: 100008 / 800000
generated: 100027 / 800000
generated: 100047 / 800000
generated: 100064 / 800000
generated: 100080 / 800000
generated: 100105 / 800000
generated: 100122 / 800000
generated: 100137 / 800000
generated: 100151 / 800000
generated: 100173 / 800000
generated: 100188 / 800000
generated: 100209 / 800000
generated: 100232 / 800000
generated: 100244 / 800000
generated: 100265 / 800000
generated: 100288 / 800000
generated: 100313 / 800000
generated: 100333 / 800000
generated: 100351 / 800000
generated: 100365 / 800000
generated: 100383 / 800000
generated: 100402 / 800000
generated: 100417 / 800000
generated: 100435 / 800000
generated: 100456 / 800000
generated: 100485 / 800000
generated: 100496 / 800000
generated: 100513 / 800000
generated: 100533 / 800000
generated: 100552 / 800000
generated: 100566 / 800000
generated: 100584 / 800000
generated: 100604 / 800000
generated: 100621 / 800000
generated: 100633 / 800000
generated: 100649 / 800000
generated: 100662 / 800000
generated: 100678 / 800000
generated: 100695 / 800000
generated: 100708 / 800000
generated: 100723 / 800000
generated: 100739 / 800000
                                                                                                                                                                                                                                                                                                                                                                                                                                                                                                                                                                                                                                                                                                                                                                                                                                                                                                                                                                                                                                                                                                                                                                                                                                                                                                                  