[load_obj] 'datasets/3dshape/2denv4_zup.obj': 8 objects/groups
  [0] 'Body1'  (32 triangles)
  [1] 'Body2'  (12 triangles)
  [2] 'Body3'  (12 triangles)
  [3] 'Body4'  (12 triangles)
  [4] 'Body5'  (12 triangles)
  [5] 'Body6'  (12 triangles)
  [6] 'Body7'  (12 triangles)
  [7] 'Body8'  (32 triangles)
[--2d] environment flattened onto z=0
[load_obj] 'datasets/3dshape/Fshape3d_zup.obj': 1 objects/groups
  [0] 'Body1'  (36 triangles)
[--2d] shape z extent 0.0286 -> 0.0100 (env-normalized units)
Delaunizing vertices...
Delaunay seconds:  0.05823
Creating surface mesh ...
Surface mesh seconds:  6.1e-05
Recovering boundaries...
Boundary recovery seconds:  0.000153
Removing exterior tetrahedra ...
Exterior tets removal seconds:  3.2e-05
Recovering Delaunayness...
Delaunay recovery seconds:  0.00036
Refining mesh...
  26 insertions, added 0 points, 0 tetrahedra in queue.
  8 insertions, added 0 points, 0 tetrahedra in queue.
Refinement seconds:  0.000151
Improving mesh...
Mesh improvement seconds:  1.9e-05

Writing nodes.
Writing elements.
Writing faces.
Writing edges.

Output seconds:  2.6e-05
Total running seconds:  0.059099

Statistics:

  Input points: 20
  Input facets: 36
  Input segments: 54
  Input holes: 0
  Input regions: 0

  Mesh points: 20
  Mesh tetrahedra: 24
  Mesh faces: 66
  Mesh faces on exterior boundary: 36
  Mesh faces on input facets: 36
  Mesh edges on input segments: 54

Tetrahedralized shape: 24 tets, 36 boundary triangles, 20 verts
Sampling 800000 (x0, x1) pairs [TRAINING (narrow-band correlated pairs) | PLANAR 2-D (z=0, rotation about z only)]   margin=0.05  offset=0.001  ...
generated: 18 / 800000
generated: 40 / 800000
generated: 55 / 800000
generated: 77 / 800000
generated: 99 / 800000
generated: 117 / 800000
generated: 133 / 800000
generated: 162 / 800000
generated: 178 / 800000
generated: 196 / 800000
generated: 216 / 800000
generated: 238 / 800000
generated: 250 / 800000
generated: 262 / 800000
generated: 285 / 800000
generated: 303 / 800000
generated: 318 / 800000
generated: 340 / 800000
generated: 358 / 800000
generated: 379 / 800000
generated: 401 / 800000
generated: 420 / 800000
generated: 451 / 800000
generated: 465 / 800000
generated: 487 / 800000
generated: 512 / 800000
generated: 529 / 800000
generated: 545 / 800000
generated: 560 / 800000
generated: 583 / 800000
generated: 594 / 800000
generated: 612 / 800000
generated: 632 / 800000
generated: 649 / 800000
generated: 667 / 800000
generated: 687 / 800000
generated: 702 / 800000
generated: 718 / 800000
generated: 738 / 800000
generated: 759 / 800000
generated: 781 / 800000
generated: 805 / 800000
generated: 822 / 800000
generated: 835 / 800000
generated: 854 / 800000
generated: 867 / 800000
generated: 883 / 800000
generated: 904 / 800000
generated: 927 / 800000
generated: 947 / 800000
generated: 976 / 800000
generated: 993 / 800000
generated: 1004 / 800000
generated: 1020 / 800000
generated: 1036 / 800000
generated: 1055 / 800000
generated: 1071 / 800000
generated: 1090 / 800000
generated: 1108 / 800000
generated: 1123 / 800000
generated: 1139 / 800000
generated: 1158 / 800000
generated: 1177 / 800000
generated: 1195 / 800000
generated: 1210 / 800000
generated: 1235 / 800000
generated: 1251 / 800000
generated: 1263 / 800000
generated: 1274 / 800000
generated: 1291 / 800000
generated: 1309 / 800000
generated: 1330 / 800000
generated: 1348 / 800000
generated: 1367 / 800000
generated: 1387 / 800000
generated: 1407 / 800000
generated: 1424 / 800000
generated: 1444 / 800000
generated: 1464 / 800000
generated: 1482 / 800000
generated: 1497 / 800000
generated: 1517 / 800000
generated: 1539 / 800000
generated: 1549 / 800000
generated: 1564 / 800000
generated: 1576 / 800000
generated: 1587 / 800000
generated: 1601 / 800000
generated: 1614 / 800000
generated: 1627 / 800000
generated: 1640 / 800000
generated: 1661 / 800000
generated: 1682 / 800000
generated: 1695 / 800000
generated: 1713 / 800000
generated: 1742 / 800000
generated: 1763 / 800000
generated: 1778 / 800000
generated: 1797 / 800000
generated: 1809 / 800000
generated: 1827 / 800000
generated: 1844 / 800000
generated: 1860 / 800000
generated: 1877 / 800000
generated: 1890 / 800000
generated: 1908 / 800000
generated: 1927 / 800000
generated: 1945 / 800000
generated: 1965 / 800000
generated: 1986 / 800000
generated: 2003 / 800000
generated: 2017 / 800000
generated: 2028 / 800000
generated: 2050 / 800000
generated: 2067 / 800000
generated: 2073 / 800000
generated: 2084 / 800000
generated: 2104 / 800000
generated: 2126 / 800000
generated: 2143 / 800000
generated: 2165 / 800000
generated: 2189 / 800000
generated: 2206 / 800000
generated: 2223 / 800000
generated: 2243 / 800000
generated: 2258 / 800000
generated: 2276 / 800000
generated: 2300 / 800000
generated: 2319 / 800000
generated: 2335 / 800000
generated: 2355 / 800000
generated: 2375 / 800000
generated: 2392 / 800000
generated: 2409 / 800000
generated: 2430 / 800000
generated: 2449 / 800000
generated: 2467 / 800000
generated: 2487 / 800000
generated: 2498 / 800000
generated: 2518 / 800000
generated: 2530 / 800000
generated: 2547 / 800000
generated: 2566 / 800000
generated: 2589 / 800000
generated: 2605 / 800000
generated: 2623 / 800000
generated: 2639 / 800000
generated: 2657 / 800000
generated: 2668 / 800000
generated: 2693 / 800000
generated: 2708 / 800000
generated: 2719 / 800000
generated: 2734 / 800000
generated: 2751 / 800000
generated: 2767 / 800000
generated: 2790 / 800000
generated: 2807 / 800000
generated: 2826 / 800000
generated: 2838 / 800000
generated: 2851 / 800000
generated: 2869 / 800000
generated: 2891 / 800000
generated: 2905 / 800000
generated: 2918 / 800000
generated: 2932 / 800000
generated: 2953 / 800000
generated: 2983 / 800000
generated: 2995 / 800000
generated: 3018 / 800000
generated: 3039 / 800000
generated: 3054 / 800000
generated: 3074 / 800000
generated: 3097 / 800000
generated: 3118 / 800000
generated: 3138 / 800000
generated: 3154 / 800000
generated: 3171 / 800000
generated: 3188 / 800000
generated: 3207 / 800000
generated: 3229 / 800000
generated: 3244 / 800000
generated: 3262 / 800000
generated: 3278 / 800000
generated: 3294 / 800000
generated: 3315 / 800000
generated: 3335 / 800000
generated: 3352 / 800000
generated: 3376 / 800000
generated: 3395 / 800000
generated: 3409 / 800000
generated: 3421 / 800000
generated: 3436 / 800000
generated: 3449 / 800000
generated: 3469 / 800000
generated: 3495 / 800000
generated: 3517 / 800000
generated: 3541 / 800000
generated: 3554 / 800000
generated: 3573 / 800000
generated: 3586 / 800000
generated: 3606 / 800000
generated: 3630 / 800000
generated: 3653 / 800000
generated: 3674 / 800000
generated: 3702 / 800000
generated: 3719 / 800000
generated: 3738 / 800000
generated: 3761 / 800000
generated: 3779 / 800000
generated: 3793 / 800000
generated: 3813 / 800000
generated: 3830 / 800000
generated: 3847 / 800000
generated: 3865 / 800000
generated: 3878 / 800000
generated: 3894 / 800000
generated: 3915 / 800000
generated: 3934 / 800000
generated: 3946 / 800000
generated: 3963 / 800000
generated: 3981 / 800000
generated: 4000 / 800000
generated: 4016 / 800000
generated: 4033 / 800000
generated: 4052 / 800000
generated: 4079 / 800000
generated: 4101 / 800000
generated: 4120 / 800000
generated: 4147 / 800000
generated: 4165 / 800000
generated: 4180 / 800000
generated: 4197 / 800000
generated: 4210 / 800000
generated: 4223 / 800000
generated: 4239 / 800000
generated: 4259 / 800000
generated: 4274 / 800000
generated: 4292 / 800000
generated: 4303 / 800000
generated: 4320 / 800000
generated: 4342 / 800000
generated: 4360 / 800000
generated: 4379 / 800000
generated: 4393 / 800000
generated: 4415 / 800000
generated: 4433 / 800000
generated: 4450 / 800000
generated: 4466 / 800000
generated: 4490 / 800000
generated: 4503 / 800000
generated: 4526 / 800000
generated: 4547 / 800000
generated: 4564 / 800000
generated: 4579 / 800000
generated: 4594 / 800000
generated: 4608 / 800000
generated: 4622 / 800000
generated: 4636 / 800000
generated: 4652 / 800000
generated: 4671 / 800000
generated: 4688 / 800000
generated: 4705 / 800000
generated: 4719 / 800000
generated: 4735 / 800000
generated: 4753 / 800000
generated: 4765 / 800000
generated: 4783 / 800000
generated: 4806 / 800000
generated: 4827 / 800000
generated: 4857 / 800000
generated: 4880 / 800000
generated: 4899 / 800000
generated: 4916 / 800000
generated: 4932 / 800000
generated: 4950 / 800000
generated: 4968 / 800000
generated: 4987 / 800000
generated: 5011 / 800000
generated: 5031 / 800000
generated: 5050 / 800000
generated: 5069 / 800000
generated: 5087 / 800000
generated: 5104 / 800000
generated: 5125 / 800000
generated: 5147 / 800000
generated: 5164 / 800000
generated: 5180 / 800000
generated: 5202 / 800000
generated: 5223 / 800000
generated: 5246 / 800000
generated: 5256 / 800000
generated: 5277 / 800000
generated: 5296 / 800000
generated: 5316 / 800000
generated: 5338 / 800000
generated: 5356 / 800000
generated: 5374 / 800000
generated: 5391 / 800000
generated: 5406 / 800000
generated: 5421 / 800000
generated: 5448 / 800000
generated: 5466 / 800000
generated: 5480 / 800000
generated: 5502 / 800000
generated: 5512 / 800000
generated: 5533 / 800000
generated: 5547 / 800000
generated: 5573 / 800000
generated: 5589 / 800000
generated: 5604 / 800000
generated: 5625 / 800000
generated: 5644 / 800000
generated: 5661 / 800000
generated: 5680 / 800000
generated: 5698 / 800000
generated: 5708 / 800000
generated: 5729 / 800000
generated: 5746 / 800000
generated: 5761 / 800000
generated: 5779 / 800000
generated: 5797 / 800000
generated: 5815 / 800000
generated: 5828 / 800000
generated: 5842 / 800000
generated: 5867 / 800000
generated: 5878 / 800000
generated: 5899 / 800000
generated: 5912 / 800000
generated: 5927 / 800000
generated: 5954 / 800000
generated: 5970 / 800000
generated: 5989 / 800000
generated: 6012 / 800000
generated: 6030 / 800000
generated: 6050 / 800000
generated: 6068 / 800000
generated: 6082 / 800000
generated: 6099 / 800000
generated: 6121 / 800000
generated: 6139 / 800000
generated: 6158 / 800000
generated: 6174 / 800000
generated: 6186 / 800000
generated: 6205 / 800000
generated: 6221 / 800000
generated: 6244 / 800000
generated: 6260 / 800000
generated: 6281 / 800000
generated: 6302 / 800000
generated: 6324 / 800000
generated: 6354 / 800000
generated: 6364 / 800000
generated: 6381 / 800000
generated: 6397 / 800000
generated: 6416 / 800000
generated: 6430 / 800000
generated: 6451 / 800000
generated: 6470 / 800000
generated: 6489 / 800000
generated: 6496 / 800000
generated: 6508 / 800000
generated: 6524 / 800000
generated: 6535 / 800000
generated: 6551 / 800000
generated: 6578 / 800000
generated: 6595 / 800000
generated: 6615 / 800000
generated: 6631 / 800000
generated: 6649 / 800000
generated: 6663 / 800000
generated: 6685 / 800000
generated: 6702 / 800000
generated: 6717 / 800000
generated: 6736 / 800000
generated: 6755 / 800000
generated: 6779 / 800000
generated: 6797 / 800000
generated: 6814 / 800000
generated: 6831 / 800000
generated: 6845 / 800000
generated: 6862 / 800000
generated: 6879 / 800000
generated: 6894 / 800000
generated: 6917 / 800000
generated: 6939 / 800000
generated: 6962 / 800000
generated: 6986 / 800000
generated: 7002 / 800000
generated: 7023 / 800000
generated: 7038 / 800000
generated: 7054 / 800000
generated: 7070 / 800000
generated: 7092 / 800000
generated: 7109 / 800000
generated: 7129 / 800000
generated: 7144 / 800000
generated: 7156 / 800000
generated: 7177 / 800000
generated: 7198 / 800000
generated: 7216 / 800000
generated: 7236 / 800000
generated: 7259 / 800000
generated: 7278 / 800000
generated: 7291 / 800000
generated: 7315 / 800000
generated: 7330 / 800000
generated: 7345 / 800000
generated: 7366 / 800000
generated: 7371 / 800000
generated: 7388 / 800000
generated: 7403 / 800000
generated: 7420 / 800000
generated: 7443 / 800000
generated: 7457 / 800000
generated: 7471 / 800000
generated: 7483 / 800000
generated: 7500 / 800000
generated: 7524 / 800000
generated: 7545 / 800000
generated: 7560 / 800000
generated: 7578 / 800000
generated: 7598 / 800000
generated: 7611 / 800000
generated: 7628 / 800000
generated: 7645 / 800000
generated: 7657 / 800000
generated: 7681 / 800000
generated: 7706 / 800000
generated: 7718 / 800000
generated: 7733 / 800000
generated: 7745 / 800000
generated: 7760 / 800000
generated: 7787 / 800000
generated: 7805 / 800000
generated: 7819 / 800000
generated: 7833 / 800000
generated: 7852 / 800000
generated: 7874 / 800000
generated: 7892 / 800000
generated: 7904 / 800000
generated: 7922 / 800000
generated: 7938 / 800000
generated: 7961 / 800000
generated: 7974 / 800000
generated: 7988 / 800000
generated: 8005 / 800000
generated: 8040 / 800000
generated: 8060 / 800000
generated: 8088 / 800000
generated: 8108 / 800000
generated: 8126 / 800000
generated: 8147 / 800000
generated: 8168 / 800000
generated: 8184 / 800000
generated: 8197 / 800000
generated: 8218 / 800000
generated: 8237 / 800000
generated: 8261 / 800000
generated: 8274 / 800000
generated: 8293 / 800000
generated: 8305 / 800000
generated: 8322 / 800000
generated: 8339 / 800000
generated: 8360 / 800000
generated: 8377 / 800000
generated: 8395 / 800000
generated: 8411 / 800000
generated: 8438 / 800000
generated: 8460 / 800000
generated: 8475 / 800000
generated: 8492 / 800000
generated: 8511 / 800000
generated: 8525 / 800000
generated: 8544 / 800000
generated: 8557 / 800000
generated: 8578 / 800000
generated: 8596 / 800000
generated: 8610 / 800000
generated: 8636 / 800000
generated: 8648 / 800000
generated: 8673 / 800000
generated: 8691 / 800000
generated: 8713 / 800000
generated: 8730 / 800000
generated: 8748 / 800000
generated: 8762 / 800000
generated: 8784 / 800000
generated: 8800 / 800000
generated: 8812 / 800000
generated: 8827 / 800000
generated: 8845 / 800000
generated: 8874 / 800000
generated: 8891 / 800000
generated: 8914 / 800000
generated: 8930 / 800000
generated: 8951 / 800000
generated: 8966 / 800000
generated: 8984 / 800000
generated: 9008 / 800000
generated: 9031 / 800000
generated: 9047 / 800000
generated: 9066 / 800000
generated: 9083 / 800000
generated: 9102 / 800000
generated: 9116 / 800000
generated: 9135 / 800000
generated: 9157 / 800000
generated: 9171 / 800000
generated: 9194 / 800000
generated: 9217 / 800000
generated: 9234 / 800000
generated: 9255 / 800000
generated: 9272 / 800000
generated: 9287 / 800000
generated: 9299 / 800000
generated: 9313 / 800000
generated: 9326 / 800000
generated: 9348 / 800000
generated: 9365 / 800000
generated: 9385 / 800000
generated: 9408 / 800000
generated: 9429 / 800000
generated: 9451 / 800000
generated: 9476 / 800000
generated: 9486 / 800000
generated: 9507 / 800000
generated: 9523 / 800000
generated: 9545 / 800000
generated: 9564 / 800000
generated: 9584 / 800000
generated: 9605 / 800000
generated: 9630 / 800000
generated: 9650 / 800000
generated: 9671 / 800000
generated: 9684 / 800000
generated: 9707 / 800000
generated: 9731 / 800000
generated: 9754 / 800000
generated: 9781 / 800000
generated: 9802 / 800000
generated: 9817 / 800000
generated: 9834 / 800000
generated: 9849 / 800000
generated: 9868 / 800000
generated: 9888 / 800000
generated: 9905 / 800000
generated: 9928 / 800000
generated: 9957 / 800000
generated: 9975 / 800000
generated: 9998 / 800000
generated: 10021 / 800000
generated: 10030 / 800000
generated: 10044 / 800000
generated: 10066 / 800000
generated: 10086 / 800000
generated: 10108 / 800000
generated: 10131 / 800000
generated: 10145 / 800000
generated: 10167 / 800000
generated: 10179 / 800000
generated: 10199 / 800000
generated: 10223 / 800000
generated: 10244 / 800000
generated: 10262 / 800000
generated: 10274 / 800000
generated: 10288 / 800000
generated: 10307 / 800000
generated: 10317 / 800000
generated: 10332 / 800000
generated: 10353 / 800000
generated: 10373 / 800000
generated: 10394 / 800000
generated: 10420 / 800000
generated: 10442 / 800000
generated: 10461 / 800000
generated: 10471 / 800000
generated: 10491 / 800000
generated: 10508 / 800000
generated: 10527 / 800000
generated: 10541 / 800000
generated: 10557 / 800000
generated: 10579 / 800000
generated: 10607 / 800000
generated: 10625 / 800000
generated: 10640 / 800000
generated: 10654 / 800000
generated: 10674 / 800000
generated: 10685 / 800000
generated: 10700 / 800000
generated: 10722 / 800000
generated: 10733 / 800000
generated: 10756 / 800000
generated: 10767 / 800000
generated: 10779 / 800000
generated: 10796 / 800000
generated: 10815 / 800000
generated: 10829 / 800000
generated: 10844 / 800000
generated: 10861 / 800000
generated: 10875 / 800000
generated: 10897 / 800000
generated: 10915 / 800000
generated: 10941 / 800000
generated: 10958 / 800000
generated: 10989 / 800000
generated: 11008 / 800000
generated: 11034 / 800000
generated: 11047 / 800000
generated: 11064 / 800000
generated: 11089 / 800000
generated: 11109 / 800000
generated: 11127 / 800000
generated: 11141 / 800000
generated: 11158 / 800000
generated: 11179 / 800000
generated: 11198 / 800000
generated: 11221 / 800000
generated: 11239 / 800000
generated: 11264 / 800000
generated: 11283 / 800000
generated: 11299 / 800000
generated: 11324 / 800000
generated: 11343 / 800000
generated: 11363 / 800000
generated: 11375 / 800000
generated: 11389 / 800000
generated: 11405 / 800000
generated: 11425 / 800000
generated: 11445 / 800000
generated: 11466 / 800000
generated: 11483 / 800000
generated: 11508 / 800000
generated: 11525 / 800000
generated: 11536 / 800000
generated: 11560 / 800000
generated: 11582 / 800000
generated: 11599 / 800000
generated: 11617 / 800000
generated: 11628 / 800000
generated: 11638 / 800000
generated: 11655 / 800000
generated: 11678 / 800000
generated: 11693 / 800000
generated: 11709 / 800000
generated: 11721 / 800000
generated: 11737 / 800000
generated: 11754 / 800000
generated: 11772 / 800000
generated: 11792 / 800000
generated: 11809 / 800000
generated: 11824 / 800000
generated: 11843 / 800000
generated: 11859 / 800000
generated: 11879 / 800000
generated: 11898 / 800000
generated: 11913 / 800000
generated: 11930 / 800000
generated: 11942 / 800000
generated: 11958 / 800000
generated: 11980 / 800000
generated: 11993 / 800000
generated: 12008 / 800000
generated: 12025 / 800000
generated: 12048 / 800000
generated: 12065 / 800000
generated: 12088 / 800000
generated: 12106 / 800000
generated: 12124 / 800000
generated: 12140 / 800000
generated: 12152 / 800000
generated: 12173 / 800000
generated: 12195 / 800000
generated: 12210 / 800000
generated: 12227 / 800000
generated: 12242 / 800000
generated: 12260 / 800000
generated: 12276 / 800000
generated: 12285 / 800000
generated: 12304 / 800000
generated: 12320 / 800000
generated: 12336 / 800000
generated: 12347 / 800000
generated: 12369 / 800000
generated: 12383 / 800000
generated: 12398 / 800000
generated: 12410 / 800000
generated: 12428 / 800000
generated: 12441 / 800000
generated: 12467 / 800000
generated: 12488 / 800000
generated: 12506 / 800000
generated: 12540 / 800000
generated: 12551 / 800000
generated: 12565 / 800000
generated: 12582 / 800000
generated: 12604 / 800000
generated: 12626 / 800000
generated: 12635 / 800000
generated: 12661 / 800000
generated: 12677 / 800000
generated: 12696 / 800000
generated: 12708 / 800000
generated: 12723 / 800000
generated: 12754 / 800000
generated: 12770 / 800000
generated: 12790 / 800000
generated: 12809 / 800000
generated: 12826 / 800000
generated: 12840 / 800000
generated: 12860 / 800000
generated: 12874 / 800000
generated: 12892 / 800000
generated: 12908 / 800000
generated: 12920 / 800000
generated: 12933 / 800000
generated: 12949 / 800000
generated: 12967 / 800000
generated: 12987 / 800000
generated: 12999 / 800000
generated: 13019 / 800000
generated: 13033 / 800000
generated: 13045 / 800000
generated: 13059 / 800000
generated: 13085 / 800000
generated: 13110 / 800000
generated: 13129 / 800000
generated: 13148 / 800000
generated: 13174 / 800000
generated: 13190 / 800000
generated: 13207 / 800000
generated: 13227 / 800000
generated: 13239 / 800000
generated: 13256 / 800000
generated: 13270 / 800000
generated: 13290 / 800000
generated: 13305 / 800000
generated: 13328 / 800000
generated: 13340 / 800000
generated: 13360 / 800000
generated: 13378 / 800000
generated: 13396 / 800000
generated: 13411 / 800000
generated: 13429 / 800000
generated: 13447 / 800000
generated: 13467 / 800000
generated: 13487 / 800000
generated: 13503 / 800000
generated: 13528 / 800000
generated: 13550 / 800000
generated: 13570 / 800000
generated: 13584 / 800000
generated: 13603 / 800000
generated: 13616 / 800000
generated: 13637 / 800000
generated: 13665 / 800000
generated: 13679 / 800000
generated: 13696 / 800000
generated: 13715 / 800000
generated: 13728 / 800000
generated: 13753 / 800000
generated: 13767 / 800000
generated: 13779 / 800000
generated: 13804 / 800000
generated: 13817 / 800000
generated: 13834 / 800000
generated: 13857 / 800000
generated: 13874 / 800000
generated: 13892 / 800000
generated: 13911 / 800000
generated: 13925 / 800000
generated: 13942 / 800000
generated: 13959 / 800000
generated: 13982 / 800000
generated: 13998 / 800000
generated: 14014 / 800000
generated: 14032 / 800000
generated: 14047 / 800000
generated: 14057 / 800000
generated: 14074 / 800000
generated: 14095 / 800000
generated: 14102 / 800000
generated: 14123 / 800000
generated: 14134 / 800000
generated: 14156 / 800000
generated: 14175 / 800000
generated: 14196 / 800000
generated: 14220 / 800000
generated: 14241 / 800000
generated: 14253 / 800000
generated: 14271 / 800000
generated: 14286 / 800000
generated: 14302 / 800000
generated: 14322 / 800000
generated: 14340 / 800000
generated: 14359 / 800000
generated: 14370 / 800000
generated: 14391 / 800000
generated: 14404 / 800000
generated: 14421 / 800000
generated: 14438 / 800000
generated: 14452 / 800000
generated: 14463 / 800000
generated: 14475 / 800000
generated: 14494 / 800000
generated: 14505 / 800000
generated: 14519 / 800000
generated: 14540 / 800000
generated: 14556 / 800000
generated: 14577 / 800000
generated: 14594 / 800000
generated: 14614 / 800000
generated: 14626 / 800000
generated: 14646 / 800000
generated: 14663 / 800000
generated: 14679 / 800000
generated: 14692 / 800000
generated: 14705 / 800000
generated: 14717 / 800000
generated: 14742 / 800000
generated: 14765 / 800000
generated: 14786 / 800000
generated: 14807 / 800000
generated: 14829 / 800000
generated: 14845 / 800000
generated: 14863 / 800000
generated: 14883 / 800000
generated: 14893 / 800000
generated: 14911 / 800000
generated: 14930 / 800000
generated: 14949 / 800000
generated: 14965 / 800000
generated: 14982 / 800000
generated: 15000 / 800000
generated: 15016 / 800000
generated: 15034 / 800000
generated: 15057 / 800000
generated: 15075 / 800000
generated: 15089 / 800000
generated: 15109 / 800000
generated: 15129 / 800000
generated: 15145 / 800000
generated: 15170 / 800000
generated: 15195 / 800000
generated: 15210 / 800000
generated: 15227 / 800000
generated: 15251 / 800000
generated: 15275 / 800000
generated: 15295 / 800000
generated: 15313 / 800000
generated: 15329 / 800000
generated: 15340 / 800000
generated: 15361 / 800000
generated: 15378 / 800000
generated: 15393 / 800000
generated: 15410 / 800000
generated: 15425 / 800000
generated: 15440 / 800000
generated: 15457 / 800000
generated: 15469 / 800000
generated: 15482 / 800000
generated: 15500 / 800000
generated: 15518 / 800000
generated: 15538 / 800000
generated: 15564 / 800000
generated: 15581 / 800000
generated: 15599 / 800000
generated: 15612 / 800000
generated: 15627 / 800000
generated: 15646 / 800000
generated: 15663 / 800000
generated: 15679 / 800000
generated: 15698 / 800000
generated: 15715 / 800000
generated: 15736 / 800000
generated: 15759 / 800000
generated: 15771 / 800000
generated: 15784 / 800000
generated: 15803 / 800000
generated: 15819 / 800000
generated: 15834 / 800000
generated: 15849 / 800000
generated: 15870 / 800000
generated: 15891 / 800000
generated: 15908 / 800000
generated: 15931 / 800000
generated: 15947 / 800000
generated: 15962 / 800000
generated: 15984 / 800000
generated: 15997 / 800000
generated: 16018 / 800000
generated: 16037 / 800000
generated: 16059 / 800000
generated: 16075 / 800000
generated: 16101 / 800000
generated: 16120 / 800000
generated: 16139 / 800000
generated: 16163 / 800000
generated: 16181 / 800000
generated: 16192 / 800000
generated: 16211 / 800000
generated: 16231 / 800000
generated: 16249 / 800000
generated: 16278 / 800000
generated: 16293 / 800000
generated: 16311 / 800000
generated: 16334 / 800000
generated: 16351 / 800000
generated: 16368 / 800000
generated: 16382 / 800000
generated: 16406 / 800000
generated: 16421 / 800000
generated: 16441 / 800000
generated: 16458 / 800000
generated: 16473 / 800000
generated: 16493 / 800000
generated: 16519 / 800000
generated: 16537 / 800000
generated: 16552 / 800000
generated: 16573 / 800000
generated: 16597 / 800000
generated: 16617 / 800000
generated: 16638 / 800000
generated: 16656 / 800000
generated: 16669 / 800000
generated: 16691 / 800000
generated: 16712 / 800000
generated: 16731 / 800000
generated: 16747 / 800000
generated: 16763 / 800000
generated: 16789 / 800000
generated: 16805 / 800000
generated: 16823 / 800000
generated: 16847 / 800000
generated: 16865 / 800000
generated: 16894 / 800000
generated: 16911 / 800000
generated: 16941 / 800000
generated: 16960 / 800000
generated: 16977 / 800000
generated: 16995 / 800000
generated: 17017 / 800000
generated: 17030 / 800000
generated: 17056 / 800000
generated: 17064 / 800000
generated: 17080 / 800000
generated: 17104 / 800000
generated: 17120 / 800000
generated: 17139 / 800000
generated: 17160 / 800000
generated: 17183 / 800000
generated: 17200 / 800000
generated: 17214 / 800000
generated: 17227 / 800000
generated: 17252 / 800000
generated: 17270 / 800000
generated: 17292 / 800000
generated: 17311 / 800000
generated: 17327 / 800000
generated: 17345 / 800000
generated: 17361 / 800000
generated: 17376 / 800000
generated: 17391 / 800000
generated: 17409 / 800000
generated: 17420 / 800000
generated: 17436 / 800000
generated: 17449 / 800000
generated: 17468 / 800000
generated: 17482 / 800000
generated: 17503 / 800000
generated: 17523 / 800000
generated: 17542 / 800000
generated: 17555 / 800000
generated: 17573 / 800000
generated: 17596 / 800000
generated: 17621 / 800000
generated: 17644 / 800000
generated: 17657 / 800000
generated: 17679 / 800000
generated: 17695 / 800000
generated: 17720 / 800000
generated: 17732 / 800000
generated: 17752 / 800000
generated: 17769 / 800000
generated: 17788 / 800000
generated: 17806 / 800000
generated: 17821 / 800000
generated: 17843 / 800000
generated: 17858 / 800000
generated: 17875 / 800000
generated: 17894 / 800000
generated: 17906 / 800000
generated: 17921 / 800000
generated: 17941 / 800000
generated: 17955 / 800000
generated: 17968 / 800000
generated: 17982 / 800000
generated: 18006 / 800000
generated: 18025 / 800000
generated: 18045 / 800000
generated: 18066 / 800000
generated: 18077 / 800000
generated: 18093 / 800000
generated: 18112 / 800000
generated: 18131 / 800000
generated: 18159 / 800000
generated: 18174 / 800000
generated: 18186 / 800000
generated: 18205 / 800000
generated: 18223 / 800000
generated: 18237 / 800000
generated: 18254 / 800000
generated: 18266 / 800000
generated: 18283 / 800000
generated: 18302 / 800000
generated: 18321 / 800000
generated: 18338 / 800000
generated: 18354 / 800000
generated: 18374 / 800000
generated: 18397 / 800000
generated: 18416 / 800000
generated: 18435 / 800000
generated: 18449 / 800000
generated: 18466 / 800000
generated: 18484 / 800000
generated: 18501 / 800000
generated: 18519 / 800000
generated: 18536 / 800000
generated: 18557 / 800000
generated: 18585 / 800000
generated: 18603 / 800000
generated: 18628 / 800000
generated: 18649 / 800000
generated: 18663 / 800000
generated: 18685 / 800000
generated: 18710 / 800000
generated: 18725 / 800000
generated: 18748 / 800000
generated: 18771 / 800000
generated: 18787 / 800000
generated: 18806 / 800000
generated: 18819 / 800000
generated: 18844 / 800000
generated: 18870 / 800000
generated: 18883 / 800000
generated: 18894 / 800000
generated: 18909 / 800000
generated: 18926 / 800000
generated: 18944 / 800000
generated: 18967 / 800000
generated: 18982 / 800000
generated: 18994 / 800000
generated: 19012 / 800000
generated: 19027 / 800000
generated: 19038 / 800000
generated: 19060 / 800000
generated: 19085 / 800000
generated: 19106 / 800000
generated: 19122 / 800000
generated: 19138 / 800000
generated: 19157 / 800000
generated: 19172 / 800000
generated: 19191 / 800000
generated: 19209 / 800000
generated: 19228 / 800000
generated: 19244 / 800000
generated: 19271 / 800000
generated: 19300 / 800000
generated: 19317 / 800000
generated: 19333 / 800000
generated: 19347 / 800000
generated: 19364 / 800000
generated: 19386 / 800000
generated: 19403 / 800000
generated: 19419 / 800000
generated: 19427 / 800000
generated: 19440 / 800000
generated: 19461 / 800000
generated: 19481 / 800000
generated: 19502 / 800000
generated: 19519 / 800000
generated: 19535 / 800000
generated: 19547 / 800000
generated: 19568 / 800000
generated: 19583 / 800000
generated: 19599 / 800000
generated: 19623 / 800000
generated: 19640 / 800000
generated: 19654 / 800000
generated: 19668 / 800000
generated: 19690 / 800000
generated: 19709 / 800000
generated: 19722 / 800000
generated: 19738 / 800000
generated: 19760 / 800000
generated: 19775 / 800000
generated: 19797 / 800000
generated: 19817 / 800000
generated: 19829 / 800000
generated: 19848 / 800000
generated: 19870 / 800000
generated: 19886 / 800000
generated: 19908 / 800000
generated: 19932 / 800000
generated: 19950 / 800000
generated: 19975 / 800000
generated: 19987 / 800000
generated: 20006 / 800000
generated: 20023 / 800000
generated: 20041 / 800000
generated: 20069 / 800000
generated: 20092 / 800000
generated: 20111 / 800000
generated: 20130 / 800000
generated: 20147 / 800000
generated: 20161 / 800000
generated: 20174 / 800000
generated: 20196 / 800000
generated: 20226 / 800000
generated: 20243 / 800000
generated: 20261 / 800000
generated: 20284 / 800000
generated: 20303 / 800000
generated: 20326 / 800000
generated: 20346 / 800000
generated: 20358 / 800000
generated: 20377 / 800000
generated: 20387 / 800000
generated: 20410 / 800000
generated: 20442 / 800000
generated: 20473 / 800000
generated: 20492 / 800000
generated: 20508 / 800000
generated: 20517 / 800000
generated: 20533 / 800000
generated: 20547 / 800000
generated: 20562 / 800000
generated: 20583 / 800000
generated: 20603 / 800000
generated: 20618 / 800000
generated: 20641 / 800000
generated: 20662 / 800000
generated: 20674 / 800000
generated: 20690 / 800000
generated: 20704 / 800000
generated: 20723 / 800000
generated: 20736 / 800000
generated: 20757 / 800000
generated: 20778 / 800000
generated: 20793 / 800000
generated: 20809 / 800000
generated: 20832 / 800000
generated: 20854 / 800000
generated: 20864 / 800000
generated: 20885 / 800000
generated: 20907 / 800000
generated: 20927 / 800000
generated: 20941 / 800000
generated: 20959 / 800000
generated: 20980 / 800000
generated: 20997 / 800000
generated: 21022 / 800000
generated: 21045 / 800000
generated: 21060 / 800000
generated: 21080 / 800000
generated: 21096 / 800000
generated: 21118 / 800000
generated: 21136 / 800000
generated: 21149 / 800000
generated: 21158 / 800000
generated: 21179 / 800000
generated: 21192 / 800000
generated: 21207 / 800000
generated: 21221 / 800000
generated: 21243 / 800000
generated: 21259 / 800000
generated: 21276 / 800000
generated: 21292 / 800000
generated: 21315 / 800000
generated: 21338 / 800000
generated: 21356 / 800000
generated: 21375 / 800000
generated: 21393 / 800000
generated: 21408 / 800000
generated: 21423 / 800000
generated: 21436 / 800000
generated: 21462 / 800000
generated: 21478 / 800000
generated: 21497 / 800000
generated: 21518 / 800000
generated: 21533 / 800000
generated: 21548 / 800000
generated: 21569 / 800000
generated: 21591 / 800000
generated: 21607 / 800000
generated: 21623 / 800000
generated: 21639 / 800000
generated: 21655 / 800000
generated: 21681 / 800000
generated: 21700 / 800000
generated: 21718 / 800000
generated: 21733 / 800000
generated: 21747 / 800000
generated: 21766 / 800000
generated: 21788 / 800000
generated: 21805 / 800000
generated: 21818 / 800000
generated: 21843 / 800000
generated: 21860 / 800000
generated: 21869 / 800000
generated: 21882 / 800000
generated: 21901 / 800000
generated: 21920 / 800000
generated: 21936 / 800000
generated: 21950 / 800000
generated: 21973 / 800000
generated: 21992 / 800000
generated: 22015 / 800000
generated: 22030 / 800000
generated: 22044 / 800000
generated: 22065 / 800000
generated: 22080 / 800000
generated: 22101 / 800000
generated: 22113 / 800000
generated: 22140 / 800000
generated: 22161 / 800000
generated: 22184 / 800000
generated: 22202 / 800000
generated: 22221 / 800000
generated: 22242 / 800000
generated: 22256 / 800000
generated: 22272 / 800000
generated: 22291 / 800000
generated: 22310 / 800000
generated: 22333 / 800000
generated: 22356 / 800000
generated: 22368 / 800000
generated: 22382 / 800000
generated: 22395 / 800000
generated: 22408 / 800000
generated: 22421 / 800000
generated: 22443 / 800000
generated: 22459 / 800000
generated: 22485 / 800000
generated: 22505 / 800000
generated: 22528 / 800000
generated: 22550 / 800000
generated: 22575 / 800000
generated: 22591 / 800000
generated: 22612 / 800000
generated: 22630 / 800000
generated: 22648 / 800000
generated: 22665 / 800000
generated: 22680 / 800000
generated: 22692 / 800000
generated: 22706 / 800000
generated: 22726 / 800000
generated: 22739 / 800000
generated: 22758 / 800000
generated: 22773 / 800000
generated: 22791 / 800000
generated: 22806 / 800000
generated: 22820 / 800000
generated: 22846 / 800000
generated: 22863 / 800000
generated: 22881 / 800000
generated: 22902 / 800000
generated: 22920 / 800000
generated: 22933 / 800000
generated: 22943 / 800000
generated: 22960 / 800000
generated: 22972 / 800000
generated: 22988 / 800000
generated: 23008 / 800000
generated: 23025 / 800000
generated: 23036 / 800000
generated: 23053 / 800000
generated: 23073 / 800000
generated: 23090 / 800000
generated: 23110 / 800000
generated: 23124 / 800000
generated: 23152 / 800000
generated: 23174 / 800000
generated: 23189 / 800000
generated: 23204 / 800000
generated: 23221 / 800000
generated: 23240 / 800000
generated: 23256 / 800000
generated: 23270 / 800000
generated: 23294 / 800000
generated: 23308 / 800000
generated: 23327 / 800000
generated: 23345 / 800000
generated: 23357 / 800000
generated: 23377 / 800000
generated: 23395 / 800000
generated: 23417 / 800000
generated: 23433 / 800000
generated: 23453 / 800000
generated: 23473 / 800000
generated: 23487 / 800000
generated: 23503 / 800000
generated: 23520 / 800000
generated: 23538 / 800000
generated: 23555 / 800000
generated: 23573 / 800000
generated: 23588 / 800000
generated: 23609 / 800000
generated: 23628 / 800000
generated: 23642 / 800000
generated: 23666 / 800000
generated: 23681 / 800000
generated: 23692 / 800000
generated: 23710 / 800000
generated: 23729 / 800000
generated: 23746 / 800000
generated: 23767 / 800000
generated: 23789 / 800000
generated: 23812 / 800000
generated: 23827 / 800000
generated: 23847 / 800000
generated: 23861 / 800000
generated: 23880 / 800000
generated: 23898 / 800000
generated: 23917 / 800000
generated: 23941 / 800000
generated: 23961 / 800000
generated: 23985 / 800000
generated: 24001 / 800000
generated: 24022 / 800000
generated: 24039 / 800000
generated: 24058 / 800000
generated: 24076 / 800000
generated: 24094 / 800000
generated: 24109 / 800000
generated: 24126 / 800000
generated: 24147 / 800000
generated: 24169 / 800000
generated: 24191 / 800000
generated: 24212 / 800000
generated: 24234 / 800000
generated: 24250 / 800000
generated: 24269 / 800000
generated: 24288 / 800000
generated: 24309 / 800000
generated: 24322 / 800000
generated: 24336 / 800000
generated: 24352 / 800000
generated: 24368 / 800000
generated: 24381 / 800000
generated: 24403 / 800000
generated: 24420 / 800000
generated: 24435 / 800000
generated: 24448 / 800000
generated: 24465 / 800000
generated: 24482 / 800000
generated: 24497 / 800000
generated: 24511 / 800000
generated: 24530 / 800000
generated: 24544 / 800000
generated: 24558 / 800000
generated: 24576 / 800000
generated: 24592 / 800000
generated: 24618 / 800000
generated: 24631 / 800000
generated: 24652 / 800000
generated: 24663 / 800000
generated: 24682 / 800000
generated: 24704 / 800000
generated: 24721 / 800000
generated: 24737 / 800000
generated: 24757 / 800000
generated: 24780 / 800000
generated: 24797 / 800000
generated: 24820 / 800000
generated: 24839 / 800000
generated: 24861 / 800000
generated: 24881 / 800000
generated: 24898 / 800000
generated: 24907 / 800000
generated: 24930 / 800000
generated: 24954 / 800000
generated: 24975 / 800000
generated: 24995 / 800000
generated: 25015 / 800000
generated: 25029 / 800000
generated: 25048 / 800000
generated: 25065 / 800000
generated: 25076 / 800000
generated: 25093 / 800000
generated: 25111 / 800000
generated: 25123 / 800000
generated: 25136 / 800000
generated: 25148 / 800000
generated: 25164 / 800000
generated: 25184 / 800000
generated: 25196 / 800000
generated: 25210 / 800000
generated: 25235 / 800000
generated: 25248 / 800000
generated: 25262 / 800000
generated: 25279 / 800000
generated: 25307 / 800000
generated: 25335 / 800000
generated: 25355 / 800000
generated: 25372 / 800000
generated: 25383 / 800000
generated: 25409 / 800000
generated: 25425 / 800000
generated: 25443 / 800000
generated: 25455 / 800000
generated: 25475 / 800000
generated: 25492 / 800000
generated: 25501 / 800000
generated: 25519 / 800000
generated: 25535 / 800000
generated: 25550 / 800000
generated: 25565 / 800000
generated: 25585 / 800000
generated: 25609 / 800000
generated: 25619 / 800000
generated: 25639 / 800000
generated: 25651 / 800000
generated: 25673 / 800000
generated: 25689 / 800000
generated: 25705 / 800000
generated: 25715 / 800000
generated: 25735 / 800000
generated: 25750 / 800000
generated: 25770 / 800000
generated: 25787 / 800000
generated: 25811 / 800000
generated: 25827 / 800000
generated: 25851 / 800000
generated: 25869 / 800000
generated: 25897 / 800000
generated: 25918 / 800000
generated: 25929 / 800000
generated: 25941 / 800000
generated: 25960 / 800000
generated: 25982 / 800000
generated: 26000 / 800000
generated: 26019 / 800000
generated: 26034 / 800000
generated: 26053 / 800000
generated: 26070 / 800000
generated: 26089 / 800000
generated: 26108 / 800000
generated: 26125 / 800000
generated: 26143 / 800000
generated: 26159 / 800000
generated: 26185 / 800000
generated: 26210 / 800000
generated: 26229 / 800000
generated: 26249 / 800000
generated: 26267 / 800000
generated: 26287 / 800000
generated: 26304 / 800000
generated: 26329 / 800000
generated: 26348 / 800000
generated: 26369 / 800000
generated: 26382 / 800000
generated: 26404 / 800000
generated: 26417 / 800000
generated: 26438 / 800000
generated: 26454 / 800000
generated: 26472 / 800000
generated: 26488 / 800000
generated: 26512 / 800000
generated: 26529 / 800000
generated: 26540 / 800000
generated: 26558 / 800000
generated: 26578 / 800000
generated: 26597 / 800000
generated: 26611 / 800000
generated: 26626 / 800000
generated: 26648 / 800000
generated: 26664 / 800000
generated: 26679 / 800000
generated: 26700 / 800000
generated: 26724 / 800000
generated: 26737 / 800000
generated: 26759 / 800000
generated: 26777 / 800000
generated: 26793 / 800000
generated: 26806 / 800000
generated: 26818 / 800000
generated: 26833 / 800000
generated: 26851 / 800000
generated: 26875 / 800000
generated: 26901 / 800000
generated: 26916 / 800000
generated: 26935 / 800000
generated: 26952 / 800000
generated: 26971 / 800000
generated: 26987 / 800000
generated: 27003 / 800000
generated: 27024 / 800000
generated: 27045 / 800000
generated: 27064 / 800000
generated: 27084 / 800000
generated: 27100 / 800000
generated: 27113 / 800000
generated: 27133 / 800000
generated: 27148 / 800000
generated: 27165 / 800000
generated: 27186 / 800000
generated: 27214 / 800000
generated: 27230 / 800000
generated: 27250 / 800000
generated: 27263 / 800000
generated: 27281 / 800000
generated: 27297 / 800000
generated: 27316 / 800000
generated: 27334 / 800000
generated: 27346 / 800000
generated: 27367 / 800000
generated: 27389 / 800000
generated: 27404 / 800000
generated: 27415 / 800000
generated: 27436 / 800000
generated: 27450 / 800000
generated: 27465 / 800000
generated: 27477 / 800000
generated: 27499 / 800000
generated: 27519 / 800000
generated: 27543 / 800000
generated: 27554 / 800000
generated: 27563 / 800000
generated: 27580 / 800000
generated: 27601 / 800000
generated: 27620 / 800000
generated: 27643 / 800000
generated: 27669 / 800000
generated: 27695 / 800000
generated: 27711 / 800000
generated: 27730 / 800000
generated: 27743 / 800000
generated: 27760 / 800000
generated: 27777 / 800000
generated: 27795 / 800000
generated: 27810 / 800000
generated: 27835 / 800000
generated: 27851 / 800000
generated: 27867 / 800000
generated: 27885 / 800000
generated: 27906 / 800000
generated: 27923 / 800000
generated: 27948 / 800000
generated: 27964 / 800000
generated: 27981 / 800000
generated: 27993 / 800000
generated: 28010 / 800000
generated: 28033 / 800000
generated: 28054 / 800000
generated: 28078 / 800000
generated: 28096 / 800000
generated: 28110 / 800000
generated: 28132 / 800000
generated: 28157 / 800000
generated: 28175 / 800000
generated: 28198 / 800000
generated: 28217 / 800000
generated: 28232 / 800000
generated: 28254 / 800000
generated: 28271 / 800000
generated: 28295 / 800000
generated: 28305 / 800000
generated: 28319 / 800000
generated: 28333 / 800000
generated: 28348 / 800000
generated: 28363 / 800000
generated: 28375 / 800000
generated: 28397 / 800000
generated: 28415 / 800000
generated: 28442 / 800000
generated: 28457 / 800000
generated: 28474 / 800000
generated: 28494 / 800000
generated: 28510 / 800000
generated: 28523 / 800000
generated: 28544 / 800000
generated: 28559 / 800000
generated: 28566 / 800000
generated: 28584 / 800000
generated: 28598 / 800000
generated: 28612 / 800000
generated: 28629 / 800000
generated: 28650 / 800000
generated: 28671 / 800000
generated: 28688 / 800000
generated: 28711 / 800000
generated: 28726 / 800000
generated: 28743 / 800000
generated: 28757 / 800000
generated: 28773 / 800000
generated: 28789 / 800000
generated: 28804 / 800000
generated: 28825 / 800000
generated: 28837 / 800000
generated: 28853 / 800000
generated: 28876 / 800000
generated: 28895 / 800000
generated: 28919 / 800000
generated: 28935 / 800000
generated: 28954 / 800000
generated: 28971 / 800000
generated: 28983 / 800000
generated: 28999 / 800000
generated: 29023 / 800000
generated: 29038 / 800000
generated: 29055 / 800000
generated: 29072 / 800000
generated: 29092 / 800000
generated: 29109 / 800000
generated: 29120 / 800000
generated: 29131 / 800000
generated: 29151 / 800000
generated: 29167 / 800000
generated: 29188 / 800000
generated: 29200 / 800000
generated: 29215 / 800000
generated: 29233 / 800000
generated: 29250 / 800000
generated: 29262 / 800000
generated: 29277 / 800000
generated: 29295 / 800000
generated: 29320 / 800000
generated: 29342 / 800000
generated: 29357 / 800000
generated: 29369 / 800000
generated: 29383 / 800000
generated: 29397 / 800000
generated: 29412 / 800000
generated: 29432 / 800000
generated: 29453 / 800000
generated: 29470 / 800000
generated: 29494 / 800000
generated: 29510 / 800000
generated: 29526 / 800000
generated: 29541 / 800000
generated: 29559 / 800000
generated: 29574 / 800000
generated: 29595 / 800000
generated: 29613 / 800000
generated: 29632 / 800000
generated: 29649 / 800000
generated: 29668 / 800000
generated: 29684 / 800000
generated: 29700 / 800000
generated: 29719 / 800000
generated: 29741 / 800000
generated: 29758 / 800000
generated: 29777 / 800000
generated: 29793 / 800000
generated: 29811 / 800000
generated: 29826 / 800000
generated: 29841 / 800000
generated: 29862 / 800000
generated: 29883 / 800000
generated: 29902 / 800000
generated: 29925 / 800000
generated: 29942 / 800000
generated: 29963 / 800000
generated: 29974 / 800000
generated: 29994 / 800000
generated: 30008 / 800000
generated: 30027 / 800000
generated: 30046 / 800000
generated: 30063 / 800000
generated: 30084 / 800000
generated: 30104 / 800000
generated: 30118 / 800000
generated: 30140 / 800000
generated: 30158 / 800000
generated: 30179 / 800000
generated: 30199 / 800000
generated: 30220 / 800000
generated: 30236 / 800000
generated: 30253 / 800000
generated: 30269 / 800000
generated: 30288 / 800000
generated: 30311 / 800000
generated: 30329 / 800000
generated: 30351 / 800000
generated: 30371 / 800000
generated: 30395 / 800000
generated: 30409 / 800000
generated: 30426 / 800000
generated: 30448 / 800000
generated: 30462 / 800000
generated: 30479 / 800000
generated: 30493 / 800000
generated: 30507 / 800000
generated: 30524 / 800000
generated: 30541 / 800000
generated: 30560 / 800000
generated: 30578 / 800000
generated: 30594 / 800000
generated: 30615 / 800000
generated: 30641 / 800000
generated: 30660 / 800000
generated: 30679 / 800000
generated: 30705 / 800000
generated: 30730 / 800000
generated: 30747 / 800000
generated: 30774 / 800000
generated: 30801 / 800000
generated: 30818 / 800000
generated: 30837 / 800000
generated: 30857 / 800000
generated: 30871 / 800000
generated: 30878 / 800000
generated: 30896 / 800000
generated: 30914 / 800000
generated: 30940 / 800000
generated: 30956 / 800000
generated: 30972 / 800000
generated: 30993 / 800000
generated: 31015 / 800000
generated: 31039 / 800000
generated: 31055 / 800000
generated: 31069 / 800000
generated: 31089 / 800000
generated: 31114 / 800000
generated: 31134 / 800000
generated: 31149 / 800000
generated: 31166 / 800000
generated: 31182 / 800000
generated: 31198 / 800000
generated: 31222 / 800000
generated: 31239 / 800000
generated: 31257 / 800000
generated: 31278 / 800000
generated: 31294 / 800000
generated: 31314 / 800000
generated: 31328 / 800000
generated: 31345 / 800000
generated: 31363 / 800000
generated: 31371 / 800000
generated: 31395 / 800000
generated: 31406 / 800000
generated: 31417 / 800000
generated: 31435 / 800000
generated: 31454 / 800000
generated: 31468 / 800000
generated: 31485 / 800000
generated: 31508 / 800000
generated: 31521 / 800000
generated: 31541 / 800000
generated: 31551 / 800000
generated: 31570 / 800000
generated: 31599 / 800000
generated: 31612 / 800000
generated: 31630 / 800000
generated: 31640 / 800000
generated: 31655 / 800000
generated: 31671 / 800000
generated: 31687 / 800000
generated: 31703 / 800000
generated: 31717 / 800000
generated: 31737 / 800000
generated: 31756 / 800000
generated: 31773 / 800000
generated: 31789 / 800000
generated: 31810 / 800000
generated: 31829 / 800000
generated: 31845 / 800000
generated: 31866 / 800000
generated: 31879 / 800000
generated: 31900 / 800000
generated: 31920 / 800000
generated: 31936 / 800000
generated: 31951 / 800000
generated: 31966 / 800000
generated: 31987 / 800000
generated: 32010 / 800000
generated: 32021 / 800000
generated: 32045 / 800000
generated: 32066 / 800000
generated: 32084 / 800000
generated: 32099 / 800000
generated: 32113 / 800000
generated: 32126 / 800000
generated: 32144 / 800000
generated: 32155 / 800000
generated: 32178 / 800000
generated: 32199 / 800000
generated: 32216 / 800000
generated: 32235 / 800000
generated: 32245 / 800000
generated: 32265 / 800000
generated: 32287 / 800000
generated: 32305 / 800000
generated: 32326 / 800000
generated: 32340 / 800000
generated: 32348 / 800000
generated: 32363 / 800000
generated: 32378 / 800000
generated: 32394 / 800000
generated: 32412 / 800000
generated: 32434 / 800000
generated: 32450 / 800000
generated: 32466 / 800000
generated: 32481 / 800000
generated: 32490 / 800000
generated: 32510 / 800000
generated: 32521 / 800000
generated: 32541 / 800000
generated: 32549 / 800000
generated: 32573 / 800000
generated: 32590 / 800000
generated: 32606 / 800000
generated: 32624 / 800000
generated: 32644 / 800000
generated: 32663 / 800000
generated: 32679 / 800000
generated: 32691 / 800000
generated: 32708 / 800000
generated: 32719 / 800000
generated: 32741 / 800000
generated: 32755 / 800000
generated: 32775 / 800000
generated: 32795 / 800000
generated: 32818 / 800000
generated: 32846 / 800000
generated: 32869 / 800000
generated: 32886 / 800000
generated: 32905 / 800000
generated: 32928 / 800000
generated: 32949 / 800000
generated: 32963 / 800000
generated: 32992 / 800000
generated: 33011 / 800000
generated: 33030 / 800000
generated: 33058 / 800000
generated: 33079 / 800000
generated: 33096 / 800000
generated: 33115 / 800000
generated: 33130 / 800000
generated: 33150 / 800000
generated: 33176 / 800000
generated: 33191 / 800000
generated: 33210 / 800000
generated: 33229 / 800000
generated: 33246 / 800000
generated: 33259 / 800000
generated: 33277 / 800000
generated: 33297 / 800000
generated: 33322 / 800000
generated: 33343 / 800000
generated: 33359 / 800000
generated: 33368 / 800000
generated: 33383 / 800000
generated: 33400 / 800000
generated: 33423 / 800000
generated: 33440 / 800000
generated: 33455 / 800000
generated: 33474 / 800000
generated: 33496 / 800000
generated: 33515 / 800000
generated: 33533 / 800000
generated: 33549 / 800000
generated: 33570 / 800000
generated: 33588 / 800000
generated: 33604 / 800000
generated: 33616 / 800000
generated: 33630 / 800000
generated: 33645 / 800000
generated: 33662 / 800000
generated: 33679 / 800000
generated: 33694 / 800000
generated: 33704 / 800000
generated: 33721 / 800000
generated: 33736 / 800000
generated: 33760 / 800000
generated: 33778 / 800000
generated: 33799 / 800000
generated: 33816 / 800000
generated: 33834 / 800000
generated: 33850 / 800000
generated: 33874 / 800000
generated: 33891 / 800000
generated: 33904 / 800000
generated: 33925 / 800000
generated: 33942 / 800000
generated: 33960 / 800000
generated: 33980 / 800000
generated: 33992 / 800000
generated: 34018 / 800000
generated: 34031 / 800000
generated: 34047 / 800000
generated: 34066 / 800000
generated: 34084 / 800000
generated: 34108 / 800000
generated: 34127 / 800000
generated: 34146 / 800000
generated: 34164 / 800000
generated: 34186 / 800000
generated: 34207 / 800000
generated: 34220 / 800000
generated: 34238 / 800000
generated: 34253 / 800000
generated: 34274 / 800000
generated: 34298 / 800000
generated: 34324 / 800000
generated: 34343 / 800000
generated: 34364 / 800000
generated: 34376 / 800000
generated: 34389 / 800000
generated: 34410 / 800000
generated: 34428 / 800000
generated: 34443 / 800000
generated: 34461 / 800000
generated: 34478 / 800000
generated: 34498 / 800000
generated: 34521 / 800000
generated: 34540 / 800000
generated: 34565 / 800000
generated: 34586 / 800000
generated: 34614 / 800000
generated: 34633 / 800000
generated: 34649 / 800000
generated: 34669 / 800000
generated: 34684 / 800000
generated: 34703 / 800000
generated: 34714 / 800000
generated: 34733 / 800000
generated: 34757 / 800000
generated: 34776 / 800000
generated: 34796 / 800000
generated: 34812 / 800000
generated: 34829 / 800000
generated: 34850 / 800000
generated: 34862 / 800000
generated: 34881 / 800000
generated: 34901 / 800000
generated: 34917 / 800000
generated: 34938 / 800000
generated: 34964 / 800000
generated: 34984 / 800000
generated: 35007 / 800000
generated: 35024 / 800000
generated: 35034 / 800000
generated: 35061 / 800000
generated: 35078 / 800000
generated: 35094 / 800000
generated: 35103 / 800000
generated: 35121 / 800000
generated: 35137 / 800000
generated: 35160 / 800000
generated: 35181 / 800000
generated: 35193 / 800000
generated: 35206 / 800000
generated: 35220 / 800000
generated: 35235 / 800000
generated: 35261 / 800000
generated: 35279 / 800000
generated: 35302 / 800000
generated: 35314 / 800000
generated: 35332 / 800000
generated: 35346 / 800000
generated: 35369 / 800000
generated: 35385 / 800000
generated: 35405 / 800000
generated: 35418 / 800000
generated: 35434 / 800000
generated: 35451 / 800000
generated: 35465 / 800000
generated: 35479 / 800000
generated: 35495 / 800000
generated: 35514 / 800000
generated: 35529 / 800000
generated: 35555 / 800000
generated: 35569 / 800000
generated: 35589 / 800000
generated: 35609 / 800000
generated: 35623 / 800000
generated: 35648 / 800000
generated: 35670 / 800000
generated: 35687 / 800000
generated: 35708 / 800000
generated: 35725 / 800000
generated: 35751 / 800000
generated: 35770 / 800000
generated: 35786 / 800000
generated: 35808 / 800000
generated: 35828 / 800000
generated: 35849 / 800000
generated: 35870 / 800000
generated: 35890 / 800000
generated: 35910 / 800000
generated: 35922 / 800000
generated: 35941 / 800000
generated: 35955 / 800000
generated: 35970 / 800000
generated: 35987 / 800000
generated: 36003 / 800000
generated: 36019 / 800000
generated: 36031 / 800000
generated: 36046 / 800000
generated: 36059 / 800000
generated: 36081 / 800000
generated: 36097 / 800000
generated: 36113 / 800000
generated: 36128 / 800000
generated: 36145 / 800000
generated: 36162 / 800000
generated: 36173 / 800000
generated: 36194 / 800000
generated: 36211 / 800000
generated: 36221 / 800000
generated: 36242 / 800000
generated: 36259 / 800000
generated: 36273 / 800000
generated: 36294 / 800000
generated: 36311 / 800000
generated: 36330 / 800000
generated: 36348 / 800000
generated: 36375 / 800000
generated: 36401 / 800000
generated: 36413 / 800000
generated: 36427 / 800000
generated: 36443 / 800000
generated: 36459 / 800000
generated: 36480 / 800000
generated: 36493 / 800000
generated: 36510 / 800000
generated: 36532 / 800000
generated: 36546 / 800000
generated: 36566 / 800000
generated: 36582 / 800000
generated: 36597 / 800000
generated: 36618 / 800000
generated: 36632 / 800000
generated: 36653 / 800000
generated: 36669 / 800000
generated: 36698 / 800000
generated: 36713 / 800000
generated: 36738 / 800000
generated: 36754 / 800000
generated: 36774 / 800000
generated: 36789 / 800000
generated: 36800 / 800000
generated: 36816 / 800000
generated: 36841 / 800000
generated: 36861 / 800000
generated: 36882 / 800000
generated: 36902 / 800000
generated: 36920 / 800000
generated: 36941 / 800000
generated: 36963 / 800000
generated: 36986 / 800000
generated: 37007 / 800000
generated: 37030 / 800000
generated: 37054 / 800000
generated: 37077 / 800000
generated: 37094 / 800000
generated: 37115 / 800000
generated: 37132 / 800000
generated: 37156 / 800000
generated: 37174 / 800000
generated: 37185 / 800000
generated: 37205 / 800000
generated: 37230 / 800000
generated: 37244 / 800000
generated: 37259 / 800000
generated: 37279 / 800000
generated: 37300 / 800000
generated: 37316 / 800000
generated: 37336 / 800000
generated: 37355 / 800000
generated: 37370 / 800000
generated: 37382 / 800000
generated: 37399 / 800000
generated: 37412 / 800000
generated: 37425 / 800000
generated: 37440 / 800000
generated: 37458 / 800000
generated: 37474 / 800000
generated: 37489 / 800000
generated: 37511 / 800000
generated: 37528 / 800000
generated: 37546 / 800000
generated: 37571 / 800000
generated: 37588 / 800000
generated: 37605 / 800000
generated: 37623 / 800000
generated: 37641 / 800000
generated: 37655 / 800000
generated: 37678 / 800000
generated: 37693 / 800000
generated: 37711 / 800000
generated: 37722 / 800000
generated: 37744 / 800000
generated: 37777 / 800000
generated: 37792 / 800000
generated: 37807 / 800000
generated: 37822 / 800000
generated: 37840 / 800000
generated: 37858 / 800000
generated: 37878 / 800000
generated: 37891 / 800000
generated: 37905 / 800000
generated: 37928 / 800000
generated: 37942 / 800000
generated: 37967 / 800000
generated: 37987 / 800000
generated: 38009 / 800000
generated: 38017 / 800000
generated: 38048 / 800000
generated: 38070 / 800000
generated: 38093 / 800000
generated: 38104 / 800000
generated: 38128 / 800000
generated: 38148 / 800000
generated: 38170 / 800000
generated: 38182 / 800000
generated: 38204 / 800000
generated: 38219 / 800000
generated: 38236 / 800000
generated: 38253 / 800000
generated: 38269 / 800000
generated: 38288 / 800000
generated: 38305 / 800000
generated: 38320 / 800000
generated: 38351 / 800000
generated: 38369 / 800000
generated: 38392 / 800000
generated: 38413 / 800000
generated: 38424 / 800000
generated: 38442 / 800000
generated: 38460 / 800000
generated: 38477 / 800000
generated: 38495 / 800000
generated: 38511 / 800000
generated: 38525 / 800000
generated: 38542 / 800000
generated: 38563 / 800000
generated: 38582 / 800000
generated: 38591 / 800000
generated: 38610 / 800000
generated: 38637 / 800000
generated: 38664 / 800000
generated: 38678 / 800000
generated: 38693 / 800000
generated: 38715 / 800000
generated: 38728 / 800000
generated: 38750 / 800000
generated: 38767 / 800000
generated: 38787 / 800000
generated: 38802 / 800000
generated: 38820 / 800000
generated: 38842 / 800000
generated: 38857 / 800000
generated: 38870 / 800000
generated: 38885 / 800000
generated: 38904 / 800000
generated: 38919 / 800000
generated: 38948 / 800000
generated: 38958 / 800000
generated: 38974 / 800000
generated: 38994 / 800000
generated: 39020 / 800000
generated: 39044 / 800000
generated: 39055 / 800000
generated: 39076 / 800000
generated: 39096 / 800000
generated: 39110 / 800000
generated: 39129 / 800000
generated: 39158 / 800000
generated: 39177 / 800000
generated: 39196 / 800000
generated: 39222 / 800000
generated: 39232 / 800000
generated: 39260 / 800000
generated: 39283 / 800000
generated: 39303 / 800000
generated: 39319 / 800000
generated: 39332 / 800000
generated: 39350 / 800000
generated: 39381 / 800000
generated: 39399 / 800000
generated: 39416 / 800000
generated: 39431 / 800000
generated: 39450 / 800000
generated: 39468 / 800000
generated: 39484 / 800000
generated: 39501 / 800000
generated: 39524 / 800000
generated: 39538 / 800000
generated: 39555 / 800000
generated: 39572 / 800000
generated: 39581 / 800000
generated: 39599 / 800000
generated: 39615 / 800000
generated: 39629 / 800000
generated: 39652 / 800000
generated: 39670 / 800000
generated: 39687 / 800000
generated: 39708 / 800000
generated: 39726 / 800000
generated: 39740 / 800000
generated: 39756 / 800000
generated: 39776 / 800000
generated: 39797 / 800000
generated: 39806 / 800000
generated: 39821 / 800000
generated: 39837 / 800000
generated: 39859 / 800000
generated: 39876 / 800000
generated: 39891 / 800000
generated: 39905 / 800000
generated: 39921 / 800000
generated: 39934 / 800000
generated: 39955 / 800000
generated: 39977 / 800000
generated: 39986 / 800000
generated: 40003 / 800000
generated: 40017 / 800000
generated: 40034 / 800000
generated: 40056 / 800000
generated: 40071 / 800000
generated: 40085 / 800000
generated: 40107 / 800000
generated: 40119 / 800000
generated: 40140 / 800000
generated: 40152 / 800000
generated: 40176 / 800000
generated: 40190 / 800000
generated: 40204 / 800000
generated: 40228 / 800000
generated: 40242 / 800000
generated: 40261 / 800000
generated: 40282 / 800000
generated: 40294 / 800000
generated: 40304 / 800000
generated: 40319 / 800000
generated: 40335 / 800000
generated: 40357 / 800000
generated: 40380 / 800000
generated: 40403 / 800000
generated: 40418 / 800000
generated: 40441 / 800000
generated: 40463 / 800000
generated: 40487 / 800000
generated: 40504 / 800000
generated: 40523 / 800000
generated: 40546 / 800000
generated: 40567 / 800000
generated: 40589 / 800000
generated: 40607 / 800000
generated: 40626 / 800000
generated: 40645 / 800000
generated: 40660 / 800000
generated: 40681 / 800000
generated: 40703 / 800000
generated: 40721 / 800000
generated: 40750 / 800000
generated: 40767 / 800000
generated: 40789 / 800000
generated: 40807 / 800000
generated: 40829 / 800000
generated: 40852 / 800000
generated: 40865 / 800000
generated: 40885 / 800000
generated: 40903 / 800000
generated: 40912 / 800000
generated: 40933 / 800000
generated: 40951 / 800000
generated: 40965 / 800000
generated: 40978 / 800000
generated: 40996 / 800000
generated: 41018 / 800000
generated: 41033 / 800000
generated: 41045 / 800000
generated: 41064 / 800000
generated: 41080 / 800000
generated: 41095 / 800000
generated: 41113 / 800000
generated: 41131 / 800000
generated: 41146 / 800000
generated: 41164 / 800000
generated: 41187 / 800000
generated: 41204 / 800000
generated: 41223 / 800000
generated: 41243 / 800000
generated: 41265 / 800000
generated: 41283 / 800000
generated: 41297 / 800000
generated: 41312 / 800000
generated: 41331 / 800000
generated: 41351 / 800000
generated: 41368 / 800000
generated: 41394 / 800000
generated: 41406 / 800000
generated: 41427 / 800000
generated: 41447 / 800000
generated: 41471 / 800000
generated: 41491 / 800000
generated: 41510 / 800000
generated: 41530 / 800000
generated: 41556 / 800000
generated: 41576 / 800000
generated: 41588 / 800000
generated: 41602 / 800000
generated: 41622 / 800000
generated: 41641 / 800000
generated: 41658 / 800000
generated: 41676 / 800000
generated: 41696 / 800000
generated: 41712 / 800000
generated: 41733 / 800000
generated: 41751 / 800000
generated: 41764 / 800000
generated: 41776 / 800000
generated: 41800 / 800000
generated: 41817 / 800000
generated: 41834 / 800000
generated: 41860 / 800000
generated: 41873 / 800000
generated: 41891 / 800000
generated: 41914 / 800000
generated: 41932 / 800000
generated: 41959 / 800000
generated: 41979 / 800000
generated: 41997 / 800000
generated: 42017 / 800000
generated: 42034 / 800000
generated: 42047 / 800000
generated: 42067 / 800000
generated: 42090 / 800000
generated: 42112 / 800000
generated: 42132 / 800000
generated: 42152 / 800000
generated: 42169 / 800000
generated: 42191 / 800000
generated: 42204 / 800000
generated: 42220 / 800000
generated: 42233 / 800000
generated: 42248 / 800000
generated: 42266 / 800000
generated: 42298 / 800000
generated: 42310 / 800000
generated: 42325 / 800000
generated: 42342 / 800000
generated: 42357 / 800000
generated: 42377 / 800000
generated: 42393 / 800000
generated: 42407 / 800000
generated: 42423 / 800000
generated: 42439 / 800000
generated: 42459 / 800000
generated: 42475 / 800000
generated: 42488 / 800000
generated: 42509 / 800000
generated: 42522 / 800000
generated: 42536 / 800000
generated: 42557 / 800000
generated: 42569 / 800000
generated: 42592 / 800000
generated: 42599 / 800000
generated: 42615 / 800000
generated: 42639 / 800000
generated: 42656 / 800000
generated: 42669 / 800000
generated: 42678 / 800000
generated: 42696 / 800000
generated: 42710 / 800000
generated: 42729 / 800000
generated: 42741 / 800000
generated: 42758 / 800000
generated: 42772 / 800000
generated: 42787 / 800000
generated: 42810 / 800000
generated: 42826 / 800000
generated: 42840 / 800000
generated: 42857 / 800000
generated: 42877 / 800000
generated: 42891 / 800000
generated: 42903 / 800000
generated: 42924 / 800000
generated: 42934 / 800000
generated: 42951 / 800000
generated: 42974 / 800000
generated: 43001 / 800000
generated: 43016 / 800000
generated: 43039 / 800000
generated: 43058 / 800000
generated: 43069 / 800000
generated: 43090 / 800000
generated: 43114 / 800000
generated: 43136 / 800000
generated: 43154 / 800000
generated: 43165 / 800000
generated: 43180 / 800000
generated: 43191 / 800000
generated: 43204 / 800000
generated: 43225 / 800000
generated: 43244 / 800000
generated: 43263 / 800000
generated: 43282 / 800000
generated: 43300 / 800000
generated: 43320 / 800000
generated: 43343 / 800000
generated: 43359 / 800000
generated: 43379 / 800000
generated: 43395 / 800000
generated: 43418 / 800000
generated: 43439 / 800000
generated: 43465 / 800000
generated: 43491 / 800000
generated: 43507 / 800000
generated: 43527 / 800000
generated: 43543 / 800000
generated: 43566 / 800000
generated: 43579 / 800000
generated: 43588 / 800000
generated: 43610 / 800000
generated: 43635 / 800000
generated: 43658 / 800000
generated: 43675 / 800000
generated: 43699 / 800000
generated: 43714 / 800000
generated: 43728 / 800000
generated: 43753 / 800000
generated: 43775 / 800000
generated: 43792 / 800000
generated: 43809 / 800000
generated: 43826 / 800000
generated: 43852 / 800000
generated: 43876 / 800000
generated: 43895 / 800000
generated: 43920 / 800000
generated: 43940 / 800000
generated: 43955 / 800000
generated: 43967 / 800000
generated: 43989 / 800000
generated: 44003 / 800000
generated: 44015 / 800000
generated: 44035 / 800000
generated: 44059 / 800000
generated: 44076 / 800000
generated: 44096 / 800000
generated: 44123 / 800000
generated: 44144 / 800000
generated: 44162 / 800000
generated: 44180 / 800000
generated: 44187 / 800000
generated: 44203 / 800000
generated: 44216 / 800000
generated: 44237 / 800000
generated: 44254 / 800000
generated: 44265 / 800000
generated: 44285 / 800000
generated: 44305 / 800000
generated: 44311 / 800000
generated: 44328 / 800000
generated: 44345 / 800000
generated: 44367 / 800000
generated: 44388 / 800000
generated: 44401 / 800000
generated: 44417 / 800000
generated: 44438 / 800000
generated: 44457 / 800000
generated: 44468 / 800000
generated: 44488 / 800000
generated: 44506 / 800000
generated: 44529 / 800000
generated: 44550 / 800000
generated: 44566 / 800000
generated: 44578 / 800000
generated: 44599 / 800000
generated: 44619 / 800000
generated: 44643 / 800000
generated: 44656 / 800000
generated: 44670 / 800000
generated: 44685 / 800000
generated: 44698 / 800000
generated: 44715 / 800000
generated: 44722 / 800000
generated: 44741 / 800000
generated: 44750 / 800000
generated: 44766 / 800000
generated: 44783 / 800000
generated: 44798 / 800000
generated: 44818 / 800000
generated: 44838 / 800000
generated: 44862 / 800000
generated: 44883 / 800000
generated: 44894 / 800000
generated: 44918 / 800000
generated: 44937 / 800000
generated: 44949 / 800000
generated: 44966 / 800000
generated: 44982 / 800000
generated: 44998 / 800000
generated: 45013 / 800000
generated: 45030 / 800000
generated: 45047 / 800000
generated: 45069 / 800000
generated: 45082 / 800000
generated: 45104 / 800000
generated: 45123 / 800000
generated: 45139 / 800000
generated: 45159 / 800000
generated: 45174 / 800000
generated: 45194 / 800000
generated: 45206 / 800000
generated: 45224 / 800000
generated: 45243 / 800000
generated: 45268 / 800000
generated: 45288 / 800000
generated: 45307 / 800000
generated: 45321 / 800000
generated: 45342 / 800000
generated: 45361 / 800000
generated: 45377 / 800000
generated: 45395 / 800000
generated: 45412 / 800000
generated: 45428 / 800000
generated: 45435 / 800000
generated: 45455 / 800000
generated: 45472 / 800000
generated: 45482 / 800000
generated: 45501 / 800000
generated: 45517 / 800000
generated: 45532 / 800000
generated: 45551 / 800000
generated: 45567 / 800000
generated: 45582 / 800000
generated: 45595 / 800000
generated: 45615 / 800000
generated: 45634 / 800000
generated: 45654 / 800000
generated: 45670 / 800000
generated: 45688 / 800000
generated: 45704 / 800000
generated: 45726 / 800000
generated: 45750 / 800000
generated: 45762 / 800000
generated: 45781 / 800000
generated: 45795 / 800000
generated: 45815 / 800000
generated: 45831 / 800000
generated: 45845 / 800000
generated: 45859 / 800000
generated: 45875 / 800000
generated: 45891 / 800000
generated: 45910 / 800000
generated: 45923 / 800000
generated: 45943 / 800000
generated: 45952 / 800000
generated: 45963 / 800000
generated: 45978 / 800000
generated: 45999 / 800000
generated: 46014 / 800000
generated: 46029 / 800000
generated: 46041 / 800000
generated: 46053 / 800000
generated: 46068 / 800000
generated: 46090 / 800000
generated: 46107 / 800000
generated: 46126 / 800000
generated: 46140 / 800000
generated: 46156 / 800000
generated: 46183 / 800000
generated: 46199 / 800000
generated: 46213 / 800000
generated: 46234 / 800000
generated: 46247 / 800000
generated: 46274 / 800000
generated: 46295 / 800000
generated: 46318 / 800000
generated: 46331 / 800000
generated: 46352 / 800000
generated: 46371 / 800000
generated: 46380 / 800000
generated: 46392 / 800000
generated: 46412 / 800000
generated: 46423 / 800000
generated: 46448 / 800000
generated: 46465 / 800000
generated: 46482 / 800000
generated: 46500 / 800000
generated: 46515 / 800000
generated: 46533 / 800000
generated: 46546 / 800000
generated: 46562 / 800000
generated: 46581 / 800000
generated: 46598 / 800000
generated: 46618 / 800000
generated: 46638 / 800000
generated: 46658 / 800000
generated: 46675 / 800000
generated: 46689 / 800000
generated: 46707 / 800000
generated: 46729 / 800000
generated: 46753 / 800000
generated: 46775 / 800000
generated: 46795 / 800000
generated: 46806 / 800000
generated: 46827 / 800000
generated: 46849 / 800000
generated: 46874 / 800000
generated: 46895 / 800000
generated: 46914 / 800000
generated: 46933 / 800000
generated: 46949 / 800000
generated: 46963 / 800000
generated: 46978 / 800000
generated: 46995 / 800000
generated: 47018 / 800000
generated: 47037 / 800000
generated: 47060 / 800000
generated: 47086 / 800000
generated: 47113 / 800000
generated: 47137 / 800000
generated: 47157 / 800000
generated: 47167 / 800000
generated: 47180 / 800000
generated: 47197 / 800000
generated: 47218 / 800000
generated: 47231 / 800000
generated: 47244 / 800000
generated: 47262 / 800000
generated: 47283 / 800000
generated: 47307 / 800000
generated: 47332 / 800000
generated: 47345 / 800000
generated: 47369 / 800000
generated: 47388 / 800000
generated: 47405 / 800000
generated: 47423 / 800000
generated: 47440 / 800000
generated: 47457 / 800000
generated: 47483 / 800000
generated: 47508 / 800000
generated: 47523 / 800000
generated: 47541 / 800000
generated: 47556 / 800000
generated: 47579 / 800000
generated: 47600 / 800000
generated: 47615 / 800000
generated: 47638 / 800000
generated: 47651 / 800000
generated: 47670 / 800000
generated: 47692 / 800000
generated: 47717 / 800000
generated: 47734 / 800000
generated: 47744 / 800000
generated: 47762 / 800000
generated: 47778 / 800000
generated: 47795 / 800000
generated: 47817 / 800000
generated: 47830 / 800000
generated: 47848 / 800000
generated: 47861 / 800000
generated: 47877 / 800000
generated: 47892 / 800000
generated: 47905 / 800000
generated: 47929 / 800000
generated: 47946 / 800000
generated: 47971 / 800000
generated: 47983 / 800000
generated: 48003 / 800000
generated: 48021 / 800000
generated: 48038 / 800000
generated: 48056 / 800000
generated: 48074 / 800000
generated: 48091 / 800000
generated: 48104 / 800000
generated: 48125 / 800000
generated: 48147 / 800000
generated: 48166 / 800000
generated: 48183 / 800000
generated: 48199 / 800000
generated: 48216 / 800000
generated: 48238 / 800000
generated: 48256 / 800000
generated: 48277 / 800000
generated: 48291 / 800000
generated: 48315 / 800000
generated: 48331 / 800000
generated: 48347 / 800000
generated: 48364 / 800000
generated: 48379 / 800000
generated: 48394 / 800000
generated: 48420 / 800000
generated: 48436 / 800000
generated: 48449 / 800000
generated: 48462 / 800000
generated: 48482 / 800000
generated: 48506 / 800000
generated: 48525 / 800000
generated: 48551 / 800000
generated: 48569 / 800000
generated: 48584 / 800000
generated: 48600 / 800000
generated: 48619 / 800000
generated: 48630 / 800000
generated: 48645 / 800000
generated: 48664 / 800000
generated: 48686 / 800000
generated: 48703 / 800000
generated: 48712 / 800000
generated: 48726 / 800000
generated: 48752 / 800000
generated: 48771 / 800000
generated: 48788 / 800000
generated: 48810 / 800000
generated: 48821 / 800000
generated: 48841 / 800000
generated: 48854 / 800000
generated: 48869 / 800000
generated: 48886 / 800000
generated: 48900 / 800000
generated: 48913 / 800000
generated: 48931 / 800000
generated: 48945 / 800000
generated: 48962 / 800000
generated: 48974 / 800000
generated: 48992 / 800000
generated: 49014 / 800000
generated: 49034 / 800000
generated: 49056 / 800000
generated: 49073 / 800000
generated: 49088 / 800000
generated: 49104 / 800000
generated: 49123 / 800000
generated: 49142 / 800000
generated: 49162 / 800000
generated: 49175 / 800000
generated: 49190 / 800000
generated: 49218 / 800000
generated: 49238 / 800000
generated: 49256 / 800000
generated: 49279 / 800000
generated: 49302 / 800000
generated: 49310 / 800000
generated: 49328 / 800000
generated: 49351 / 800000
generated: 49374 / 800000
generated: 49387 / 800000
generated: 49404 / 800000
generated: 49425 / 800000
generated: 49447 / 800000
generated: 49470 / 800000
generated: 49490 / 800000
generated: 49506 / 800000
generated: 49517 / 800000
generated: 49537 / 800000
generated: 49547 / 800000
generated: 49559 / 800000
generated: 49575 / 800000
generated: 49596 / 800000
generated: 49617 / 800000
generated: 49627 / 800000
generated: 49652 / 800000
generated: 49666 / 800000
generated: 49688 / 800000
generated: 49711 / 800000
generated: 49738 / 800000
generated: 49757 / 800000
generated: 49782 / 800000
generated: 49794 / 800000
generated: 49811 / 800000
generated: 49825 / 800000
generated: 49839 / 800000
generated: 49857 / 800000
generated: 49869 / 800000
generated: 49886 / 800000
generated: 49903 / 800000
generated: 49928 / 800000
generated: 49946 / 800000
generated: 49969 / 800000
generated: 49989 / 800000
generated: 50005 / 800000
generated: 50021 / 800000
generated: 50042 / 800000
generated: 50060 / 800000
generated: 50076 / 800000
generated: 50091 / 800000
generated: 50111 / 800000
generated: 50129 / 800000
generated: 50143 / 800000
generated: 50159 / 800000
generated: 50176 / 800000
generated: 50198 / 800000
generated: 50223 / 800000
generated: 50247 / 800000
generated: 50259 / 800000
generated: 50272 / 800000
generated: 50296 / 800000
generated: 50317 / 800000
generated: 50335 / 800000
generated: 50350 / 800000
generated: 50362 / 800000
generated: 50378 / 800000
generated: 50396 / 800000
generated: 50411 / 800000
generated: 50435 / 800000
generated: 50456 / 800000
generated: 50464 / 800000
generated: 50481 / 800000
generated: 50494 / 800000
generated: 50508 / 800000
generated: 50528 / 800000
generated: 50547 / 800000
generated: 50575 / 800000
generated: 50589 / 800000
generated: 50607 / 800000
generated: 50625 / 800000
generated: 50647 / 800000
generated: 50662 / 800000
generated: 50688 / 800000
generated: 50702 / 800000
generated: 50724 / 800000
generated: 50747 / 800000
generated: 50769 / 800000
generated: 50788 / 800000
generated: 50805 / 800000
generated: 50817 / 800000
generated: 50836 / 800000
generated: 50860 / 800000
generated: 50875 / 800000
generated: 50887 / 800000
generated: 50904 / 800000
generated: 50930 / 800000
generated: 50943 / 800000
generated: 50955 / 800000
generated: 50970 / 800000
generated: 50983 / 800000
generated: 51011 / 800000
generated: 51025 / 800000
generated: 51039 / 800000
generated: 51052 / 800000
generated: 51074 / 800000
generated: 51092 / 800000
generated: 51109 / 800000
generated: 51123 / 800000
generated: 51132 / 800000
generated: 51155 / 800000
generated: 51172 / 800000
generated: 51190 / 800000
generated: 51206 / 800000
generated: 51221 / 800000
generated: 51232 / 800000
generated: 51256 / 800000
generated: 51283 / 800000
generated: 51302 / 800000
generated: 51321 / 800000
generated: 51340 / 800000
generated: 51359 / 800000
generated: 51382 / 800000
generated: 51407 / 800000
generated: 51425 / 800000
generated: 51450 / 800000
generated: 51465 / 800000
generated: 51482 / 800000
generated: 51494 / 800000
generated: 51510 / 800000
generated: 51523 / 800000
generated: 51545 / 800000
generated: 51559 / 800000
generated: 51576 / 800000
generated: 51596 / 800000
generated: 51609 / 800000
generated: 51621 / 800000
generated: 51648 / 800000
generated: 51663 / 800000
generated: 51689 / 800000
generated: 51707 / 800000
generated: 51724 / 800000
generated: 51743 / 800000
generated: 51762 / 800000
generated: 51779 / 800000
generated: 51795 / 800000
generated: 51811 / 800000
generated: 51830 / 800000
generated: 51844 / 800000
generated: 51864 / 800000
generated: 51883 / 800000
generated: 51899 / 800000
generated: 51912 / 800000
generated: 51929 / 800000
generated: 51954 / 800000
generated: 51969 / 800000
generated: 51988 / 800000
generated: 52008 / 800000
generated: 52024 / 800000
generated: 52041 / 800000
generated: 52056 / 800000
generated: 52074 / 800000
generated: 52094 / 800000
generated: 52106 / 800000
generated: 52131 / 800000
generated: 52140 / 800000
generated: 52159 / 800000
generated: 52177 / 800000
generated: 52196 / 800000
generated: 52212 / 800000
generated: 52228 / 800000
generated: 52246 / 800000
generated: 52256 / 800000
generated: 52266 / 800000
generated: 52282 / 800000
generated: 52296 / 800000
generated: 52313 / 800000
generated: 52330 / 800000
generated: 52356 / 800000
generated: 52370 / 800000
generated: 52385 / 800000
generated: 52398 / 800000
generated: 52417 / 800000
generated: 52429 / 800000
generated: 52452 / 800000
generated: 52472 / 800000
generated: 52488 / 800000
generated: 52510 / 800000
generated: 52532 / 800000
generated: 52543 / 800000
generated: 52563 / 800000
generated: 52580 / 800000
generated: 52595 / 800000
generated: 52613 / 800000
generated: 52635 / 800000
generated: 52654 / 800000
generated: 52674 / 800000
generated: 52689 / 800000
generated: 52698 / 800000
generated: 52717 / 800000
generated: 52741 / 800000
generated: 52762 / 800000
generated: 52785 / 800000
generated: 52804 / 800000
generated: 52817 / 800000
generated: 52837 / 800000
generated: 52855 / 800000
generated: 52864 / 800000
generated: 52885 / 800000
generated: 52899 / 800000
generated: 52914 / 800000
generated: 52934 / 800000
generated: 52955 / 800000
generated: 52974 / 800000
generated: 52992 / 800000
generated: 53011 / 800000
generated: 53035 / 800000
generated: 53057 / 800000
generated: 53071 / 800000
generated: 53086 / 800000
generated: 53105 / 800000
generated: 53123 / 800000
generated: 53138 / 800000
generated: 53155 / 800000
generated: 53174 / 800000
generated: 53193 / 800000
generated: 53213 / 800000
generated: 53224 / 800000
generated: 53238 / 800000
generated: 53259 / 800000
generated: 53277 / 800000
generated: 53290 / 800000
generated: 53308 / 800000
generated: 53328 / 800000
generated: 53347 / 800000
generated: 53361 / 800000
generated: 53378 / 800000
generated: 53396 / 800000
generated: 53412 / 800000
generated: 53425 / 800000
generated: 53446 / 800000
generated: 53463 / 800000
generated: 53479 / 800000
generated: 53500 / 800000
generated: 53519 / 800000
generated: 53541 / 800000
generated: 53553 / 800000
generated: 53575 / 800000
generated: 53596 / 800000
generated: 53615 / 800000
generated: 53630 / 800000
generated: 53646 / 800000
generated: 53666 / 800000
generated: 53681 / 800000
generated: 53699 / 800000
generated: 53719 / 800000
generated: 53731 / 800000
generated: 53751 / 800000
generated: 53764 / 800000
generated: 53780 / 800000
generated: 53804 / 800000
generated: 53828 / 800000
generated: 53845 / 800000
generated: 53868 / 800000
generated: 53888 / 800000
generated: 53898 / 800000
generated: 53917 / 800000
generated: 53927 / 800000
generated: 53942 / 800000
generated: 53957 / 800000
generated: 53972 / 800000
generated: 53991 / 800000
generated: 54012 / 800000
generated: 54026 / 800000
generated: 54039 / 800000
generated: 54055 / 800000
generated: 54070 / 800000
generated: 54087 / 800000
generated: 54106 / 800000
generated: 54125 / 800000
generated: 54140 / 800000
generated: 54158 / 800000
generated: 54174 / 800000
generated: 54184 / 800000
generated: 54202 / 800000
generated: 54238 / 800000
generated: 54262 / 800000
generated: 54278 / 800000
generated: 54299 / 800000
generated: 54314 / 800000
generated: 54335 / 800000
generated: 54354 / 800000
generated: 54376 / 800000
generated: 54392 / 800000
generated: 54404 / 800000
generated: 54416 / 800000
generated: 54435 / 800000
generated: 54444 / 800000
generated: 54468 / 800000
generated: 54487 / 800000
generated: 54502 / 800000
generated: 54517 / 800000
generated: 54534 / 800000
generated: 54549 / 800000
generated: 54566 / 800000
generated: 54577 / 800000
generated: 54598 / 800000
generated: 54612 / 800000
generated: 54631 / 800000
generated: 54646 / 800000
generated: 54660 / 800000
generated: 54677 / 800000
generated: 54693 / 800000
generated: 54715 / 800000
generated: 54729 / 800000
generated: 54748 / 800000
generated: 54767 / 800000
generated: 54783 / 800000
generated: 54800 / 800000
generated: 54817 / 800000
generated: 54844 / 800000
generated: 54862 / 800000
generated: 54880 / 800000
generated: 54897 / 800000
generated: 54913 / 800000
generated: 54929 / 800000
generated: 54950 / 800000
generated: 54964 / 800000
generated: 54983 / 800000
generated: 54997 / 800000
generated: 55015 / 800000
generated: 55032 / 800000
generated: 55049 / 800000
generated: 55067 / 800000
generated: 55079 / 800000
generated: 55098 / 800000
generated: 55120 / 800000
generated: 55132 / 800000
generated: 55139 / 800000
generated: 55164 / 800000
generated: 55181 / 800000
generated: 55198 / 800000
generated: 55228 / 800000
generated: 55245 / 800000
generated: 55266 / 800000
generated: 55278 / 800000
generated: 55294 / 800000
generated: 55316 / 800000
generated: 55330 / 800000
generated: 55348 / 800000
generated: 55357 / 800000
generated: 55375 / 800000
generated: 55394 / 800000
generated: 55406 / 800000
generated: 55426 / 800000
generated: 55439 / 800000
generated: 55457 / 800000
generated: 55469 / 800000
generated: 55478 / 800000
generated: 55490 / 800000
generated: 55502 / 800000
generated: 55511 / 800000
generated: 55526 / 800000
generated: 55541 / 800000
generated: 55560 / 800000
generated: 55584 / 800000
generated: 55599 / 800000
generated: 55613 / 800000
generated: 55634 / 800000
generated: 55648 / 800000
generated: 55659 / 800000
generated: 55679 / 800000
generated: 55702 / 800000
generated: 55714 / 800000
generated: 55725 / 800000
generated: 55741 / 800000
generated: 55761 / 800000
generated: 55779 / 800000
generated: 55793 / 800000
generated: 55811 / 800000
generated: 55823 / 800000
generated: 55842 / 800000
generated: 55869 / 800000
generated: 55891 / 800000
generated: 55917 / 800000
generated: 55930 / 800000
generated: 55944 / 800000
generated: 55953 / 800000
generated: 55966 / 800000
generated: 55977 / 800000
generated: 55998 / 800000
generated: 56021 / 800000
generated: 56039 / 800000
generated: 56064 / 800000
generated: 56077 / 800000
generated: 56099 / 800000
generated: 56124 / 800000
generated: 56144 / 800000
generated: 56170 / 800000
generated: 56196 / 800000
generated: 56214 / 800000
generated: 56229 / 800000
generated: 56240 / 800000
generated: 56263 / 800000
generated: 56271 / 800000
generated: 56279 / 800000
generated: 56298 / 800000
generated: 56314 / 800000
generated: 56330 / 800000
generated: 56355 / 800000
generated: 56376 / 800000
generated: 56397 / 800000
generated: 56418 / 800000
generated: 56426 / 800000
generated: 56442 / 800000
generated: 56462 / 800000
generated: 56481 / 800000
generated: 56505 / 800000
generated: 56522 / 800000
generated: 56540 / 800000
generated: 56557 / 800000
generated: 56569 / 800000
generated: 56588 / 800000
generated: 56600 / 800000
generated: 56619 / 800000
generated: 56634 / 800000
generated: 56653 / 800000
generated: 56670 / 800000
generated: 56690 / 800000
generated: 56703 / 800000
generated: 56738 / 800000
generated: 56760 / 800000
generated: 56773 / 800000
generated: 56790 / 800000
generated: 56804 / 800000
generated: 56821 / 800000
generated: 56835 / 800000
generated: 56849 / 800000
generated: 56860 / 800000
generated: 56876 / 800000
generated: 56888 / 800000
generated: 56903 / 800000
generated: 56922 / 800000
generated: 56933 / 800000
generated: 56952 / 800000
generated: 56966 / 800000
generated: 56979 / 800000
generated: 57000 / 800000
generated: 57014 / 800000
generated: 57032 / 800000
generated: 57057 / 800000
generated: 57084 / 800000
generated: 57106 / 800000
generated: 57126 / 800000
generated: 57136 / 800000
generated: 57154 / 800000
generated: 57170 / 800000
generated: 57192 / 800000
generated: 57212 / 800000
generated: 57228 / 800000
generated: 57245 / 800000
generated: 57267 / 800000
generated: 57284 / 800000
generated: 57299 / 800000
generated: 57323 / 800000
generated: 57341 / 800000
generated: 57360 / 800000
generated: 57380 / 800000
generated: 57398 / 800000
generated: 57422 / 800000
generated: 57434 / 800000
generated: 57454 / 800000
generated: 57465 / 800000
generated: 57479 / 800000
generated: 57494 / 800000
generated: 57510 / 800000
generated: 57527 / 800000
generated: 57542 / 800000
generated: 57561 / 800000
generated: 57576 / 800000
generated: 57586 / 800000
generated: 57614 / 800000
generated: 57634 / 800000
generated: 57646 / 800000
generated: 57663 / 800000
generated: 57681 / 800000
generated: 57700 / 800000
generated: 57718 / 800000
generated: 57734 / 800000
generated: 57756 / 800000
generated: 57774 / 800000
generated: 57793 / 800000
generated: 57812 / 800000
generated: 57840 / 800000
generated: 57857 / 800000
generated: 57873 / 800000
generated: 57886 / 800000
generated: 57905 / 800000
generated: 57923 / 800000
generated: 57939 / 800000
generated: 57959 / 800000
generated: 57973 / 800000
generated: 57999 / 800000
generated: 58019 / 800000
generated: 58040 / 800000
generated: 58058 / 800000
generated: 58076 / 800000
generated: 58097 / 800000
generated: 58113 / 800000
generated: 58129 / 800000
generated: 58145 / 800000
generated: 58161 / 800000
generated: 58183 / 800000
generated: 58204 / 800000
generated: 58219 / 800000
generated: 58236 / 800000
generated: 58251 / 800000
generated: 58269 / 800000
generated: 58286 / 800000
generated: 58300 / 800000
generated: 58322 / 800000
generated: 58342 / 800000
generated: 58357 / 800000
generated: 58371 / 800000
generated: 58385 / 800000
generated: 58398 / 800000
generated: 58411 / 800000
generated: 58428 / 800000
generated: 58444 / 800000
generated: 58469 / 800000
generated: 58486 / 800000
generated: 58505 / 800000
generated: 58528 / 800000
generated: 58547 / 800000
generated: 58561 / 800000
generated: 58575 / 800000
generated: 58597 / 800000
generated: 58615 / 800000
generated: 58638 / 800000
generated: 58653 / 800000
generated: 58676 / 800000
generated: 58690 / 800000
generated: 58706 / 800000
generated: 58722 / 800000
generated: 58736 / 800000
generated: 58757 / 800000
generated: 58775 / 800000
generated: 58797 / 800000
generated: 58815 / 800000
generated: 58833 / 800000
generated: 58853 / 800000
generated: 58865 / 800000
generated: 58880 / 800000
generated: 58894 / 800000
generated: 58915 / 800000
generated: 58937 / 800000
generated: 58955 / 800000
generated: 58972 / 800000
generated: 58992 / 800000
generated: 59007 / 800000
generated: 59023 / 800000
generated: 59046 / 800000
generated: 59064 / 800000
generated: 59081 / 800000
generated: 59104 / 800000
generated: 59127 / 800000
generated: 59142 / 800000
generated: 59161 / 800000
generated: 59179 / 800000
generated: 59201 / 800000
generated: 59212 / 800000
generated: 59228 / 800000
generated: 59249 / 800000
generated: 59263 / 800000
generated: 59283 / 800000
generated: 59301 / 800000
generated: 59316 / 800000
generated: 59332 / 800000
generated: 59351 / 800000
generated: 59376 / 800000
generated: 59399 / 800000
generated: 59423 / 800000
generated: 59440 / 800000
generated: 59452 / 800000
generated: 59473 / 800000
generated: 59483 / 800000
generated: 59501 / 800000
generated: 59518 / 800000
generated: 59537 / 800000
generated: 59548 / 800000
generated: 59565 / 800000
generated: 59576 / 800000
generated: 59592 / 800000
generated: 59604 / 800000
generated: 59619 / 800000
generated: 59631 / 800000
generated: 59647 / 800000
generated: 59665 / 800000
generated: 59692 / 800000
generated: 59716 / 800000
generated: 59730 / 800000
generated: 59746 / 800000
generated: 59764 / 800000
generated: 59778 / 800000
generated: 59798 / 800000
generated: 59814 / 800000
generated: 59828 / 800000
generated: 59842 / 800000
generated: 59858 / 800000
generated: 59877 / 800000
generated: 59894 / 800000
generated: 59918 / 800000
generated: 59932 / 800000
generated: 59946 / 800000
generated: 59972 / 800000
generated: 60001 / 800000
generated: 60017 / 800000
generated: 60030 / 800000
generated: 60041 / 800000
generated: 60059 / 800000
generated: 60080 / 800000
generated: 60098 / 800000
generated: 60116 / 800000
generated: 60145 / 800000
generated: 60167 / 800000
generated: 60190 / 800000
generated: 60210 / 800000
generated: 60230 / 800000
generated: 60249 / 800000
generated: 60270 / 800000
generated: 60290 / 800000
generated: 60305 / 800000
generated: 60323 / 800000
generated: 60341 / 800000
generated: 60370 / 800000
generated: 60396 / 800000
generated: 60410 / 800000
generated: 60426 / 800000
generated: 60437 / 800000
generated: 60459 / 800000
generated: 60479 / 800000
generated: 60492 / 800000
generated: 60503 / 800000
generated: 60517 / 800000
generated: 60539 / 800000
generated: 60558 / 800000
generated: 60569 / 800000
generated: 60583 / 800000
generated: 60606 / 800000
generated: 60621 / 800000
generated: 60635 / 800000
generated: 60656 / 800000
generated: 60681 / 800000
generated: 60701 / 800000
generated: 60723 / 800000
generated: 60744 / 800000
generated: 60758 / 800000
generated: 60771 / 800000
generated: 60790 / 800000
generated: 60806 / 800000
generated: 60833 / 800000
generated: 60846 / 800000
generated: 60869 / 800000
generated: 60892 / 800000
generated: 60912 / 800000
generated: 60935 / 800000
generated: 60953 / 800000
generated: 60969 / 800000
generated: 60980 / 800000
generated: 61005 / 800000
generated: 61021 / 800000
generated: 61035 / 800000
generated: 61049 / 800000
generated: 61070 / 800000
generated: 61086 / 800000
generated: 61106 / 800000
generated: 61126 / 800000
generated: 61147 / 800000
generated: 61162 / 800000
generated: 61179 / 800000
generated: 61204 / 800000
generated: 61218 / 800000
generated: 61239 / 800000
generated: 61252 / 800000
generated: 61272 / 800000
generated: 61288 / 800000
generated: 61303 / 800000
generated: 61322 / 800000
generated: 61346 / 800000
generated: 61361 / 800000
generated: 61373 / 800000
generated: 61398 / 800000
generated: 61410 / 800000
generated: 61428 / 800000
generated: 61445 / 800000
generated: 61466 / 800000
generated: 61484 / 800000
generated: 61503 / 800000
generated: 61519 / 800000
generated: 61537 / 800000
generated: 61556 / 800000
generated: 61579 / 800000
generated: 61596 / 800000
generated: 61612 / 800000
generated: 61626 / 800000
generated: 61640 / 800000
generated: 61653 / 800000
generated: 61671 / 800000
generated: 61683 / 800000
generated: 61697 / 800000
generated: 61720 / 800000
generated: 61743 / 800000
generated: 61759 / 800000
generated: 61775 / 800000
generated: 61796 / 800000
generated: 61813 / 800000
generated: 61824 / 800000
generated: 61844 / 800000
generated: 61862 / 800000
generated: 61877 / 800000
generated: 61895 / 800000
generated: 61913 / 800000
generated: 61929 / 800000
generated: 61948 / 800000
generated: 61962 / 800000
generated: 61983 / 800000
generated: 62001 / 800000
generated: 62017 / 800000
generated: 62030 / 800000
generated: 62043 / 800000
generated: 62061 / 800000
generated: 62073 / 800000
generated: 62091 / 800000
generated: 62108 / 800000
generated: 62121 / 800000
generated: 62134 / 800000
generated: 62153 / 800000
generated: 62176 / 800000
generated: 62199 / 800000
generated: 62213 / 800000
generated: 62229 / 800000
generated: 62242 / 800000
generated: 62259 / 800000
generated: 62279 / 800000
generated: 62294 / 800000
generated: 62317 / 800000
generated: 62336 / 800000
generated: 62348 / 800000
generated: 62370 / 800000
generated: 62383 / 800000
generated: 62402 / 800000
generated: 62417 / 800000
generated: 62432 / 800000
generated: 62449 / 800000
generated: 62470 / 800000
generated: 62484 / 800000
generated: 62508 / 800000
generated: 62527 / 800000
generated: 62544 / 800000
generated: 62568 / 800000
generated: 62586 / 800000
generated: 62601 / 800000
generated: 62621 / 800000
generated: 62637 / 800000
generated: 62661 / 800000
generated: 62688 / 800000
generated: 62709 / 800000
generated: 62728 / 800000
generated: 62746 / 800000
generated: 62770 / 800000
generated: 62787 / 800000
generated: 62806 / 800000
generated: 62829 / 800000
generated: 62854 / 800000
generated: 62866 / 800000
generated: 62885 / 800000
generated: 62902 / 800000
generated: 62921 / 800000
generated: 62943 / 800000
generated: 62963 / 800000
generated: 62986 / 800000
generated: 63002 / 800000
generated: 63020 / 800000
generated: 63033 / 800000
generated: 63050 / 800000
generated: 63065 / 800000
generated: 63085 / 800000
generated: 63105 / 800000
generated: 63124 / 800000
generated: 63144 / 800000
generated: 63171 / 800000
generated: 63192 / 800000
generated: 63213 / 800000
generated: 63232 / 800000
generated: 63248 / 800000
generated: 63265 / 800000
generated: 63286 / 800000
generated: 63308 / 800000
generated: 63329 / 800000
generated: 63353 / 800000
generated: 63367 / 800000
generated: 63385 / 800000
generated: 63407 / 800000
generated: 63431 / 800000
generated: 63447 / 800000
generated: 63465 / 800000
generated: 63487 / 800000
generated: 63501 / 800000
generated: 63518 / 800000
generated: 63537 / 800000
generated: 63558 / 800000
generated: 63576 / 800000
generated: 63596 / 800000
generated: 63611 / 800000
generated: 63622 / 800000
generated: 63636 / 800000
generated: 63651 / 800000
generated: 63674 / 800000
generated: 63688 / 800000
generated: 63709 / 800000
generated: 63723 / 800000
generated: 63748 / 800000
generated: 63763 / 800000
generated: 63777 / 800000
generated: 63789 / 800000
generated: 63807 / 800000
generated: 63832 / 800000
generated: 63847 / 800000
generated: 63866 / 800000
generated: 63885 / 800000
generated: 63902 / 800000
generated: 63918 / 800000
generated: 63934 / 800000
generated: 63954 / 800000
generated: 63980 / 800000
generated: 64000 / 800000
generated: 64014 / 800000
generated: 64039 / 800000
generated: 64060 / 800000
generated: 64079 / 800000
generated: 64093 / 800000
generated: 64110 / 800000
generated: 64133 / 800000
generated: 64156 / 800000
generated: 64179 / 800000
generated: 64202 / 800000
generated: 64223 / 800000
generated: 64242 / 800000
generated: 64262 / 800000
generated: 64287 / 800000
generated: 64308 / 800000
generated: 64327 / 800000
generated: 64348 / 800000
generated: 64360 / 800000
generated: 64376 / 800000
generated: 64398 / 800000
generated: 64414 / 800000
generated: 64437 / 800000
generated: 64451 / 800000
generated: 64474 / 800000
generated: 64488 / 800000
generated: 64507 / 800000
generated: 64525 / 800000
generated: 64543 / 800000
generated: 64566 / 800000
generated: 64583 / 800000
generated: 64607 / 800000
generated: 64618 / 800000
generated: 64631 / 800000
generated: 64649 / 800000
generated: 64666 / 800000
generated: 64688 / 800000
generated: 64711 / 800000
generated: 64735 / 800000
generated: 64751 / 800000
generated: 64770 / 800000
generated: 64784 / 800000
generated: 64802 / 800000
generated: 64823 / 800000
generated: 64851 / 800000
generated: 64864 / 800000
generated: 64883 / 800000
generated: 64903 / 800000
generated: 64919 / 800000
generated: 64936 / 800000
generated: 64954 / 800000
generated: 64966 / 800000
generated: 64981 / 800000
generated: 64999 / 800000
generated: 65016 / 800000
generated: 65029 / 800000
generated: 65045 / 800000
generated: 65053 / 800000
generated: 65067 / 800000
generated: 65083 / 800000
generated: 65099 / 800000
generated: 65113 / 800000
generated: 65130 / 800000
generated: 65144 / 800000
generated: 65163 / 800000
generated: 65179 / 800000
generated: 65201 / 800000
generated: 65222 / 800000
generated: 65237 / 800000
generated: 65254 / 800000
generated: 65270 / 800000
generated: 65288 / 800000
generated: 65313 / 800000
generated: 65330 / 800000
generated: 65346 / 800000
generated: 65365 / 800000
generated: 65385 / 800000
generated: 65412 / 800000
generated: 65436 / 800000
generated: 65451 / 800000
generated: 65465 / 800000
generated: 65477 / 800000
generated: 65498 / 800000
generated: 65515 / 800000
generated: 65533 / 800000
generated: 65548 / 800000
generated: 65556 / 800000
generated: 65582 / 800000
generated: 65604 / 800000
generated: 65623 / 800000
generated: 65651 / 800000
generated: 65667 / 800000
generated: 65683 / 800000
generated: 65707 / 800000
generated: 65730 / 800000
generated: 65741 / 800000
generated: 65761 / 800000
generated: 65778 / 800000
generated: 65805 / 800000
generated: 65829 / 800000
generated: 65851 / 800000
generated: 65879 / 800000
generated: 65902 / 800000
generated: 65919 / 800000
generated: 65934 / 800000
generated: 65953 / 800000
generated: 65973 / 800000
generated: 65987 / 800000
generated: 66001 / 800000
generated: 66016 / 800000
generated: 66039 / 800000
generated: 66059 / 800000
generated: 66072 / 800000
generated: 66089 / 800000
generated: 66103 / 800000
generated: 66120 / 800000
generated: 66135 / 800000
generated: 66151 / 800000
generated: 66167 / 800000
generated: 66185 / 800000
generated: 66199 / 800000
generated: 66219 / 800000
generated: 66240 / 800000
generated: 66265 / 800000
generated: 66287 / 800000
generated: 66298 / 800000
generated: 66321 / 800000
generated: 66336 / 800000
generated: 66354 / 800000
generated: 66371 / 800000
generated: 66385 / 800000
generated: 66402 / 800000
generated: 66420 / 800000
generated: 66443 / 800000
generated: 66457 / 800000
generated: 66469 / 800000
generated: 66486 / 800000
generated: 66504 / 800000
generated: 66519 / 800000
generated: 66538 / 800000
generated: 66556 / 800000
generated: 66572 / 800000
generated: 66588 / 800000
generated: 66608 / 800000
generated: 66619 / 800000
generated: 66636 / 800000
generated: 66655 / 800000
generated: 66674 / 800000
generated: 66693 / 800000
generated: 66706 / 800000
generated: 66721 / 800000
generated: 66741 / 800000
generated: 66755 / 800000
generated: 66770 / 800000
generated: 66791 / 800000
generated: 66803 / 800000
generated: 66816 / 800000
generated: 66832 / 800000
generated: 66853 / 800000
generated: 66874 / 800000
generated: 66895 / 800000
generated: 66912 / 800000
generated: 66926 / 800000
generated: 66941 / 800000
generated: 66955 / 800000
generated: 66968 / 800000
generated: 66985 / 800000
generated: 67004 / 800000
generated: 67018 / 800000
generated: 67036 / 800000
generated: 67056 / 800000
generated: 67077 / 800000
generated: 67093 / 800000
generated: 67118 / 800000
generated: 67134 / 800000
generated: 67157 / 800000
generated: 67170 / 800000
generated: 67195 / 800000
generated: 67211 / 800000
generated: 67224 / 800000
generated: 67242 / 800000
generated: 67253 / 800000
generated: 67270 / 800000
generated: 67287 / 800000
generated: 67312 / 800000
generated: 67328 / 800000
generated: 67346 / 800000
generated: 67366 / 800000
generated: 67379 / 800000
generated: 67392 / 800000
generated: 67413 / 800000
generated: 67424 / 800000
generated: 67445 / 800000
generated: 67459 / 800000
generated: 67480 / 800000
generated: 67505 / 800000
generated: 67534 / 800000
generated: 67551 / 800000
generated: 67566 / 800000
generated: 67582 / 800000
generated: 67600 / 800000
generated: 67621 / 800000
generated: 67636 / 800000
generated: 67649 / 800000
generated: 67660 / 800000
generated: 67679 / 800000
generated: 67694 / 800000
generated: 67722 / 800000
generated: 67737 / 800000
generated: 67749 / 800000
generated: 67768 / 800000
generated: 67787 / 800000
generated: 67805 / 800000
generated: 67822 / 800000
generated: 67842 / 800000
generated: 67863 / 800000
generated: 67880 / 800000
generated: 67900 / 800000
generated: 67915 / 800000
generated: 67929 / 800000
generated: 67952 / 800000
generated: 67967 / 800000
generated: 67983 / 800000
generated: 68001 / 800000
generated: 68022 / 800000
generated: 68040 / 800000
generated: 68060 / 800000
generated: 68084 / 800000
generated: 68102 / 800000
generated: 68119 / 800000
generated: 68132 / 800000
generated: 68154 / 800000
generated: 68165 / 800000
generated: 68176 / 800000
generated: 68192 / 800000
generated: 68213 / 800000
generated: 68223 / 800000
generated: 68233 / 800000
generated: 68243 / 800000
generated: 68265 / 800000
generated: 68281 / 800000
generated: 68298 / 800000
generated: 68319 / 800000
generated: 68340 / 800000
generated: 68362 / 800000
generated: 68382 / 800000
generated: 68401 / 800000
generated: 68418 / 800000
generated: 68443 / 800000
generated: 68457 / 800000
generated: 68472 / 800000
generated: 68486 / 800000
generated: 68507 / 800000
generated: 68527 / 800000
generated: 68550 / 800000
generated: 68571 / 800000
generated: 68582 / 800000
generated: 68605 / 800000
generated: 68621 / 800000
generated: 68630 / 800000
generated: 68646 / 800000
generated: 68666 / 800000
generated: 68682 / 800000
generated: 68707 / 800000
generated: 68721 / 800000
generated: 68739 / 800000
generated: 68754 / 800000
generated: 68770 / 800000
generated: 68794 / 800000
generated: 68812 / 800000
generated: 68829 / 800000
generated: 68855 / 800000
generated: 68876 / 800000
generated: 68897 / 800000
generated: 68918 / 800000
generated: 68932 / 800000
generated: 68950 / 800000
generated: 68964 / 800000
generated: 68983 / 800000
generated: 69002 / 800000
generated: 69017 / 800000
generated: 69042 / 800000
generated: 69052 / 800000
generated: 69065 / 800000
generated: 69076 / 800000
generated: 69093 / 800000
generated: 69112 / 800000
generated: 69126 / 800000
generated: 69146 / 800000
generated: 69168 / 800000
generated: 69188 / 800000
generated: 69208 / 800000
generated: 69223 / 800000
generated: 69240 / 800000
generated: 69258 / 800000
generated: 69275 / 800000
generated: 69303 / 800000
generated: 69325 / 800000
generated: 69343 / 800000
generated: 69362 / 800000
generated: 69378 / 800000
generated: 69393 / 800000
generated: 69411 / 800000
generated: 69434 / 800000
generated: 69453 / 800000
generated: 69467 / 800000
generated: 69485 / 800000
generated: 69507 / 800000
generated: 69524 / 800000
generated: 69540 / 800000
generated: 69557 / 800000
generated: 69571 / 800000
generated: 69589 / 800000
generated: 69607 / 800000
generated: 69622 / 800000
generated: 69645 / 800000
generated: 69664 / 800000
generated: 69678 / 800000
generated: 69691 / 800000
generated: 69702 / 800000
generated: 69721 / 800000
generated: 69734 / 800000
generated: 69753 / 800000
generated: 69780 / 800000
generated: 69800 / 800000
generated: 69816 / 800000
generated: 69829 / 800000
generated: 69837 / 800000
generated: 69854 / 800000
generated: 69872 / 800000
generated: 69888 / 800000
generated: 69914 / 800000
generated: 69929 / 800000
generated: 69957 / 800000
generated: 69979 / 800000
generated: 69996 / 800000
generated: 70015 / 800000
generated: 70029 / 800000
generated: 70045 / 800000
generated: 70067 / 800000
generated: 70095 / 800000
generated: 70113 / 800000
generated: 70130 / 800000
generated: 70146 / 800000
generated: 70170 / 800000
generated: 70195 / 800000
generated: 70213 / 800000
generated: 70231 / 800000
generated: 70250 / 800000
generated: 70277 / 800000
generated: 70297 / 800000
generated: 70311 / 800000
generated: 70325 / 800000
generated: 70344 / 800000
generated: 70359 / 800000
generated: 70376 / 800000
generated: 70385 / 800000
generated: 70400 / 800000
generated: 70410 / 800000
generated: 70424 / 800000
generated: 70445 / 800000
generated: 70463 / 800000
generated: 70481 / 800000
generated: 70500 / 800000
generated: 70513 / 800000
generated: 70530 / 800000
generated: 70548 / 800000
generated: 70562 / 800000
generated: 70578 / 800000
generated: 70592 / 800000
generated: 70601 / 800000
generated: 70621 / 800000
generated: 70641 / 800000
generated: 70663 / 800000
generated: 70676 / 800000
generated: 70704 / 800000
generated: 70721 / 800000
generated: 70733 / 800000
generated: 70749 / 800000
generated: 70766 / 800000
generated: 70774 / 800000
generated: 70789 / 800000
generated: 70807 / 800000
generated: 70829 / 800000
generated: 70842 / 800000
generated: 70860 / 800000
generated: 70878 / 800000
generated: 70893 / 800000
generated: 70910 / 800000
generated: 70927 / 800000
generated: 70943 / 800000
generated: 70958 / 800000
generated: 70980 / 800000
generated: 70996 / 800000
generated: 71012 / 800000
generated: 71031 / 800000
generated: 71053 / 800000
generated: 71070 / 800000
generated: 71090 / 800000
generated: 71104 / 800000
generated: 71124 / 800000
generated: 71138 / 800000
generated: 71155 / 800000
generated: 71171 / 800000
generated: 71185 / 800000
generated: 71203 / 800000
generated: 71220 / 800000
generated: 71232 / 800000
generated: 71245 / 800000
generated: 71261 / 800000
generated: 71284 / 800000
generated: 71297 / 800000
generated: 71317 / 800000
generated: 71345 / 800000
generated: 71364 / 800000
generated: 71382 / 800000
generated: 71393 / 800000
generated: 71412 / 800000
generated: 71439 / 800000
generated: 71456 / 800000
generated: 71477 / 800000
generated: 71494 / 800000
generated: 71507 / 800000
generated: 71530 / 800000
generated: 71547 / 800000
generated: 71563 / 800000
generated: 71582 / 800000
generated: 71596 / 800000
generated: 71610 / 800000
generated: 71633 / 800000
generated: 71647 / 800000
generated: 71661 / 800000
generated: 71679 / 800000
generated: 71698 / 800000
generated: 71716 / 800000
generated: 71737 / 800000
generated: 71752 / 800000
generated: 71769 / 800000
generated: 71784 / 800000
generated: 71799 / 800000
generated: 71816 / 800000
generated: 71826 / 800000
generated: 71844 / 800000
generated: 71865 / 800000
generated: 71885 / 800000
generated: 71901 / 800000
generated: 71919 / 800000
generated: 71938 / 800000
generated: 71956 / 800000
generated: 71974 / 800000
generated: 71991 / 800000
generated: 71996 / 800000
generated: 72020 / 800000
generated: 72039 / 800000
generated: 72060 / 800000
generated: 72075 / 800000
generated: 72088 / 800000
generated: 72113 / 800000
generated: 72132 / 800000
generated: 72152 / 800000
generated: 72171 / 800000
generated: 72187 / 800000
generated: 72208 / 800000
generated: 72227 / 800000
generated: 72240 / 800000
generated: 72262 / 800000
generated: 72284 / 800000
generated: 72306 / 800000
generated: 72331 / 800000
generated: 72350 / 800000
generated: 72374 / 800000
generated: 72389 / 800000
generated: 72409 / 800000
generated: 72434 / 800000
generated: 72458 / 800000
generated: 72470 / 800000
generated: 72486 / 800000
generated: 72506 / 800000
generated: 72531 / 800000
generated: 72549 / 800000
generated: 72571 / 800000
generated: 72588 / 800000
generated: 72611 / 800000
generated: 72622 / 800000
generated: 72642 / 800000
generated: 72660 / 800000
generated: 72681 / 800000
generated: 72701 / 800000
generated: 72719 / 800000
generated: 72736 / 800000
generated: 72760 / 800000
generated: 72770 / 800000
generated: 72787 / 800000
generated: 72807 / 800000
generated: 72825 / 800000
generated: 72842 / 800000
generated: 72853 / 800000
generated: 72878 / 800000
generated: 72899 / 800000
generated: 72914 / 800000
generated: 72932 / 800000
generated: 72950 / 800000
generated: 72971 / 800000
generated: 72990 / 800000
generated: 73007 / 800000
generated: 73020 / 800000
generated: 73035 / 800000
generated: 73060 / 800000
generated: 73077 / 800000
generated: 73096 / 800000
generated: 73110 / 800000
generated: 73130 / 800000
generated: 73143 / 800000
generated: 73161 / 800000
generated: 73189 / 800000
generated: 73217 / 800000
generated: 73238 / 800000
generated: 73251 / 800000
generated: 73277 / 800000
generated: 73296 / 800000
generated: 73320 / 800000
generated: 73338 / 800000
generated: 73356 / 800000
generated: 73373 / 800000
generated: 73387 / 800000
generated: 73411 / 800000
generated: 73430 / 800000
generated: 73455 / 800000
generated: 73474 / 800000
generated: 73490 / 800000
generated: 73507 / 800000
generated: 73528 / 800000
generated: 73545 / 800000
generated: 73567 / 800000
generated: 73582 / 800000
generated: 73602 / 800000
generated: 73618 / 800000
generated: 73649 / 800000
generated: 73670 / 800000
generated: 73686 / 800000
generated: 73706 / 800000
generated: 73726 / 800000
generated: 73746 / 800000
generated: 73769 / 800000
generated: 73790 / 800000
generated: 73805 / 800000
generated: 73823 / 800000
generated: 73834 / 800000
generated: 73848 / 800000
generated: 73860 / 800000
generated: 73872 / 800000
generated: 73892 / 800000
generated: 73912 / 800000
generated: 73929 / 800000
generated: 73942 / 800000
generated: 73959 / 800000
generated: 73981 / 800000
generated: 73995 / 800000
generated: 74016 / 800000
generated: 74033 / 800000
generated: 74055 / 800000
generated: 74077 / 800000
generated: 74108 / 800000
generated: 74129 / 800000
generated: 74150 / 800000
generated: 74160 / 800000
generated: 74172 / 800000
generated: 74189 / 800000
generated: 74205 / 800000
generated: 74217 / 800000
generated: 74233 / 800000
generated: 74253 / 800000
generated: 74269 / 800000
generated: 74291 / 800000
generated: 74310 / 800000
generated: 74323 / 800000
generated: 74343 / 800000
generated: 74369 / 800000
generated: 74386 / 800000
generated: 74404 / 800000
generated: 74423 / 800000
generated: 74440 / 800000
generated: 74463 / 800000
generated: 74479 / 800000
generated: 74502 / 800000
generated: 74523 / 800000
generated: 74544 / 800000
generated: 74562 / 800000
generated: 74583 / 800000
generated: 74602 / 800000
generated: 74622 / 800000
generated: 74644 / 800000
generated: 74666 / 800000
generated: 74698 / 800000
generated: 74716 / 800000
generated: 74733 / 800000
generated: 74753 / 800000
generated: 74771 / 800000
generated: 74788 / 800000
generated: 74803 / 800000
generated: 74820 / 800000
generated: 74842 / 800000
generated: 74867 / 800000
generated: 74885 / 800000
generated: 74896 / 800000
generated: 74920 / 800000
generated: 74938 / 800000
generated: 74960 / 800000
generated: 74975 / 800000
generated: 74992 / 800000
generated: 75012 / 800000
generated: 75034 / 800000
generated: 75049 / 800000
generated: 75067 / 800000
generated: 75090 / 800000
generated: 75101 / 800000
generated: 75118 / 800000
generated: 75139 / 800000
generated: 75150 / 800000
generated: 75166 / 800000
generated: 75176 / 800000
generated: 75197 / 800000
generated: 75217 / 800000
generated: 75239 / 800000
generated: 75256 / 800000
generated: 75273 / 800000
generated: 75286 / 800000
generated: 75303 / 800000
generated: 75314 / 800000
generated: 75334 / 800000
generated: 75351 / 800000
generated: 75373 / 800000
generated: 75384 / 800000
generated: 75401 / 800000
generated: 75425 / 800000
generated: 75442 / 800000
generated: 75461 / 800000
generated: 75485 / 800000
generated: 75501 / 800000
generated: 75515 / 800000
generated: 75525 / 800000
generated: 75542 / 800000
generated: 75561 / 800000
generated: 75583 / 800000
generated: 75619 / 800000
generated: 75630 / 800000
generated: 75644 / 800000
generated: 75661 / 800000
generated: 75677 / 800000
generated: 75693 / 800000
generated: 75718 / 800000
generated: 75733 / 800000
generated: 75756 / 800000
generated: 75769 / 800000
generated: 75786 / 800000
generated: 75805 / 800000
generated: 75823 / 800000
generated: 75838 / 800000
generated: 75861 / 800000
generated: 75876 / 800000
generated: 75898 / 800000
generated: 75906 / 800000
generated: 75916 / 800000
generated: 75936 / 800000
generated: 75951 / 800000
generated: 75970 / 800000
generated: 75980 / 800000
generated: 75996 / 800000
generated: 76012 / 800000
generated: 76032 / 800000
generated: 76051 / 800000
generated: 76070 / 800000
generated: 76090 / 800000
generated: 76112 / 800000
generated: 76138 / 800000
generated: 76151 / 800000
generated: 76163 / 800000
generated: 76174 / 800000
generated: 76188 / 800000
generated: 76200 / 800000
generated: 76213 / 800000
generated: 76230 / 800000
generated: 76249 / 800000
generated: 76264 / 800000
generated: 76277 / 800000
generated: 76299 / 800000
generated: 76317 / 800000
generated: 76337 / 800000
generated: 76354 / 800000
generated: 76366 / 800000
generated: 76385 / 800000
generated: 76400 / 800000
generated: 76421 / 800000
generated: 76436 / 800000
generated: 76454 / 800000
generated: 76465 / 800000
generated: 76476 / 800000
generated: 76492 / 800000
generated: 76506 / 800000
generated: 76525 / 800000
generated: 76546 / 800000
generated: 76565 / 800000
generated: 76582 / 800000
generated: 76602 / 800000
generated: 76625 / 800000
generated: 76639 / 800000
generated: 76659 / 800000
generated: 76675 / 800000
generated: 76697 / 800000
generated: 76716 / 800000
generated: 76736 / 800000
generated: 76761 / 800000
generated: 76780 / 800000
generated: 76800 / 800000
generated: 76817 / 800000
generated: 76836 / 800000
generated: 76852 / 800000
generated: 76873 / 800000
generated: 76884 / 800000
generated: 76904 / 800000
generated: 76926 / 800000
generated: 76946 / 800000
generated: 76961 / 800000
generated: 76981 / 800000
generated: 77002 / 800000
generated: 77019 / 800000
generated: 77046 / 800000
generated: 77066 / 800000
generated: 77087 / 800000
generated: 77110 / 800000
generated: 77127 / 800000
generated: 77140 / 800000
generated: 77162 / 800000
generated: 77176 / 800000
generated: 77186 / 800000
generated: 77202 / 800000
generated: 77214 / 800000
generated: 77236 / 800000
generated: 77260 / 800000
generated: 77281 / 800000
generated: 77301 / 800000
generated: 77314 / 800000
generated: 77333 / 800000
generated: 77350 / 800000
generated: 77369 / 800000
generated: 77384 / 800000
generated: 77399 / 800000
generated: 77418 / 800000
generated: 77440 / 800000
generated: 77457 / 800000
generated: 77472 / 800000
generated: 77486 / 800000
generated: 77500 / 800000
generated: 77517 / 800000
generated: 77533 / 800000
generated: 77551 / 800000
generated: 77571 / 800000
generated: 77591 / 800000
generated: 77603 / 800000
generated: 77622 / 800000
generated: 77637 / 800000
generated: 77657 / 800000
generated: 77680 / 800000
generated: 77695 / 800000
generated: 77716 / 800000
generated: 77735 / 800000
generated: 77749 / 800000
generated: 77769 / 800000
generated: 77786 / 800000
generated: 77797 / 800000
generated: 77810 / 800000
generated: 77823 / 800000
generated: 77840 / 800000
generated: 77859 / 800000
generated: 77871 / 800000
generated: 77883 / 800000
generated: 77901 / 800000
generated: 77917 / 800000
generated: 77935 / 800000
generated: 77957 / 800000
generated: 77969 / 800000
generated: 77984 / 800000
generated: 77993 / 800000
generated: 78010 / 800000
generated: 78033 / 800000
generated: 78047 / 800000
generated: 78069 / 800000
generated: 78081 / 800000
generated: 78102 / 800000
generated: 78121 / 800000
generated: 78137 / 800000
generated: 78150 / 800000
generated: 78165 / 800000
generated: 78178 / 800000
generated: 78200 / 800000
generated: 78215 / 800000
generated: 78227 / 800000
generated: 78248 / 800000
generated: 78263 / 800000
generated: 78273 / 800000
generated: 78295 / 800000
generated: 78312 / 800000
generated: 78334 / 800000
generated: 78351 / 800000
generated: 78380 / 800000
generated: 78404 / 800000
generated: 78426 / 800000
generated: 78439 / 800000
generated: 78454 / 800000
generated: 78468 / 800000
generated: 78484 / 800000
generated: 78505 / 800000
generated: 78522 / 800000
generated: 78536 / 800000
generated: 78556 / 800000
generated: 78569 / 800000
generated: 78584 / 800000
generated: 78596 / 800000
generated: 78614 / 800000
generated: 78630 / 800000
generated: 78643 / 800000
generated: 78655 / 800000
generated: 78667 / 800000
generated: 78687 / 800000
generated: 78706 / 800000
generated: 78724 / 800000
generated: 78748 / 800000
generated: 78772 / 800000
generated: 78788 / 800000
generated: 78804 / 800000
generated: 78823 / 800000
generated: 78836 / 800000
generated: 78855 / 800000
generated: 78871 / 800000
generated: 78890 / 800000
generated: 78907 / 800000
generated: 78924 / 800000
generated: 78943 / 800000
generated: 78963 / 800000
generated: 78974 / 800000
generated: 78992 / 800000
generated: 79010 / 800000
generated: 79027 / 800000
generated: 79050 / 800000
generated: 79070 / 800000
generated: 79096 / 800000
generated: 79114 / 800000
generated: 79132 / 800000
generated: 79152 / 800000
generated: 79168 / 800000
generated: 79178 / 800000
generated: 79193 / 800000
generated: 79212 / 800000
generated: 79235 / 800000
generated: 79251 / 800000
generated: 79276 / 800000
generated: 79290 / 800000
generated: 79303 / 800000
generated: 79323 / 800000
generated: 79342 / 800000
generated: 79362 / 800000
generated: 79378 / 800000
generated: 79392 / 800000
generated: 79410 / 800000
generated: 79430 / 800000
generated: 79445 / 800000
generated: 79458 / 800000
generated: 79474 / 800000
generated: 79494 / 800000
generated: 79517 / 800000
generated: 79541 / 800000
generated: 79559 / 800000
generated: 79582 / 800000
generated: 79603 / 800000
generated: 79624 / 800000
generated: 79641 / 800000
generated: 79657 / 800000
generated: 79678 / 800000
generated: 79699 / 800000
generated: 79720 / 800000
generated: 79737 / 800000
generated: 79757 / 800000
generated: 79770 / 800000
generated: 79788 / 800000
generated: 79802 / 800000
generated: 79822 / 800000
generated: 79837 / 800000
generated: 79849 / 800000
generated: 79868 / 800000
generated: 79897 / 800000
generated: 79918 / 800000
generated: 79928 / 800000
generated: 79944 / 800000
generated: 79963 / 800000
generated: 79978 / 800000
generated: 79997 / 800000
generated: 80014 / 800000
generated: 80031 / 800000
generated: 80049 / 800000
generated: 80058 / 800000
generated: 80068 / 800000
generated: 80093 / 800000
generated: 80114 / 800000
generated: 80129 / 800000
generated: 80149 / 800000
generated: 80166 / 800000
generated: 80179 / 800000
generated: 80196 / 800000
generated: 80208 / 800000
generated: 80230 / 800000
generated: 80246 / 800000
generated: 80260 / 800000
generated: 80278 / 800000
generated: 80294 / 800000
generated: 80312 / 800000
generated: 80327 / 800000
generated: 80343 / 800000
generated: 80361 / 800000
generated: 80380 / 800000
generated: 80400 / 800000
generated: 80420 / 800000
generated: 80445 / 800000
generated: 80465 / 800000
generated: 80479 / 800000
generated: 80500 / 800000
generated: 80521 / 800000
generated: 80543 / 800000
generated: 80559 / 800000
generated: 80576 / 800000
generated: 80596 / 800000
generated: 80621 / 800000
generated: 80641 / 800000
generated: 80657 / 800000
generated: 80673 / 800000
generated: 80694 / 800000
generated: 80717 / 800000
generated: 80739 / 800000
generated: 80758 / 800000
generated: 80773 / 800000
generated: 80788 / 800000
generated: 80800 / 800000
generated: 80812 / 800000
generated: 80836 / 800000
generated: 80849 / 800000
generated: 80865 / 800000
generated: 80882 / 800000
generated: 80897 / 800000
generated: 80920 / 800000
generated: 80937 / 800000
generated: 80961 / 800000
generated: 80983 / 800000
generated: 81004 / 800000
generated: 81016 / 800000
generated: 81031 / 800000
generated: 81048 / 800000
generated: 81067 / 800000
generated: 81084 / 800000
generated: 81099 / 800000
generated: 81118 / 800000
generated: 81137 / 800000
generated: 81153 / 800000
generated: 81173 / 800000
generated: 81192 / 800000
generated: 81211 / 800000
generated: 81232 / 800000
generated: 81258 / 800000
generated: 81276 / 800000
generated: 81293 / 800000
generated: 81311 / 800000
generated: 81327 / 800000
generated: 81350 / 800000
generated: 81374 / 800000
generated: 81394 / 800000
generated: 81408 / 800000
generated: 81422 / 800000
generated: 81440 / 800000
generated: 81460 / 800000
generated: 81480 / 800000
generated: 81494 / 800000
generated: 81505 / 800000
generated: 81522 / 800000
generated: 81541 / 800000
generated: 81557 / 800000
generated: 81580 / 800000
generated: 81598 / 800000
generated: 81615 / 800000
generated: 81632 / 800000
generated: 81646 / 800000
generated: 81664 / 800000
generated: 81682 / 800000
generated: 81699 / 800000
generated: 81720 / 800000
generated: 81744 / 800000
generated: 81757 / 800000
generated: 81768 / 800000
generated: 81786 / 800000
generated: 81805 / 800000
generated: 81825 / 800000
generated: 81836 / 800000
generated: 81859 / 800000
generated: 81875 / 800000
generated: 81893 / 800000
generated: 81915 / 800000
generated: 81934 / 800000
generated: 81951 / 800000
generated: 81978 / 800000
generated: 81994 / 800000
generated: 82012 / 800000
generated: 82029 / 800000
generated: 82041 / 800000
generated: 82056 / 800000
generated: 82076 / 800000
generated: 82088 / 800000
generated: 82110 / 800000
generated: 82136 / 800000
generated: 82157 / 800000
generated: 82176 / 800000
generated: 82198 / 800000
generated: 82214 / 800000
generated: 82227 / 800000
generated: 82242 / 800000
generated: 82267 / 800000
generated: 82281 / 800000
generated: 82302 / 800000
generated: 82326 / 800000
generated: 82348 / 800000
generated: 82369 / 800000
generated: 82386 / 800000
generated: 82411 / 800000
generated: 82424 / 800000
generated: 82442 / 800000
generated: 82459 / 800000
generated: 82474 / 800000
generated: 82489 / 800000
generated: 82511 / 800000
generated: 82527 / 800000
generated: 82552 / 800000
generated: 82577 / 800000
generated: 82597 / 800000
generated: 82614 / 800000
generated: 82638 / 800000
generated: 82655 / 800000
generated: 82663 / 800000
generated: 82687 / 800000
generated: 82708 / 800000
generated: 82730 / 800000
generated: 82745 / 800000
generated: 82764 / 800000
generated: 82776 / 800000
generated: 82795 / 800000
generated: 82822 / 800000
generated: 82840 / 800000
generated: 82856 / 800000
generated: 82877 / 800000
generated: 82899 / 800000
generated: 82928 / 800000
generated: 82948 / 800000
generated: 82959 / 800000
generated: 82986 / 800000
generated: 83003 / 800000
generated: 83015 / 800000
generated: 83029 / 800000
generated: 83047 / 800000
generated: 83071 / 800000
generated: 83089 / 800000
generated: 83105 / 800000
generated: 83127 / 800000
generated: 83156 / 800000
generated: 83176 / 800000
generated: 83194 / 800000
generated: 83212 / 800000
generated: 83229 / 800000
generated: 83246 / 800000
generated: 83263 / 800000
generated: 83283 / 800000
generated: 83302 / 800000
generated: 83316 / 800000
generated: 83332 / 800000
generated: 83352 / 800000
generated: 83368 / 800000
generated: 83380 / 800000
generated: 83391 / 800000
generated: 83410 / 800000
generated: 83423 / 800000
generated: 83438 / 800000
generated: 83457 / 800000
generated: 83478 / 800000
generated: 83500 / 800000
generated: 83516 / 800000
generated: 83533 / 800000
generated: 83550 / 800000
generated: 83560 / 800000
generated: 83570 / 800000
generated: 83595 / 800000
generated: 83610 / 800000
generated: 83626 / 800000
generated: 83643 / 800000
generated: 83658 / 800000
generated: 83679 / 800000
generated: 83697 / 800000
generated: 83717 / 800000
generated: 83736 / 800000
generated: 83754 / 800000
generated: 83774 / 800000
generated: 83791 / 800000
generated: 83805 / 800000
generated: 83821 / 800000
generated: 83840 / 800000
generated: 83851 / 800000
generated: 83872 / 800000
generated: 83893 / 800000
generated: 83910 / 800000
generated: 83927 / 800000
generated: 83951 / 800000
generated: 83971 / 800000
generated: 83988 / 800000
generated: 84002 / 800000
generated: 84018 / 800000
generated: 84037 / 800000
generated: 84052 / 800000
generated: 84069 / 800000
generated: 84093 / 800000
generated: 84121 / 800000
generated: 84138 / 800000
generated: 84154 / 800000
generated: 84172 / 800000
generated: 84185 / 800000
generated: 84201 / 800000
generated: 84215 / 800000
generated: 84235 / 800000
generated: 84251 / 800000
generated: 84269 / 800000
generated: 84282 / 800000
generated: 84301 / 800000
generated: 84322 / 800000
generated: 84340 / 800000
generated: 84354 / 800000
generated: 84373 / 800000
generated: 84392 / 800000
generated: 84411 / 800000
generated: 84429 / 800000
generated: 84442 / 800000
generated: 84458 / 800000
generated: 84480 / 800000
generated: 84491 / 800000
generated: 84514 / 800000
generated: 84537 / 800000
generated: 84552 / 800000
generated: 84569 / 800000
generated: 84582 / 800000
generated: 84597 / 800000
generated: 84615 / 800000
generated: 84633 / 800000
generated: 84656 / 800000
generated: 84675 / 800000
generated: 84694 / 800000
generated: 84713 / 800000
generated: 84739 / 800000
generated: 84752 / 800000
generated: 84767 / 800000
generated: 84785 / 800000
generated: 84802 / 800000
generated: 84823 / 800000
generated: 84837 / 800000
generated: 84858 / 800000
generated: 84871 / 800000
generated: 84884 / 800000
generated: 84899 / 800000
generated: 84917 / 800000
generated: 84934 / 800000
generated: 84957 / 800000
generated: 84976 / 800000
generated: 84997 / 800000
generated: 85012 / 800000
generated: 85027 / 800000
generated: 85056 / 800000
generated: 85071 / 800000
generated: 85100 / 800000
generated: 85125 / 800000
generated: 85140 / 800000
generated: 85156 / 800000
generated: 85179 / 800000
generated: 85195 / 800000
generated: 85213 / 800000
generated: 85230 / 800000
generated: 85246 / 800000
generated: 85274 / 800000
generated: 85287 / 800000
generated: 85300 / 800000
generated: 85310 / 800000
generated: 85325 / 800000
generated: 85339 / 800000
generated: 85348 / 800000
generated: 85366 / 800000
generated: 85382 / 800000
generated: 85402 / 800000
generated: 85422 / 800000
generated: 85443 / 800000
generated: 85462 / 800000
generated: 85487 / 800000
generated: 85503 / 800000
generated: 85519 / 800000
generated: 85537 / 800000
generated: 85557 / 800000
generated: 85571 / 800000
generated: 85593 / 800000
generated: 85613 / 800000
generated: 85634 / 800000
generated: 85658 / 800000
generated: 85675 / 800000
generated: 85695 / 800000
generated: 85716 / 800000
generated: 85727 / 800000
generated: 85749 / 800000
generated: 85765 / 800000
generated: 85778 / 800000
generated: 85790 / 800000
generated: 85805 / 800000
generated: 85817 / 800000
generated: 85836 / 800000
generated: 85847 / 800000
generated: 85867 / 800000
generated: 85881 / 800000
generated: 85898 / 800000
generated: 85928 / 800000
generated: 85942 / 800000
generated: 85964 / 800000
generated: 85989 / 800000
generated: 86011 / 800000
generated: 86033 / 800000
generated: 86052 / 800000
generated: 86070 / 800000
generated: 86085 / 800000
generated: 86098 / 800000
generated: 86118 / 800000
generated: 86136 / 800000
generated: 86158 / 800000
generated: 86179 / 800000
generated: 86196 / 800000
generated: 86212 / 800000
generated: 86224 / 800000
generated: 86235 / 800000
generated: 86250 / 800000
generated: 86276 / 800000
generated: 86295 / 800000
generated: 86314 / 800000
generated: 86334 / 800000
generated: 86362 / 800000
generated: 86381 / 800000
generated: 86398 / 800000
generated: 86423 / 800000
generated: 86446 / 800000
generated: 86467 / 800000
generated: 86486 / 800000
generated: 86498 / 800000
generated: 86512 / 800000
generated: 86533 / 800000
generated: 86544 / 800000
generated: 86566 / 800000
generated: 86587 / 800000
generated: 86604 / 800000
generated: 86618 / 800000
generated: 86632 / 800000
generated: 86656 / 800000
generated: 86676 / 800000
generated: 86694 / 800000
generated: 86709 / 800000
generated: 86722 / 800000
generated: 86739 / 800000
generated: 86756 / 800000
generated: 86769 / 800000
generated: 86790 / 800000
generated: 86806 / 800000
generated: 86821 / 800000
generated: 86837 / 800000
generated: 86852 / 800000
generated: 86875 / 800000
generated: 86894 / 800000
generated: 86909 / 800000
generated: 86932 / 800000
generated: 86955 / 800000
generated: 86974 / 800000
generated: 86988 / 800000
generated: 87005 / 800000
generated: 87021 / 800000
generated: 87038 / 800000
generated: 87061 / 800000
generated: 87072 / 800000
generated: 87090 / 800000
generated: 87115 / 800000
generated: 87126 / 800000
generated: 87141 / 800000
generated: 87153 / 800000
generated: 87170 / 800000
generated: 87185 / 800000
generated: 87196 / 800000
generated: 87218 / 800000
generated: 87236 / 800000
generated: 87252 / 800000
generated: 87271 / 800000
generated: 87285 / 800000
generated: 87301 / 800000
generated: 87314 / 800000
generated: 87335 / 800000
generated: 87351 / 800000
generated: 87367 / 800000
generated: 87385 / 800000
generated: 87407 / 800000
generated: 87424 / 800000
generated: 87443 / 800000
generated: 87465 / 800000
generated: 87478 / 800000
generated: 87492 / 800000
generated: 87507 / 800000
generated: 87524 / 800000
generated: 87545 / 800000
generated: 87565 / 800000
generated: 87589 / 800000
generated: 87602 / 800000
generated: 87623 / 800000
generated: 87640 / 800000
generated: 87655 / 800000
generated: 87674 / 800000
generated: 87697 / 800000
generated: 87713 / 800000
generated: 87743 / 800000
generated: 87755 / 800000
generated: 87777 / 800000
generated: 87800 / 800000
generated: 87817 / 800000
generated: 87831 / 800000
generated: 87850 / 800000
generated: 87875 / 800000
generated: 87895 / 800000
generated: 87912 / 800000
generated: 87929 / 800000
generated: 87945 / 800000
generated: 87959 / 800000
generated: 87982 / 800000
generated: 88000 / 800000
generated: 88023 / 800000
generated: 88040 / 800000
generated: 88054 / 800000
generated: 88067 / 800000
generated: 88094 / 800000
generated: 88113 / 800000
generated: 88133 / 800000
generated: 88143 / 800000
generated: 88155 / 800000
generated: 88171 / 800000
generated: 88188 / 800000
generated: 88200 / 800000
generated: 88215 / 800000
generated: 88233 / 800000
generated: 88247 / 800000
generated: 88268 / 800000
generated: 88278 / 800000
generated: 88293 / 800000
generated: 88316 / 800000
generated: 88343 / 800000
generated: 88362 / 800000
generated: 88389 / 800000
generated: 88405 / 800000
generated: 88420 / 800000
generated: 88442 / 800000
generated: 88459 / 800000
generated: 88471 / 800000
generated: 88492 / 800000
generated: 88504 / 800000
generated: 88523 / 800000
generated: 88538 / 800000
generated: 88562 / 800000
generated: 88579 / 800000
generated: 88602 / 800000
generated: 88621 / 800000
generated: 88634 / 800000
generated: 88654 / 800000
generated: 88679 / 800000
generated: 88695 / 800000
generated: 88715 / 800000
generated: 88724 / 800000
generated: 88746 / 800000
generated: 88757 / 800000
generated: 88770 / 800000
generated: 88783 / 800000
generated: 88808 / 800000
generated: 88825 / 800000
generated: 88845 / 800000
generated: 88861 / 800000
generated: 88878 / 800000
generated: 88899 / 800000
generated: 88919 / 800000
generated: 88936 / 800000
generated: 88963 / 800000
generated: 88985 / 800000
generated: 88999 / 800000
generated: 89019 / 800000
generated: 89039 / 800000
generated: 89055 / 800000
generated: 89066 / 800000
generated: 89077 / 800000
generated: 89104 / 800000
generated: 89120 / 800000
generated: 89141 / 800000
generated: 89156 / 800000
generated: 89168 / 800000
generated: 89179 / 800000
generated: 89194 / 800000
generated: 89211 / 800000
generated: 89224 / 800000
generated: 89244 / 800000
generated: 89268 / 800000
generated: 89286 / 800000
generated: 89302 / 800000
generated: 89318 / 800000
generated: 89341 / 800000
generated: 89353 / 800000
generated: 89371 / 800000
generated: 89391 / 800000
generated: 89404 / 800000
generated: 89417 / 800000
generated: 89427 / 800000
generated: 89440 / 800000
generated: 89455 / 800000
generated: 89471 / 800000
generated: 89491 / 800000
generated: 89510 / 800000
generated: 89537 / 800000
generated: 89556 / 800000
generated: 89576 / 800000
generated: 89598 / 800000
generated: 89611 / 800000
generated: 89632 / 800000
generated: 89645 / 800000
generated: 89666 / 800000
generated: 89682 / 800000
generated: 89709 / 800000
generated: 89734 / 800000
generated: 89746 / 800000
generated: 89765 / 800000
generated: 89784 / 800000
generated: 89799 / 800000
generated: 89822 / 800000
generated: 89841 / 800000
generated: 89855 / 800000
generated: 89874 / 800000
generated: 89895 / 800000
generated: 89916 / 800000
generated: 89931 / 800000
generated: 89951 / 800000
generated: 89970 / 800000
generated: 89988 / 800000
generated: 90004 / 800000
generated: 90021 / 800000
generated: 90036 / 800000
generated: 90051 / 800000
generated: 90075 / 800000
generated: 90090 / 800000
generated: 90116 / 800000
generated: 90136 / 800000
generated: 90155 / 800000
generated: 90172 / 800000
generated: 90202 / 800000
generated: 90225 / 800000
generated: 90239 / 800000
generated: 90260 / 800000
generated: 90272 / 800000
generated: 90287 / 800000
generated: 90299 / 800000
generated: 90327 / 800000
generated: 90338 / 800000
generated: 90360 / 800000
generated: 90371 / 800000
generated: 90395 / 800000
generated: 90406 / 800000
generated: 90426 / 800000
generated: 90438 / 800000
generated: 90459 / 800000
generated: 90472 / 800000
generated: 90481 / 800000
generated: 90507 / 800000
generated: 90523 / 800000
generated: 90539 / 800000
generated: 90555 / 800000
generated: 90573 / 800000
generated: 90600 / 800000
generated: 90614 / 800000
generated: 90628 / 800000
generated: 90643 / 800000
generated: 90662 / 800000
generated: 90679 / 800000
generated: 90693 / 800000
generated: 90716 / 800000
generated: 90727 / 800000
generated: 90747 / 800000
generated: 90761 / 800000
generated: 90776 / 800000
generated: 90793 / 800000
generated: 90809 / 800000
generated: 90837 / 800000
generated: 90856 / 800000
generated: 90879 / 800000
generated: 90903 / 800000
generated: 90918 / 800000
generated: 90940 / 800000
generated: 90960 / 800000
generated: 90972 / 800000
generated: 90988 / 800000
generated: 91007 / 800000
generated: 91026 / 800000
generated: 91042 / 800000
generated: 91055 / 800000
generated: 91076 / 800000
generated: 91089 / 800000
generated: 91102 / 800000
generated: 91122 / 800000
generated: 91137 / 800000
generated: 91153 / 800000
generated: 91171 / 800000
generated: 91197 / 800000
generated: 91210 / 800000
generated: 91223 / 800000
generated: 91248 / 800000
generated: 91268 / 800000
generated: 91282 / 800000
generated: 91294 / 800000
generated: 91316 / 800000
generated: 91336 / 800000
generated: 91356 / 800000
generated: 91374 / 800000
generated: 91388 / 800000
generated: 91405 / 800000
generated: 91416 / 800000
generated: 91435 / 800000
generated: 91449 / 800000
generated: 91466 / 800000
generated: 91486 / 800000
generated: 91506 / 800000
generated: 91528 / 800000
generated: 91543 / 800000
generated: 91560 / 800000
generated: 91580 / 800000
generated: 91605 / 800000
generated: 91627 / 800000
generated: 91647 / 800000
generated: 91666 / 800000
generated: 91684 / 800000
generated: 91706 / 800000
generated: 91724 / 800000
generated: 91739 / 800000
generated: 91756 / 800000
generated: 91773 / 800000
generated: 91790 / 800000
generated: 91807 / 800000
generated: 91823 / 800000
generated: 91836 / 800000
generated: 91863 / 800000
generated: 91882 / 800000
generated: 91901 / 800000
generated: 91924 / 800000
generated: 91947 / 800000
generated: 91969 / 800000
generated: 91989 / 800000
generated: 92013 / 800000
generated: 92024 / 800000
generated: 92049 / 800000
generated: 92060 / 800000
generated: 92081 / 800000
generated: 92105 / 800000
generated: 92122 / 800000
generated: 92142 / 800000
generated: 92165 / 800000
generated: 92185 / 800000
generated: 92198 / 800000
generated: 92218 / 800000
generated: 92244 / 800000
generated: 92256 / 800000
generated: 92274 / 800000
generated: 92289 / 800000
generated: 92302 / 800000
generated: 92318 / 800000
generated: 92336 / 800000
generated: 92350 / 800000
generated: 92367 / 800000
generated: 92385 / 800000
generated: 92401 / 800000
generated: 92416 / 800000
generated: 92440 / 800000
generated: 92460 / 800000
generated: 92472 / 800000
generated: 92488 / 800000
generated: 92506 / 800000
generated: 92516 / 800000
generated: 92532 / 800000
generated: 92550 / 800000
generated: 92560 / 800000
generated: 92576 / 800000
generated: 92595 / 800000
generated: 92611 / 800000
generated: 92629 / 800000
generated: 92654 / 800000
generated: 92672 / 800000
generated: 92691 / 800000
generated: 92710 / 800000
generated: 92725 / 800000
generated: 92746 / 800000
generated: 92763 / 800000
generated: 92779 / 800000
generated: 92795 / 800000
generated: 92813 / 800000
generated: 92830 / 800000
generated: 92851 / 800000
generated: 92869 / 800000
generated: 92889 / 800000
generated: 92900 / 800000
generated: 92926 / 800000
generated: 92948 / 800000
generated: 92968 / 800000
generated: 92980 / 800000
generated: 92996 / 800000
generated: 93017 / 800000
generated: 93031 / 800000
generated: 93050 / 800000
generated: 93066 / 800000
generated: 93093 / 800000
generated: 93110 / 800000
generated: 93123 / 800000
generated: 93138 / 800000
generated: 93159 / 800000
generated: 93178 / 800000
generated: 93198 / 800000
generated: 93224 / 800000
generated: 93241 / 800000
generated: 93260 / 800000
generated: 93271 / 800000
generated: 93285 / 800000
generated: 93306 / 800000
generated: 93327 / 800000
generated: 93343 / 800000
generated: 93361 / 800000
generated: 93380 / 800000
generated: 93397 / 800000
generated: 93415 / 800000
generated: 93428 / 800000
generated: 93438 / 800000
generated: 93461 / 800000
generated: 93484 / 800000
generated: 93505 / 800000
generated: 93529 / 800000
generated: 93547 / 800000
generated: 93561 / 800000
generated: 93591 / 800000
generated: 93613 / 800000
generated: 93630 / 800000
generated: 93645 / 800000
generated: 93666 / 800000
generated: 93678 / 800000
generated: 93693 / 800000
generated: 93724 / 800000
generated: 93752 / 800000
generated: 93769 / 800000
generated: 93795 / 800000
generated: 93809 / 800000
generated: 93829 / 800000
generated: 93845 / 800000
generated: 93862 / 800000
generated: 93882 / 800000
generated: 93897 / 800000
generated: 93913 / 800000
generated: 93933 / 800000
generated: 93950 / 800000
generated: 93968 / 800000
generated: 93985 / 800000
generated: 93995 / 800000
generated: 94013 / 800000
generated: 94026 / 800000
generated: 94044 / 800000
generated: 94058 / 800000
generated: 94079 / 800000
generated: 94096 / 800000
generated: 94115 / 800000
generated: 94132 / 800000
generated: 94151 / 800000
generated: 94165 / 800000
generated: 94184 / 800000
generated: 94208 / 800000
generated: 94231 / 800000
generated: 94252 / 800000
generated: 94268 / 800000
generated: 94284 / 800000
generated: 94298 / 800000
generated: 94318 / 800000
generated: 94332 / 800000
generated: 94347 / 800000
generated: 94361 / 800000
generated: 94374 / 800000
generated: 94394 / 800000
generated: 94413 / 800000
generated: 94434 / 800000
generated: 94448 / 800000
generated: 94467 / 800000
generated: 94482 / 800000
generated: 94496 / 800000
generated: 94518 / 800000
generated: 94533 / 800000
generated: 94552 / 800000
generated: 94564 / 800000
generated: 94583 / 800000
generated: 94591 / 800000
generated: 94608 / 800000
generated: 94629 / 800000
generated: 94646 / 800000
generated: 94673 / 800000
generated: 94695 / 800000
generated: 94709 / 800000
generated: 94725 / 800000
generated: 94746 / 800000
generated: 94762 / 800000
generated: 94797 / 800000
generated: 94814 / 800000
generated: 94835 / 800000
generated: 94855 / 800000
generated: 94876 / 800000
generated: 94891 / 800000
generated: 94913 / 800000
generated: 94930 / 800000
generated: 94950 / 800000
generated: 94966 / 800000
generated: 94978 / 800000
generated: 94990 / 800000
generated: 95002 / 800000
generated: 95016 / 800000
generated: 95034 / 800000
generated: 95051 / 800000
generated: 95073 / 800000
generated: 95085 / 800000
generated: 95097 / 800000
generated: 95111 / 800000
generated: 95131 / 800000
generated: 95150 / 800000
generated: 95180 / 800000
generated: 95201 / 800000
generated: 95211 / 800000
generated: 95228 / 800000
generated: 95245 / 800000
generated: 95265 / 800000
generated: 95285 / 800000
generated: 95305 / 800000
generated: 95329 / 800000
generated: 95344 / 800000
generated: 95359 / 800000
generated: 95375 / 800000
generated: 95394 / 800000
generated: 95408 / 800000
generated: 95433 / 800000
generated: 95451 / 800000
generated: 95467 / 800000
generated: 95482 / 800000
generated: 95506 / 800000
generated: 95535 / 800000
generated: 95555 / 800000
generated: 95573 / 800000
generated: 95592 / 800000
generated: 95606 / 800000
generated: 95622 / 800000
generated: 95637 / 800000
generated: 95656 / 800000
generated: 95677 / 800000
generated: 95693 / 800000
generated: 95716 / 800000
generated: 95728 / 800000
generated: 95747 / 800000
generated: 95766 / 800000
generated: 95781 / 800000
generated: 95798 / 800000
generated: 95822 / 800000
generated: 95841 / 800000
generated: 95864 / 800000
generated: 95883 / 800000
generated: 95900 / 800000
generated: 95917 / 800000
generated: 95935 / 800000
generated: 95952 / 800000
generated: 95971 / 800000
generated: 95984 / 800000
generated: 95999 / 800000
generated: 96015 / 800000
generated: 96030 / 800000
generated: 96047 / 800000
generated: 96064 / 800000
generated: 96079 / 800000
generated: 96093 / 800000
generated: 96116 / 800000
generated: 96131 / 800000
generated: 96150 / 800000
generated: 96168 / 800000
generated: 96187 / 800000
generated: 96209 / 800000
generated: 96226 / 800000
generated: 96244 / 800000
generated: 96264 / 800000
generated: 96282 / 800000
generated: 96288 / 800000
generated: 96306 / 800000
generated: 96322 / 800000
generated: 96347 / 800000
generated: 96359 / 800000
generated: 96379 / 800000
generated: 96387 / 800000
generated: 96402 / 800000
generated: 96418 / 800000
generated: 96439 / 800000
generated: 96456 / 800000
generated: 96478 / 800000
generated: 96502 / 800000
generated: 96519 / 800000
generated: 96533 / 800000
generated: 96558 / 800000
generated: 96575 / 800000
generated: 96594 / 800000
generated: 96615 / 800000
generated: 96632 / 800000
generated: 96655 / 800000
generated: 96671 / 800000
generated: 96691 / 800000
generated: 96711 / 800000
generated: 96726 / 800000
generated: 96735 / 800000
generated: 96750 / 800000
generated: 96772 / 800000
generated: 96792 / 800000
generated: 96807 / 800000
generated: 96826 / 800000
generated: 96849 / 800000
generated: 96866 / 800000
generated: 96891 / 800000
generated: 96908 / 800000
generated: 96928 / 800000
generated: 96957 / 800000
generated: 96971 / 800000
generated: 96990 / 800000
generated: 97002 / 800000
generated: 97017 / 800000
generated: 97031 / 800000
generated: 97044 / 800000
generated: 97067 / 800000
generated: 97086 / 800000
generated: 97102 / 800000
generated: 97115 / 800000
generated: 97136 / 800000
generated: 97150 / 800000
generated: 97175 / 800000
generated: 97192 / 800000
generated: 97206 / 800000
generated: 97226 / 800000
generated: 97241 / 800000
generated: 97258 / 800000
generated: 97276 / 800000
generated: 97293 / 800000
generated: 97312 / 800000
generated: 97329 / 800000
generated: 97345 / 800000
generated: 97367 / 800000
generated: 97380 / 800000
generated: 97412 / 800000
generated: 97432 / 800000
generated: 97450 / 800000
generated: 97477 / 800000
generated: 97494 / 800000
generated: 97512 / 800000
generated: 97533 / 800000
generated: 97556 / 800000
generated: 97575 / 800000
generated: 97587 / 800000
generated: 97599 / 800000
generated: 97621 / 800000
generated: 97633 / 800000
generated: 97649 / 800000
generated: 97668 / 800000
generated: 97689 / 800000
generated: 97707 / 800000
generated: 97722 / 800000
generated: 97738 / 800000
generated: 97751 / 800000
generated: 97770 / 800000
generated: 97779 / 800000
generated: 97797 / 800000
generated: 97811 / 800000
generated: 97829 / 800000
generated: 97849 / 800000
generated: 97867 / 800000
generated: 97891 / 800000
generated: 97901 / 800000
generated: 97916 / 800000
generated: 97932 / 800000
generated: 97949 / 800000
generated: 97963 / 800000
generated: 97976 / 800000
generated: 97995 / 800000
generated: 98022 / 800000
generated: 98048 / 800000
generated: 98066 / 800000
generated: 98087 / 800000
generated: 98112 / 800000
generated: 98127 / 800000
generated: 98147 / 800000
generated: 98163 / 800000
generated: 98178 / 800000
generated: 98200 / 800000
generated: 98220 / 800000
generated: 98243 / 800000
generated: 98259 / 800000
generated: 98268 / 800000
generated: 98285 / 800000
generated: 98299 / 800000
generated: 98315 / 800000
generated: 98327 / 800000
generated: 98344 / 800000
generated: 98364 / 800000
generated: 98382 / 800000
generated: 98399 / 800000
generated: 98416 / 800000
generated: 98434 / 800000
generated: 98454 / 800000
generated: 98470 / 800000
generated: 98492 / 800000
generated: 98512 / 800000
generated: 98535 / 800000
generated: 98553 / 800000
generated: 98577 / 800000
generated: 98594 / 800000
generated: 98612 / 800000
generated: 98630 / 800000
generated: 98643 / 800000
generated: 98657 / 800000
generated: 98672 / 800000
generated: 98692 / 800000
generated: 98704 / 800000
generated: 98723 / 800000
generated: 98744 / 800000
generated: 98760 / 800000
generated: 98779 / 800000
generated: 98799 / 800000
generated: 98816 / 800000
generated: 98831 / 800000
generated: 98843 / 800000
generated: 98862 / 800000
generated: 98881 / 800000
generated: 98897 / 800000
generated: 98907 / 800000
generated: 98924 / 800000
generated: 98947 / 800000
generated: 98963 / 800000
generated: 98977 / 800000
generated: 99000 / 800000
generated: 99016 / 800000
generated: 99034 / 800000
generated: 99048 / 800000
generated: 99065 / 800000
generated: 99081 / 800000
generated: 99101 / 800000
generated: 99125 / 800000
generated: 99139 / 800000
generated: 99155 / 800000
generated: 99179 / 800000
generated: 99197 / 800000
generated: 99216 / 800000
generated: 99236 / 800000
generated: 99253 / 800000
generated: 99271 / 800000
generated: 99288 / 800000
generated: 99309 / 800000
generated: 99327 / 800000
generated: 99350 / 800000
generated: 99365 / 800000
generated: 99390 / 800000
generated: 99404 / 800000
generated: 99425 / 800000
generated: 99441 / 800000
generated: 99459 / 800000
generated: 99477 / 800000
generated: 99503 / 800000
generated: 99517 / 800000
generated: 99541 / 800000
generated: 99560 / 800000
generated: 99580 / 800000
generated: 99602 / 800000
generated: 99616 / 800000
generated: 99632 / 800000
generated: 99659 / 800000
generated: 99677 / 800000
generated: 99694 / 800000
generated: 99716 / 800000
generated: 99731 / 800000
generated: 99750 / 800000
generated: 99767 / 800000
generated: 99782 / 800000
generated: 99799 / 800000
generated: 99824 / 800000
generated: 99836 / 800000
generated: 99857 / 800000
generated: 99875 / 800000
generated: 99894 / 800000
generated: 99907 / 800000
generated: 99927 / 800000
generated: 99945 / 800000
generated: 99965 / 800000
generated: 99979 / 800000
generated: 99988 / 800000
generated: 100002 / 800000
generated: 100020 / 800000
generated: 100045 / 800000
generated: 100066 / 800000
generated: 100079 / 800000
generated: 100097 / 800000
generated: 100106 / 800000
generated: 100123 / 800000
generated: 100140 / 800000
generated: 100161 / 800000
generated: 100185 / 800000
generated: 100199 / 800000
generated: 100218 / 800000
generated: 100235 / 800000
generated: 100243 / 800000
generated: 100262 / 800000
generated: 100292 / 800000
generated: 100308 / 800000
generated: 100324 / 800000
generated: 100346 / 800000
generated: 100360 / 800000
generated: 100388 / 800000
generated: 100410 / 800000
generated: 100426 / 800000
generated: 100442 / 800000
generated: 100457 / 800000
generated: 100470 / 800000
generated: 100500 / 800000
generated: 100516 / 800000
generated: 100545 / 800000
generated: 100564 / 800000
generated: 100588 / 800000
generated: 100603 / 800000
generated: 100620 / 800000
generated: 100639 / 800000
generated: 100661 / 800000
generated: 100679 / 800000
generated: 100692 / 800000
generated: 100709 / 800000
generated: 100734 / 800000
generated: 100753 / 800000
generated: 100771 / 800000
generated: 100784 / 800000
generated: 100808 / 800000
generated: 100820 / 800000
generated: 100845 / 800000
generated: 100859 / 800000
generated: 100889 / 800000
generated: 100899 / 800000
generated: 100917 / 800000
generated: 100935 / 800000
generated: 100949 / 800000
generated: 100966 / 800000
generated: 100978 / 800000
generated: 100994 / 800000
generated: 101012 / 800000
generated: 101029 / 800000
generated: 101046 / 800000
generated: 101065 / 800000
generated: 101085 / 800000
generated: 101106 / 800000
generated: 101123 / 800000
generated: 101139 / 800000
generated: 101154 / 800000
generated: 101179 / 800000
generated: 101201 / 800000
generated: 101216 / 800000
generated: 101234 / 800000
generated: 101251 / 800000
generated: 101275 / 800000
generated: 101294 / 800000
generated: 101320 / 800000
generated: 101340 / 800000
generated: 101359 / 800000
generated: 101373 / 800000
generated: 101387 / 800000
generated: 101402 / 800000
generated: 101421 / 800000
generated: 101444 / 800000
generated: 101456 / 800000
generated: 101470 / 800000
generated: 101486 / 800000
generated: 101503 / 800000
generated: 101517 / 800000
generated: 101541 / 800000
generated: 101558 / 800000
generated: 101570 / 800000
generated: 101594 / 800000
generated: 101610 / 800000
generated: 101634 / 800000
generated: 101655 / 800000
generated: 101667 / 800000
generated: 101683 / 800000
generated: 101711 / 800000
generated: 101735 / 800000
generated: 101751 / 800000
generated: 101762 / 800000
generated: 101780 / 800000
generated: 101802 / 800000
generated: 101822 / 800000
generated: 101840 / 800000
generated: 101860 / 800000
generated: 101874 / 800000
generated: 101890 / 800000
generated: 101913 / 800000
generated: 101931 / 800000
generated: 101950 / 800000
generated: 101964 / 800000
generated: 101983 / 800000
generated: 102005 / 800000
generated: 102021 / 800000
generated: 102050 / 800000
generated: 102072 / 800000
generated: 102083 / 800000
generated: 102102 / 800000
generated: 102119 / 800000
generated: 102134 / 800000
generated: 102151 / 800000
generated: 102177 / 800000
generated: 102195 / 800000
generated: 102215 / 800000
generated: 102232 / 800000
generated: 102253 / 800000
generated: 102267 / 800000
generated: 102285 / 800000
generated: 102310 / 800000
generated: 102330 / 800000
generated: 102344 / 800000
generated: 102365 / 800000
generated: 102386 / 800000
generated: 102410 / 800000
generated: 102426 / 800000
generated: 102442 / 800000
generated: 102460 / 800000
generated: 102484 / 800000
generated: 102491 / 800000
generated: 102504 / 800000
generated: 102516 / 800000
generated: 102527 / 800000
generated: 102543 / 800000
generated: 102558 / 800000
generated: 102580 / 800000
generated: 102595 / 800000
generated: 102616 / 800000
generated: 102631 / 800000
generated: 102653 / 800000
generated: 102665 / 800000
generated: 102684 / 800000
generated: 102700 / 800000
generated: 102722 / 800000
generated: 102744 / 800000
generated: 102770 / 800000
generated: 102781 / 800000
generated: 102792 / 800000
generated: 102808 / 800000
generated: 102827 / 800000
generated: 102851 / 800000
generated: 102878 / 800000
generated: 102893 / 800000
generated: 102913 / 800000
generated: 102927 / 800000
generated: 102947 / 800000
generated: 102967 / 800000
generated: 102984 / 800000
generated: 103001 / 800000
generated: 103017 / 800000
                                                                                                                                                                                                                                                                                                                                                                                                                                                                                                                                                                                                                                                                                                                                                                                                                                                                                                                                                                                                                                                                                                                                               