[load_obj] 'datasets/3dshape/4shape3d.obj': 1 objects/groups
  [0] 'Body4'  (36 triangles)
[load_obj] 'datasets/3dshape/env4.obj': 7 objects/groups
  [0] 'wall (1)'  (88 triangles)
  [1] 'Body14'  (12 triangles)
  [2] 'Body15'  (12 triangles)
  [3] 'Body16'  (12 triangles)
  [4] 'Body17'  (12 triangles)
  [5] 'Body18'  (12 triangles)
  [6] 'Body19'  (12 triangles)
shape       : datasets/3dshape/4shape3d.obj  (20 verts, 30 tets, radius 0.1577)
environment : datasets/3dshape/env4.obj  (160 tris, 50000 collision points)
bounds      : low [-0.4539, -0.3175, -0.5]  high [0.4539, 0.3175, 0.5]
test cases  : 1000 from testing_data/3dshape/4shape3d_env4/sampled_points.npy
planner     : RRTConnect  (time limit 30.0s per case, resolution 0.005)

[000] PASS  time=  0.508s  status=Exact solution     len=  2.153  endpoints_valid=True  collision=False  over_limit=False
[001] PASS  time=  0.570s  status=Exact solution     len=  3.808  endpoints_valid=True  collision=False  over_limit=False
[002] PASS  time=  0.456s  status=Exact solution     len=  1.746  endpoints_valid=True  collision=False  over_limit=False
[003] PASS  time=  0.144s  status=Exact solution     len=  1.970  endpoints_valid=True  collision=False  over_limit=False
[004] PASS  time=  0.184s  status=Exact solution     len=  2.874  endpoints_valid=True  collision=False  over_limit=False
[005] PASS  time=  0.259s  status=Exact solution     len=  1.833  endpoints_valid=True  collision=False  over_limit=False
[006] PASS  time=  0.062s  status=Exact solution     len=  1.399  endpoints_valid=True  collision=False  over_limit=False
[007] PASS  time=  0.400s  status=Exact solution     len=  3.276  endpoints_valid=True  collision=False  over_limit=False
[008] PASS  time=  0.287s  status=Exact solution     len=  1.830  endpoints_valid=True  collision=False  over_limit=False
[009] PASS  time=  0.116s  status=Exact solution     len=  1.769  endpoints_valid=True  collision=False  over_limit=False
[010] PASS  time=  0.373s  status=Exact solution     len=  1.771  endpoints_valid=True  collision=False  over_limit=False
[011] PASS  time=  0.195s  status=Exact solution     len=  3.378  endpoints_valid=True  collision=False  over_limit=False
[012] PASS  time=  0.176s  status=Exact solution     len=  1.366  endpoints_valid=True  collision=False  over_limit=False
[013] PASS  time=  0.550s  status=Exact solution     len=  3.282  endpoints_valid=True  collision=False  over_limit=False
[014] PASS  time=  0.618s  status=Exact solution     len=  2.581  endpoints_valid=True  collision=False  over_limit=False
[015] PASS  time=  0.262s  status=Exact solution     len=  3.033  endpoints_valid=True  collision=False  over_limit=False
[016] PASS  time=  0.144s  status=Exact solution     len=  2.513  endpoints_valid=True  collision=False  over_limit=False
[017] PASS  time=  1.738s  status=Exact solution     len=  1.475  endpoints_valid=True  collision=False  over_limit=False
[018] PASS  time=  0.811s  status=Exact solution     len=  3.836  endpoints_valid=True  collision=False  over_limit=False
[019] PASS  time=  0.520s  status=Exact solution     len=  4.319  endpoints_valid=True  collision=False  over_limit=False
[020] PASS  time=  0.466s  status=Exact solution     len=  1.799  endpoints_valid=True  collision=False  over_limit=False
[021] PASS  time=  0.435s  status=Exact solution     len=  2.512  endpoints_valid=True  collision=False  over_limit=False
[022] PASS  time=  1.252s  status=Exact solution     len=  1.968  endpoints_valid=True  collision=False  over_limit=False
[023] PASS  time=  0.089s  status=Exact solution     len=  2.589  endpoints_valid=True  collision=False  over_limit=False
[024] PASS  time=  0.382s  status=Exact solution     len=  2.520  endpoints_valid=True  collision=False  over_limit=False
[025] PASS  time=  0.111s  status=Exact solution     len=  1.671  endpoints_valid=True  collision=False  over_limit=False
[026] PASS  time=  1.168s  status=Exact solution     len=  6.092  endpoints_valid=True  collision=False  over_limit=False
[027] PASS  time=  0.983s  status=Exact solution     len=  2.511  endpoints_valid=True  collision=False  over_limit=False
[028] PASS  time=  0.081s  status=Exact solution     len=  1.174  endpoints_valid=True  collision=False  over_limit=False
[029] PASS  time=  0.184s  status=Exact solution     len=  1.813  endpoints_valid=True  collision=False  over_limit=False
[030] PASS  time=  0.122s  status=Exact solution     len=  1.487  endpoints_valid=True  collision=False  over_limit=False
[031] PASS  time=  0.161s  status=Exact solution     len=  2.350  endpoints_valid=True  collision=False  over_limit=False
[032] PASS  time=  2.139s  status=Exact solution     len=  3.613  endpoints_valid=True  collision=False  over_limit=False
[033] PASS  time=  0.332s  status=Exact solution     len=  2.301  endpoints_valid=True  collision=False  over_limit=False
[034] PASS  time=  1.538s  status=Exact solution     len=  2.560  endpoints_valid=True  collision=False  over_limit=False
[035] PASS  time=  0.329s  status=Exact solution     len=  1.049  endpoints_valid=True  collision=False  over_limit=False
[036] PASS  time=  0.185s  status=Exact solution     len=  1.928  endpoints_valid=True  collision=False  over_limit=False
[037] PASS  time=  0.143s  status=Exact solution     len=  2.174  endpoints_valid=True  collision=False  over_limit=False
[038] PASS  time=  0.227s  status=Exact solution     len=  2.243  endpoints_valid=True  collision=False  over_limit=False
[039] PASS  time=  0.380s  status=Exact solution     len=  2.172  endpoints_valid=True  collision=False  over_limit=False
[040] PASS  time=  0.262s  status=Exact solution     len=  1.955  endpoints_valid=True  collision=False  over_limit=False
[041] PASS  time=  0.180s  status=Exact solution     len=  1.600  endpoints_valid=True  collision=False  over_limit=False
[042] PASS  time=  0.249s  status=Exact solution     len=  1.778  endpoints_valid=True  collision=False  over_limit=False
[043] PASS  time=  0.335s  status=Exact solution     len=  1.794  endpoints_valid=True  collision=False  over_limit=False
[044] PASS  time=  0.118s  status=Exact solution     len=  2.048  endpoints_valid=True  collision=False  over_limit=False
[045] PASS  time=  0.312s  status=Exact solution     len=  2.019  endpoints_valid=True  collision=False  over_limit=False
[046] PASS  time=  0.056s  status=Exact solution     len=  2.256  endpoints_valid=True  collision=False  over_limit=False
[047] PASS  time=  0.331s  status=Exact solution     len=  2.099  endpoints_valid=True  collision=False  over_limit=False
[048] PASS  time=  0.914s  status=Exact solution     len=  4.797  endpoints_valid=True  collision=False  over_limit=False
[049] PASS  time=  0.087s  status=Exact solution     len=  2.066  endpoints_valid=True  collision=False  over_limit=False
[050] PASS  time=  1.219s  status=Exact solution     len=  3.793  endpoints_valid=True  collision=False  over_limit=False
[051] PASS  time=  0.355s  status=Exact solution     len=  3.412  endpoints_valid=True  collision=False  over_limit=False
[052] PASS  time=  0.114s  status=Exact solution     len=  1.993  endpoints_valid=True  collision=False  over_limit=False
[053] PASS  time=  0.233s  status=Exact solution     len=  2.834  endpoints_valid=True  collision=False  over_limit=False
[054] PASS  time=  0.293s  status=Exact solution     len=  3.340  endpoints_valid=True  collision=False  over_limit=False
[055] PASS  time=  0.022s  status=Exact solution     len=  1.757  endpoints_valid=True  collision=False  over_limit=False
[056] PASS  time=  1.459s  status=Exact solution     len=  3.982  endpoints_valid=True  collision=False  over_limit=False
[057] PASS  time=  1.383s  status=Exact solution     len=  3.672  endpoints_valid=True  collision=False  over_limit=False
[058] PASS  time=  0.086s  status=Exact solution     len=  1.505  endpoints_valid=True  collision=False  over_limit=False
[059] PASS  time=  0.727s  status=Exact solution     len=  3.127  endpoints_valid=True  collision=False  over_limit=False
[060] PASS  time=  1.172s  status=Exact solution     len=  2.736  endpoints_valid=True  collision=False  over_limit=False
[061] PASS  time=  0.128s  status=Exact solution     len=  1.636  endpoints_valid=True  collision=False  over_limit=False
[062] PASS  time=  0.428s  status=Exact solution     len=  2.831  endpoints_valid=True  collision=False  over_limit=False
[063] PASS  time=  0.067s  status=Exact solution     len=  1.339  endpoints_valid=True  collision=False  over_limit=False
[064] PASS  time=  0.591s  status=Exact solution     len=  2.896  endpoints_valid=True  collision=False  over_limit=False
[065] PASS  time=  0.863s  status=Exact solution     len=  3.269  endpoints_valid=True  collision=False  over_limit=False
[066] PASS  time=  1.707s  status=Exact solution     len=  4.296  endpoints_valid=True  collision=False  over_limit=False
[067] PASS  time=  0.189s  status=Exact solution     len=  1.362  endpoints_valid=True  collision=False  over_limit=False
[068] PASS  time=  0.009s  status=Exact solution     len=  1.306  endpoints_valid=True  collision=False  over_limit=False
[069] PASS  time=  0.050s  status=Exact solution     len=  2.252  endpoints_valid=True  collision=False  over_limit=False
[070] PASS  time=  1.418s  status=Exact solution     len=  2.250  endpoints_valid=True  collision=False  over_limit=False
[071] PASS  time=  0.164s  status=Exact solution     len=  1.568  endpoints_valid=True  collision=False  over_limit=False
[072] PASS  time=  0.585s  status=Exact solution     len=  3.470  endpoints_valid=True  collision=False  over_limit=False
[073] PASS  time=  0.033s  status=Exact solution     len=  1.574  endpoints_valid=True  collision=False  over_limit=False
[074] PASS  time=  0.375s  status=Exact solution     len=  1.654  endpoints_valid=True  collision=False  over_limit=False
[075] PASS  time=  0.358s  status=Exact solution     len=  2.691  endpoints_valid=True  collision=False  over_limit=False
[076] PASS  time=  0.468s  status=Exact solution     len=  2.620  endpoints_valid=True  collision=False  over_limit=False
[077] PASS  time=  0.503s  status=Exact solution     len=  1.644  endpoints_valid=True  collision=False  over_limit=False
[078] PASS  time=  0.326s  status=Exact solution     len=  3.262  endpoints_valid=True  collision=False  over_limit=False
[079] PASS  time=  0.272s  status=Exact solution     len=  3.566  endpoints_valid=True  collision=False  over_limit=False
[080] PASS  time=  0.198s  status=Exact solution     len=  1.897  endpoints_valid=True  collision=False  over_limit=False
[081] PASS  time=  1.464s  status=Exact solution     len=  3.518  endpoints_valid=True  collision=False  over_limit=False
[082] PASS  time=  1.168s  status=Exact solution     len=  4.651  endpoints_valid=True  collision=False  over_limit=False
[083] PASS  time=  0.077s  status=Exact solution     len=  1.360  endpoints_valid=True  collision=False  over_limit=False
[084] PASS  time=  0.265s  status=Exact solution     len=  1.830  endpoints_valid=True  collision=False  over_limit=False
[085] PASS  time=  0.289s  status=Exact solution     len=  2.166  endpoints_valid=True  collision=False  over_limit=False
[086] PASS  time=  0.361s  status=Exact solution     len=  2.779  endpoints_valid=True  collision=False  over_limit=False
[087] PASS  time=  0.491s  status=Exact solution     len=  2.865  endpoints_valid=True  collision=False  over_limit=False
[088] PASS  time=  0.594s  status=Exact solution     len=  2.961  endpoints_valid=True  collision=False  over_limit=False
[089] PASS  time=  1.820s  status=Exact solution     len=  4.669  endpoints_valid=True  collision=False  over_limit=False
[090] PASS  time=  0.334s  status=Exact solution     len=  2.394  endpoints_valid=True  collision=False  over_limit=False
[091] PASS  time=  0.138s  status=Exact solution     len=  2.100  endpoints_valid=True  collision=False  over_limit=False
[092] PASS  time=  0.351s  status=Exact solution     len=  1.457  endpoints_valid=True  collision=False  over_limit=False
[093] PASS  time=  0.204s  status=Exact solution     len=  2.561  endpoints_valid=True  collision=False  over_limit=False
[094] PASS  time=  0.333s  status=Exact solution     len=  2.456  endpoints_valid=True  collision=False  over_limit=False
[095] PASS  time=  0.781s  status=Exact solution     len=  2.092  endpoints_valid=True  collision=False  over_limit=False
[096] PASS  time=  0.066s  status=Exact solution     len=  1.611  endpoints_valid=True  collision=False  over_limit=False
[097] PASS  time=  1.083s  status=Exact solution     len=  2.377  endpoints_valid=True  collision=False  over_limit=False
[098] PASS  time=  1.194s  status=Exact solution     len=  4.519  endpoints_valid=True  collision=False  over_limit=False
[099] PASS  time=  0.157s  status=Exact solution     len=  2.003  endpoints_valid=True  collision=False  over_limit=False
[100] PASS  time=  0.324s  status=Exact solution     len=  1.395  endpoints_valid=True  collision=False  over_limit=False
[101] PASS  time=  0.122s  status=Exact solution     len=  1.371  endpoints_valid=True  collision=False  over_limit=False
[102] PASS  time=  0.049s  status=Exact solution     len=  1.104  endpoints_valid=True  collision=False  over_limit=False
[103] PASS  time=  0.277s  status=Exact solution     len=  2.305  endpoints_valid=True  collision=False  over_limit=False
[104] PASS  time=  0.238s  status=Exact solution     len=  2.613  endpoints_valid=True  collision=False  over_limit=False
[105] PASS  time=  0.248s  status=Exact solution     len=  3.191  endpoints_valid=True  collision=False  over_limit=False
[106] PASS  time=  0.977s  status=Exact solution     len=  5.079  endpoints_valid=True  collision=False  over_limit=False
[107] PASS  time=  0.415s  status=Exact solution     len=  2.331  endpoints_valid=True  collision=False  over_limit=False
[108] PASS  time=  0.114s  status=Exact solution     len=  2.265  endpoints_valid=True  collision=False  over_limit=False
[109] PASS  time=  0.629s  status=Exact solution     len=  1.196  endpoints_valid=True  collision=False  over_limit=False
[110] PASS  time=  0.092s  status=Exact solution     len=  2.075  endpoints_valid=True  collision=False  over_limit=False
[111] PASS  time=  0.199s  status=Exact solution     len=  2.389  endpoints_valid=True  collision=False  over_limit=False
[112] PASS  time=  0.254s  status=Exact solution     len=  1.776  endpoints_valid=True  collision=False  over_limit=False
[113] PASS  time=  1.012s  status=Exact solution     len=  2.521  endpoints_valid=True  collision=False  over_limit=False
[114] PASS  time=  0.998s  status=Exact solution     len=  2.948  endpoints_valid=True  collision=False  over_limit=False
[115] PASS  time=  0.451s  status=Exact solution     len=  3.655  endpoints_valid=True  collision=False  over_limit=False
[116] PASS  time=  0.649s  status=Exact solution     len=  3.930  endpoints_valid=True  collision=False  over_limit=False
[117] PASS  time=  0.024s  status=Exact solution     len=  1.674  endpoints_valid=True  collision=False  over_limit=False
[118] PASS  time=  0.244s  status=Exact solution     len=  2.349  endpoints_valid=True  collision=False  over_limit=False
[119] PASS  time=  0.685s  status=Exact solution     len=  4.181  endpoints_valid=True  collision=False  over_limit=False
[120] PASS  time=  0.170s  status=Exact solution     len=  2.232  endpoints_valid=True  collision=False  over_limit=False
[121] PASS  time=  0.404s  status=Exact solution     len=  2.375  endpoints_valid=True  collision=False  over_limit=False
[122] PASS  time=  0.251s  status=Exact solution     len=  2.867  endpoints_valid=True  collision=False  over_limit=False
[123] PASS  time=  1.167s  status=Exact solution     len=  3.452  endpoints_valid=True  collision=False  over_limit=False
[124] PASS  time=  0.046s  status=Exact solution     len=  1.664  endpoints_valid=True  collision=False  over_limit=False
[125] PASS  time=  0.377s  status=Exact solution     len=  2.077  endpoints_valid=True  collision=False  over_limit=False
[126] PASS  time=  0.132s  status=Exact solution     len=  1.568  endpoints_valid=True  collision=False  over_limit=False
[127] PASS  time=  0.974s  status=Exact solution     len=  1.497  endpoints_valid=True  collision=False  over_limit=False
[128] PASS  time=  0.894s  status=Exact solution     len=  3.812  endpoints_valid=True  collision=False  over_limit=False
[129] PASS  time=  0.055s  status=Exact solution     len=  2.030  endpoints_valid=True  collision=False  over_limit=False
[130] PASS  time=  0.967s  status=Exact solution     len=  3.541  endpoints_valid=True  collision=False  over_limit=False
[131] PASS  time=  0.016s  status=Exact solution     len=  2.402  endpoints_valid=True  collision=False  over_limit=False
[132] PASS  time=  0.650s  status=Exact solution     len=  2.949  endpoints_valid=True  collision=False  over_limit=False
[133] PASS  time=  0.352s  status=Exact solution     len=  2.870  endpoints_valid=True  collision=False  over_limit=False
[134] PASS  time=  0.530s  status=Exact solution     len=  2.685  endpoints_valid=True  collision=False  over_limit=False
[135] PASS  time=  0.244s  status=Exact solution     len=  2.641  endpoints_valid=True  collision=False  over_limit=False
[136] PASS  time=  0.711s  status=Exact solution     len=  1.756  endpoints_valid=True  collision=False  over_limit=False
[137] PASS  time=  0.350s  status=Exact solution     len=  1.891  endpoints_valid=True  collision=False  over_limit=False
[138] PASS  time=  1.307s  status=Exact solution     len=  4.081  endpoints_valid=True  collision=False  over_limit=False
[139] PASS  time=  0.515s  status=Exact solution     len=  2.419  endpoints_valid=True  collision=False  over_limit=False
[140] PASS  time=  0.040s  status=Exact solution     len=  2.637  endpoints_valid=True  collision=False  over_limit=False
[141] PASS  time=  0.665s  status=Exact solution     len=  2.995  endpoints_valid=True  collision=False  over_limit=False
[142] PASS  time=  0.757s  status=Exact solution     len=  1.877  endpoints_valid=True  collision=False  over_limit=False
[143] PASS  time=  0.153s  status=Exact solution     len=  2.415  endpoints_valid=True  collision=False  over_limit=False
[144] PASS  time=  0.404s  status=Exact solution     len=  1.623  endpoints_valid=True  collision=False  over_limit=False
[145] PASS  time=  0.443s  status=Exact solution     len=  2.269  endpoints_valid=True  collision=False  over_limit=False
[146] PASS  time=  0.680s  status=Exact solution     len=  2.586  endpoints_valid=True  collision=False  over_limit=False
[147] PASS  time=  1.466s  status=Exact solution     len=  2.683  endpoints_valid=True  collision=False  over_limit=False
[148] PASS  time=  1.624s  status=Exact solution     len=  3.895  endpoints_valid=True  collision=False  over_limit=False
[149] PASS  time=  0.109s  status=Exact solution     len=  1.536  endpoints_valid=True  collision=False  over_limit=False
[150] PASS  time=  0.303s  status=Exact solution     len=  1.871  endpoints_valid=True  collision=False  over_limit=False
[151] PASS  time=  0.019s  status=Exact solution     len=  1.920  endpoints_valid=True  collision=False  over_limit=False
[152] PASS  time=  0.791s  status=Exact solution     len=  2.731  endpoints_valid=True  collision=False  over_limit=False
[153] PASS  time=  0.360s  status=Exact solution     len=  5.450  endpoints_valid=True  collision=False  over_limit=False
[154] PASS  time=  0.104s  status=Exact solution     len=  1.922  endpoints_valid=True  collision=False  over_limit=False
[155] PASS  time=  0.708s  status=Exact solution     len=  4.734  endpoints_valid=True  collision=False  over_limit=False
[156] PASS  time=  0.584s  status=Exact solution     len=  2.827  endpoints_valid=True  collision=False  over_limit=False
[157] PASS  time=  0.081s  status=Exact solution     len=  2.095  endpoints_valid=True  collision=False  over_limit=False
[158] PASS  time=  0.421s  status=Exact solution     len=  1.279  endpoints_valid=True  collision=False  over_limit=False
[159] PASS  time=  0.992s  status=Exact solution     len=  2.776  endpoints_valid=True  collision=False  over_limit=False
[160] PASS  time=  0.037s  status=Exact solution     len=  1.839  endpoints_valid=True  collision=False  over_limit=False
[161] PASS  time=  0.168s  status=Exact solution     len=  2.294  endpoints_valid=True  collision=False  over_limit=False
[162] PASS  time=  1.161s  status=Exact solution     len=  2.547  endpoints_valid=True  collision=False  over_limit=False
[163] PASS  time=  0.181s  status=Exact solution     len=  1.860  endpoints_valid=True  collision=False  over_limit=False
[164] PASS  time=  0.087s  status=Exact solution     len=  1.698  endpoints_valid=True  collision=False  over_limit=False
[165] PASS  time=  0.178s  status=Exact solution     len=  2.607  endpoints_valid=True  collision=False  over_limit=False
[166] PASS  time=  0.459s  status=Exact solution     len=  2.177  endpoints_valid=True  collision=False  over_limit=False
[167] PASS  time=  0.238s  status=Exact solution     len=  1.389  endpoints_valid=True  collision=False  over_limit=False
[168] PASS  time=  0.445s  status=Exact solution     len=  3.078  endpoints_valid=True  collision=False  over_limit=False
[169] PASS  time=  0.169s  status=Exact solution     len=  1.923  endpoints_valid=True  collision=False  over_limit=False
[170] PASS  time=  0.638s  status=Exact solution     len=  3.285  endpoints_valid=True  collision=False  over_limit=False
[171] PASS  time=  0.229s  status=Exact solution     len=  1.480  endpoints_valid=True  collision=False  over_limit=False
[172] PASS  time=  0.017s  status=Exact solution     len=  1.242  endpoints_valid=True  collision=False  over_limit=False
[173] PASS  time=  1.197s  status=Exact solution     len=  6.195  endpoints_valid=True  collision=False  over_limit=False
[174] PASS  time=  0.439s  status=Exact solution     len=  2.614  endpoints_valid=True  collision=False  over_limit=False
[175] PASS  time=  0.730s  status=Exact solution     len=  2.975  endpoints_valid=True  collision=False  over_limit=False
[176] PASS  time=  0.209s  status=Exact solution     len=  1.275  endpoints_valid=True  collision=False  over_limit=False
[177] PASS  time=  0.196s  status=Exact solution     len=  2.700  endpoints_valid=True  collision=False  over_limit=False
[178] PASS  time=  0.797s  status=Exact solution     len=  1.427  endpoints_valid=True  collision=False  over_limit=False
[179] PASS  time=  0.294s  status=Exact solution     len=  2.514  endpoints_valid=True  collision=False  over_limit=False
[180] PASS  time=  0.093s  status=Exact solution     len=  2.606  endpoints_valid=True  collision=False  over_limit=False
[181] PASS  time=  0.180s  status=Exact solution     len=  2.598  endpoints_valid=True  collision=False  over_limit=False
[182] PASS  time=  0.296s  status=Exact solution     len=  1.558  endpoints_valid=True  collision=False  over_limit=False
[183] PASS  time=  0.080s  status=Exact solution     len=  1.771  endpoints_valid=True  collision=False  over_limit=False
[184] PASS  time=  0.135s  status=Exact solution     len=  2.243  endpoints_valid=True  collision=False  over_limit=False
[185] PASS  time=  0.317s  status=Exact solution     len=  1.857  endpoints_valid=True  collision=False  over_limit=False
[186] PASS  time=  0.083s  status=Exact solution     len=  2.030  endpoints_valid=True  collision=False  over_limit=False
[187] PASS  time=  0.247s  status=Exact solution     len=  2.122  endpoints_valid=True  collision=False  over_limit=False
[188] PASS  time=  0.710s  status=Exact solution     len=  4.815  endpoints_valid=True  collision=False  over_limit=False
[189] PASS  time=  0.231s  status=Exact solution     len=  1.859  endpoints_valid=True  collision=False  over_limit=False
[190] PASS  time=  0.061s  status=Exact solution     len=  1.721  endpoints_valid=True  collision=False  over_limit=False
[191] PASS  time=  0.534s  status=Exact solution     len=  1.773  endpoints_valid=True  collision=False  over_limit=False
[192] PASS  time=  0.121s  status=Exact solution     len=  2.153  endpoints_valid=True  collision=False  over_limit=False
[193] PASS  time=  0.471s  status=Exact solution     len=  3.143  endpoints_valid=True  collision=False  over_limit=False
[194] PASS  time=  0.672s  status=Exact solution     len=  4.139  endpoints_valid=True  collision=False  over_limit=False
[195] PASS  time=  0.222s  status=Exact solution     len=  1.464  endpoints_valid=True  collision=False  over_limit=False
[196] PASS  time=  0.916s  status=Exact solution     len=  3.679  endpoints_valid=True  collision=False  over_limit=False
[197] PASS  time=  0.289s  status=Exact solution     len=  2.398  endpoints_valid=True  collision=False  over_limit=False
[198] PASS  time=  0.088s  status=Exact solution     len=  1.604  endpoints_valid=True  collision=False  over_limit=False
[199] PASS  time=  0.358s  status=Exact solution     len=  2.051  endpoints_valid=True  collision=False  over_limit=False
[200] PASS  time=  0.423s  status=Exact solution     len=  2.828  endpoints_valid=True  collision=False  over_limit=False
[201] PASS  time=  0.289s  status=Exact solution     len=  1.876  endpoints_valid=True  collision=False  over_limit=False
[202] PASS  time=  1.680s  status=Exact solution     len=  4.762  endpoints_valid=True  collision=False  over_limit=False
[203] PASS  time=  0.149s  status=Exact solution     len=  2.303  endpoints_valid=True  collision=False  over_limit=False
[204] PASS  time=  0.369s  status=Exact solution     len=  2.484  endpoints_valid=True  collision=False  over_limit=False
[205] PASS  time=  0.084s  status=Exact solution     len=  1.968  endpoints_valid=True  collision=False  over_limit=False
[206] PASS  time=  0.196s  status=Exact solution     len=  2.085  endpoints_valid=True  collision=False  over_limit=False
[207] PASS  time=  0.259s  status=Exact solution     len=  2.676  endpoints_valid=True  collision=False  over_limit=False
[208] PASS  time=  0.040s  status=Exact solution     len=  1.501  endpoints_valid=True  collision=False  over_limit=False
[209] PASS  time=  0.337s  status=Exact solution     len=  2.260  endpoints_valid=True  collision=False  over_limit=False
[210] PASS  time=  0.436s  status=Exact solution     len=  2.368  endpoints_valid=True  collision=False  over_limit=False
[211] PASS  time=  0.138s  status=Exact solution     len=  1.931  endpoints_valid=True  collision=False  over_limit=False
[212] PASS  time=  2.069s  status=Exact solution     len=  4.562  endpoints_valid=True  collision=False  over_limit=False
[213] PASS  time=  0.100s  status=Exact solution     len=  2.289  endpoints_valid=True  collision=False  over_limit=False
[214] PASS  time=  1.213s  status=Exact solution     len=  3.908  endpoints_valid=True  collision=False  over_limit=False
[215] PASS  time=  0.302s  status=Exact solution     len=  2.294  endpoints_valid=True  collision=False  over_limit=False
[216] PASS  time=  0.423s  status=Exact solution     len=  2.155  endpoints_valid=True  collision=False  over_limit=False
[217] PASS  time=  1.539s  status=Exact solution     len=  3.698  endpoints_valid=True  collision=False  over_limit=False
[218] PASS  time=  0.403s  status=Exact solution     len=  2.360  endpoints_valid=True  collision=False  over_limit=False
[219] PASS  time=  0.282s  status=Exact solution     len=  3.799  endpoints_valid=True  collision=False  over_limit=False
[220] PASS  time=  0.150s  status=Exact solution     len=  1.764  endpoints_valid=True  collision=False  over_limit=False
[221] PASS  time=  0.049s  status=Exact solution     len=  1.442  endpoints_valid=True  collision=False  over_limit=False
[222] PASS  time=  1.033s  status=Exact solution     len=  2.156  endpoints_valid=True  collision=False  over_limit=False
[223] PASS  time=  0.503s  status=Exact solution     len=  1.905  endpoints_valid=True  collision=False  over_limit=False
[224] PASS  time=  0.196s  status=Exact solution     len=  2.257  endpoints_valid=True  collision=False  over_limit=False
[225] PASS  time=  0.221s  status=Exact solution     len=  3.480  endpoints_valid=True  collision=False  over_limit=False
[226] PASS  time=  0.177s  status=Exact solution     len=  1.680  endpoints_valid=True  collision=False  over_limit=False
[227] PASS  time=  0.425s  status=Exact solution     len=  2.752  endpoints_valid=True  collision=False  over_limit=False
[228] PASS  time=  1.324s  status=Exact solution     len=  4.254  endpoints_valid=True  collision=False  over_limit=False
[229] PASS  time=  0.210s  status=Exact solution     len=  1.859  endpoints_valid=True  collision=False  over_limit=False
[230] PASS  time=  0.331s  status=Exact solution     len=  1.777  endpoints_valid=True  collision=False  over_limit=False
[231] PASS  time=  1.137s  status=Exact solution     len=  3.115  endpoints_valid=True  collision=False  over_limit=False
[232] PASS  time=  0.714s  status=Exact solution     len=  1.754  endpoints_valid=True  collision=False  over_limit=False
[233] PASS  time=  0.602s  status=Exact solution     len=  2.400  endpoints_valid=True  collision=False  over_limit=False
[234] PASS  time=  0.207s  status=Exact solution     len=  1.252  endpoints_valid=True  collision=False  over_limit=False
[235] PASS  time=  0.397s  status=Exact solution     len=  2.355  endpoints_valid=True  collision=False  over_limit=False
[236] PASS  time=  0.098s  status=Exact solution     len=  1.819  endpoints_valid=True  collision=False  over_limit=False
[237] PASS  time=  0.267s  status=Exact solution     len=  2.935  endpoints_valid=True  collision=False  over_limit=False
[238] PASS  time=  0.173s  status=Exact solution     len=  2.201  endpoints_valid=True  collision=False  over_limit=False
[239] PASS  time=  0.080s  status=Exact solution     len=  1.761  endpoints_valid=True  collision=False  over_limit=False
[240] PASS  time=  0.252s  status=Exact solution     len=  2.508  endpoints_valid=True  collision=False  over_limit=False
[241] PASS  time=  0.434s  status=Exact solution     len=  1.967  endpoints_valid=True  collision=False  over_limit=False
[242] PASS  time=  0.016s  status=Exact solution     len=  1.629  endpoints_valid=True  collision=False  over_limit=False
[243] PASS  time=  0.564s  status=Exact solution     len=  3.081  endpoints_valid=True  collision=False  over_limit=False
[244] PASS  time=  0.311s  status=Exact solution     len=  2.922  endpoints_valid=True  collision=False  over_limit=False
[245] PASS  time=  0.122s  status=Exact solution     len=  1.801  endpoints_valid=True  collision=False  over_limit=False
[246] PASS  time=  0.038s  status=Exact solution     len=  1.677  endpoints_valid=True  collision=False  over_limit=False
[247] PASS  time=  0.429s  status=Exact solution     len=  1.442  endpoints_valid=True  collision=False  over_limit=False
[248] PASS  time=  0.613s  status=Exact solution     len=  1.465  endpoints_valid=True  collision=False  over_limit=False
[249] PASS  time=  0.827s  status=Exact solution     len=  3.661  endpoints_valid=True  collision=False  over_limit=False
[250] PASS  time=  0.154s  status=Exact solution     len=  2.114  endpoints_valid=True  collision=False  over_limit=False
[251] PASS  time=  0.280s  status=Exact solution     len=  2.765  endpoints_valid=True  collision=False  over_limit=False
[252] PASS  time=  0.212s  status=Exact solution     len=  1.791  endpoints_valid=True  collision=False  over_limit=False
[253] PASS  time=  0.351s  status=Exact solution     len=  4.327  endpoints_valid=True  collision=False  over_limit=False
[254] PASS  time=  1.099s  status=Exact solution     len=  5.293  endpoints_valid=True  collision=False  over_limit=False
[255] PASS  time=  0.290s  status=Exact solution     len=  2.974  endpoints_valid=True  collision=False  over_limit=False
[256] PASS  time=  2.024s  status=Exact solution     len=  2.383  endpoints_valid=True  collision=False  over_limit=False
[257] PASS  time=  0.887s  status=Exact solution     len=  3.896  endpoints_valid=True  collision=False  over_limit=False
[258] PASS  time=  0.169s  status=Exact solution     len=  2.568  endpoints_valid=True  collision=False  over_limit=False
[259] PASS  time=  0.204s  status=Exact solution     len=  2.233  endpoints_valid=True  collision=False  over_limit=False
[260] PASS  time=  0.354s  status=Exact solution     len=  2.070  endpoints_valid=True  collision=False  over_limit=False
[261] PASS  time=  0.058s  status=Exact solution     len=  1.611  endpoints_valid=True  collision=False  over_limit=False
[262] PASS  time=  0.023s  status=Exact solution     len=  1.789  endpoints_valid=True  collision=False  over_limit=False
[263] PASS  time=  0.157s  status=Exact solution     len=  1.229  endpoints_valid=True  collision=False  over_limit=False
[264] PASS  time=  1.208s  status=Exact solution     len=  3.355  endpoints_valid=True  collision=False  over_limit=False
[265] PASS  time=  0.181s  status=Exact solution     len=  2.391  endpoints_valid=True  collision=False  over_limit=False
[266] PASS  time=  0.720s  status=Exact solution     len=  2.780  endpoints_valid=True  collision=False  over_limit=False
[267] PASS  time=  0.274s  status=Exact solution     len=  1.725  endpoints_valid=True  collision=False  over_limit=False
[268] PASS  time=  0.718s  status=Exact solution     len=  4.188  endpoints_valid=True  collision=False  over_limit=False
[269] PASS  time=  0.070s  status=Exact solution     len=  1.806  endpoints_valid=True  collision=False  over_limit=False
[270] PASS  time=  0.220s  status=Exact solution     len=  2.249  endpoints_valid=True  collision=False  over_limit=False
[271] PASS  time=  0.093s  status=Exact solution     len=  2.301  endpoints_valid=True  collision=False  over_limit=False
[272] PASS  time=  0.388s  status=Exact solution     len=  2.699  endpoints_valid=True  collision=False  over_limit=False
[273] PASS  time=  0.111s  status=Exact solution     len=  2.556  endpoints_valid=True  collision=False  over_limit=False
[274] PASS  time=  1.497s  status=Exact solution     len=  6.101  endpoints_valid=True  collision=False  over_limit=False
[275] PASS  time=  0.356s  status=Exact solution     len=  3.319  endpoints_valid=True  collision=False  over_limit=False
[276] PASS  time=  1.565s  status=Exact solution     len=  4.061  endpoints_valid=True  collision=False  over_limit=False
[277] PASS  time=  0.190s  status=Exact solution     len=  1.502  endpoints_valid=True  collision=False  over_limit=False
[278] PASS  time=  0.078s  status=Exact solution     len=  1.821  endpoints_valid=True  collision=False  over_limit=False
[279] PASS  time=  0.325s  status=Exact solution     len=  2.627  endpoints_valid=True  collision=False  over_limit=False
[280] PASS  time=  0.514s  status=Exact solution     len=  1.964  endpoints_valid=True  collision=False  over_limit=False
[281] PASS  time=  0.100s  status=Exact solution     len=  1.992  endpoints_valid=True  collision=False  over_limit=False
[282] PASS  time=  0.324s  status=Exact solution     len=  2.497  endpoints_valid=True  collision=False  over_limit=False
[283] PASS  time=  0.851s  status=Exact solution     len=  2.119  endpoints_valid=True  collision=False  over_limit=False
[284] PASS  time=  0.575s  status=Exact solution     len=  2.309  endpoints_valid=True  collision=False  over_limit=False
[285] PASS  time=  0.803s  status=Exact solution     len=  3.128  endpoints_valid=True  collision=False  over_limit=False
[286] PASS  time=  0.627s  status=Exact solution     len=  3.295  endpoints_valid=True  collision=False  over_limit=False
[287] PASS  time=  1.366s  status=Exact solution     len=  4.250  endpoints_valid=True  collision=False  over_limit=False
[288] PASS  time=  0.264s  status=Exact solution     len=  2.689  endpoints_valid=True  collision=False  over_limit=False
[289] PASS  time=  0.862s  status=Exact solution     len=  3.542  endpoints_valid=True  collision=False  over_limit=False
[290] PASS  time=  0.124s  status=Exact solution     len=  2.156  endpoints_valid=True  collision=False  over_limit=False
[291] PASS  time=  0.201s  status=Exact solution     len=  2.883  endpoints_valid=True  collision=False  over_limit=False
[292] PASS  time=  0.330s  status=Exact solution     len=  2.663  endpoints_valid=True  collision=False  over_limit=False
[293] PASS  time=  0.106s  status=Exact solution     len=  1.739  endpoints_valid=True  collision=False  over_limit=False
[294] PASS  time=  0.423s  status=Exact solution     len=  1.909  endpoints_valid=True  collision=False  over_limit=False
[295] PASS  time=  0.363s  status=Exact solution     len=  2.384  endpoints_valid=True  collision=False  over_limit=False
[296] PASS  time=  0.223s  status=Exact solution     len=  2.809  endpoints_valid=True  collision=False  over_limit=False
[297] PASS  time=  0.458s  status=Exact solution     len=  1.747  endpoints_valid=True  collision=False  over_limit=False
[298] PASS  time=  1.538s  status=Exact solution     len=  1.941  endpoints_valid=True  collision=False  over_limit=False
[299] PASS  time=  0.142s  status=Exact solution     len=  2.398  endpoints_valid=True  collision=False  over_limit=False
[300] PASS  time=  0.273s  status=Exact solution     len=  1.911  endpoints_valid=True  collision=False  over_limit=False
[301] PASS  time=  0.206s  status=Exact solution     len=  1.401  endpoints_valid=True  collision=False  over_limit=False
[302] PASS  time=  0.136s  status=Exact solution     len=  1.648  endpoints_valid=True  collision=False  over_limit=False
[303] PASS  time=  0.261s  status=Exact solution     len=  1.349  endpoints_valid=True  collision=False  over_limit=False
[304] PASS  time=  0.415s  status=Exact solution     len=  3.206  endpoints_valid=True  collision=False  over_limit=False
[305] PASS  time=  0.172s  status=Exact solution     len=  1.824  endpoints_valid=True  collision=False  over_limit=False
[306] PASS  time=  0.339s  status=Exact solution     len=  2.246  endpoints_valid=True  collision=False  over_limit=False
[307] PASS  time=  0.405s  status=Exact solution     len=  1.591  endpoints_valid=True  collision=False  over_limit=False
[308] PASS  time=  0.389s  status=Exact solution     len=  2.159  endpoints_valid=True  collision=False  over_limit=False
[309] PASS  time=  0.070s  status=Exact solution     len=  2.135  endpoints_valid=True  collision=False  over_limit=False
[310] PASS  time=  0.408s  status=Exact solution     len=  1.335  endpoints_valid=True  collision=False  over_limit=False
[311] PASS  time=  0.194s  status=Exact solution     len=  2.112  endpoints_valid=True  collision=False  over_limit=False
[312] PASS  time=  0.056s  status=Exact solution     len=  1.342  endpoints_valid=True  collision=False  over_limit=False
[313] PASS  time=  0.452s  status=Exact solution     len=  1.208  endpoints_valid=True  collision=False  over_limit=False
[314] PASS  time=  0.720s  status=Exact solution     len=  3.208  endpoints_valid=True  collision=False  over_limit=False
[315] PASS  time=  0.130s  status=Exact solution     len=  1.599  endpoints_valid=True  collision=False  over_limit=False
[316] PASS  time=  0.418s  status=Exact solution     len=  2.823  endpoints_valid=True  collision=False  over_limit=False
[317] PASS  time=  0.216s  status=Exact solution     len=  1.148  endpoints_valid=True  collision=False  over_limit=False
[318] PASS  time=  0.264s  status=Exact solution     len=  1.487  endpoints_valid=True  collision=False  over_limit=False
[319] PASS  time=  0.807s  status=Exact solution     len=  3.090  endpoints_valid=True  collision=False  over_limit=False
[320] PASS  time=  0.123s  status=Exact solution     len=  1.714  endpoints_valid=True  collision=False  over_limit=False
[321] PASS  time=  0.726s  status=Exact solution     len=  2.863  endpoints_valid=True  collision=False  over_limit=False
[322] PASS  time=  0.397s  status=Exact solution     len=  2.319  endpoints_valid=True  collision=False  over_limit=False
[323] PASS  time=  0.436s  status=Exact solution     len=  1.948  endpoints_valid=True  collision=False  over_limit=False
[324] PASS  time=  0.261s  status=Exact solution     len=  2.080  endpoints_valid=True  collision=False  over_limit=False
[325] PASS  time=  0.539s  status=Exact solution     len=  1.734  endpoints_valid=True  collision=False  over_limit=False
[326] PASS  time=  0.124s  status=Exact solution     len=  1.403  endpoints_valid=True  collision=False  over_limit=False
[327] PASS  time=  0.303s  status=Exact solution     len=  3.032  endpoints_valid=True  collision=False  over_limit=False
[328] PASS  time=  0.120s  status=Exact solution     len=  1.952  endpoints_valid=True  collision=False  over_limit=False
[329] PASS  time=  0.111s  status=Exact solution     len=  1.968  endpoints_valid=True  collision=False  over_limit=False
[330] PASS  time=  1.010s  status=Exact solution     len=  4.961  endpoints_valid=True  collision=False  over_limit=False
[331] PASS  time=  0.070s  status=Exact solution     len=  1.851  endpoints_valid=True  collision=False  over_limit=False
[332] PASS  time=  0.083s  status=Exact solution     len=  2.146  endpoints_valid=True  collision=False  over_limit=False
[333] PASS  time=  0.381s  status=Exact solution     len=  3.729  endpoints_valid=True  collision=False  over_limit=False
[334] PASS  time=  0.284s  status=Exact solution     len=  1.984  endpoints_valid=True  collision=False  over_limit=False
[335] PASS  time=  0.175s  status=Exact solution     len=  1.632  endpoints_valid=True  collision=False  over_limit=False
[336] PASS  time=  0.015s  status=Exact solution     len=  2.354  endpoints_valid=True  collision=False  over_limit=False
[337] PASS  time=  0.069s  status=Exact solution     len=  2.166  endpoints_valid=True  collision=False  over_limit=False
[338] PASS  time=  0.301s  status=Exact solution     len=  1.238  endpoints_valid=True  collision=False  over_limit=False
[339] PASS  time=  1.257s  status=Exact solution     len=  2.153  endpoints_valid=True  collision=False  over_limit=False
[340] PASS  time=  0.189s  status=Exact solution     len=  1.835  endpoints_valid=True  collision=False  over_limit=False
[341] PASS  time=  0.584s  status=Exact solution     len=  2.395  endpoints_valid=True  collision=False  over_limit=False
[342] PASS  time=  0.154s  status=Exact solution     len=  1.287  endpoints_valid=True  collision=False  over_limit=False
[343] PASS  time=  0.157s  status=Exact solution     len=  3.251  endpoints_valid=True  collision=False  over_limit=False
[344] PASS  time=  0.079s  status=Exact solution     len=  2.058  endpoints_valid=True  collision=False  over_limit=False
[345] PASS  time=  0.743s  status=Exact solution     len=  4.249  endpoints_valid=True  collision=False  over_limit=False
[346] PASS  time=  0.190s  status=Exact solution     len=  1.978  endpoints_valid=True  collision=False  over_limit=False
[347] PASS  time=  0.555s  status=Exact solution     len=  1.569  endpoints_valid=True  collision=False  over_limit=False
[348] PASS  time=  0.202s  status=Exact solution     len=  1.630  endpoints_valid=True  collision=False  over_limit=False
[349] PASS  time=  0.096s  status=Exact solution     len=  1.786  endpoints_valid=True  collision=False  over_limit=False
[350] PASS  time=  0.078s  status=Exact solution     len=  2.163  endpoints_valid=True  collision=False  over_limit=False
[351] PASS  time=  0.448s  status=Exact solution     len=  3.152  endpoints_valid=True  collision=False  over_limit=False
[352] PASS  time=  0.326s  status=Exact solution     len=  2.793  endpoints_valid=True  collision=False  over_limit=False
[353] PASS  time=  0.197s  status=Exact solution     len=  1.559  endpoints_valid=True  collision=False  over_limit=False
[354] PASS  time=  0.269s  status=Exact solution     len=  3.439  endpoints_valid=True  collision=False  over_limit=False
[355] PASS  time=  0.028s  status=Exact solution     len=  2.138  endpoints_valid=True  collision=False  over_limit=False
[356] PASS  time=  0.254s  status=Exact solution     len=  1.874  endpoints_valid=True  collision=False  over_limit=False
[357] PASS  time=  0.018s  status=Exact solution     len=  1.858  endpoints_valid=True  collision=False  over_limit=False
[358] PASS  time=  0.264s  status=Exact solution     len=  2.257  endpoints_valid=True  collision=False  over_limit=False
[359] PASS  time=  0.157s  status=Exact solution     len=  2.334  endpoints_valid=True  collision=False  over_limit=False
[360] PASS  time=  0.201s  status=Exact solution     len=  2.479  endpoints_valid=True  collision=False  over_limit=False
[361] PASS  time=  0.215s  status=Exact solution     len=  3.420  endpoints_valid=True  collision=False  over_limit=False
[362] PASS  time=  0.120s  status=Exact solution     len=  2.245  endpoints_valid=True  collision=False  over_limit=False
[363] PASS  time=  0.265s  status=Exact solution     len=  2.113  endpoints_valid=True  collision=False  over_limit=False
[364] PASS  time=  0.128s  status=Exact solution     len=  1.318  endpoints_valid=True  collision=False  over_limit=False
[365] PASS  time=  0.316s  status=Exact solution     len=  3.648  endpoints_valid=True  collision=False  over_limit=False
[366] PASS  time=  0.270s  status=Exact solution     len=  2.204  endpoints_valid=True  collision=False  over_limit=False
[367] PASS  time=  0.093s  status=Exact solution     len=  1.780  endpoints_valid=True  collision=False  over_limit=False
[368] PASS  time=  0.127s  status=Exact solution     len=  2.256  endpoints_valid=True  collision=False  over_limit=False
[369] PASS  time=  0.169s  status=Exact solution     len=  2.008  endpoints_valid=True  collision=False  over_limit=False
[370] PASS  time=  0.142s  status=Exact solution     len=  1.902  endpoints_valid=True  collision=False  over_limit=False
[371] PASS  time=  0.189s  status=Exact solution     len=  2.064  endpoints_valid=True  collision=False  over_limit=False
[372] PASS  time=  0.583s  status=Exact solution     len=  3.910  endpoints_valid=True  collision=False  over_limit=False
[373] PASS  time=  0.494s  status=Exact solution     len=  2.055  endpoints_valid=True  collision=False  over_limit=False
[374] PASS  time=  0.383s  status=Exact solution     len=  3.368  endpoints_valid=True  collision=False  over_limit=False
[375] PASS  time=  0.536s  status=Exact solution     len=  3.156  endpoints_valid=True  collision=False  over_limit=False
[376] PASS  time=  0.477s  status=Exact solution     len=  1.304  endpoints_valid=True  collision=False  over_limit=False
[377] PASS  time=  0.827s  status=Exact solution     len=  6.244  endpoints_valid=True  collision=False  over_limit=False
[378] PASS  time=  0.246s  status=Exact solution     len=  1.331  endpoints_valid=True  collision=False  over_limit=False
[379] PASS  time=  0.314s  status=Exact solution     len=  2.793  endpoints_valid=True  collision=False  over_limit=False
[380] PASS  time=  0.040s  status=Exact solution     len=  1.785  endpoints_valid=True  collision=False  over_limit=False
[381] PASS  time=  0.146s  status=Exact solution     len=  1.709  endpoints_valid=True  collision=False  over_limit=False
[382] PASS  time=  0.116s  status=Exact solution     len=  1.340  endpoints_valid=True  collision=False  over_limit=False
[383] PASS  time=  0.505s  status=Exact solution     len=  3.288  endpoints_valid=True  collision=False  over_limit=False
[384] PASS  time=  1.680s  status=Exact solution     len=  4.642  endpoints_valid=True  collision=False  over_limit=False
[385] PASS  time=  0.887s  status=Exact solution     len=  4.195  endpoints_valid=True  collision=False  over_limit=False
[386] PASS  time=  0.233s  status=Exact solution     len=  1.695  endpoints_valid=True  collision=False  over_limit=False
[387] PASS  time=  0.205s  status=Exact solution     len=  2.910  endpoints_valid=True  collision=False  over_limit=False
[388] PASS  time=  0.429s  status=Exact solution     len=  3.006  endpoints_valid=True  collision=False  over_limit=False
[389] PASS  time=  0.292s  status=Exact solution     len=  2.220  endpoints_valid=True  collision=False  over_limit=False
[390] PASS  time=  0.154s  status=Exact solution     len=  1.870  endpoints_valid=True  collision=False  over_limit=False
[391] PASS  time=  0.408s  status=Exact solution     len=  3.044  endpoints_valid=True  collision=False  over_limit=False
[392] PASS  time=  0.076s  status=Exact solution     len=  2.253  endpoints_valid=True  collision=False  over_limit=False
[393] PASS  time=  0.038s  status=Exact solution     len=  0.949  endpoints_valid=True  collision=False  over_limit=False
[394] PASS  time=  1.353s  status=Exact solution     len=  6.374  endpoints_valid=True  collision=False  over_limit=False
[395] PASS  time=  0.272s  status=Exact solution     len=  2.691  endpoints_valid=True  collision=False  over_limit=False
[396] PASS  time=  0.858s  status=Exact solution     len=  2.784  endpoints_valid=True  collision=False  over_limit=False
[397] PASS  time=  0.231s  status=Exact solution     len=  2.541  endpoints_valid=True  collision=False  over_limit=False
[398] PASS  time=  0.698s  status=Exact solution     len=  2.419  endpoints_valid=True  collision=False  over_limit=False
[399] PASS  time=  0.035s  status=Exact solution     len=  2.314  endpoints_valid=True  collision=False  over_limit=False
[400] PASS  time=  0.467s  status=Exact solution     len=  3.268  endpoints_valid=True  collision=False  over_limit=False
[401] PASS  time=  0.829s  status=Exact solution     len=  2.931  endpoints_valid=True  collision=False  over_limit=False
[402] PASS  time=  0.274s  status=Exact solution     len=  2.513  endpoints_valid=True  collision=False  over_limit=False
[403] PASS  time=  0.482s  status=Exact solution     len=  2.979  endpoints_valid=True  collision=False  over_limit=False
[404] PASS  time=  0.303s  status=Exact solution     len=  1.698  endpoints_valid=True  collision=False  over_limit=False
[405] PASS  time=  0.189s  status=Exact solution     len=  3.242  endpoints_valid=True  collision=False  over_limit=False
[406] PASS  time=  0.285s  status=Exact solution     len=  3.805  endpoints_valid=True  collision=False  over_limit=False
[407] PASS  time=  0.019s  status=Exact solution     len=  1.931  endpoints_valid=True  collision=False  over_limit=False
[408] PASS  time=  0.095s  status=Exact solution     len=  2.208  endpoints_valid=True  collision=False  over_limit=False
[409] PASS  time=  0.971s  status=Exact solution     len=  3.943  endpoints_valid=True  collision=False  over_limit=False
[410] PASS  time=  0.031s  status=Exact solution     len=  1.420  endpoints_valid=True  collision=False  over_limit=False
[411] PASS  time=  0.369s  status=Exact solution     len=  2.836  endpoints_valid=True  collision=False  over_limit=False
[412] PASS  time=  0.527s  status=Exact solution     len=  1.362  endpoints_valid=True  collision=False  over_limit=False
[413] PASS  time=  0.024s  status=Exact solution     len=  1.455  endpoints_valid=True  collision=False  over_limit=False
[414] PASS  time=  0.016s  status=Exact solution     len=  1.510  endpoints_valid=True  collision=False  over_limit=False
[415] PASS  time=  0.291s  status=Exact solution     len=  1.782  endpoints_valid=True  collision=False  over_limit=False
[416] PASS  time=  0.072s  status=Exact solution     len=  1.453  endpoints_valid=True  collision=False  over_limit=False
[417] PASS  time=  0.595s  status=Exact solution     len=  4.079  endpoints_valid=True  collision=False  over_limit=False
[418] PASS  time=  0.080s  status=Exact solution     len=  1.731  endpoints_valid=True  collision=False  over_limit=False
[419] PASS  time=  0.373s  status=Exact solution     len=  2.732  endpoints_valid=True  collision=False  over_limit=False
[420] PASS  time=  0.714s  status=Exact solution     len=  4.320  endpoints_valid=True  collision=False  over_limit=False
[421] PASS  time=  0.155s  status=Exact solution     len=  3.074  endpoints_valid=True  collision=False  over_limit=False
[422] PASS  time=  4.678s  status=Exact solution     len=  5.462  endpoints_valid=True  collision=False  over_limit=False
[423] PASS  time=  1.519s  status=Exact solution     len=  3.784  endpoints_valid=True  collision=False  over_limit=False
[424] PASS  time=  0.137s  status=Exact solution     len=  2.240  endpoints_valid=True  collision=False  over_limit=False
[425] PASS  time=  1.590s  status=Exact solution     len=  5.056  endpoints_valid=True  collision=False  over_limit=False
[426] PASS  time=  0.288s  status=Exact solution     len=  1.909  endpoints_valid=True  collision=False  over_limit=False
[427] PASS  time=  0.122s  status=Exact solution     len=  1.541  endpoints_valid=True  collision=False  over_limit=False
[428] PASS  time=  0.304s  status=Exact solution     len=  2.413  endpoints_valid=True  collision=False  over_limit=False
[429] PASS  time=  0.542s  status=Exact solution     len=  2.991  endpoints_valid=True  collision=False  over_limit=False
[430] PASS  time=  0.365s  status=Exact solution     len=  2.255  endpoints_valid=True  collision=False  over_limit=False
[431] PASS  time=  0.049s  status=Exact solution     len=  1.843  endpoints_valid=True  collision=False  over_limit=False
[432] PASS  time=  2.500s  status=Exact solution     len=  3.262  endpoints_valid=True  collision=False  over_limit=False
[433] PASS  time=  0.326s  status=Exact solution     len=  3.043  endpoints_valid=True  collision=False  over_limit=False
[434] PASS  time=  0.109s  status=Exact solution     len=  2.025  endpoints_valid=True  collision=False  over_limit=False
[435] PASS  time=  0.940s  status=Exact solution     len=  2.981  endpoints_valid=True  collision=False  over_limit=False
[436] PASS  time=  0.722s  status=Exact solution     len=  3.617  endpoints_valid=True  collision=False  over_limit=False
[437] PASS  time=  0.139s  status=Exact solution     len=  1.289  endpoints_valid=True  collision=False  over_limit=False
[438] PASS  time=  0.060s  status=Exact solution     len=  1.766  endpoints_valid=True  collision=False  over_limit=False
[439] PASS  time=  0.235s  status=Exact solution     len=  1.807  endpoints_valid=True  collision=False  over_limit=False
[440] PASS  time=  0.059s  status=Exact solution     len=  1.793  endpoints_valid=True  collision=False  over_limit=False
[441] PASS  time=  0.406s  status=Exact solution     len=  3.302  endpoints_valid=True  collision=False  over_limit=False
[442] PASS  time=  0.136s  status=Exact solution     len=  2.207  endpoints_valid=True  collision=False  over_limit=False
[443] PASS  time=  0.193s  status=Exact solution     len=  1.960  endpoints_valid=True  collision=False  over_limit=False
[444] PASS  time=  1.801s  status=Exact solution     len=  4.477  endpoints_valid=True  collision=False  over_limit=False
[445] PASS  time=  0.211s  status=Exact solution     len=  2.047  endpoints_valid=True  collision=False  over_limit=False
[446] PASS  time=  0.141s  status=Exact solution     len=  2.852  endpoints_valid=True  collision=False  over_limit=False
[447] PASS  time=  0.705s  status=Exact solution     len=  3.941  endpoints_valid=True  collision=False  over_limit=False
[448] PASS  time=  0.392s  status=Exact solution     len=  3.132  endpoints_valid=True  collision=False  over_limit=False
[449] PASS  time=  0.070s  status=Exact solution     len=  2.726  endpoints_valid=True  collision=False  over_limit=False
[450] PASS  time=  0.420s  status=Exact solution     len=  2.978  endpoints_valid=True  collision=False  over_limit=False
[451] PASS  time=  0.523s  status=Exact solution     len=  2.912  endpoints_valid=True  collision=False  over_limit=False
[452] PASS  time=  0.892s  status=Exact solution     len=  3.080  endpoints_valid=True  collision=False  over_limit=False
[453] PASS  time=  0.310s  status=Exact solution     len=  2.499  endpoints_valid=True  collision=False  over_limit=False
[454] PASS  time=  0.125s  status=Exact solution     len=  1.686  endpoints_valid=True  collision=False  over_limit=False
[455] PASS  time=  0.819s  status=Exact solution     len=  4.773  endpoints_valid=True  collision=False  over_limit=False
[456] PASS  time=  0.110s  status=Exact solution     len=  2.254  endpoints_valid=True  collision=False  over_limit=False
[457] PASS  time=  0.213s  status=Exact solution     len=  1.565  endpoints_valid=True  collision=False  over_limit=False
[458] PASS  time=  0.983s  status=Exact solution     len=  2.267  endpoints_valid=True  collision=False  over_limit=False
[459] PASS  time=  0.079s  status=Exact solution     len=  2.296  endpoints_valid=True  collision=False  over_limit=False
[460] PASS  time=  0.212s  status=Exact solution     len=  1.144  endpoints_valid=True  collision=False  over_limit=False
[461] PASS  time=  0.044s  status=Exact solution     len=  1.422  endpoints_valid=True  collision=False  over_limit=False
[462] PASS  time=  0.625s  status=Exact solution     len=  2.792  endpoints_valid=True  collision=False  over_limit=False
[463] PASS  time=  0.414s  status=Exact solution     len=  2.168  endpoints_valid=True  collision=False  over_limit=False
[464] PASS  time=  0.075s  status=Exact solution     len=  2.055  endpoints_valid=True  collision=False  over_limit=False
[465] PASS  time=  0.781s  status=Exact solution     len=  1.952  endpoints_valid=True  collision=False  over_limit=False
[466] PASS  time=  0.206s  status=Exact solution     len=  1.803  endpoints_valid=True  collision=False  over_limit=False
[467] PASS  time=  0.088s  status=Exact solution     len=  1.340  endpoints_valid=True  collision=False  over_limit=False
[468] PASS  time=  0.543s  status=Exact solution     len=  1.731  endpoints_valid=True  collision=False  over_limit=False
[469] PASS  time=  0.216s  status=Exact solution     len=  2.008  endpoints_valid=True  collision=False  over_limit=False
[470] PASS  time=  1.363s  status=Exact solution     len=  3.791  endpoints_valid=True  collision=False  over_limit=False
[471] PASS  time=  0.384s  status=Exact solution     len=  1.336  endpoints_valid=True  collision=False  over_limit=False
[472] PASS  time=  0.174s  status=Exact solution     len=  1.907  endpoints_valid=True  collision=False  over_limit=False
[473] PASS  time=  0.287s  status=Exact solution     len=  2.326  endpoints_valid=True  collision=False  over_limit=False
[474] PASS  time=  0.158s  status=Exact solution     len=  2.526  endpoints_valid=True  collision=False  over_limit=False
[475] PASS  time=  0.070s  status=Exact solution     len=  1.898  endpoints_valid=True  collision=False  over_limit=False
[476] PASS  time=  0.192s  status=Exact solution     len=  2.266  endpoints_valid=True  collision=False  over_limit=False
[477] PASS  time=  0.302s  status=Exact solution     len=  2.590  endpoints_valid=True  collision=False  over_limit=False
[478] PASS  time=  0.354s  status=Exact solution     len=  2.557  endpoints_valid=True  collision=False  over_limit=False
[479] PASS  time=  0.151s  status=Exact solution     len=  1.504  endpoints_valid=True  collision=False  over_limit=False
[480] PASS  time=  0.447s  status=Exact solution     len=  3.265  endpoints_valid=True  collision=False  over_limit=False
[481] PASS  time=  0.309s  status=Exact solution     len=  3.276  endpoints_valid=True  collision=False  over_limit=False
[482] PASS  time=  0.269s  status=Exact solution     len=  4.596  endpoints_valid=True  collision=False  over_limit=False
[483] PASS  time=  0.070s  status=Exact solution     len=  2.184  endpoints_valid=True  collision=False  over_limit=False
[484] PASS  time=  0.218s  status=Exact solution     len=  2.518  endpoints_valid=True  collision=False  over_limit=False
[485] PASS  time=  0.158s  status=Exact solution     len=  2.050  endpoints_valid=True  collision=False  over_limit=False
[486] PASS  time=  0.300s  status=Exact solution     len=  2.270  endpoints_valid=True  collision=False  over_limit=False
[487] PASS  time=  0.606s  status=Exact solution     len=  4.561  endpoints_valid=True  collision=False  over_limit=False
[488] PASS  time=  0.309s  status=Exact solution     len=  3.310  endpoints_valid=True  collision=False  over_limit=False
[489] PASS  time=  0.182s  status=Exact solution     len=  1.202  endpoints_valid=True  collision=False  over_limit=False
[490] PASS  time=  0.507s  status=Exact solution     len=  2.048  endpoints_valid=True  collision=False  over_limit=False
[491] PASS  time=  0.122s  status=Exact solution     len=  2.081  endpoints_valid=True  collision=False  over_limit=False
[492] PASS  time=  0.274s  status=Exact solution     len=  3.379  endpoints_valid=True  collision=False  over_limit=False
[493] PASS  time=  1.602s  status=Exact solution     len=  3.118  endpoints_valid=True  collision=False  over_limit=False
[494] PASS  time=  0.322s  status=Exact solution     len=  3.421  endpoints_valid=True  collision=False  over_limit=False
[495] PASS  time=  0.128s  status=Exact solution     len=  1.831  endpoints_valid=True  collision=False  over_limit=False
[496] PASS  time=  0.395s  status=Exact solution     len=  2.155  endpoints_valid=True  collision=False  over_limit=False
[497] PASS  time=  0.373s  status=Exact solution     len=  2.455  endpoints_valid=True  collision=False  over_limit=False
[498] PASS  time=  0.366s  status=Exact solution     len=  3.150  endpoints_valid=True  collision=False  over_limit=False
[499] PASS  time=  0.193s  status=Exact solution     len=  1.716  endpoints_valid=True  collision=False  over_limit=False
[500] PASS  time=  0.136s  status=Exact solution     len=  1.606  endpoints_valid=True  collision=False  over_limit=False
[501] PASS  time=  1.541s  status=Exact solution     len=  3.294  endpoints_valid=True  collision=False  over_limit=False
[502] PASS  time=  0.464s  status=Exact solution     len=  3.505  endpoints_valid=True  collision=False  over_limit=False
[503] PASS  time=  0.036s  status=Exact solution     len=  1.563  endpoints_valid=True  collision=False  over_limit=False
[504] PASS  time=  0.171s  status=Exact solution     len=  2.681  endpoints_valid=True  collision=False  over_limit=False
[505] PASS  time=  0.817s  status=Exact solution     len=  3.573  endpoints_valid=True  collision=False  over_limit=False
[506] PASS  time=  0.571s  status=Exact solution     len=  3.175  endpoints_valid=True  collision=False  over_limit=False
[507] PASS  time=  0.447s  status=Exact solution     len=  3.085  endpoints_valid=True  collision=False  over_limit=False
[508] PASS  time=  0.086s  status=Exact solution     len=  1.177  endpoints_valid=True  collision=False  over_limit=False
[509] PASS  time=  0.744s  status=Exact solution     len=  2.898  endpoints_valid=True  collision=False  over_limit=False
[510] PASS  time=  0.137s  status=Exact solution     len=  1.673  endpoints_valid=True  collision=False  over_limit=False
[511] PASS  time=  0.203s  status=Exact solution     len=  1.766  endpoints_valid=True  collision=False  over_limit=False
[512] PASS  time=  0.372s  status=Exact solution     len=  2.505  endpoints_valid=True  collision=False  over_limit=False
[513] PASS  time=  0.129s  status=Exact solution     len=  1.934  endpoints_valid=True  collision=False  over_limit=False
[514] PASS  time=  0.276s  status=Exact solution     len=  2.319  endpoints_valid=True  collision=False  over_limit=False
[515] PASS  time=  0.176s  status=Exact solution     len=  2.596  endpoints_valid=True  collision=False  over_limit=False
[516] PASS  time=  0.053s  status=Exact solution     len=  1.943  endpoints_valid=True  collision=False  over_limit=False
[517] PASS  time=  0.548s  status=Exact solution     len=  2.667  endpoints_valid=True  collision=False  over_limit=False
[518] PASS  time=  0.546s  status=Exact solution     len=  2.843  endpoints_valid=True  collision=False  over_limit=False
[519] PASS  time=  0.037s  status=Exact solution     len=  1.723  endpoints_valid=True  collision=False  over_limit=False
[520] PASS  time=  0.113s  status=Exact solution     len=  2.079  endpoints_valid=True  collision=False  over_limit=False
[521] PASS  time=  0.455s  status=Exact solution     len=  3.044  endpoints_valid=True  collision=False  over_limit=False
[522] PASS  time=  0.009s  status=Exact solution     len=  1.927  endpoints_valid=True  collision=False  over_limit=False
[523] PASS  time=  0.043s  status=Exact solution     len=  2.065  endpoints_valid=True  collision=False  over_limit=False
[524] PASS  time=  0.148s  status=Exact solution     len=  1.722  endpoints_valid=True  collision=False  over_limit=False
[525] PASS  time=  0.131s  status=Exact solution     len=  3.383  endpoints_valid=True  collision=False  over_limit=False
[526] PASS  time=  0.880s  status=Exact solution     len=  2.739  endpoints_valid=True  collision=False  over_limit=False
[527] PASS  time=  0.136s  status=Exact solution     len=  2.213  endpoints_valid=True  collision=False  over_limit=False
[528] PASS  time=  0.151s  status=Exact solution     len=  2.830  endpoints_valid=True  collision=False  over_limit=False
[529] PASS  time=  0.261s  status=Exact solution     len=  2.845  endpoints_valid=True  collision=False  over_limit=False
[530] PASS  time=  0.508s  status=Exact solution     len=  1.863  endpoints_valid=True  collision=False  over_limit=False
[531] PASS  time=  0.108s  status=Exact solution     len=  2.145  endpoints_valid=True  collision=False  over_limit=False
[532] PASS  time=  0.287s  status=Exact solution     len=  2.190  endpoints_valid=True  collision=False  over_limit=False
[533] PASS  time=  0.357s  status=Exact solution     len=  3.942  endpoints_valid=True  collision=False  over_limit=False
[534] PASS  time=  0.255s  status=Exact solution     len=  2.406  endpoints_valid=True  collision=False  over_limit=False
[535] PASS  time=  0.184s  status=Exact solution     len=  3.326  endpoints_valid=True  collision=False  over_limit=False
[536] PASS  time=  0.099s  status=Exact solution     len=  1.273  endpoints_valid=True  collision=False  over_limit=False
[537] PASS  time=  0.420s  status=Exact solution     len=  1.105  endpoints_valid=True  collision=False  over_limit=False
[538] PASS  time=  0.032s  status=Exact solution     len=  2.180  endpoints_valid=True  collision=False  over_limit=False
[539] PASS  time=  0.276s  status=Exact solution     len=  2.821  endpoints_valid=True  collision=False  over_limit=False
[540] PASS  time=  1.425s  status=Exact solution     len=  4.358  endpoints_valid=True  collision=False  over_limit=False
[541] PASS  time=  0.183s  status=Exact solution     len=  2.353  endpoints_valid=True  collision=False  over_limit=False
[542] PASS  time=  0.763s  status=Exact solution     len=  3.914  endpoints_valid=True  collision=False  over_limit=False
[543] PASS  time=  0.399s  status=Exact solution     len=  2.720  endpoints_valid=True  collision=False  over_limit=False
[544] PASS  time=  0.499s  status=Exact solution     len=  2.561  endpoints_valid=True  collision=False  over_limit=False
[545] PASS  time=  0.654s  status=Exact solution     len=  4.687  endpoints_valid=True  collision=False  over_limit=False
[546] PASS  time=  0.020s  status=Exact solution     len=  2.011  endpoints_valid=True  collision=False  over_limit=False
[547] PASS  time=  0.035s  status=Exact solution     len=  0.991  endpoints_valid=True  collision=False  over_limit=False
[548] PASS  time=  0.266s  status=Exact solution     len=  1.496  endpoints_valid=True  collision=False  over_limit=False
[549] PASS  time=  0.278s  status=Exact solution     len=  3.164  endpoints_valid=True  collision=False  over_limit=False
[550] PASS  time=  0.247s  status=Exact solution     len=  2.221  endpoints_valid=True  collision=False  over_limit=False
[551] PASS  time=  0.432s  status=Exact solution     len=  4.445  endpoints_valid=True  collision=False  over_limit=False
[552] PASS  time=  0.427s  status=Exact solution     len=  2.288  endpoints_valid=True  collision=False  over_limit=False
[553] PASS  time=  0.210s  status=Exact solution     len=  1.599  endpoints_valid=True  collision=False  over_limit=False
[554] PASS  time=  0.934s  status=Exact solution     len=  3.069  endpoints_valid=True  collision=False  over_limit=False
[555] PASS  time=  0.171s  status=Exact solution     len=  1.663  endpoints_valid=True  collision=False  over_limit=False
[556] PASS  time=  0.338s  status=Exact solution     len=  2.683  endpoints_valid=True  collision=False  over_limit=False
[557] PASS  time=  0.330s  status=Exact solution     len=  2.458  endpoints_valid=True  collision=False  over_limit=False
[558] PASS  time=  0.228s  status=Exact solution     len=  1.517  endpoints_valid=True  collision=False  over_limit=False
[559] PASS  time=  0.247s  status=Exact solution     len=  2.697  endpoints_valid=True  collision=False  over_limit=False
[560] PASS  time=  0.408s  status=Exact solution     len=  2.971  endpoints_valid=True  collision=False  over_limit=False
[561] PASS  time=  0.010s  status=Exact solution     len=  1.321  endpoints_valid=True  collision=False  over_limit=False
[562] PASS  time=  0.122s  status=Exact solution     len=  1.602  endpoints_valid=True  collision=False  over_limit=False
[563] PASS  time=  0.033s  status=Exact solution     len=  1.773  endpoints_valid=True  collision=False  over_limit=False
[564] PASS  time=  0.142s  status=Exact solution     len=  2.277  endpoints_valid=True  collision=False  over_limit=False
[565] PASS  time=  1.273s  status=Exact solution     len=  3.335  endpoints_valid=True  collision=False  over_limit=False
[566] PASS  time=  0.023s  status=Exact solution     len=  1.998  endpoints_valid=True  collision=False  over_limit=False
[567] PASS  time=  0.121s  status=Exact solution     len=  1.586  endpoints_valid=True  collision=False  over_limit=False
[568] PASS  time=  0.065s  status=Exact solution     len=  1.941  endpoints_valid=True  collision=False  over_limit=False
[569] PASS  time=  0.067s  status=Exact solution     len=  2.133  endpoints_valid=True  collision=False  over_limit=False
[570] PASS  time=  0.102s  status=Exact solution     len=  1.455  endpoints_valid=True  collision=False  over_limit=False
[571] PASS  time=  0.741s  status=Exact solution     len=  3.484  endpoints_valid=True  collision=False  over_limit=False
[572] PASS  time=  0.096s  status=Exact solution     len=  1.475  endpoints_valid=True  collision=False  over_limit=False
[573] PASS  time=  0.158s  status=Exact solution     len=  2.409  endpoints_valid=True  collision=False  over_limit=False
[574] PASS  time=  0.074s  status=Exact solution     len=  1.381  endpoints_valid=True  collision=False  over_limit=False
[575] PASS  time=  0.318s  status=Exact solution     len=  1.842  endpoints_valid=True  collision=False  over_limit=False
[576] PASS  time=  0.135s  status=Exact solution     len=  1.592  endpoints_valid=True  collision=False  over_limit=False
[577] PASS  time=  0.200s  status=Exact solution     len=  2.020  endpoints_valid=True  collision=False  over_limit=False
[578] PASS  time=  0.120s  status=Exact solution     len=  2.309  endpoints_valid=True  collision=False  over_limit=False
[579] PASS  time=  0.573s  status=Exact solution     len=  2.921  endpoints_valid=True  collision=False  over_limit=False
[580] PASS  time=  0.150s  status=Exact solution     len=  2.297  endpoints_valid=True  collision=False  over_limit=False
[581] PASS  time=  0.362s  status=Exact solution     len=  2.482  endpoints_valid=True  collision=False  over_limit=False
[582] PASS  time=  0.189s  status=Exact solution     len=  2.258  endpoints_valid=True  collision=False  over_limit=False
[583] PASS  time=  0.544s  status=Exact solution     len=  2.489  endpoints_valid=True  collision=False  over_limit=False
[584] PASS  time=  0.205s  status=Exact solution     len=  2.158  endpoints_valid=True  collision=False  over_limit=False
[585] PASS  time=  0.438s  status=Exact solution     len=  1.497  endpoints_valid=True  collision=False  over_limit=False
[586] PASS  time=  0.093s  status=Exact solution     len=  1.764  endpoints_valid=True  collision=False  over_limit=False
[587] PASS  time=  0.168s  status=Exact solution     len=  1.862  endpoints_valid=True  collision=False  over_limit=False
[588] PASS  time=  0.143s  status=Exact solution     len=  1.983  endpoints_valid=True  collision=False  over_limit=False
[589] PASS  time=  1.559s  status=Exact solution     len=  2.710  endpoints_valid=True  collision=False  over_limit=False
[590] PASS  time=  0.226s  status=Exact solution     len=  2.239  endpoints_valid=True  collision=False  over_limit=False
[591] PASS  time=  0.288s  status=Exact solution     len=  2.358  endpoints_valid=True  collision=False  over_limit=False
[592] PASS  time=  0.428s  status=Exact solution     len=  3.421  endpoints_valid=True  collision=False  over_limit=False
[593] PASS  time=  0.458s  status=Exact solution     len=  3.454  endpoints_valid=True  collision=False  over_limit=False
[594] PASS  time=  0.586s  status=Exact solution     len=  4.191  endpoints_valid=True  collision=False  over_limit=False
[595] PASS  time=  0.253s  status=Exact solution     len=  2.905  endpoints_valid=True  collision=False  over_limit=False
[596] PASS  time=  0.147s  status=Exact solution     len=  1.676  endpoints_valid=True  collision=False  over_limit=False
[597] PASS  time=  0.276s  status=Exact solution     len=  2.351  endpoints_valid=True  collision=False  over_limit=False
[598] PASS  time=  0.726s  status=Exact solution     len=  2.157  endpoints_valid=True  collision=False  over_limit=False
[599] PASS  time=  0.102s  status=Exact solution     len=  2.004  endpoints_valid=True  collision=False  over_limit=False
[600] PASS  time=  0.238s  status=Exact solution     len=  2.326  endpoints_valid=True  collision=False  over_limit=False
[601] PASS  time=  0.161s  status=Exact solution     len=  2.021  endpoints_valid=True  collision=False  over_limit=False
[602] PASS  time=  0.172s  status=Exact solution     len=  1.941  endpoints_valid=True  collision=False  over_limit=False
[603] PASS  time=  0.728s  status=Exact solution     len=  3.289  endpoints_valid=True  collision=False  over_limit=False
[604] PASS  time=  0.504s  status=Exact solution     len=  2.493  endpoints_valid=True  collision=False  over_limit=False
[605] PASS  time=  0.044s  status=Exact solution     len=  2.248  endpoints_valid=True  collision=False  over_limit=False
[606] PASS  time=  0.472s  status=Exact solution     len=  1.503  endpoints_valid=True  collision=False  over_limit=False
[607] PASS  time=  0.514s  status=Exact solution     len=  1.839  endpoints_valid=True  collision=False  over_limit=False
[608] PASS  time=  0.092s  status=Exact solution     len=  1.359  endpoints_valid=True  collision=False  over_limit=False
[609] PASS  time=  0.152s  status=Exact solution     len=  1.689  endpoints_valid=True  collision=False  over_limit=False
[610] PASS  time=  0.039s  status=Exact solution     len=  2.500  endpoints_valid=True  collision=False  over_limit=False
[611] PASS  time=  0.098s  status=Exact solution     len=  1.972  endpoints_valid=True  collision=False  over_limit=False
[612] PASS  time=  0.137s  status=Exact solution     len=  2.686  endpoints_valid=True  collision=False  over_limit=False
[613] PASS  time=  0.089s  status=Exact solution     len=  1.207  endpoints_valid=True  collision=False  over_limit=False
[614] PASS  time=  0.456s  status=Exact solution     len=  1.883  endpoints_valid=True  collision=False  over_limit=False
[615] PASS  time=  1.133s  status=Exact solution     len=  3.053  endpoints_valid=True  collision=False  over_limit=False
[616] PASS  time=  0.399s  status=Exact solution     len=  1.786  endpoints_valid=True  collision=False  over_limit=False
[617] PASS  time=  0.147s  status=Exact solution     len=  2.755  endpoints_valid=True  collision=False  over_limit=False
[618] PASS  time=  0.186s  status=Exact solution     len=  1.539  endpoints_valid=True  collision=False  over_limit=False
[619] PASS  time=  0.189s  status=Exact solution     len=  3.112  endpoints_valid=True  collision=False  over_limit=False
[620] PASS  time=  0.479s  status=Exact solution     len=  2.339  endpoints_valid=True  collision=False  over_limit=False
[621] PASS  time=  0.293s  status=Exact solution     len=  1.671  endpoints_valid=True  collision=False  over_limit=False
[622] PASS  time=  0.152s  status=Exact solution     len=  2.703  endpoints_valid=True  collision=False  over_limit=False
[623] PASS  time=  0.226s  status=Exact solution     len=  1.477  endpoints_valid=True  collision=False  over_limit=False
[624] PASS  time=  0.355s  status=Exact solution     len=  2.210  endpoints_valid=True  collision=False  over_limit=False
[625] PASS  time=  0.142s  status=Exact solution     len=  2.201  endpoints_valid=True  collision=False  over_limit=False
[626] PASS  time=  0.142s  status=Exact solution     len=  1.598  endpoints_valid=True  collision=False  over_limit=False
[627] PASS  time=  0.046s  status=Exact solution     len=  1.872  endpoints_valid=True  collision=False  over_limit=False
[628] PASS  time=  0.017s  status=Exact solution     len=  1.695  endpoints_valid=True  collision=False  over_limit=False
[629] PASS  time=  0.185s  status=Exact solution     len=  2.155  endpoints_valid=True  collision=False  over_limit=False
[630] PASS  time=  1.023s  status=Exact solution     len=  4.113  endpoints_valid=True  collision=False  over_limit=False
[631] PASS  time=  0.686s  status=Exact solution     len=  2.786  endpoints_valid=True  collision=False  over_limit=False
[632] PASS  time=  0.213s  status=Exact solution     len=  2.470  endpoints_valid=True  collision=False  over_limit=False
[633] PASS  time=  0.343s  status=Exact solution     len=  1.474  endpoints_valid=True  collision=False  over_limit=False
[634] PASS  time=  0.050s  status=Exact solution     len=  1.711  endpoints_valid=True  collision=False  over_limit=False
[635] PASS  time=  0.061s  status=Exact solution     len=  2.123  endpoints_valid=True  collision=False  over_limit=False
[636] PASS  time=  0.133s  status=Exact solution     len=  2.214  endpoints_valid=True  collision=False  over_limit=False
[637] PASS  time=  0.565s  status=Exact solution     len=  3.974  endpoints_valid=True  collision=False  over_limit=False
[638] PASS  time=  0.369s  status=Exact solution     len=  2.148  endpoints_valid=True  collision=False  over_limit=False
[639] PASS  time=  0.051s  status=Exact solution     len=  1.938  endpoints_valid=True  collision=False  over_limit=False
[640] PASS  time=  0.480s  status=Exact solution     len=  3.183  endpoints_valid=True  collision=False  over_limit=False
[641] PASS  time=  0.104s  status=Exact solution     len=  1.604  endpoints_valid=True  collision=False  over_limit=False
[642] PASS  time=  0.160s  status=Exact solution     len=  1.556  endpoints_valid=True  collision=False  over_limit=False
[643] PASS  time=  0.515s  status=Exact solution     len=  2.412  endpoints_valid=True  collision=False  over_limit=False
[644] PASS  time=  0.020s  status=Exact solution     len=  1.676  endpoints_valid=True  collision=False  over_limit=False
[645] PASS  time=  0.038s  status=Exact solution     len=  2.025  endpoints_valid=True  collision=False  over_limit=False
[646] PASS  time=  0.050s  status=Exact solution     len=  1.808  endpoints_valid=True  collision=False  over_limit=False
[647] PASS  time=  0.139s  status=Exact solution     len=  1.140  endpoints_valid=True  collision=False  over_limit=False
[648] PASS  time=  0.133s  status=Exact solution     len=  2.290  endpoints_valid=True  collision=False  over_limit=False
[649] PASS  time=  0.244s  status=Exact solution     len=  2.106  endpoints_valid=True  collision=False  over_limit=False
[650] PASS  time=  0.332s  status=Exact solution     len=  2.385  endpoints_valid=True  collision=False  over_limit=False
[651] PASS  time=  0.856s  status=Exact solution     len=  3.380  endpoints_valid=True  collision=False  over_limit=False
[652] PASS  time=  0.342s  status=Exact solution     len=  2.421  endpoints_valid=True  collision=False  over_limit=False
[653] PASS  time=  0.085s  status=Exact solution     len=  1.478  endpoints_valid=True  collision=False  over_limit=False
[654] PASS  time=  0.112s  status=Exact solution     len=  2.102  endpoints_valid=True  collision=False  over_limit=False
[655] PASS  time=  0.587s  status=Exact solution     len=  5.088  endpoints_valid=True  collision=False  over_limit=False
[656] PASS  time=  0.107s  status=Exact solution     len=  1.939  endpoints_valid=True  collision=False  over_limit=False
[657] PASS  time=  0.628s  status=Exact solution     len=  1.483  endpoints_valid=True  collision=False  over_limit=False
[658] PASS  time=  0.225s  status=Exact solution     len=  1.986  endpoints_valid=True  collision=False  over_limit=False
[659] PASS  time=  0.344s  status=Exact solution     len=  2.903  endpoints_valid=True  collision=False  over_limit=False
[660] PASS  time=  0.106s  status=Exact solution     len=  1.628  endpoints_valid=True  collision=False  over_limit=False
[661] PASS  time=  0.313s  status=Exact solution     len=  2.481  endpoints_valid=True  collision=False  over_limit=False
[662] PASS  time=  0.502s  status=Exact solution     len=  4.122  endpoints_valid=True  collision=False  over_limit=False
[663] PASS  time=  0.643s  status=Exact solution     len=  5.370  endpoints_valid=True  collision=False  over_limit=False
[664] PASS  time=  0.442s  status=Exact solution     len=  3.732  endpoints_valid=True  collision=False  over_limit=False
[665] PASS  time=  0.143s  status=Exact solution     len=  1.723  endpoints_valid=True  collision=False  over_limit=False
[666] PASS  time=  0.791s  status=Exact solution     len=  5.241  endpoints_valid=True  collision=False  over_limit=False
[667] PASS  time=  0.335s  status=Exact solution     len=  1.353  endpoints_valid=True  collision=False  over_limit=False
[668] PASS  time=  0.144s  status=Exact solution     len=  2.365  endpoints_valid=True  collision=False  over_limit=False
[669] PASS  time=  0.258s  status=Exact solution     len=  2.765  endpoints_valid=True  collision=False  over_limit=False
[670] PASS  time=  0.364s  status=Exact solution     len=  2.538  endpoints_valid=True  collision=False  over_limit=False
[671] PASS  time=  0.053s  status=Exact solution     len=  2.189  endpoints_valid=True  collision=False  over_limit=False
[672] PASS  time=  1.175s  status=Exact solution     len=  3.657  endpoints_valid=True  collision=False  over_limit=False
[673] PASS  time=  1.310s  status=Exact solution     len=  5.279  endpoints_valid=True  collision=False  over_limit=False
[674] PASS  time=  0.550s  status=Exact solution     len=  1.858  endpoints_valid=True  collision=False  over_limit=False
[675] PASS  time=  0.380s  status=Exact solution     len=  2.708  endpoints_valid=True  collision=False  over_limit=False
[676] PASS  time=  0.198s  status=Exact solution     len=  1.653  endpoints_valid=True  collision=False  over_limit=False
[677] PASS  time=  0.106s  status=Exact solution     len=  1.646  endpoints_valid=True  collision=False  over_limit=False
[678] PASS  time=  0.220s  status=Exact solution     len=  1.645  endpoints_valid=True  collision=False  over_limit=False
[679] PASS  time=  0.500s  status=Exact solution     len=  2.796  endpoints_valid=True  collision=False  over_limit=False
[680] PASS  time=  0.057s  status=Exact solution     len=  1.619  endpoints_valid=True  collision=False  over_limit=False
[681] PASS  time=  0.236s  status=Exact solution     len=  1.975  endpoints_valid=True  collision=False  over_limit=False
[682] PASS  time=  0.838s  status=Exact solution     len=  2.969  endpoints_valid=True  collision=False  over_limit=False
[683] PASS  time=  0.374s  status=Exact solution     len=  2.858  endpoints_valid=True  collision=False  over_limit=False
[684] PASS  time=  0.122s  status=Exact solution     len=  1.498  endpoints_valid=True  collision=False  over_limit=False
[685] PASS  time=  0.274s  status=Exact solution     len=  2.569  endpoints_valid=True  collision=False  over_limit=False
[686] PASS  time=  0.044s  status=Exact solution     len=  1.883  endpoints_valid=True  collision=False  over_limit=False
[687] PASS  time=  0.137s  status=Exact solution     len=  2.343  endpoints_valid=True  collision=False  over_limit=False
[688] PASS  time=  0.458s  status=Exact solution     len=  4.996  endpoints_valid=True  collision=False  over_limit=False
[689] PASS  time=  0.203s  status=Exact solution     len=  1.611  endpoints_valid=True  collision=False  over_limit=False
[690] PASS  time=  0.561s  status=Exact solution     len=  3.497  endpoints_valid=True  collision=False  over_limit=False
[691] PASS  time=  0.141s  status=Exact solution     len=  1.842  endpoints_valid=True  collision=False  over_limit=False
[692] PASS  time=  0.140s  status=Exact solution     len=  1.537  endpoints_valid=True  collision=False  over_limit=False
[693] PASS  time=  0.158s  status=Exact solution     len=  1.801  endpoints_valid=True  collision=False  over_limit=False
[694] PASS  time=  0.600s  status=Exact solution     len=  3.912  endpoints_valid=True  collision=False  over_limit=False
[695] PASS  time=  0.612s  status=Exact solution     len=  3.932  endpoints_valid=True  collision=False  over_limit=False
[696] PASS  time=  0.304s  status=Exact solution     len=  2.445  endpoints_valid=True  collision=False  over_limit=False
[697] PASS  time=  0.101s  status=Exact solution     len=  1.916  endpoints_valid=True  collision=False  over_limit=False
[698] PASS  time=  0.389s  status=Exact solution     len=  2.375  endpoints_valid=True  collision=False  over_limit=False
[699] PASS  time=  0.315s  status=Exact solution     len=  2.285  endpoints_valid=True  collision=False  over_limit=False
[700] PASS  time=  1.094s  status=Exact solution     len=  3.099  endpoints_valid=True  collision=False  over_limit=False
[701] PASS  time=  0.383s  status=Exact solution     len=  2.433  endpoints_valid=True  collision=False  over_limit=False
[702] PASS  time=  0.290s  status=Exact solution     len=  2.990  endpoints_valid=True  collision=False  over_limit=False
[703] PASS  time=  0.307s  status=Exact solution     len=  2.737  endpoints_valid=True  collision=False  over_limit=False
[704] PASS  time=  0.081s  status=Exact solution     len=  1.807  endpoints_valid=True  collision=False  over_limit=False
[705] PASS  time=  0.231s  status=Exact solution     len=  2.476  endpoints_valid=True  collision=False  over_limit=False
[706] PASS  time=  0.121s  status=Exact solution     len=  2.037  endpoints_valid=True  collision=False  over_limit=False
[707] PASS  time=  0.559s  status=Exact solution     len=  4.666  endpoints_valid=True  collision=False  over_limit=False
[708] PASS  time=  0.497s  status=Exact solution     len=  2.351  endpoints_valid=True  collision=False  over_limit=False
[709] PASS  time=  1.639s  status=Exact solution     len=  3.771  endpoints_valid=True  collision=False  over_limit=False
[710] PASS  time=  0.093s  status=Exact solution     len=  1.206  endpoints_valid=True  collision=False  over_limit=False
[711] PASS  time=  1.084s  status=Exact solution     len=  2.936  endpoints_valid=True  collision=False  over_limit=False
[712] PASS  time=  0.077s  status=Exact solution     len=  1.496  endpoints_valid=True  collision=False  over_limit=False
[713] PASS  time=  0.303s  status=Exact solution     len=  1.706  endpoints_valid=True  collision=False  over_limit=False
[714] PASS  time=  0.776s  status=Exact solution     len=  4.393  endpoints_valid=True  collision=False  over_limit=False
[715] PASS  time=  0.200s  status=Exact solution     len=  1.508  endpoints_valid=True  collision=False  over_limit=False
[716] PASS  time=  0.066s  status=Exact solution     len=  2.382  endpoints_valid=True  collision=False  over_limit=False
[717] PASS  time=  0.005s  status=Exact solution     len=  1.187  endpoints_valid=True  collision=False  over_limit=False
[718] PASS  time=  0.047s  status=Exact solution     len=  1.213  endpoints_valid=True  collision=False  over_limit=False
[719] PASS  time=  0.749s  status=Exact solution     len=  2.309  endpoints_valid=True  collision=False  over_limit=False
[720] PASS  time=  0.069s  status=Exact solution     len=  1.789  endpoints_valid=True  collision=False  over_limit=False
[721] PASS  time=  0.944s  status=Exact solution     len=  3.552  endpoints_valid=True  collision=False  over_limit=False
[722] PASS  time=  0.335s  status=Exact solution     len=  2.644  endpoints_valid=True  collision=False  over_limit=False
[723] PASS  time=  0.461s  status=Exact solution     len=  2.578  endpoints_valid=True  collision=False  over_limit=False
[724] PASS  time=  0.240s  status=Exact solution     len=  1.409  endpoints_valid=True  collision=False  over_limit=False
[725] PASS  time=  0.278s  status=Exact solution     len=  1.861  endpoints_valid=True  collision=False  over_limit=False
[726] PASS  time=  0.900s  status=Exact solution     len=  3.875  endpoints_valid=True  collision=False  over_limit=False
[727] PASS  time=  0.104s  status=Exact solution     len=  1.516  endpoints_valid=True  collision=False  over_limit=False
[728] PASS  time=  0.159s  status=Exact solution     len=  2.522  endpoints_valid=True  collision=False  over_limit=False
[729] PASS  time=  0.059s  status=Exact solution     len=  1.570  endpoints_valid=True  collision=False  over_limit=False
[730] PASS  time=  0.231s  status=Exact solution     len=  2.012  endpoints_valid=True  collision=False  over_limit=False
[731] PASS  time=  0.707s  status=Exact solution     len=  3.448  endpoints_valid=True  collision=False  over_limit=False
[732] PASS  time=  0.514s  status=Exact solution     len=  3.088  endpoints_valid=True  collision=False  over_limit=False
[733] PASS  time=  0.075s  status=Exact solution     len=  2.253  endpoints_valid=True  collision=False  over_limit=False
[734] PASS  time=  1.026s  status=Exact solution     len=  3.125  endpoints_valid=True  collision=False  over_limit=False
[735] PASS  time=  1.439s  status=Exact solution     len=  3.039  endpoints_valid=True  collision=False  over_limit=False
[736] PASS  time=  0.096s  status=Exact solution     len=  1.536  endpoints_valid=True  collision=False  over_limit=False
[737] PASS  time=  0.398s  status=Exact solution     len=  1.816  endpoints_valid=True  collision=False  over_limit=False
[738] PASS  time=  0.171s  status=Exact solution     len=  2.976  endpoints_valid=True  collision=False  over_limit=False
[739] PASS  time=  0.243s  status=Exact solution     len=  1.585  endpoints_valid=True  collision=False  over_limit=False
[740] PASS  time=  1.016s  status=Exact solution     len=  2.424  endpoints_valid=True  collision=False  over_limit=False
[741] PASS  time=  0.233s  status=Exact solution     len=  2.902  endpoints_valid=True  collision=False  over_limit=False
[742] PASS  time=  0.046s  status=Exact solution     len=  1.972  endpoints_valid=True  collision=False  over_limit=False
[743] PASS  time=  0.335s  status=Exact solution     len=  2.327  endpoints_valid=True  collision=False  over_limit=False
[744] PASS  time=  1.565s  status=Exact solution     len=  4.537  endpoints_valid=True  collision=False  over_limit=False
[745] PASS  time=  1.586s  status=Exact solution     len=  3.557  endpoints_valid=True  collision=False  over_limit=False
[746] PASS  time=  0.427s  status=Exact solution     len=  2.214  endpoints_valid=True  collision=False  over_limit=False
[747] PASS  time=  0.256s  status=Exact solution     len=  1.883  endpoints_valid=True  collision=False  over_limit=False
[748] PASS  time=  1.067s  status=Exact solution     len=  2.413  endpoints_valid=True  collision=False  over_limit=False
[749] PASS  time=  0.081s  status=Exact solution     len=  1.263  endpoints_valid=True  collision=False  over_limit=False
[750] PASS  time=  0.613s  status=Exact solution     len=  1.744  endpoints_valid=True  collision=False  over_limit=False
[751] PASS  time=  0.689s  status=Exact solution     len=  2.537  endpoints_valid=True  collision=False  over_limit=False
[752] PASS  time=  0.350s  status=Exact solution     len=  2.552  endpoints_valid=True  collision=False  over_limit=False
[753] PASS  time=  0.479s  status=Exact solution     len=  3.017  endpoints_valid=True  collision=False  over_limit=False
[754] PASS  time=  0.404s  status=Exact solution     len=  2.092  endpoints_valid=True  collision=False  over_limit=False
[755] PASS  time=  0.876s  status=Exact solution     len=  1.646  endpoints_valid=True  collision=False  over_limit=False
[756] PASS  time=  0.626s  status=Exact solution     len=  4.539  endpoints_valid=True  collision=False  over_limit=False
[757] PASS  time=  0.457s  status=Exact solution     len=  2.692  endpoints_valid=True  collision=False  over_limit=False
[758] PASS  time=  0.091s  status=Exact solution     len=  1.684  endpoints_valid=True  collision=False  over_limit=False
[759] PASS  time=  1.456s  status=Exact solution     len=  2.764  endpoints_valid=True  collision=False  over_limit=False
[760] PASS  time=  0.234s  status=Exact solution     len=  2.652  endpoints_valid=True  collision=False  over_limit=False
[761] PASS  time=  0.171s  status=Exact solution     len=  2.165  endpoints_valid=True  collision=False  over_limit=False
[762] PASS  time=  0.468s  status=Exact solution     len=  2.831  endpoints_valid=True  collision=False  over_limit=False
[763] PASS  time=  1.596s  status=Exact solution     len=  3.306  endpoints_valid=True  collision=False  over_limit=False
[764] PASS  time=  0.921s  status=Exact solution     len=  3.246  endpoints_valid=True  collision=False  over_limit=False
[765] PASS  time=  0.299s  status=Exact solution     len=  1.544  endpoints_valid=True  collision=False  over_limit=False
[766] PASS  time=  0.382s  status=Exact solution     len=  3.551  endpoints_valid=True  collision=False  over_limit=False
[767] PASS  time=  1.099s  status=Exact solution     len=  3.179  endpoints_valid=True  collision=False  over_limit=False
[768] PASS  time=  0.464s  status=Exact solution     len=  2.264  endpoints_valid=True  collision=False  over_limit=False
[769] PASS  time=  0.882s  status=Exact solution     len=  3.255  endpoints_valid=True  collision=False  over_limit=False
[770] PASS  time=  1.714s  status=Exact solution     len=  5.551  endpoints_valid=True  collision=False  over_limit=False
[771] PASS  time=  0.257s  status=Exact solution     len=  1.806  endpoints_valid=True  collision=False  over_limit=False
[772] PASS  time=  0.157s  status=Exact solution     len=  2.053  endpoints_valid=True  collision=False  over_limit=False
[773] PASS  time=  0.170s  status=Exact solution     len=  1.361  endpoints_valid=True  collision=False  over_limit=False
[774] PASS  time=  0.644s  status=Exact solution     len=  3.549  endpoints_valid=True  collision=False  over_limit=False
[775] PASS  time=  0.231s  status=Exact solution     len=  2.366  endpoints_valid=True  collision=False  over_limit=False
[776] PASS  time=  0.529s  status=Exact solution     len=  1.355  endpoints_valid=True  collision=False  over_limit=False
[777] PASS  time=  0.298s  status=Exact solution     len=  1.785  endpoints_valid=True  collision=False  over_limit=False
[778] PASS  time=  1.209s  status=Exact solution     len=  1.689  endpoints_valid=True  collision=False  over_limit=False
[779] PASS  time=  0.052s  status=Exact solution     len=  1.979  endpoints_valid=True  collision=False  over_limit=False
[780] PASS  time=  0.045s  status=Exact solution     len=  1.173  endpoints_valid=True  collision=False  over_limit=False
[781] PASS  time=  1.184s  status=Exact solution     len=  4.409  endpoints_valid=True  collision=False  over_limit=False
[782] PASS  time=  0.864s  status=Exact solution     len=  2.003  endpoints_valid=True  collision=False  over_limit=False
[783] PASS  time=  0.363s  status=Exact solution     len=  1.996  endpoints_valid=True  collision=False  over_limit=False
[784] PASS  time=  0.961s  status=Exact solution     len=  3.919  endpoints_valid=True  collision=False  over_limit=False
[785] PASS  time=  0.292s  status=Exact solution     len=  1.550  endpoints_valid=True  collision=False  over_limit=False
[786] PASS  time=  0.601s  status=Exact solution     len=  2.049  endpoints_valid=True  collision=False  over_limit=False
[787] PASS  time=  0.112s  status=Exact solution     len=  2.089  endpoints_valid=True  collision=False  over_limit=False
[788] PASS  time=  2.027s  status=Exact solution     len=  3.067  endpoints_valid=True  collision=False  over_limit=False
[789] PASS  time=  0.309s  status=Exact solution     len=  1.677  endpoints_valid=True  collision=False  over_limit=False
[790] PASS  time=  0.236s  status=Exact solution     len=  1.803  endpoints_valid=True  collision=False  over_limit=False
[791] PASS  time=  0.083s  status=Exact solution     len=  1.594  endpoints_valid=True  collision=False  over_limit=False
[792] PASS  time=  0.476s  status=Exact solution     len=  2.672  endpoints_valid=True  collision=False  over_limit=False
[793] PASS  time=  0.784s  status=Exact solution     len=  3.227  endpoints_valid=True  collision=False  over_limit=False
[794] PASS  time=  1.635s  status=Exact solution     len=  2.940  endpoints_valid=True  collision=False  over_limit=False
[795] PASS  time=  0.430s  status=Exact solution     len=  2.264  endpoints_valid=True  collision=False  over_limit=False
[796] PASS  time=  0.672s  status=Exact solution     len=  4.797  endpoints_valid=True  collision=False  over_limit=False
[797] PASS  time=  1.576s  status=Exact solution     len=  5.013  endpoints_valid=True  collision=False  over_limit=False
[798] PASS  time=  1.033s  status=Exact solution     len=  1.914  endpoints_valid=True  collision=False  over_limit=False
[799] PASS  time=  1.158s  status=Exact solution     len=  2.626  endpoints_valid=True  collision=False  over_limit=False
[800] PASS  time=  0.533s  status=Exact solution     len=  2.817  endpoints_valid=True  collision=False  over_limit=False
[801] PASS  time=  0.538s  status=Exact solution     len=  5.137  endpoints_valid=True  collision=False  over_limit=False
[802] PASS  time=  0.130s  status=Exact solution     len=  1.992  endpoints_valid=True  collision=False  over_limit=False
[803] PASS  time=  0.261s  status=Exact solution     len=  2.061  endpoints_valid=True  collision=False  over_limit=False
[804] PASS  time=  0.086s  status=Exact solution     len=  1.498  endpoints_valid=True  collision=False  over_limit=False
[805] PASS  time=  0.908s  status=Exact solution     len=  2.812  endpoints_valid=True  collision=False  over_limit=False
[806] PASS  time=  0.729s  status=Exact solution     len=  2.355  endpoints_valid=True  collision=False  over_limit=False
[807] PASS  time=  0.768s  status=Exact solution     len=  1.738  endpoints_valid=True  collision=False  over_limit=False
[808] PASS  time=  1.727s  status=Exact solution     len=  3.764  endpoints_valid=True  collision=False  over_limit=False
[809] PASS  time=  0.016s  status=Exact solution     len=  1.251  endpoints_valid=True  collision=False  over_limit=False
[810] PASS  time=  1.263s  status=Exact solution     len=  3.526  endpoints_valid=True  collision=False  over_limit=False
[811] PASS  time=  0.911s  status=Exact solution     len=  4.750  endpoints_valid=True  collision=False  over_limit=False
[812] PASS  time=  1.438s  status=Exact solution     len=  3.335  endpoints_valid=True  collision=False  over_limit=False
[813] PASS  time=  0.187s  status=Exact solution     len=  1.597  endpoints_valid=True  collision=False  over_limit=False
[814] PASS  time=  2.534s  status=Exact solution     len=  4.600  endpoints_valid=True  collision=False  over_limit=False
[815] PASS  time=  0.152s  status=Exact solution     len=  2.123  endpoints_valid=True  collision=False  over_limit=False
[816] PASS  time=  0.038s  status=Exact solution     len=  2.286  endpoints_valid=True  collision=False  over_limit=False
[817] PASS  time=  0.789s  status=Exact solution     len=  2.115  endpoints_valid=True  collision=False  over_limit=False
[818] PASS  time=  0.495s  status=Exact solution     len=  2.839  endpoints_valid=True  collision=False  over_limit=False
[819] PASS  time=  0.553s  status=Exact solution     len=  2.214  endpoints_valid=True  collision=False  over_limit=False
[820] PASS  time=  0.066s  status=Exact solution     len=  1.115  endpoints_valid=True  collision=False  over_limit=False
[821] PASS  time=  0.120s  status=Exact solution     len=  2.017  endpoints_valid=True  collision=False  over_limit=False
[822] PASS  time=  0.145s  status=Exact solution     len=  1.463  endpoints_valid=True  collision=False  over_limit=False
[823] PASS  time=  0.156s  status=Exact solution     len=  1.499  endpoints_valid=True  collision=False  over_limit=False
[824] PASS  time=  0.427s  status=Exact solution     len=  2.043  endpoints_valid=True  collision=False  over_limit=False
[825] PASS  time=  1.240s  status=Exact solution     len=  2.167  endpoints_valid=True  collision=False  over_limit=False
[826] PASS  time=  0.110s  status=Exact solution     len=  1.309  endpoints_valid=True  collision=False  over_limit=False
[827] PASS  time=  0.923s  status=Exact solution     len=  2.310  endpoints_valid=True  collision=False  over_limit=False
[828] PASS  time=  0.948s  status=Exact solution     len=  2.472  endpoints_valid=True  collision=False  over_limit=False
[829] PASS  time=  0.018s  status=Exact solution     len=  1.602  endpoints_valid=True  collision=False  over_limit=False
[830] PASS  time=  0.647s  status=Exact solution     len=  1.682  endpoints_valid=True  collision=False  over_limit=False
[831] PASS  time=  0.392s  status=Exact solution     len=  1.636  endpoints_valid=True  collision=False  over_limit=False
[832] PASS  time=  0.457s  status=Exact solution     len=  3.191  endpoints_valid=True  collision=False  over_limit=False
[833] PASS  time=  0.100s  status=Exact solution     len=  1.709  endpoints_valid=True  collision=False  over_limit=False
[834] PASS  time=  0.057s  status=Exact solution     len=  1.543  endpoints_valid=True  collision=False  over_limit=False
[835] PASS  time=  0.412s  status=Exact solution     len=  3.721  endpoints_valid=True  collision=False  over_limit=False
[836] PASS  time=  0.110s  status=Exact solution     len=  1.750  endpoints_valid=True  collision=False  over_limit=False
[837] PASS  time=  0.420s  status=Exact solution     len=  1.840  endpoints_valid=True  collision=False  over_limit=False
[838] PASS  time=  0.415s  status=Exact solution     len=  2.046  endpoints_valid=True  collision=False  over_limit=False
[839] PASS  time=  0.402s  status=Exact solution     len=  2.082  endpoints_valid=True  collision=False  over_limit=False
[840] PASS  time=  0.302s  status=Exact solution     len=  2.439  endpoints_valid=True  collision=False  over_limit=False
[841] PASS  time=  0.071s  status=Exact solution     len=  2.174  endpoints_valid=True  collision=False  over_limit=False
[842] PASS  time=  0.136s  status=Exact solution     len=  2.626  endpoints_valid=True  collision=False  over_limit=False
[843] PASS  time=  3.703s  status=Exact solution     len=  3.273  endpoints_valid=True  collision=False  over_limit=False
[844] PASS  time=  0.515s  status=Exact solution     len=  2.577  endpoints_valid=True  collision=False  over_limit=False
[845] PASS  time=  0.158s  status=Exact solution     len=  2.729  endpoints_valid=True  collision=False  over_limit=False
[846] PASS  time=  0.117s  status=Exact solution     len=  1.938  endpoints_valid=True  collision=False  over_limit=False
[847] PASS  time=  0.125s  status=Exact solution     len=  1.720  endpoints_valid=True  collision=False  over_limit=False
[848] PASS  time=  0.508s  status=Exact solution     len=  2.226  endpoints_valid=True  collision=False  over_limit=False
[849] PASS  time=  0.313s  status=Exact solution     len=  1.477  endpoints_valid=True  collision=False  over_limit=False
[850] PASS  time=  0.593s  status=Exact solution     len=  1.979  endpoints_valid=True  collision=False  over_limit=False
[851] PASS  time=  0.830s  status=Exact solution     len=  1.259  endpoints_valid=True  collision=False  over_limit=False
[852] PASS  time=  0.776s  status=Exact solution     len=  3.893  endpoints_valid=True  collision=False  over_limit=False
[853] PASS  time=  1.552s  status=Exact solution     len=  4.338  endpoints_valid=True  collision=False  over_limit=False
[854] PASS  time=  1.205s  status=Exact solution     len=  3.561  endpoints_valid=True  collision=False  over_limit=False
[855] PASS  time=  2.355s  status=Exact solution     len=  3.920  endpoints_valid=True  collision=False  over_limit=False
[856] PASS  time=  1.198s  status=Exact solution     len=  4.807  endpoints_valid=True  collision=False  over_limit=False
[857] PASS  time=  0.557s  status=Exact solution     len=  3.452  endpoints_valid=True  collision=False  over_limit=False
[858] PASS  time=  0.082s  status=Exact solution     len=  1.179  endpoints_valid=True  collision=False  over_limit=False
[859] PASS  time=  0.428s  status=Exact solution     len=  1.560  endpoints_valid=True  collision=False  over_limit=False
[860] PASS  time=  0.149s  status=Exact solution     len=  1.674  endpoints_valid=True  collision=False  over_limit=False
[861] PASS  time=  0.326s  status=Exact solution     len=  1.962  endpoints_valid=True  collision=False  over_limit=False
[862] PASS  time=  0.302s  status=Exact solution     len=  1.347  endpoints_valid=True  collision=False  over_limit=False
[863] PASS  time=  0.324s  status=Exact solution     len=  2.265  endpoints_valid=True  collision=False  over_limit=False
[864] PASS  time=  0.627s  status=Exact solution     len=  2.572  endpoints_valid=True  collision=False  over_limit=False
[865] PASS  time=  0.296s  status=Exact solution     len=  3.359  endpoints_valid=True  collision=False  over_limit=False
[866] PASS  time=  0.552s  status=Exact solution     len=  2.895  endpoints_valid=True  collision=False  over_limit=False
[867] PASS  time=  0.506s  status=Exact solution     len=  2.027  endpoints_valid=True  collision=False  over_limit=False
[868] PASS  time=  0.076s  status=Exact solution     len=  1.522  endpoints_valid=True  collision=False  over_limit=False
[869] PASS  time=  0.122s  status=Exact solution     len=  1.392  endpoints_valid=True  collision=False  over_limit=False
[870] PASS  time=  0.038s  status=Exact solution     len=  1.564  endpoints_valid=True  collision=False  over_limit=False
[871] PASS  time=  0.899s  status=Exact solution     len=  4.171  endpoints_valid=True  collision=False  over_limit=False
[872] PASS  time=  1.063s  status=Exact solution     len=  3.740  endpoints_valid=True  collision=False  over_limit=False
[873] PASS  time=  0.610s  status=Exact solution     len=  2.408  endpoints_valid=True  collision=False  over_limit=False
[874] PASS  time=  0.975s  status=Exact solution     len=  3.623  endpoints_valid=True  collision=False  over_limit=False
[875] PASS  time=  0.841s  status=Exact solution     len=  1.967  endpoints_valid=True  collision=False  over_limit=False
[876] PASS  time=  0.304s  status=Exact solution     len=  1.349  endpoints_valid=True  collision=False  over_limit=False
[877] PASS  time=  0.193s  status=Exact solution     len=  2.348  endpoints_valid=True  collision=False  over_limit=False
[878] PASS  time=  0.098s  status=Exact solution     len=  1.499  endpoints_valid=True  collision=False  over_limit=False
[879] PASS  time=  0.042s  status=Exact solution     len=  1.232  endpoints_valid=True  collision=False  over_limit=False
[880] PASS  time=  0.375s  status=Exact solution     len=  1.496  endpoints_valid=True  collision=False  over_limit=False
[881] PASS  time=  0.364s  status=Exact solution     len=  3.141  endpoints_valid=True  collision=False  over_limit=False
[882] PASS  time=  0.410s  status=Exact solution     len=  2.274  endpoints_valid=True  collision=False  over_limit=False
[883] PASS  time=  1.670s  status=Exact solution     len=  3.246  endpoints_valid=True  collision=False  over_limit=False
[884] PASS  time=  0.853s  status=Exact solution     len=  2.327  endpoints_valid=True  collision=False  over_limit=False
[885] PASS  time=  0.407s  status=Exact solution     len=  2.389  endpoints_valid=True  collision=False  over_limit=False
[886] PASS  time=  0.559s  status=Exact solution     len=  2.524  endpoints_valid=True  collision=False  over_limit=False
[887] PASS  time=  0.438s  status=Exact solution     len=  3.384  endpoints_valid=True  collision=False  over_limit=False
[888] PASS  time=  0.737s  status=Exact solution     len=  3.841  endpoints_valid=True  collision=False  over_limit=False
[889] PASS  time=  0.537s  status=Exact solution     len=  4.068  endpoints_valid=True  collision=False  over_limit=False
[890] PASS  time=  0.413s  status=Exact solution     len=  2.156  endpoints_valid=True  collision=False  over_limit=False
[891] PASS  time=  1.022s  status=Exact solution     len=  4.407  endpoints_valid=True  collision=False  over_limit=False
[892] PASS  time=  0.781s  status=Exact solution     len=  4.633  endpoints_valid=True  collision=False  over_limit=False
[893] PASS  time=  0.162s  status=Exact solution     len=  2.207  endpoints_valid=True  collision=False  over_limit=False
[894] PASS  time=  1.677s  status=Exact solution     len=  3.497  endpoints_valid=True  collision=False  over_limit=False
[895] PASS  time=  1.173s  status=Exact solution     len=  3.857  endpoints_valid=True  collision=False  over_limit=False
[896] PASS  time=  0.273s  status=Exact solution     len=  2.977  endpoints_valid=True  collision=False  over_limit=False
[897] PASS  time=  1.008s  status=Exact solution     len=  1.951  endpoints_valid=True  collision=False  over_limit=False
[898] PASS  time=  0.389s  status=Exact solution     len=  2.593  endpoints_valid=True  collision=False  over_limit=False
[899] PASS  time=  0.131s  status=Exact solution     len=  1.482  endpoints_valid=True  collision=False  over_limit=False
[900] PASS  time=  0.346s  status=Exact solution     len=  2.949  endpoints_valid=True  collision=False  over_limit=False
[901] PASS  time=  0.963s  status=Exact solution     len=  1.984  endpoints_valid=True  collision=False  over_limit=False
[902] PASS  time=  0.448s  status=Exact solution     len=  1.975  endpoints_valid=True  collision=False  over_limit=False
[903] PASS  time=  0.618s  status=Exact solution     len=  2.619  endpoints_valid=True  collision=False  over_limit=False
[904] PASS  time=  0.374s  status=Exact solution     len=  2.688  endpoints_valid=True  collision=False  over_limit=False
[905] PASS  time=  0.705s  status=Exact solution     len=  2.403  endpoints_valid=True  collision=False  over_limit=False
[906] PASS  time=  0.124s  status=Exact solution     len=  1.918  endpoints_valid=True  collision=False  over_limit=False
[907] PASS  time=  0.053s  status=Exact solution     len=  1.199  endpoints_valid=True  collision=False  over_limit=False
[908] PASS  time=  0.238s  status=Exact solution     len=  2.021  endpoints_valid=True  collision=False  over_limit=False
[909] PASS  time=  0.261s  status=Exact solution     len=  1.804  endpoints_valid=True  collision=False  over_limit=False
[910] PASS  time=  0.125s  status=Exact solution     len=  1.246  endpoints_valid=True  collision=False  over_limit=False
[911] PASS  time=  0.055s  status=Exact solution     len=  1.850  endpoints_valid=True  collision=False  over_limit=False
[912] PASS  time=  0.337s  status=Exact solution     len=  2.332  endpoints_valid=True  collision=False  over_limit=False
[913] PASS  time=  0.365s  status=Exact solution     len=  2.257  endpoints_valid=True  collision=False  over_limit=False
[914] PASS  time=  0.621s  status=Exact solution     len=  2.696  endpoints_valid=True  collision=False  over_limit=False
[915] PASS  time=  0.205s  status=Exact solution     len=  1.720  endpoints_valid=True  collision=False  over_limit=False
[916] PASS  time=  0.771s  status=Exact solution     len=  1.854  endpoints_valid=True  collision=False  over_limit=False
[917] PASS  time=  0.303s  status=Exact solution     len=  2.196  endpoints_valid=True  collision=False  over_limit=False
[918] PASS  time=  0.154s  status=Exact solution     len=  1.772  endpoints_valid=True  collision=False  over_limit=False
[919] PASS  time=  0.087s  status=Exact solution     len=  1.705  endpoints_valid=True  collision=False  over_limit=False
[920] PASS  time=  0.071s  status=Exact solution     len=  1.568  endpoints_valid=True  collision=False  over_limit=False
[921] PASS  time=  1.306s  status=Exact solution     len=  2.622  endpoints_valid=True  collision=False  over_limit=False
[922] PASS  time=  1.176s  status=Exact solution     len=  3.260  endpoints_valid=True  collision=False  over_limit=False
[923] PASS  time=  0.365s  status=Exact solution     len=  2.736  endpoints_valid=True  collision=False  over_limit=False
[924] PASS  time=  0.170s  status=Exact solution     len=  1.716  endpoints_valid=True  collision=False  over_limit=False
[925] PASS  time=  0.405s  status=Exact solution     len=  2.937  endpoints_valid=True  collision=False  over_limit=False
[926] PASS  time=  4.612s  status=Exact solution     len=  4.440  endpoints_valid=True  collision=False  over_limit=False
[927] PASS  time=  0.165s  status=Exact solution     len=  2.300  endpoints_valid=True  collision=False  over_limit=False
[928] PASS  time=  0.355s  status=Exact solution     len=  2.461  endpoints_valid=True  collision=False  over_limit=False
[929] PASS  time=  0.067s  status=Exact solution     len=  1.735  endpoints_valid=True  collision=False  over_limit=False
[930] PASS  time=  0.829s  status=Exact solution     len=  3.728  endpoints_valid=True  collision=False  over_limit=False
[931] PASS  time=  0.240s  status=Exact solution     len=  2.316  endpoints_valid=True  collision=False  over_limit=False
[932] PASS  time=  0.770s  status=Exact solution     len=  2.695  endpoints_valid=True  collision=False  over_limit=False
[933] PASS  time=  0.013s  status=Exact solution     len=  1.461  endpoints_valid=True  collision=False  over_limit=False
[934] PASS  time=  0.437s  status=Exact solution     len=  2.311  endpoints_valid=True  collision=False  over_limit=False
[935] PASS  time=  1.187s  status=Exact solution     len=  1.974  endpoints_valid=True  collision=False  over_limit=False
[936] PASS  time=  0.818s  status=Exact solution     len=  4.009  endpoints_valid=True  collision=False  over_limit=False
[937] PASS  time=  0.175s  status=Exact solution     len=  3.153  endpoints_valid=True  collision=False  over_limit=False
[938] PASS  time=  0.129s  status=Exact solution     len=  2.024  endpoints_valid=True  collision=False  over_limit=False
[939] PASS  time=  0.747s  status=Exact solution     len=  1.343  endpoints_valid=True  collision=False  over_limit=False
[940] PASS  time=  1.064s  status=Exact solution     len=  3.878  endpoints_valid=True  collision=False  over_limit=False
[941] PASS  time=  0.044s  status=Exact solution     len=  2.403  endpoints_valid=True  collision=False  over_limit=False
[942] PASS  time=  0.170s  status=Exact solution     len=  1.324  endpoints_valid=True  collision=False  over_limit=False
[943] PASS  time=  0.083s  status=Exact solution     len=  2.316  endpoints_valid=True  collision=False  over_limit=False
[944] PASS  time=  0.450s  status=Exact solution     len=  2.270  endpoints_valid=True  collision=False  over_limit=False
[945] PASS  time=  0.332s  status=Exact solution     len=  2.102  endpoints_valid=True  collision=False  over_limit=False
[946] PASS  time=  0.380s  status=Exact solution     len=  2.758  endpoints_valid=True  collision=False  over_limit=False
[947] PASS  time=  0.661s  status=Exact solution     len=  3.377  endpoints_valid=True  collision=False  over_limit=False
[948] PASS  time=  0.188s  status=Exact solution     len=  2.457  endpoints_valid=True  collision=False  over_limit=False
[949] PASS  time=  0.603s  status=Exact solution     len=  2.797  endpoints_valid=True  collision=False  over_limit=False
[950] PASS  time=  0.306s  status=Exact solution     len=  1.703  endpoints_valid=True  collision=False  over_limit=False
[951] PASS  time=  0.257s  status=Exact solution     len=  1.878  endpoints_valid=True  collision=False  over_limit=False
[952] PASS  time=  0.393s  status=Exact solution     len=  1.982  endpoints_valid=True  collision=False  over_limit=False
[953] PASS  time=  0.334s  status=Exact solution     len=  2.062  endpoints_valid=True  collision=False  over_limit=False
[954] PASS  time=  0.140s  status=Exact solution     len=  1.749  endpoints_valid=True  collision=False  over_limit=False
[955] PASS  time=  0.167s  status=Exact solution     len=  2.892  endpoints_valid=True  collision=False  over_limit=False
[956] PASS  time=  1.506s  status=Exact solution     len=  3.514  endpoints_valid=True  collision=False  over_limit=False
[957] PASS  time=  0.447s  status=Exact solution     len=  2.254  endpoints_valid=True  collision=False  over_limit=False
[958] PASS  time=  0.427s  status=Exact solution     len=  2.943  endpoints_valid=True  collision=False  over_limit=False
[959] PASS  time=  2.022s  status=Exact solution     len=  1.992  endpoints_valid=True  collision=False  over_limit=False
[960] PASS  time=  0.096s  status=Exact solution     len=  2.280  endpoints_valid=True  collision=False  over_limit=False
[961] PASS  time=  0.384s  status=Exact solution     len=  2.506  endpoints_valid=True  collision=False  over_limit=False
[962] PASS  time=  0.309s  status=Exact solution     len=  2.244  endpoints_valid=True  collision=False  over_limit=False
[963] PASS  time=  0.315s  status=Exact solution     len=  1.586  endpoints_valid=True  collision=False  over_limit=False
[964] PASS  time=  0.340s  status=Exact solution     len=  1.197  endpoints_valid=True  collision=False  over_limit=False
[965] PASS  time=  0.267s  status=Exact solution     len=  2.292  endpoints_valid=True  collision=False  over_limit=False
[966] PASS  time=  0.758s  status=Exact solution     len=  1.504  endpoints_valid=True  collision=False  over_limit=False
[967] PASS  time=  4.452s  status=Exact solution     len=  6.062  endpoints_valid=True  collision=False  over_limit=False
[968] PASS  time=  0.146s  status=Exact solution     len=  1.677  endpoints_valid=True  collision=False  over_limit=False
[969] PASS  time=  0.135s  status=Exact solution     len=  1.920  endpoints_valid=True  collision=False  over_limit=False
[970] PASS  time=  0.498s  status=Exact solution     len=  2.633  endpoints_valid=True  collision=False  over_limit=False
[971] PASS  time=  0.090s  status=Exact solution     len=  1.273  endpoints_valid=True  collision=False  over_limit=False
[972] PASS  time=  0.888s  status=Exact solution     len=  2.719  endpoints_valid=True  collision=False  over_limit=False
[973] PASS  time=  0.458s  status=Exact solution     len=  1.853  endpoints_valid=True  collision=False  over_limit=False
[974] PASS  time=  0.784s  status=Exact solution     len=  4.486  endpoints_valid=True  collision=False  over_limit=False
[975] PASS  time=  0.811s  status=Exact solution     len=  3.284  endpoints_valid=True  collision=False  over_limit=False
[976] PASS  time=  1.130s  status=Exact solution     len=  2.490  endpoints_valid=True  collision=False  over_limit=False
[977] PASS  time=  0.563s  status=Exact solution     len=  1.570  endpoints_valid=True  collision=False  over_limit=False
[978] PASS  time=  0.976s  status=Exact solution     len=  2.077  endpoints_valid=True  collision=False  over_limit=False
[979] PASS  time=  1.412s  status=Exact solution     len=  3.643  endpoints_valid=True  collision=False  over_limit=False
[980] PASS  time=  0.290s  status=Exact solution     len=  2.449  endpoints_valid=True  collision=False  over_limit=False
[981] PASS  time=  0.134s  status=Exact solution     len=  1.618  endpoints_valid=True  collision=False  over_limit=False
[982] PASS  time=  0.034s  status=Exact solution     len=  1.706  endpoints_valid=True  collision=False  over_limit=False
[983] PASS  time=  1.409s  status=Exact solution     len=  3.293  endpoints_valid=True  collision=False  over_limit=False
[984] PASS  time=  0.664s  status=Exact solution     len=  1.959  endpoints_valid=True  collision=False  over_limit=False
[985] PASS  time=  2.025s  status=Exact solution     len=  3.789  endpoints_valid=True  collision=False  over_limit=False
[986] PASS  time=  2.816s  status=Exact solution     len=  4.512  endpoints_valid=True  collision=False  over_limit=False
[987] PASS  time=  0.519s  status=Exact solution     len=  2.268  endpoints_valid=True  collision=False  over_limit=False
[988] PASS  time=  0.127s  status=Exact solution     len=  2.126  endpoints_valid=True  collision=False  over_limit=False
[989] PASS  time=  0.768s  status=Exact solution     len=  3.746  endpoints_valid=True  collision=False  over_limit=False
[990] PASS  time=  0.198s  status=Exact solution     len=  1.642  endpoints_valid=True  collision=False  over_limit=False
[991] PASS  time=  0.700s  status=Exact solution     len=  2.480  endpoints_valid=True  collision=False  over_limit=False
[992] PASS  time=  2.703s  status=Exact solution     len=  6.382  endpoints_valid=True  collision=False  over_limit=False
[993] PASS  time=  0.104s  status=Exact solution     len=  2.668  endpoints_valid=True  collision=False  over_limit=False
[994] PASS  time=  0.150s  status=Exact solution     len=  1.979  endpoints_valid=True  collision=False  over_limit=False
[995] PASS  time=  0.858s  status=Exact solution     len=  3.072  endpoints_valid=True  collision=False  over_limit=False
[996] PASS  time=  0.036s  status=Exact solution     len=  1.660  endpoints_valid=True  collision=False  over_limit=False
[997] PASS  time=  0.271s  status=Exact solution     len=  2.491  endpoints_valid=True  collision=False  over_limit=False
[998] PASS  time=  0.827s  status=Exact solution     len=  4.121  endpoints_valid=True  collision=False  over_limit=False
[999] PASS  time=  0.296s  status=Exact solution     len=  2.553  endpoints_valid=True  collision=False  over_limit=False

shape                     : datasets/3dshape/4shape3d.obj
environment               : datasets/3dshape/env4.obj
data_path                 : testing_data/3dshape/4shape3d_env4
planner                   : RRTConnect (OMPL, SE(3))
time_limit_per_case       : 30.000 s  (a case over this = fail)
path_simplification       : off

test_cases_total          : 1000
invalid_start_or_goal     : 0  (excluded, unplannable)
test_cases_scored         : 1000  [valid start+goal only]
successes                 : 1000
failures                  : 0
  no_solution_in_time     : 0
  over_time_limit         : 0
  path_in_collision       : 0
success_rate              : 1.0000  (100.0%)  [1000/1000]

time_mean                 : 0.4560 s   [all 1000 scored cases]
time_std                  : 0.4925 s
time_mean_successful      : 0.4560 s   [1000 successful cases]
time_std_successful       : 0.4925 s
time_median               : 0.3040 s

path_length_mean          : 2.4705   [1000 successful cases]
path_length_std           : 0.9318
path_length_total         : 2470.5392

total_time                : 455.99 s
collision_checks          : 571019

Wrote results/ompl_rrtconnect/4shape3d_env4/rrt_connect_success_rate.txt
Wrote results/ompl_rrtconnect/4shape3d_env4/rrt_connect_cases.csv
