[load_obj] 'datasets/3dshape/4shape3d.obj': 1 objects/groups
  [0] 'Body4'  (36 triangles)
[load_obj] 'datasets/3dshape/env3.obj': 4 objects/groups
  [0] 'wall (1)'  (88 triangles)
  [1] 'Body14'  (12 triangles)
  [2] 'Body16'  (12 triangles)
  [3] 'Body17'  (12 triangles)
shape       : datasets/3dshape/4shape3d.obj  (20 verts, 30 tets, radius 0.1577)
environment : datasets/3dshape/env3.obj  (124 tris, 50000 collision points)
bounds      : low [-0.4539, -0.3177, -0.5]  high [0.4539, 0.3177, 0.5]
test cases  : 1000 from testing_data/3dshape/4shape3d_env3/sampled_points.npy
planner     : RRTConnect  (time limit 30.0s per case, resolution 0.005)

[000] PASS  time=  0.321s  status=Exact solution     len=  2.774  endpoints_valid=True  collision=False  over_limit=False
[001] PASS  time=  0.534s  status=Exact solution     len=  2.490  endpoints_valid=True  collision=False  over_limit=False
[002] PASS  time=  0.990s  status=Exact solution     len=  3.220  endpoints_valid=True  collision=False  over_limit=False
[003] PASS  time=  0.194s  status=Exact solution     len=  1.376  endpoints_valid=True  collision=False  over_limit=False
[004] PASS  time=  0.792s  status=Exact solution     len=  2.309  endpoints_valid=True  collision=False  over_limit=False
[005] PASS  time=  0.458s  status=Exact solution     len=  2.949  endpoints_valid=True  collision=False  over_limit=False
[006] PASS  time=  0.142s  status=Exact solution     len=  1.669  endpoints_valid=True  collision=False  over_limit=False
[007] PASS  time=  0.357s  status=Exact solution     len=  2.464  endpoints_valid=True  collision=False  over_limit=False
[008] PASS  time=  0.662s  status=Exact solution     len=  2.983  endpoints_valid=True  collision=False  over_limit=False
[009] PASS  time=  0.468s  status=Exact solution     len=  2.238  endpoints_valid=True  collision=False  over_limit=False
[010] PASS  time=  0.332s  status=Exact solution     len=  2.037  endpoints_valid=True  collision=False  over_limit=False
[011] PASS  time=  0.133s  status=Exact solution     len=  1.342  endpoints_valid=True  collision=False  over_limit=False
[012] PASS  time=  0.059s  status=Exact solution     len=  1.558  endpoints_valid=True  collision=False  over_limit=False
[013] PASS  time=  0.126s  status=Exact solution     len=  2.184  endpoints_valid=True  collision=False  over_limit=False
[014] PASS  time=  0.052s  status=Exact solution     len=  2.200  endpoints_valid=True  collision=False  over_limit=False
[015] PASS  time=  0.272s  status=Exact solution     len=  2.827  endpoints_valid=True  collision=False  over_limit=False
[016] PASS  time=  0.840s  status=Exact solution     len=  1.648  endpoints_valid=True  collision=False  over_limit=False
[017] PASS  time=  0.086s  status=Exact solution     len=  2.216  endpoints_valid=True  collision=False  over_limit=False
[018] PASS  time=  0.061s  status=Exact solution     len=  1.445  endpoints_valid=True  collision=False  over_limit=False
[019] PASS  time=  0.422s  status=Exact solution     len=  2.083  endpoints_valid=True  collision=False  over_limit=False
[020] PASS  time=  0.044s  status=Exact solution     len=  1.891  endpoints_valid=True  collision=False  over_limit=False
[021] PASS  time=  0.037s  status=Exact solution     len=  2.828  endpoints_valid=True  collision=False  over_limit=False
[022] PASS  time=  0.548s  status=Exact solution     len=  1.862  endpoints_valid=True  collision=False  over_limit=False
[023] PASS  time=  1.224s  status=Exact solution     len=  3.970  endpoints_valid=True  collision=False  over_limit=False
[024] PASS  time=  0.258s  status=Exact solution     len=  2.085  endpoints_valid=True  collision=False  over_limit=False
[025] PASS  time=  0.071s  status=Exact solution     len=  1.800  endpoints_valid=True  collision=False  over_limit=False
[026] PASS  time=  0.129s  status=Exact solution     len=  1.249  endpoints_valid=True  collision=False  over_limit=False
[027] PASS  time=  0.265s  status=Exact solution     len=  1.972  endpoints_valid=True  collision=False  over_limit=False
[028] PASS  time=  0.170s  status=Exact solution     len=  2.930  endpoints_valid=True  collision=False  over_limit=False
[029] PASS  time=  0.140s  status=Exact solution     len=  1.259  endpoints_valid=True  collision=False  over_limit=False
[030] PASS  time=  0.290s  status=Exact solution     len=  3.199  endpoints_valid=True  collision=False  over_limit=False
[031] PASS  time=  0.918s  status=Exact solution     len=  3.349  endpoints_valid=True  collision=False  over_limit=False
[032] PASS  time=  0.108s  status=Exact solution     len=  2.111  endpoints_valid=True  collision=False  over_limit=False
[033] PASS  time=  0.078s  status=Exact solution     len=  2.395  endpoints_valid=True  collision=False  over_limit=False
[034] PASS  time=  0.400s  status=Exact solution     len=  3.286  endpoints_valid=True  collision=False  over_limit=False
[035] PASS  time=  0.474s  status=Exact solution     len=  2.077  endpoints_valid=True  collision=False  over_limit=False
[036] PASS  time=  0.192s  status=Exact solution     len=  3.964  endpoints_valid=True  collision=False  over_limit=False
[037] PASS  time=  0.064s  status=Exact solution     len=  2.566  endpoints_valid=True  collision=False  over_limit=False
[038] PASS  time=  0.340s  status=Exact solution     len=  2.406  endpoints_valid=True  collision=False  over_limit=False
[039] PASS  time=  1.183s  status=Exact solution     len=  3.555  endpoints_valid=True  collision=False  over_limit=False
[040] PASS  time=  0.909s  status=Exact solution     len=  3.670  endpoints_valid=True  collision=False  over_limit=False
[041] PASS  time=  1.538s  status=Exact solution     len=  2.507  endpoints_valid=True  collision=False  over_limit=False
[042] PASS  time=  0.244s  status=Exact solution     len=  2.733  endpoints_valid=True  collision=False  over_limit=False
[043] PASS  time=  0.382s  status=Exact solution     len=  1.476  endpoints_valid=True  collision=False  over_limit=False
[044] PASS  time=  0.560s  status=Exact solution     len=  2.611  endpoints_valid=True  collision=False  over_limit=False
[045] PASS  time=  0.370s  status=Exact solution     len=  2.380  endpoints_valid=True  collision=False  over_limit=False
[046] PASS  time=  4.135s  status=Exact solution     len=  4.974  endpoints_valid=True  collision=False  over_limit=False
[047] PASS  time=  0.367s  status=Exact solution     len=  3.969  endpoints_valid=True  collision=False  over_limit=False
[048] PASS  time=  0.672s  status=Exact solution     len=  3.690  endpoints_valid=True  collision=False  over_limit=False
[049] PASS  time=  0.039s  status=Exact solution     len=  1.176  endpoints_valid=True  collision=False  over_limit=False
[050] PASS  time=  0.376s  status=Exact solution     len=  3.477  endpoints_valid=True  collision=False  over_limit=False
[051] PASS  time=  0.263s  status=Exact solution     len=  2.099  endpoints_valid=True  collision=False  over_limit=False
[052] PASS  time=  0.118s  status=Exact solution     len=  2.877  endpoints_valid=True  collision=False  over_limit=False
[053] PASS  time=  0.435s  status=Exact solution     len=  2.071  endpoints_valid=True  collision=False  over_limit=False
[054] PASS  time=  0.059s  status=Exact solution     len=  1.725  endpoints_valid=True  collision=False  over_limit=False
[055] PASS  time=  0.923s  status=Exact solution     len=  3.248  endpoints_valid=True  collision=False  over_limit=False
[056] PASS  time=  0.023s  status=Exact solution     len=  1.586  endpoints_valid=True  collision=False  over_limit=False
[057] PASS  time=  0.556s  status=Exact solution     len=  2.277  endpoints_valid=True  collision=False  over_limit=False
[058] PASS  time=  0.882s  status=Exact solution     len=  1.482  endpoints_valid=True  collision=False  over_limit=False
[059] PASS  time=  0.117s  status=Exact solution     len=  2.140  endpoints_valid=True  collision=False  over_limit=False
[060] PASS  time=  0.463s  status=Exact solution     len=  2.221  endpoints_valid=True  collision=False  over_limit=False
[061] PASS  time=  0.153s  status=Exact solution     len=  1.782  endpoints_valid=True  collision=False  over_limit=False
[062] PASS  time=  0.057s  status=Exact solution     len=  2.635  endpoints_valid=True  collision=False  over_limit=False
[063] PASS  time=  0.054s  status=Exact solution     len=  2.403  endpoints_valid=True  collision=False  over_limit=False
[064] PASS  time=  0.070s  status=Exact solution     len=  1.975  endpoints_valid=True  collision=False  over_limit=False
[065] PASS  time=  0.482s  status=Exact solution     len=  1.779  endpoints_valid=True  collision=False  over_limit=False
[066] PASS  time=  0.130s  status=Exact solution     len=  3.351  endpoints_valid=True  collision=False  over_limit=False
[067] PASS  time=  1.140s  status=Exact solution     len=  3.515  endpoints_valid=True  collision=False  over_limit=False
[068] PASS  time=  0.412s  status=Exact solution     len=  4.065  endpoints_valid=True  collision=False  over_limit=False
[069] PASS  time=  0.420s  status=Exact solution     len=  2.719  endpoints_valid=True  collision=False  over_limit=False
[070] PASS  time=  0.161s  status=Exact solution     len=  1.342  endpoints_valid=True  collision=False  over_limit=False
[071] PASS  time=  0.182s  status=Exact solution     len=  2.693  endpoints_valid=True  collision=False  over_limit=False
[072] PASS  time=  0.544s  status=Exact solution     len=  2.032  endpoints_valid=True  collision=False  over_limit=False
[073] PASS  time=  0.289s  status=Exact solution     len=  1.742  endpoints_valid=True  collision=False  over_limit=False
[074] PASS  time=  0.099s  status=Exact solution     len=  2.030  endpoints_valid=True  collision=False  over_limit=False
[075] PASS  time=  1.374s  status=Exact solution     len=  5.155  endpoints_valid=True  collision=False  over_limit=False
[076] PASS  time=  0.240s  status=Exact solution     len=  2.320  endpoints_valid=True  collision=False  over_limit=False
[077] PASS  time=  0.724s  status=Exact solution     len=  3.377  endpoints_valid=True  collision=False  over_limit=False
[078] PASS  time=  0.068s  status=Exact solution     len=  2.191  endpoints_valid=True  collision=False  over_limit=False
[079] PASS  time=  0.275s  status=Exact solution     len=  2.237  endpoints_valid=True  collision=False  over_limit=False
[080] PASS  time=  2.040s  status=Exact solution     len=  3.833  endpoints_valid=True  collision=False  over_limit=False
[081] PASS  time=  0.275s  status=Exact solution     len=  2.127  endpoints_valid=True  collision=False  over_limit=False
[082] PASS  time=  0.207s  status=Exact solution     len=  1.243  endpoints_valid=True  collision=False  over_limit=False
[083] PASS  time=  0.132s  status=Exact solution     len=  2.015  endpoints_valid=True  collision=False  over_limit=False
[084] PASS  time=  0.077s  status=Exact solution     len=  2.069  endpoints_valid=True  collision=False  over_limit=False
[085] PASS  time=  0.818s  status=Exact solution     len=  3.471  endpoints_valid=True  collision=False  over_limit=False
[086] PASS  time=  0.051s  status=Exact solution     len=  1.696  endpoints_valid=True  collision=False  over_limit=False
[087] PASS  time=  0.662s  status=Exact solution     len=  2.968  endpoints_valid=True  collision=False  over_limit=False
[088] PASS  time=  0.138s  status=Exact solution     len=  2.357  endpoints_valid=True  collision=False  over_limit=False
[089] PASS  time=  0.009s  status=Exact solution     len=  1.320  endpoints_valid=True  collision=False  over_limit=False
[090] PASS  time=  0.081s  status=Exact solution     len=  1.587  endpoints_valid=True  collision=False  over_limit=False
[091] PASS  time=  0.042s  status=Exact solution     len=  2.239  endpoints_valid=True  collision=False  over_limit=False
[092] PASS  time=  0.029s  status=Exact solution     len=  1.770  endpoints_valid=True  collision=False  over_limit=False
[093] PASS  time=  0.158s  status=Exact solution     len=  2.963  endpoints_valid=True  collision=False  over_limit=False
[094] PASS  time=  0.016s  status=Exact solution     len=  1.842  endpoints_valid=True  collision=False  over_limit=False
[095] PASS  time=  3.007s  status=Exact solution     len=  6.922  endpoints_valid=True  collision=False  over_limit=False
[096] PASS  time=  0.512s  status=Exact solution     len=  2.449  endpoints_valid=True  collision=False  over_limit=False
[097] PASS  time=  0.236s  status=Exact solution     len=  1.676  endpoints_valid=True  collision=False  over_limit=False
[098] PASS  time=  1.532s  status=Exact solution     len=  5.307  endpoints_valid=True  collision=False  over_limit=False
[099] PASS  time=  0.364s  status=Exact solution     len=  2.682  endpoints_valid=True  collision=False  over_limit=False
[100] PASS  time=  0.288s  status=Exact solution     len=  2.315  endpoints_valid=True  collision=False  over_limit=False
[101] PASS  time=  0.173s  status=Exact solution     len=  2.089  endpoints_valid=True  collision=False  over_limit=False
[102] PASS  time=  0.027s  status=Exact solution     len=  2.189  endpoints_valid=True  collision=False  over_limit=False
[103] PASS  time=  0.325s  status=Exact solution     len=  2.324  endpoints_valid=True  collision=False  over_limit=False
[104] PASS  time=  0.131s  status=Exact solution     len=  2.983  endpoints_valid=True  collision=False  over_limit=False
[105] PASS  time=  0.655s  status=Exact solution     len=  2.646  endpoints_valid=True  collision=False  over_limit=False
[106] PASS  time=  0.617s  status=Exact solution     len=  2.453  endpoints_valid=True  collision=False  over_limit=False
[107] PASS  time=  1.126s  status=Exact solution     len=  4.204  endpoints_valid=True  collision=False  over_limit=False
[108] PASS  time=  0.213s  status=Exact solution     len=  2.304  endpoints_valid=True  collision=False  over_limit=False
[109] PASS  time=  0.257s  status=Exact solution     len=  1.472  endpoints_valid=True  collision=False  over_limit=False
[110] PASS  time=  0.240s  status=Exact solution     len=  1.972  endpoints_valid=True  collision=False  over_limit=False
[111] PASS  time=  0.081s  status=Exact solution     len=  1.153  endpoints_valid=True  collision=False  over_limit=False
[112] PASS  time=  0.236s  status=Exact solution     len=  2.517  endpoints_valid=True  collision=False  over_limit=False
[113] PASS  time=  1.526s  status=Exact solution     len=  4.978  endpoints_valid=True  collision=False  over_limit=False
[114] PASS  time=  1.127s  status=Exact solution     len=  3.057  endpoints_valid=True  collision=False  over_limit=False
[115] PASS  time=  1.220s  status=Exact solution     len=  3.108  endpoints_valid=True  collision=False  over_limit=False
[116] PASS  time=  0.189s  status=Exact solution     len=  2.199  endpoints_valid=True  collision=False  over_limit=False
[117] PASS  time=  0.223s  status=Exact solution     len=  1.828  endpoints_valid=True  collision=False  over_limit=False
[118] PASS  time=  0.095s  status=Exact solution     len=  1.919  endpoints_valid=True  collision=False  over_limit=False
[119] PASS  time=  0.100s  status=Exact solution     len=  1.845  endpoints_valid=True  collision=False  over_limit=False
[120] PASS  time=  0.898s  status=Exact solution     len=  3.890  endpoints_valid=True  collision=False  over_limit=False
[121] PASS  time=  0.494s  status=Exact solution     len=  2.787  endpoints_valid=True  collision=False  over_limit=False
[122] PASS  time=  0.102s  status=Exact solution     len=  1.790  endpoints_valid=True  collision=False  over_limit=False
[123] PASS  time=  0.050s  status=Exact solution     len=  1.136  endpoints_valid=True  collision=False  over_limit=False
[124] PASS  time=  0.232s  status=Exact solution     len=  1.388  endpoints_valid=True  collision=False  over_limit=False
[125] PASS  time=  0.364s  status=Exact solution     len=  3.006  endpoints_valid=True  collision=False  over_limit=False
[126] PASS  time=  0.190s  status=Exact solution     len=  1.373  endpoints_valid=True  collision=False  over_limit=False
[127] PASS  time=  0.317s  status=Exact solution     len=  1.113  endpoints_valid=True  collision=False  over_limit=False
[128] PASS  time=  0.274s  status=Exact solution     len=  2.073  endpoints_valid=True  collision=False  over_limit=False
[129] PASS  time=  0.249s  status=Exact solution     len=  2.932  endpoints_valid=True  collision=False  over_limit=False
[130] PASS  time=  0.459s  status=Exact solution     len=  1.427  endpoints_valid=True  collision=False  over_limit=False
[131] PASS  time=  0.509s  status=Exact solution     len=  1.446  endpoints_valid=True  collision=False  over_limit=False
[132] PASS  time=  0.140s  status=Exact solution     len=  2.182  endpoints_valid=True  collision=False  over_limit=False
[133] PASS  time=  0.149s  status=Exact solution     len=  2.475  endpoints_valid=True  collision=False  over_limit=False
[134] PASS  time=  0.185s  status=Exact solution     len=  1.912  endpoints_valid=True  collision=False  over_limit=False
[135] PASS  time=  0.507s  status=Exact solution     len=  3.974  endpoints_valid=True  collision=False  over_limit=False
[136] PASS  time=  0.581s  status=Exact solution     len=  2.099  endpoints_valid=True  collision=False  over_limit=False
[137] PASS  time=  0.642s  status=Exact solution     len=  2.794  endpoints_valid=True  collision=False  over_limit=False
[138] PASS  time=  0.826s  status=Exact solution     len=  4.695  endpoints_valid=True  collision=False  over_limit=False
[139] PASS  time=  0.121s  status=Exact solution     len=  2.192  endpoints_valid=True  collision=False  over_limit=False
[140] PASS  time=  0.150s  status=Exact solution     len=  1.625  endpoints_valid=True  collision=False  over_limit=False
[141] PASS  time=  0.431s  status=Exact solution     len=  2.011  endpoints_valid=True  collision=False  over_limit=False
[142] PASS  time=  0.515s  status=Exact solution     len=  2.548  endpoints_valid=True  collision=False  over_limit=False
[143] PASS  time=  0.079s  status=Exact solution     len=  1.629  endpoints_valid=True  collision=False  over_limit=False
[144] PASS  time=  0.511s  status=Exact solution     len=  1.462  endpoints_valid=True  collision=False  over_limit=False
[145] PASS  time=  0.447s  status=Exact solution     len=  1.988  endpoints_valid=True  collision=False  over_limit=False
[146] PASS  time=  0.337s  status=Exact solution     len=  2.234  endpoints_valid=True  collision=False  over_limit=False
[147] PASS  time=  1.337s  status=Exact solution     len=  2.018  endpoints_valid=True  collision=False  over_limit=False
[148] PASS  time=  0.065s  status=Exact solution     len=  1.395  endpoints_valid=True  collision=False  over_limit=False
[149] PASS  time=  0.753s  status=Exact solution     len=  4.240  endpoints_valid=True  collision=False  over_limit=False
[150] PASS  time=  0.286s  status=Exact solution     len=  1.592  endpoints_valid=True  collision=False  over_limit=False
[151] PASS  time=  0.076s  status=Exact solution     len=  1.294  endpoints_valid=True  collision=False  over_limit=False
[152] PASS  time=  0.294s  status=Exact solution     len=  2.154  endpoints_valid=True  collision=False  over_limit=False
[153] PASS  time=  0.069s  status=Exact solution     len=  1.820  endpoints_valid=True  collision=False  over_limit=False
[154] PASS  time=  0.928s  status=Exact solution     len=  3.031  endpoints_valid=True  collision=False  over_limit=False
[155] PASS  time=  0.095s  status=Exact solution     len=  1.668  endpoints_valid=True  collision=False  over_limit=False
[156] PASS  time=  0.646s  status=Exact solution     len=  2.209  endpoints_valid=True  collision=False  over_limit=False
[157] PASS  time=  0.172s  status=Exact solution     len=  2.541  endpoints_valid=True  collision=False  over_limit=False
[158] PASS  time=  0.880s  status=Exact solution     len=  3.649  endpoints_valid=True  collision=False  over_limit=False
[159] PASS  time=  1.400s  status=Exact solution     len=  3.676  endpoints_valid=True  collision=False  over_limit=False
[160] PASS  time=  0.206s  status=Exact solution     len=  3.392  endpoints_valid=True  collision=False  over_limit=False
[161] PASS  time=  0.104s  status=Exact solution     len=  1.148  endpoints_valid=True  collision=False  over_limit=False
[162] PASS  time=  0.249s  status=Exact solution     len=  2.504  endpoints_valid=True  collision=False  over_limit=False
[163] PASS  time=  0.897s  status=Exact solution     len=  3.123  endpoints_valid=True  collision=False  over_limit=False
[164] PASS  time=  0.288s  status=Exact solution     len=  2.295  endpoints_valid=True  collision=False  over_limit=False
[165] PASS  time=  0.396s  status=Exact solution     len=  2.020  endpoints_valid=True  collision=False  over_limit=False
[166] PASS  time=  0.293s  status=Exact solution     len=  2.016  endpoints_valid=True  collision=False  over_limit=False
[167] PASS  time=  0.282s  status=Exact solution     len=  1.275  endpoints_valid=True  collision=False  over_limit=False
[168] PASS  time=  0.375s  status=Exact solution     len=  3.053  endpoints_valid=True  collision=False  over_limit=False
[169] PASS  time=  0.167s  status=Exact solution     len=  1.395  endpoints_valid=True  collision=False  over_limit=False
[170] PASS  time=  0.106s  status=Exact solution     len=  1.812  endpoints_valid=True  collision=False  over_limit=False
[171] PASS  time=  0.027s  status=Exact solution     len=  1.625  endpoints_valid=True  collision=False  over_limit=False
[172] PASS  time=  0.568s  status=Exact solution     len=  1.970  endpoints_valid=True  collision=False  over_limit=False
[173] PASS  time=  0.130s  status=Exact solution     len=  3.299  endpoints_valid=True  collision=False  over_limit=False
[174] PASS  time=  0.038s  status=Exact solution     len=  2.302  endpoints_valid=True  collision=False  over_limit=False
[175] PASS  time=  1.747s  status=Exact solution     len=  3.492  endpoints_valid=True  collision=False  over_limit=False
[176] PASS  time=  0.204s  status=Exact solution     len=  1.330  endpoints_valid=True  collision=False  over_limit=False
[177] PASS  time=  0.761s  status=Exact solution     len=  4.916  endpoints_valid=True  collision=False  over_limit=False
[178] PASS  time=  1.547s  status=Exact solution     len=  4.646  endpoints_valid=True  collision=False  over_limit=False
[179] PASS  time=  0.186s  status=Exact solution     len=  1.349  endpoints_valid=True  collision=False  over_limit=False
[180] PASS  time=  0.185s  status=Exact solution     len=  1.867  endpoints_valid=True  collision=False  over_limit=False
[181] PASS  time=  1.021s  status=Exact solution     len=  3.105  endpoints_valid=True  collision=False  over_limit=False
[182] PASS  time=  0.100s  status=Exact solution     len=  1.650  endpoints_valid=True  collision=False  over_limit=False
[183] PASS  time=  1.119s  status=Exact solution     len=  4.688  endpoints_valid=True  collision=False  over_limit=False
[184] PASS  time=  0.065s  status=Exact solution     len=  2.412  endpoints_valid=True  collision=False  over_limit=False
[185] PASS  time=  0.240s  status=Exact solution     len=  3.132  endpoints_valid=True  collision=False  over_limit=False
[186] PASS  time=  0.216s  status=Exact solution     len=  1.725  endpoints_valid=True  collision=False  over_limit=False
[187] PASS  time=  0.147s  status=Exact solution     len=  2.054  endpoints_valid=True  collision=False  over_limit=False
[188] PASS  time=  0.131s  status=Exact solution     len=  2.126  endpoints_valid=True  collision=False  over_limit=False
[189] PASS  time=  0.458s  status=Exact solution     len=  3.045  endpoints_valid=True  collision=False  over_limit=False
[190] PASS  time=  0.292s  status=Exact solution     len=  2.667  endpoints_valid=True  collision=False  over_limit=False
[191] PASS  time=  0.426s  status=Exact solution     len=  1.968  endpoints_valid=True  collision=False  over_limit=False
[192] PASS  time=  0.121s  status=Exact solution     len=  2.428  endpoints_valid=True  collision=False  over_limit=False
[193] PASS  time=  0.424s  status=Exact solution     len=  1.980  endpoints_valid=True  collision=False  over_limit=False
[194] PASS  time=  0.112s  status=Exact solution     len=  2.348  endpoints_valid=True  collision=False  over_limit=False
[195] PASS  time=  0.841s  status=Exact solution     len=  3.126  endpoints_valid=True  collision=False  over_limit=False
[196] PASS  time=  0.031s  status=Exact solution     len=  1.375  endpoints_valid=True  collision=False  over_limit=False
[197] PASS  time=  0.157s  status=Exact solution     len=  2.148  endpoints_valid=True  collision=False  over_limit=False
[198] PASS  time=  0.525s  status=Exact solution     len=  3.234  endpoints_valid=True  collision=False  over_limit=False
[199] PASS  time=  0.852s  status=Exact solution     len=  2.994  endpoints_valid=True  collision=False  over_limit=False
[200] PASS  time=  0.370s  status=Exact solution     len=  2.361  endpoints_valid=True  collision=False  over_limit=False
[201] PASS  time=  0.013s  status=Exact solution     len=  1.691  endpoints_valid=True  collision=False  over_limit=False
[202] PASS  time=  0.062s  status=Exact solution     len=  2.945  endpoints_valid=True  collision=False  over_limit=False
[203] PASS  time=  0.024s  status=Exact solution     len=  2.304  endpoints_valid=True  collision=False  over_limit=False
[204] PASS  time=  0.951s  status=Exact solution     len=  3.408  endpoints_valid=True  collision=False  over_limit=False
[205] PASS  time=  0.068s  status=Exact solution     len=  1.326  endpoints_valid=True  collision=False  over_limit=False
[206] PASS  time=  0.114s  status=Exact solution     len=  1.371  endpoints_valid=True  collision=False  over_limit=False
[207] PASS  time=  0.031s  status=Exact solution     len=  1.155  endpoints_valid=True  collision=False  over_limit=False
[208] PASS  time=  0.445s  status=Exact solution     len=  2.140  endpoints_valid=True  collision=False  over_limit=False
[209] PASS  time=  0.727s  status=Exact solution     len=  3.874  endpoints_valid=True  collision=False  over_limit=False
[210] PASS  time=  0.697s  status=Exact solution     len=  2.278  endpoints_valid=True  collision=False  over_limit=False
[211] PASS  time=  0.147s  status=Exact solution     len=  1.316  endpoints_valid=True  collision=False  over_limit=False
[212] PASS  time=  0.056s  status=Exact solution     len=  1.874  endpoints_valid=True  collision=False  over_limit=False
[213] PASS  time=  0.112s  status=Exact solution     len=  2.255  endpoints_valid=True  collision=False  over_limit=False
[214] PASS  time=  0.263s  status=Exact solution     len=  1.345  endpoints_valid=True  collision=False  over_limit=False
[215] PASS  time=  0.212s  status=Exact solution     len=  1.645  endpoints_valid=True  collision=False  over_limit=False
[216] PASS  time=  0.016s  status=Exact solution     len=  1.744  endpoints_valid=True  collision=False  over_limit=False
[217] PASS  time=  0.144s  status=Exact solution     len=  1.094  endpoints_valid=True  collision=False  over_limit=False
[218] PASS  time=  0.164s  status=Exact solution     len=  2.374  endpoints_valid=True  collision=False  over_limit=False
[219] PASS  time=  0.830s  status=Exact solution     len=  3.985  endpoints_valid=True  collision=False  over_limit=False
[220] PASS  time=  0.174s  status=Exact solution     len=  1.869  endpoints_valid=True  collision=False  over_limit=False
[221] PASS  time=  1.247s  status=Exact solution     len=  1.674  endpoints_valid=True  collision=False  over_limit=False
[222] PASS  time=  0.090s  status=Exact solution     len=  2.577  endpoints_valid=True  collision=False  over_limit=False
[223] PASS  time=  0.037s  status=Exact solution     len=  2.254  endpoints_valid=True  collision=False  over_limit=False
[224] PASS  time=  0.028s  status=Exact solution     len=  1.940  endpoints_valid=True  collision=False  over_limit=False
[225] PASS  time=  0.479s  status=Exact solution     len=  3.702  endpoints_valid=True  collision=False  over_limit=False
[226] PASS  time=  0.854s  status=Exact solution     len=  4.108  endpoints_valid=True  collision=False  over_limit=False
[227] PASS  time=  0.375s  status=Exact solution     len=  1.450  endpoints_valid=True  collision=False  over_limit=False
[228] PASS  time=  0.590s  status=Exact solution     len=  2.767  endpoints_valid=True  collision=False  over_limit=False
[229] PASS  time=  0.231s  status=Exact solution     len=  1.371  endpoints_valid=True  collision=False  over_limit=False
[230] PASS  time=  0.224s  status=Exact solution     len=  1.276  endpoints_valid=True  collision=False  over_limit=False
[231] PASS  time=  0.036s  status=Exact solution     len=  1.979  endpoints_valid=True  collision=False  over_limit=False
[232] PASS  time=  0.106s  status=Exact solution     len=  1.661  endpoints_valid=True  collision=False  over_limit=False
[233] PASS  time=  0.187s  status=Exact solution     len=  2.888  endpoints_valid=True  collision=False  over_limit=False
[234] PASS  time=  0.072s  status=Exact solution     len=  3.089  endpoints_valid=True  collision=False  over_limit=False
[235] PASS  time=  0.175s  status=Exact solution     len=  2.496  endpoints_valid=True  collision=False  over_limit=False
[236] PASS  time=  0.171s  status=Exact solution     len=  2.051  endpoints_valid=True  collision=False  over_limit=False
[237] PASS  time=  0.118s  status=Exact solution     len=  1.820  endpoints_valid=True  collision=False  over_limit=False
[238] PASS  time=  0.109s  status=Exact solution     len=  2.029  endpoints_valid=True  collision=False  over_limit=False
[239] PASS  time=  0.202s  status=Exact solution     len=  1.666  endpoints_valid=True  collision=False  over_limit=False
[240] PASS  time=  0.818s  status=Exact solution     len=  2.896  endpoints_valid=True  collision=False  over_limit=False
[241] PASS  time=  0.260s  status=Exact solution     len=  1.986  endpoints_valid=True  collision=False  over_limit=False
[242] PASS  time=  0.233s  status=Exact solution     len=  4.159  endpoints_valid=True  collision=False  over_limit=False
[243] PASS  time=  0.050s  status=Exact solution     len=  1.632  endpoints_valid=True  collision=False  over_limit=False
[244] PASS  time=  0.705s  status=Exact solution     len=  2.853  endpoints_valid=True  collision=False  over_limit=False
[245] PASS  time=  0.167s  status=Exact solution     len=  1.668  endpoints_valid=True  collision=False  over_limit=False
[246] PASS  time=  0.150s  status=Exact solution     len=  1.214  endpoints_valid=True  collision=False  over_limit=False
[247] PASS  time=  0.106s  status=Exact solution     len=  1.914  endpoints_valid=True  collision=False  over_limit=False
[248] PASS  time=  0.031s  status=Exact solution     len=  1.360  endpoints_valid=True  collision=False  over_limit=False
[249] PASS  time=  0.360s  status=Exact solution     len=  3.034  endpoints_valid=True  collision=False  over_limit=False
[250] PASS  time=  0.206s  status=Exact solution     len=  1.633  endpoints_valid=True  collision=False  over_limit=False
[251] PASS  time=  0.072s  status=Exact solution     len=  1.267  endpoints_valid=True  collision=False  over_limit=False
[252] PASS  time=  0.375s  status=Exact solution     len=  2.334  endpoints_valid=True  collision=False  over_limit=False
[253] PASS  time=  0.560s  status=Exact solution     len=  2.119  endpoints_valid=True  collision=False  over_limit=False
[254] PASS  time=  0.117s  status=Exact solution     len=  1.878  endpoints_valid=True  collision=False  over_limit=False
[255] PASS  time=  0.824s  status=Exact solution     len=  3.086  endpoints_valid=True  collision=False  over_limit=False
[256] PASS  time=  0.239s  status=Exact solution     len=  3.021  endpoints_valid=True  collision=False  over_limit=False
[257] PASS  time=  0.289s  status=Exact solution     len=  1.209  endpoints_valid=True  collision=False  over_limit=False
[258] PASS  time=  0.948s  status=Exact solution     len=  2.434  endpoints_valid=True  collision=False  over_limit=False
[259] PASS  time=  0.162s  status=Exact solution     len=  1.670  endpoints_valid=True  collision=False  over_limit=False
[260] PASS  time=  0.910s  status=Exact solution     len=  4.428  endpoints_valid=True  collision=False  over_limit=False
[261] PASS  time=  4.526s  status=Exact solution     len=  3.845  endpoints_valid=True  collision=False  over_limit=False
[262] PASS  time=  0.518s  status=Exact solution     len=  2.976  endpoints_valid=True  collision=False  over_limit=False
[263] PASS  time=  0.163s  status=Exact solution     len=  1.160  endpoints_valid=True  collision=False  over_limit=False
[264] PASS  time=  0.281s  status=Exact solution     len=  2.886  endpoints_valid=True  collision=False  over_limit=False
[265] PASS  time=  0.885s  status=Exact solution     len=  2.096  endpoints_valid=True  collision=False  over_limit=False
[266] PASS  time=  0.446s  status=Exact solution     len=  2.730  endpoints_valid=True  collision=False  over_limit=False
[267] PASS  time=  0.061s  status=Exact solution     len=  2.629  endpoints_valid=True  collision=False  over_limit=False
[268] PASS  time=  0.635s  status=Exact solution     len=  2.034  endpoints_valid=True  collision=False  over_limit=False
[269] PASS  time=  0.298s  status=Exact solution     len=  2.451  endpoints_valid=True  collision=False  over_limit=False
[270] PASS  time=  0.523s  status=Exact solution     len=  2.929  endpoints_valid=True  collision=False  over_limit=False
[271] PASS  time=  0.196s  status=Exact solution     len=  1.790  endpoints_valid=True  collision=False  over_limit=False
[272] PASS  time=  0.096s  status=Exact solution     len=  1.141  endpoints_valid=True  collision=False  over_limit=False
[273] PASS  time=  2.399s  status=Exact solution     len=  6.801  endpoints_valid=True  collision=False  over_limit=False
[274] PASS  time=  0.595s  status=Exact solution     len=  2.057  endpoints_valid=True  collision=False  over_limit=False
[275] PASS  time=  0.224s  status=Exact solution     len=  2.115  endpoints_valid=True  collision=False  over_limit=False
[276] PASS  time=  1.060s  status=Exact solution     len=  3.354  endpoints_valid=True  collision=False  over_limit=False
[277] PASS  time=  0.074s  status=Exact solution     len=  1.180  endpoints_valid=True  collision=False  over_limit=False
[278] PASS  time=  0.065s  status=Exact solution     len=  1.750  endpoints_valid=True  collision=False  over_limit=False
[279] PASS  time=  0.456s  status=Exact solution     len=  2.871  endpoints_valid=True  collision=False  over_limit=False
[280] PASS  time=  0.084s  status=Exact solution     len=  2.118  endpoints_valid=True  collision=False  over_limit=False
[281] PASS  time=  0.238s  status=Exact solution     len=  2.406  endpoints_valid=True  collision=False  over_limit=False
[282] PASS  time=  0.219s  status=Exact solution     len=  2.575  endpoints_valid=True  collision=False  over_limit=False
[283] PASS  time=  0.850s  status=Exact solution     len=  3.879  endpoints_valid=True  collision=False  over_limit=False
[284] PASS  time=  0.108s  status=Exact solution     len=  2.594  endpoints_valid=True  collision=False  over_limit=False
[285] PASS  time=  0.017s  status=Exact solution     len=  1.780  endpoints_valid=True  collision=False  over_limit=False
[286] PASS  time=  1.750s  status=Exact solution     len=  4.781  endpoints_valid=True  collision=False  over_limit=False
[287] PASS  time=  2.975s  status=Exact solution     len=  6.291  endpoints_valid=True  collision=False  over_limit=False
[288] PASS  time=  0.247s  status=Exact solution     len=  2.306  endpoints_valid=True  collision=False  over_limit=False
[289] PASS  time=  0.452s  status=Exact solution     len=  2.887  endpoints_valid=True  collision=False  over_limit=False
[290] PASS  time=  0.453s  status=Exact solution     len=  1.732  endpoints_valid=True  collision=False  over_limit=False
[291] PASS  time=  0.323s  status=Exact solution     len=  2.052  endpoints_valid=True  collision=False  over_limit=False
[292] PASS  time=  0.742s  status=Exact solution     len=  2.967  endpoints_valid=True  collision=False  over_limit=False
[293] PASS  time=  0.219s  status=Exact solution     len=  2.165  endpoints_valid=True  collision=False  over_limit=False
[294] PASS  time=  0.074s  status=Exact solution     len=  1.886  endpoints_valid=True  collision=False  over_limit=False
[295] PASS  time=  0.193s  status=Exact solution     len=  2.364  endpoints_valid=True  collision=False  over_limit=False
[296] PASS  time=  0.239s  status=Exact solution     len=  2.070  endpoints_valid=True  collision=False  over_limit=False
[297] PASS  time=  0.012s  status=Exact solution     len=  1.555  endpoints_valid=True  collision=False  over_limit=False
[298] PASS  time=  0.184s  status=Exact solution     len=  1.461  endpoints_valid=True  collision=False  over_limit=False
[299] PASS  time=  0.011s  status=Exact solution     len=  1.294  endpoints_valid=True  collision=False  over_limit=False
[300] PASS  time=  0.073s  status=Exact solution     len=  1.194  endpoints_valid=True  collision=False  over_limit=False
[301] PASS  time=  0.725s  status=Exact solution     len=  2.419  endpoints_valid=True  collision=False  over_limit=False
[302] PASS  time=  0.429s  status=Exact solution     len=  2.790  endpoints_valid=True  collision=False  over_limit=False
[303] PASS  time=  2.268s  status=Exact solution     len=  4.089  endpoints_valid=True  collision=False  over_limit=False
[304] PASS  time=  0.308s  status=Exact solution     len=  2.420  endpoints_valid=True  collision=False  over_limit=False
[305] PASS  time=  0.066s  status=Exact solution     len=  2.228  endpoints_valid=True  collision=False  over_limit=False
[306] PASS  time=  0.596s  status=Exact solution     len=  2.853  endpoints_valid=True  collision=False  over_limit=False
[307] PASS  time=  1.257s  status=Exact solution     len=  4.769  endpoints_valid=True  collision=False  over_limit=False
[308] PASS  time=  0.386s  status=Exact solution     len=  3.413  endpoints_valid=True  collision=False  over_limit=False
[309] PASS  time=  0.662s  status=Exact solution     len=  4.094  endpoints_valid=True  collision=False  over_limit=False
[310] PASS  time=  0.328s  status=Exact solution     len=  1.807  endpoints_valid=True  collision=False  over_limit=False
[311] PASS  time=  0.525s  status=Exact solution     len=  2.663  endpoints_valid=True  collision=False  over_limit=False
[312] PASS  time=  0.149s  status=Exact solution     len=  1.431  endpoints_valid=True  collision=False  over_limit=False
[313] PASS  time=  0.077s  status=Exact solution     len=  1.706  endpoints_valid=True  collision=False  over_limit=False
[314] PASS  time=  1.783s  status=Exact solution     len=  2.656  endpoints_valid=True  collision=False  over_limit=False
[315] PASS  time=  0.187s  status=Exact solution     len=  2.722  endpoints_valid=True  collision=False  over_limit=False
[316] PASS  time=  0.020s  status=Exact solution     len=  1.066  endpoints_valid=True  collision=False  over_limit=False
[317] PASS  time=  0.333s  status=Exact solution     len=  1.674  endpoints_valid=True  collision=False  over_limit=False
[318] PASS  time=  0.066s  status=Exact solution     len=  2.318  endpoints_valid=True  collision=False  over_limit=False
[319] PASS  time=  0.057s  status=Exact solution     len=  2.390  endpoints_valid=True  collision=False  over_limit=False
[320] PASS  time=  1.108s  status=Exact solution     len=  4.991  endpoints_valid=True  collision=False  over_limit=False
[321] PASS  time=  0.448s  status=Exact solution     len=  2.487  endpoints_valid=True  collision=False  over_limit=False
[322] PASS  time=  0.615s  status=Exact solution     len=  3.206  endpoints_valid=True  collision=False  over_limit=False
[323] PASS  time=  2.976s  status=Exact solution     len=  5.557  endpoints_valid=True  collision=False  over_limit=False
[324] PASS  time=  0.188s  status=Exact solution     len=  2.270  endpoints_valid=True  collision=False  over_limit=False
[325] PASS  time=  0.055s  status=Exact solution     len=  1.603  endpoints_valid=True  collision=False  over_limit=False
[326] PASS  time=  0.327s  status=Exact solution     len=  1.839  endpoints_valid=True  collision=False  over_limit=False
[327] PASS  time=  0.131s  status=Exact solution     len=  2.238  endpoints_valid=True  collision=False  over_limit=False
[328] PASS  time=  0.454s  status=Exact solution     len=  2.965  endpoints_valid=True  collision=False  over_limit=False
[329] PASS  time=  0.507s  status=Exact solution     len=  1.864  endpoints_valid=True  collision=False  over_limit=False
[330] PASS  time=  1.053s  status=Exact solution     len=  3.270  endpoints_valid=True  collision=False  over_limit=False
[331] PASS  time=  0.204s  status=Exact solution     len=  2.551  endpoints_valid=True  collision=False  over_limit=False
[332] PASS  time=  0.157s  status=Exact solution     len=  2.996  endpoints_valid=True  collision=False  over_limit=False
[333] PASS  time=  0.441s  status=Exact solution     len=  2.590  endpoints_valid=True  collision=False  over_limit=False
[334] PASS  time=  0.113s  status=Exact solution     len=  2.069  endpoints_valid=True  collision=False  over_limit=False
[335] PASS  time=  0.276s  status=Exact solution     len=  1.423  endpoints_valid=True  collision=False  over_limit=False
[336] PASS  time=  0.358s  status=Exact solution     len=  1.553  endpoints_valid=True  collision=False  over_limit=False
[337] PASS  time=  0.644s  status=Exact solution     len=  3.004  endpoints_valid=True  collision=False  over_limit=False
[338] PASS  time=  0.208s  status=Exact solution     len=  1.724  endpoints_valid=True  collision=False  over_limit=False
[339] PASS  time=  0.297s  status=Exact solution     len=  1.821  endpoints_valid=True  collision=False  over_limit=False
[340] PASS  time=  0.078s  status=Exact solution     len=  2.431  endpoints_valid=True  collision=False  over_limit=False
[341] PASS  time=  2.988s  status=Exact solution     len=  5.615  endpoints_valid=True  collision=False  over_limit=False
[342] PASS  time=  0.133s  status=Exact solution     len=  1.446  endpoints_valid=True  collision=False  over_limit=False
[343] PASS  time=  0.113s  status=Exact solution     len=  2.160  endpoints_valid=True  collision=False  over_limit=False
[344] PASS  time=  0.022s  status=Exact solution     len=  1.522  endpoints_valid=True  collision=False  over_limit=False
[345] PASS  time=  0.082s  status=Exact solution     len=  1.649  endpoints_valid=True  collision=False  over_limit=False
[346] PASS  time=  1.544s  status=Exact solution     len=  3.832  endpoints_valid=True  collision=False  over_limit=False
[347] PASS  time=  0.414s  status=Exact solution     len=  1.784  endpoints_valid=True  collision=False  over_limit=False
[348] PASS  time=  0.146s  status=Exact solution     len=  1.161  endpoints_valid=True  collision=False  over_limit=False
[349] PASS  time=  1.151s  status=Exact solution     len=  2.968  endpoints_valid=True  collision=False  over_limit=False
[350] PASS  time=  0.126s  status=Exact solution     len=  1.919  endpoints_valid=True  collision=False  over_limit=False
[351] PASS  time=  0.589s  status=Exact solution     len=  3.736  endpoints_valid=True  collision=False  over_limit=False
[352] PASS  time=  0.148s  status=Exact solution     len=  1.954  endpoints_valid=True  collision=False  over_limit=False
[353] PASS  time=  0.079s  status=Exact solution     len=  1.365  endpoints_valid=True  collision=False  over_limit=False
[354] PASS  time=  0.182s  status=Exact solution     len=  2.040  endpoints_valid=True  collision=False  over_limit=False
[355] PASS  time=  0.215s  status=Exact solution     len=  2.222  endpoints_valid=True  collision=False  over_limit=False
[356] PASS  time=  0.055s  status=Exact solution     len=  2.666  endpoints_valid=True  collision=False  over_limit=False
[357] PASS  time=  0.219s  status=Exact solution     len=  2.155  endpoints_valid=True  collision=False  over_limit=False
[358] PASS  time=  0.170s  status=Exact solution     len=  2.325  endpoints_valid=True  collision=False  over_limit=False
[359] PASS  time=  0.868s  status=Exact solution     len=  5.277  endpoints_valid=True  collision=False  over_limit=False
[360] PASS  time=  0.144s  status=Exact solution     len=  1.949  endpoints_valid=True  collision=False  over_limit=False
[361] PASS  time=  0.178s  status=Exact solution     len=  1.803  endpoints_valid=True  collision=False  over_limit=False
[362] PASS  time=  0.069s  status=Exact solution     len=  1.235  endpoints_valid=True  collision=False  over_limit=False
[363] PASS  time=  1.633s  status=Exact solution     len=  4.284  endpoints_valid=True  collision=False  over_limit=False
[364] PASS  time=  0.999s  status=Exact solution     len=  2.791  endpoints_valid=True  collision=False  over_limit=False
[365] PASS  time=  1.009s  status=Exact solution     len=  2.820  endpoints_valid=True  collision=False  over_limit=False
[366] PASS  time=  0.249s  status=Exact solution     len=  1.437  endpoints_valid=True  collision=False  over_limit=False
[367] PASS  time=  0.249s  status=Exact solution     len=  1.308  endpoints_valid=True  collision=False  over_limit=False
[368] PASS  time=  0.447s  status=Exact solution     len=  1.931  endpoints_valid=True  collision=False  over_limit=False
[369] PASS  time=  2.247s  status=Exact solution     len=  7.072  endpoints_valid=True  collision=False  over_limit=False
[370] PASS  time=  0.231s  status=Exact solution     len=  1.467  endpoints_valid=True  collision=False  over_limit=False
[371] PASS  time=  1.597s  status=Exact solution     len=  2.789  endpoints_valid=True  collision=False  over_limit=False
[372] PASS  time=  0.015s  status=Exact solution     len=  1.849  endpoints_valid=True  collision=False  over_limit=False
[373] PASS  time=  0.086s  status=Exact solution     len=  1.691  endpoints_valid=True  collision=False  over_limit=False
[374] PASS  time=  0.308s  status=Exact solution     len=  2.485  endpoints_valid=True  collision=False  over_limit=False
[375] PASS  time=  0.645s  status=Exact solution     len=  2.836  endpoints_valid=True  collision=False  over_limit=False
[376] PASS  time=  0.605s  status=Exact solution     len=  3.492  endpoints_valid=True  collision=False  over_limit=False
[377] PASS  time=  0.961s  status=Exact solution     len=  4.087  endpoints_valid=True  collision=False  over_limit=False
[378] PASS  time=  0.126s  status=Exact solution     len=  1.659  endpoints_valid=True  collision=False  over_limit=False
[379] PASS  time=  0.183s  status=Exact solution     len=  2.173  endpoints_valid=True  collision=False  over_limit=False
[380] PASS  time=  0.075s  status=Exact solution     len=  2.070  endpoints_valid=True  collision=False  over_limit=False
[381] PASS  time=  0.368s  status=Exact solution     len=  1.818  endpoints_valid=True  collision=False  over_limit=False
[382] PASS  time=  0.025s  status=Exact solution     len=  1.625  endpoints_valid=True  collision=False  over_limit=False
[383] PASS  time=  0.248s  status=Exact solution     len=  1.611  endpoints_valid=True  collision=False  over_limit=False
[384] PASS  time=  0.277s  status=Exact solution     len=  1.643  endpoints_valid=True  collision=False  over_limit=False
[385] PASS  time=  0.508s  status=Exact solution     len=  4.981  endpoints_valid=True  collision=False  over_limit=False
[386] PASS  time=  0.030s  status=Exact solution     len=  1.794  endpoints_valid=True  collision=False  over_limit=False
[387] PASS  time=  0.279s  status=Exact solution     len=  1.865  endpoints_valid=True  collision=False  over_limit=False
[388] PASS  time=  0.031s  status=Exact solution     len=  0.936  endpoints_valid=True  collision=False  over_limit=False
[389] PASS  time=  0.050s  status=Exact solution     len=  1.688  endpoints_valid=True  collision=False  over_limit=False
[390] PASS  time=  0.156s  status=Exact solution     len=  2.442  endpoints_valid=True  collision=False  over_limit=False
[391] PASS  time=  0.286s  status=Exact solution     len=  1.898  endpoints_valid=True  collision=False  over_limit=False
[392] PASS  time=  0.363s  status=Exact solution     len=  2.849  endpoints_valid=True  collision=False  over_limit=False
[393] PASS  time=  0.552s  status=Exact solution     len=  1.300  endpoints_valid=True  collision=False  over_limit=False
[394] PASS  time=  0.331s  status=Exact solution     len=  0.975  endpoints_valid=True  collision=False  over_limit=False
[395] PASS  time=  0.046s  status=Exact solution     len=  1.435  endpoints_valid=True  collision=False  over_limit=False
[396] PASS  time=  0.426s  status=Exact solution     len=  3.468  endpoints_valid=True  collision=False  over_limit=False
[397] PASS  time=  0.800s  status=Exact solution     len=  2.052  endpoints_valid=True  collision=False  over_limit=False
[398] PASS  time=  0.459s  status=Exact solution     len=  1.906  endpoints_valid=True  collision=False  over_limit=False
[399] PASS  time=  0.190s  status=Exact solution     len=  2.339  endpoints_valid=True  collision=False  over_limit=False
[400] PASS  time=  0.149s  status=Exact solution     len=  2.789  endpoints_valid=True  collision=False  over_limit=False
[401] PASS  time=  0.114s  status=Exact solution     len=  1.813  endpoints_valid=True  collision=False  over_limit=False
[402] PASS  time=  0.170s  status=Exact solution     len=  2.327  endpoints_valid=True  collision=False  over_limit=False
[403] PASS  time=  0.388s  status=Exact solution     len=  2.484  endpoints_valid=True  collision=False  over_limit=False
[404] PASS  time=  0.136s  status=Exact solution     len=  2.259  endpoints_valid=True  collision=False  over_limit=False
[405] PASS  time=  0.091s  status=Exact solution     len=  2.489  endpoints_valid=True  collision=False  over_limit=False
[406] PASS  time=  0.219s  status=Exact solution     len=  2.325  endpoints_valid=True  collision=False  over_limit=False
[407] PASS  time=  0.047s  status=Exact solution     len=  2.869  endpoints_valid=True  collision=False  over_limit=False
[408] PASS  time=  0.298s  status=Exact solution     len=  1.576  endpoints_valid=True  collision=False  over_limit=False
[409] PASS  time=  0.014s  status=Exact solution     len=  2.305  endpoints_valid=True  collision=False  over_limit=False
[410] PASS  time=  0.252s  status=Exact solution     len=  2.035  endpoints_valid=True  collision=False  over_limit=False
[411] PASS  time=  0.235s  status=Exact solution     len=  2.676  endpoints_valid=True  collision=False  over_limit=False
[412] PASS  time=  0.069s  status=Exact solution     len=  1.963  endpoints_valid=True  collision=False  over_limit=False
[413] PASS  time=  0.210s  status=Exact solution     len=  2.045  endpoints_valid=True  collision=False  over_limit=False
[414] PASS  time=  0.038s  status=Exact solution     len=  2.176  endpoints_valid=True  collision=False  over_limit=False
[415] PASS  time=  0.329s  status=Exact solution     len=  1.752  endpoints_valid=True  collision=False  over_limit=False
[416] PASS  time=  0.043s  status=Exact solution     len=  1.079  endpoints_valid=True  collision=False  over_limit=False
[417] PASS  time=  0.357s  status=Exact solution     len=  2.209  endpoints_valid=True  collision=False  over_limit=False
[418] PASS  time=  0.581s  status=Exact solution     len=  3.224  endpoints_valid=True  collision=False  over_limit=False
[419] PASS  time=  0.536s  status=Exact solution     len=  2.187  endpoints_valid=True  collision=False  over_limit=False
[420] PASS  time=  0.047s  status=Exact solution     len=  1.592  endpoints_valid=True  collision=False  over_limit=False
[421] PASS  time=  0.085s  status=Exact solution     len=  2.128  endpoints_valid=True  collision=False  over_limit=False
[422] PASS  time=  1.262s  status=Exact solution     len=  3.116  endpoints_valid=True  collision=False  over_limit=False
[423] PASS  time=  0.206s  status=Exact solution     len=  1.787  endpoints_valid=True  collision=False  over_limit=False
[424] PASS  time=  0.096s  status=Exact solution     len=  1.540  endpoints_valid=True  collision=False  over_limit=False
[425] PASS  time=  0.467s  status=Exact solution     len=  2.098  endpoints_valid=True  collision=False  over_limit=False
[426] PASS  time=  0.052s  status=Exact solution     len=  1.917  endpoints_valid=True  collision=False  over_limit=False
[427] PASS  time=  0.580s  status=Exact solution     len=  1.844  endpoints_valid=True  collision=False  over_limit=False
[428] PASS  time=  0.315s  status=Exact solution     len=  2.919  endpoints_valid=True  collision=False  over_limit=False
[429] PASS  time=  0.086s  status=Exact solution     len=  2.194  endpoints_valid=True  collision=False  over_limit=False
[430] PASS  time=  0.237s  status=Exact solution     len=  2.524  endpoints_valid=True  collision=False  over_limit=False
[431] PASS  time=  0.555s  status=Exact solution     len=  2.017  endpoints_valid=True  collision=False  over_limit=False
[432] PASS  time=  0.550s  status=Exact solution     len=  3.816  endpoints_valid=True  collision=False  over_limit=False
[433] PASS  time=  0.244s  status=Exact solution     len=  2.081  endpoints_valid=True  collision=False  over_limit=False
[434] PASS  time=  0.096s  status=Exact solution     len=  1.759  endpoints_valid=True  collision=False  over_limit=False
[435] PASS  time=  1.049s  status=Exact solution     len=  3.612  endpoints_valid=True  collision=False  over_limit=False
[436] PASS  time=  0.047s  status=Exact solution     len=  0.971  endpoints_valid=True  collision=False  over_limit=False
[437] PASS  time=  0.839s  status=Exact solution     len=  2.231  endpoints_valid=True  collision=False  over_limit=False
[438] PASS  time=  0.852s  status=Exact solution     len=  3.786  endpoints_valid=True  collision=False  over_limit=False
[439] PASS  time=  0.049s  status=Exact solution     len=  1.502  endpoints_valid=True  collision=False  over_limit=False
[440] PASS  time=  0.862s  status=Exact solution     len=  3.387  endpoints_valid=True  collision=False  over_limit=False
[441] PASS  time=  0.115s  status=Exact solution     len=  2.870  endpoints_valid=True  collision=False  over_limit=False
[442] PASS  time=  0.166s  status=Exact solution     len=  1.608  endpoints_valid=True  collision=False  over_limit=False
[443] PASS  time=  0.429s  status=Exact solution     len=  2.003  endpoints_valid=True  collision=False  over_limit=False
[444] PASS  time=  0.072s  status=Exact solution     len=  2.316  endpoints_valid=True  collision=False  over_limit=False
[445] PASS  time=  0.314s  status=Exact solution     len=  2.278  endpoints_valid=True  collision=False  over_limit=False
[446] PASS  time=  0.034s  status=Exact solution     len=  1.402  endpoints_valid=True  collision=False  over_limit=False
[447] PASS  time=  0.810s  status=Exact solution     len=  2.331  endpoints_valid=True  collision=False  over_limit=False
[448] PASS  time=  0.101s  status=Exact solution     len=  2.003  endpoints_valid=True  collision=False  over_limit=False
[449] PASS  time=  0.372s  status=Exact solution     len=  2.146  endpoints_valid=True  collision=False  over_limit=False
[450] PASS  time=  0.106s  status=Exact solution     len=  1.843  endpoints_valid=True  collision=False  over_limit=False
[451] PASS  time=  0.103s  status=Exact solution     len=  1.717  endpoints_valid=True  collision=False  over_limit=False
[452] PASS  time=  1.310s  status=Exact solution     len=  3.267  endpoints_valid=True  collision=False  over_limit=False
[453] PASS  time=  0.365s  status=Exact solution     len=  2.761  endpoints_valid=True  collision=False  over_limit=False
[454] PASS  time=  0.468s  status=Exact solution     len=  2.311  endpoints_valid=True  collision=False  over_limit=False
[455] PASS  time=  0.076s  status=Exact solution     len=  1.771  endpoints_valid=True  collision=False  over_limit=False
[456] PASS  time=  0.240s  status=Exact solution     len=  2.280  endpoints_valid=True  collision=False  over_limit=False
[457] PASS  time=  0.204s  status=Exact solution     len=  1.878  endpoints_valid=True  collision=False  over_limit=False
[458] PASS  time=  0.165s  status=Exact solution     len=  1.750  endpoints_valid=True  collision=False  over_limit=False
[459] PASS  time=  0.483s  status=Exact solution     len=  2.690  endpoints_valid=True  collision=False  over_limit=False
[460] PASS  time=  0.206s  status=Exact solution     len=  2.433  endpoints_valid=True  collision=False  over_limit=False
[461] PASS  time=  0.441s  status=Exact solution     len=  2.811  endpoints_valid=True  collision=False  over_limit=False
[462] PASS  time=  0.616s  status=Exact solution     len=  1.395  endpoints_valid=True  collision=False  over_limit=False
[463] PASS  time=  0.726s  status=Exact solution     len=  4.561  endpoints_valid=True  collision=False  over_limit=False
[464] PASS  time=  0.232s  status=Exact solution     len=  1.129  endpoints_valid=True  collision=False  over_limit=False
[465] PASS  time=  0.107s  status=Exact solution     len=  1.950  endpoints_valid=True  collision=False  over_limit=False
[466] PASS  time=  0.271s  status=Exact solution     len=  4.219  endpoints_valid=True  collision=False  over_limit=False
[467] PASS  time=  1.800s  status=Exact solution     len=  4.679  endpoints_valid=True  collision=False  over_limit=False
[468] PASS  time=  0.076s  status=Exact solution     len=  1.996  endpoints_valid=True  collision=False  over_limit=False
[469] PASS  time=  0.018s  status=Exact solution     len=  2.038  endpoints_valid=True  collision=False  over_limit=False
[470] PASS  time=  0.239s  status=Exact solution     len=  2.005  endpoints_valid=True  collision=False  over_limit=False
[471] PASS  time=  0.251s  status=Exact solution     len=  2.406  endpoints_valid=True  collision=False  over_limit=False
[472] PASS  time=  0.817s  status=Exact solution     len=  2.368  endpoints_valid=True  collision=False  over_limit=False
[473] PASS  time=  0.261s  status=Exact solution     len=  2.032  endpoints_valid=True  collision=False  over_limit=False
[474] PASS  time=  0.260s  status=Exact solution     len=  2.670  endpoints_valid=True  collision=False  over_limit=False
[475] PASS  time=  1.242s  status=Exact solution     len=  1.915  endpoints_valid=True  collision=False  over_limit=False
[476] PASS  time=  0.436s  status=Exact solution     len=  2.888  endpoints_valid=True  collision=False  over_limit=False
[477] PASS  time=  0.809s  status=Exact solution     len=  2.419  endpoints_valid=True  collision=False  over_limit=False
[478] PASS  time=  1.234s  status=Exact solution     len=  4.384  endpoints_valid=True  collision=False  over_limit=False
[479] PASS  time=  0.026s  status=Exact solution     len=  1.761  endpoints_valid=True  collision=False  over_limit=False
[480] PASS  time=  0.063s  status=Exact solution     len=  1.666  endpoints_valid=True  collision=False  over_limit=False
[481] PASS  time=  0.318s  status=Exact solution     len=  1.171  endpoints_valid=True  collision=False  over_limit=False
[482] PASS  time=  0.176s  status=Exact solution     len=  2.298  endpoints_valid=True  collision=False  over_limit=False
[483] PASS  time=  0.209s  status=Exact solution     len=  1.577  endpoints_valid=True  collision=False  over_limit=False
[484] PASS  time=  0.758s  status=Exact solution     len=  2.893  endpoints_valid=True  collision=False  over_limit=False
[485] PASS  time=  0.345s  status=Exact solution     len=  2.773  endpoints_valid=True  collision=False  over_limit=False
[486] PASS  time=  1.436s  status=Exact solution     len=  4.025  endpoints_valid=True  collision=False  over_limit=False
[487] PASS  time=  0.035s  status=Exact solution     len=  2.231  endpoints_valid=True  collision=False  over_limit=False
[488] PASS  time=  0.052s  status=Exact solution     len=  1.744  endpoints_valid=True  collision=False  over_limit=False
[489] PASS  time=  0.423s  status=Exact solution     len=  1.897  endpoints_valid=True  collision=False  over_limit=False
[490] PASS  time=  0.474s  status=Exact solution     len=  3.717  endpoints_valid=True  collision=False  over_limit=False
[491] PASS  time=  0.009s  status=Exact solution     len=  1.903  endpoints_valid=True  collision=False  over_limit=False
[492] PASS  time=  0.390s  status=Exact solution     len=  1.872  endpoints_valid=True  collision=False  over_limit=False
[493] PASS  time=  1.972s  status=Exact solution     len=  6.435  endpoints_valid=True  collision=False  over_limit=False
[494] PASS  time=  0.984s  status=Exact solution     len=  2.574  endpoints_valid=True  collision=False  over_limit=False
[495] PASS  time=  0.222s  status=Exact solution     len=  2.315  endpoints_valid=True  collision=False  over_limit=False
[496] PASS  time=  0.033s  status=Exact solution     len=  2.344  endpoints_valid=True  collision=False  over_limit=False
[497] PASS  time=  0.120s  status=Exact solution     len=  2.208  endpoints_valid=True  collision=False  over_limit=False
[498] PASS  time=  0.085s  status=Exact solution     len=  2.025  endpoints_valid=True  collision=False  over_limit=False
[499] PASS  time=  0.662s  status=Exact solution     len=  2.993  endpoints_valid=True  collision=False  over_limit=False
[500] PASS  time=  0.317s  status=Exact solution     len=  3.934  endpoints_valid=True  collision=False  over_limit=False
[501] PASS  time=  0.955s  status=Exact solution     len=  2.427  endpoints_valid=True  collision=False  over_limit=False
[502] PASS  time=  0.289s  status=Exact solution     len=  1.971  endpoints_valid=True  collision=False  over_limit=False
[503] PASS  time=  0.277s  status=Exact solution     len=  2.097  endpoints_valid=True  collision=False  over_limit=False
[504] PASS  time=  0.113s  status=Exact solution     len=  2.217  endpoints_valid=True  collision=False  over_limit=False
[505] PASS  time=  0.266s  status=Exact solution     len=  2.186  endpoints_valid=True  collision=False  over_limit=False
[506] PASS  time=  2.652s  status=Exact solution     len=  3.796  endpoints_valid=True  collision=False  over_limit=False
[507] PASS  time=  0.087s  status=Exact solution     len=  2.389  endpoints_valid=True  collision=False  over_limit=False
[508] PASS  time=  0.639s  status=Exact solution     len=  3.049  endpoints_valid=True  collision=False  over_limit=False
[509] PASS  time=  2.746s  status=Exact solution     len=  4.749  endpoints_valid=True  collision=False  over_limit=False
[510] PASS  time=  0.028s  status=Exact solution     len=  1.960  endpoints_valid=True  collision=False  over_limit=False
[511] PASS  time=  0.014s  status=Exact solution     len=  2.107  endpoints_valid=True  collision=False  over_limit=False
[512] PASS  time=  0.203s  status=Exact solution     len=  2.232  endpoints_valid=True  collision=False  over_limit=False
[513] PASS  time=  0.148s  status=Exact solution     len=  1.377  endpoints_valid=True  collision=False  over_limit=False
[514] PASS  time=  0.126s  status=Exact solution     len=  2.415  endpoints_valid=True  collision=False  over_limit=False
[515] PASS  time=  0.183s  status=Exact solution     len=  1.903  endpoints_valid=True  collision=False  over_limit=False
[516] PASS  time=  0.313s  status=Exact solution     len=  1.823  endpoints_valid=True  collision=False  over_limit=False
[517] PASS  time=  0.013s  status=Exact solution     len=  2.098  endpoints_valid=True  collision=False  over_limit=False
[518] PASS  time=  0.332s  status=Exact solution     len=  2.612  endpoints_valid=True  collision=False  over_limit=False
[519] PASS  time=  0.031s  status=Exact solution     len=  1.675  endpoints_valid=True  collision=False  over_limit=False
[520] PASS  time=  0.247s  status=Exact solution     len=  2.963  endpoints_valid=True  collision=False  over_limit=False
[521] PASS  time=  0.144s  status=Exact solution     len=  1.795  endpoints_valid=True  collision=False  over_limit=False
[522] PASS  time=  0.260s  status=Exact solution     len=  2.496  endpoints_valid=True  collision=False  over_limit=False
[523] PASS  time=  0.189s  status=Exact solution     len=  1.848  endpoints_valid=True  collision=False  over_limit=False
[524] PASS  time=  0.299s  status=Exact solution     len=  2.086  endpoints_valid=True  collision=False  over_limit=False
[525] PASS  time=  0.185s  status=Exact solution     len=  2.296  endpoints_valid=True  collision=False  over_limit=False
[526] PASS  time=  0.860s  status=Exact solution     len=  2.772  endpoints_valid=True  collision=False  over_limit=False
[527] PASS  time=  0.304s  status=Exact solution     len=  3.785  endpoints_valid=True  collision=False  over_limit=False
[528] PASS  time=  0.336s  status=Exact solution     len=  2.099  endpoints_valid=True  collision=False  over_limit=False
[529] PASS  time=  0.372s  status=Exact solution     len=  1.776  endpoints_valid=True  collision=False  over_limit=False
[530] PASS  time=  0.189s  status=Exact solution     len=  2.196  endpoints_valid=True  collision=False  over_limit=False
[531] PASS  time=  0.728s  status=Exact solution     len=  2.807  endpoints_valid=True  collision=False  over_limit=False
[532] PASS  time=  0.094s  status=Exact solution     len=  1.376  endpoints_valid=True  collision=False  over_limit=False
[533] PASS  time=  0.367s  status=Exact solution     len=  3.226  endpoints_valid=True  collision=False  over_limit=False
[534] PASS  time=  0.274s  status=Exact solution     len=  1.544  endpoints_valid=True  collision=False  over_limit=False
[535] PASS  time=  0.223s  status=Exact solution     len=  1.938  endpoints_valid=True  collision=False  over_limit=False
[536] PASS  time=  0.280s  status=Exact solution     len=  2.181  endpoints_valid=True  collision=False  over_limit=False
[537] PASS  time=  1.300s  status=Exact solution     len=  3.110  endpoints_valid=True  collision=False  over_limit=False
[538] PASS  time=  0.315s  status=Exact solution     len=  2.417  endpoints_valid=True  collision=False  over_limit=False
[539] PASS  time=  0.188s  status=Exact solution     len=  1.956  endpoints_valid=True  collision=False  over_limit=False
[540] PASS  time=  0.183s  status=Exact solution     len=  2.191  endpoints_valid=True  collision=False  over_limit=False
[541] PASS  time=  0.109s  status=Exact solution     len=  2.731  endpoints_valid=True  collision=False  over_limit=False
[542] PASS  time=  1.649s  status=Exact solution     len=  1.550  endpoints_valid=True  collision=False  over_limit=False
[543] PASS  time=  0.367s  status=Exact solution     len=  2.687  endpoints_valid=True  collision=False  over_limit=False
[544] PASS  time=  1.419s  status=Exact solution     len=  3.548  endpoints_valid=True  collision=False  over_limit=False
[545] PASS  time=  0.637s  status=Exact solution     len=  3.198  endpoints_valid=True  collision=False  over_limit=False
[546] PASS  time=  0.250s  status=Exact solution     len=  1.978  endpoints_valid=True  collision=False  over_limit=False
[547] PASS  time=  0.167s  status=Exact solution     len=  1.999  endpoints_valid=True  collision=False  over_limit=False
[548] PASS  time=  0.009s  status=Exact solution     len=  1.603  endpoints_valid=True  collision=False  over_limit=False
[549] PASS  time=  0.227s  status=Exact solution     len=  2.006  endpoints_valid=True  collision=False  over_limit=False
[550] PASS  time=  0.178s  status=Exact solution     len=  1.066  endpoints_valid=True  collision=False  over_limit=False
[551] PASS  time=  0.582s  status=Exact solution     len=  3.859  endpoints_valid=True  collision=False  over_limit=False
[552] PASS  time=  0.108s  status=Exact solution     len=  2.401  endpoints_valid=True  collision=False  over_limit=False
[553] PASS  time=  0.071s  status=Exact solution     len=  0.978  endpoints_valid=True  collision=False  over_limit=False
[554] PASS  time=  0.118s  status=Exact solution     len=  3.081  endpoints_valid=True  collision=False  over_limit=False
[555] PASS  time=  0.331s  status=Exact solution     len=  4.367  endpoints_valid=True  collision=False  over_limit=False
[556] PASS  time=  0.080s  status=Exact solution     len=  2.052  endpoints_valid=True  collision=False  over_limit=False
[557] PASS  time=  0.190s  status=Exact solution     len=  1.189  endpoints_valid=True  collision=False  over_limit=False
[558] PASS  time=  0.055s  status=Exact solution     len=  1.567  endpoints_valid=True  collision=False  over_limit=False
[559] PASS  time=  0.036s  status=Exact solution     len=  2.147  endpoints_valid=True  collision=False  over_limit=False
[560] PASS  time=  0.868s  status=Exact solution     len=  3.384  endpoints_valid=True  collision=False  over_limit=False
[561] PASS  time=  0.077s  status=Exact solution     len=  1.592  endpoints_valid=True  collision=False  over_limit=False
[562] PASS  time=  0.299s  status=Exact solution     len=  2.296  endpoints_valid=True  collision=False  over_limit=False
[563] PASS  time=  0.062s  status=Exact solution     len=  1.625  endpoints_valid=True  collision=False  over_limit=False
[564] PASS  time=  0.342s  status=Exact solution     len=  1.853  endpoints_valid=True  collision=False  over_limit=False
[565] PASS  time=  0.784s  status=Exact solution     len=  2.565  endpoints_valid=True  collision=False  over_limit=False
[566] PASS  time=  0.124s  status=Exact solution     len=  1.756  endpoints_valid=True  collision=False  over_limit=False
[567] PASS  time=  0.117s  status=Exact solution     len=  2.985  endpoints_valid=True  collision=False  over_limit=False
[568] PASS  time=  0.308s  status=Exact solution     len=  1.626  endpoints_valid=True  collision=False  over_limit=False
[569] PASS  time=  0.315s  status=Exact solution     len=  2.314  endpoints_valid=True  collision=False  over_limit=False
[570] PASS  time=  0.360s  status=Exact solution     len=  2.953  endpoints_valid=True  collision=False  over_limit=False
[571] PASS  time=  0.301s  status=Exact solution     len=  2.332  endpoints_valid=True  collision=False  over_limit=False
[572] PASS  time=  0.466s  status=Exact solution     len=  1.729  endpoints_valid=True  collision=False  over_limit=False
[573] PASS  time=  0.424s  status=Exact solution     len=  2.306  endpoints_valid=True  collision=False  over_limit=False
[574] PASS  time=  0.158s  status=Exact solution     len=  1.426  endpoints_valid=True  collision=False  over_limit=False
[575] PASS  time=  0.024s  status=Exact solution     len=  1.354  endpoints_valid=True  collision=False  over_limit=False
[576] PASS  time=  0.149s  status=Exact solution     len=  2.426  endpoints_valid=True  collision=False  over_limit=False
[577] PASS  time=  0.392s  status=Exact solution     len=  3.440  endpoints_valid=True  collision=False  over_limit=False
[578] PASS  time=  0.189s  status=Exact solution     len=  3.500  endpoints_valid=True  collision=False  over_limit=False
[579] PASS  time=  0.245s  status=Exact solution     len=  2.003  endpoints_valid=True  collision=False  over_limit=False
[580] PASS  time=  0.364s  status=Exact solution     len=  2.523  endpoints_valid=True  collision=False  over_limit=False
[581] PASS  time=  0.147s  status=Exact solution     len=  2.176  endpoints_valid=True  collision=False  over_limit=False
[582] PASS  time=  0.359s  status=Exact solution     len=  1.801  endpoints_valid=True  collision=False  over_limit=False
[583] PASS  time=  0.308s  status=Exact solution     len=  1.419  endpoints_valid=True  collision=False  over_limit=False
[584] PASS  time=  0.046s  status=Exact solution     len=  1.578  endpoints_valid=True  collision=False  over_limit=False
[585] PASS  time=  0.127s  status=Exact solution     len=  1.911  endpoints_valid=True  collision=False  over_limit=False
[586] PASS  time=  0.065s  status=Exact solution     len=  1.479  endpoints_valid=True  collision=False  over_limit=False
[587] PASS  time=  0.159s  status=Exact solution     len=  1.602  endpoints_valid=True  collision=False  over_limit=False
[588] PASS  time=  0.479s  status=Exact solution     len=  2.288  endpoints_valid=True  collision=False  over_limit=False
[589] PASS  time=  0.213s  status=Exact solution     len=  1.306  endpoints_valid=True  collision=False  over_limit=False
[590] PASS  time=  0.148s  status=Exact solution     len=  1.861  endpoints_valid=True  collision=False  over_limit=False
[591] PASS  time=  0.317s  status=Exact solution     len=  3.277  endpoints_valid=True  collision=False  over_limit=False
[592] PASS  time=  0.305s  status=Exact solution     len=  2.930  endpoints_valid=True  collision=False  over_limit=False
[593] PASS  time=  0.260s  status=Exact solution     len=  2.657  endpoints_valid=True  collision=False  over_limit=False
[594] PASS  time=  2.192s  status=Exact solution     len=  4.387  endpoints_valid=True  collision=False  over_limit=False
[595] PASS  time=  1.709s  status=Exact solution     len=  5.030  endpoints_valid=True  collision=False  over_limit=False
[596] PASS  time=  0.718s  status=Exact solution     len=  2.022  endpoints_valid=True  collision=False  over_limit=False
[597] PASS  time=  0.013s  status=Exact solution     len=  1.450  endpoints_valid=True  collision=False  over_limit=False
[598] PASS  time=  0.629s  status=Exact solution     len=  3.341  endpoints_valid=True  collision=False  over_limit=False
[599] PASS  time=  0.490s  status=Exact solution     len=  2.638  endpoints_valid=True  collision=False  over_limit=False
[600] PASS  time=  0.643s  status=Exact solution     len=  4.370  endpoints_valid=True  collision=False  over_limit=False
[601] PASS  time=  0.397s  status=Exact solution     len=  4.765  endpoints_valid=True  collision=False  over_limit=False
[602] PASS  time=  0.115s  status=Exact solution     len=  1.714  endpoints_valid=True  collision=False  over_limit=False
[603] PASS  time=  0.964s  status=Exact solution     len=  2.966  endpoints_valid=True  collision=False  over_limit=False
[604] PASS  time=  0.053s  status=Exact solution     len=  1.985  endpoints_valid=True  collision=False  over_limit=False
[605] PASS  time=  0.048s  status=Exact solution     len=  1.854  endpoints_valid=True  collision=False  over_limit=False
[606] PASS  time=  0.409s  status=Exact solution     len=  2.741  endpoints_valid=True  collision=False  over_limit=False
[607] PASS  time=  0.550s  status=Exact solution     len=  3.818  endpoints_valid=True  collision=False  over_limit=False
[608] PASS  time=  0.355s  status=Exact solution     len=  2.448  endpoints_valid=True  collision=False  over_limit=False
[609] PASS  time=  0.083s  status=Exact solution     len=  1.619  endpoints_valid=True  collision=False  over_limit=False
[610] PASS  time=  0.312s  status=Exact solution     len=  2.453  endpoints_valid=True  collision=False  over_limit=False
[611] PASS  time=  3.009s  status=Exact solution     len=  4.982  endpoints_valid=True  collision=False  over_limit=False
[612] PASS  time=  0.126s  status=Exact solution     len=  1.236  endpoints_valid=True  collision=False  over_limit=False
[613] PASS  time=  0.055s  status=Exact solution     len=  1.418  endpoints_valid=True  collision=False  over_limit=False
[614] PASS  time=  0.853s  status=Exact solution     len=  1.667  endpoints_valid=True  collision=False  over_limit=False
[615] PASS  time=  0.088s  status=Exact solution     len=  1.443  endpoints_valid=True  collision=False  over_limit=False
[616] PASS  time=  0.194s  status=Exact solution     len=  1.755  endpoints_valid=True  collision=False  over_limit=False
[617] PASS  time=  0.118s  status=Exact solution     len=  1.647  endpoints_valid=True  collision=False  over_limit=False
[618] PASS  time=  0.151s  status=Exact solution     len=  1.378  endpoints_valid=True  collision=False  over_limit=False
[619] PASS  time=  0.681s  status=Exact solution     len=  2.446  endpoints_valid=True  collision=False  over_limit=False
[620] PASS  time=  1.021s  status=Exact solution     len=  1.588  endpoints_valid=True  collision=False  over_limit=False
[621] PASS  time=  1.071s  status=Exact solution     len=  3.129  endpoints_valid=True  collision=False  over_limit=False
[622] PASS  time=  0.210s  status=Exact solution     len=  1.528  endpoints_valid=True  collision=False  over_limit=False
[623] PASS  time=  0.476s  status=Exact solution     len=  3.070  endpoints_valid=True  collision=False  over_limit=False
[624] PASS  time=  0.704s  status=Exact solution     len=  3.310  endpoints_valid=True  collision=False  over_limit=False
[625] PASS  time=  0.977s  status=Exact solution     len=  3.185  endpoints_valid=True  collision=False  over_limit=False
[626] PASS  time=  0.015s  status=Exact solution     len=  1.550  endpoints_valid=True  collision=False  over_limit=False
[627] PASS  time=  0.743s  status=Exact solution     len=  3.129  endpoints_valid=True  collision=False  over_limit=False
[628] PASS  time=  0.201s  status=Exact solution     len=  2.729  endpoints_valid=True  collision=False  over_limit=False
[629] PASS  time=  0.052s  status=Exact solution     len=  1.733  endpoints_valid=True  collision=False  over_limit=False
[630] PASS  time=  0.198s  status=Exact solution     len=  1.715  endpoints_valid=True  collision=False  over_limit=False
[631] PASS  time=  0.049s  status=Exact solution     len=  1.746  endpoints_valid=True  collision=False  over_limit=False
[632] PASS  time=  0.235s  status=Exact solution     len=  2.716  endpoints_valid=True  collision=False  over_limit=False
[633] PASS  time=  0.425s  status=Exact solution     len=  2.697  endpoints_valid=True  collision=False  over_limit=False
[634] PASS  time=  0.286s  status=Exact solution     len=  2.421  endpoints_valid=True  collision=False  over_limit=False
[635] PASS  time=  0.024s  status=Exact solution     len=  1.260  endpoints_valid=True  collision=False  over_limit=False
[636] PASS  time=  1.543s  status=Exact solution     len=  2.604  endpoints_valid=True  collision=False  over_limit=False
[637] PASS  time=  0.555s  status=Exact solution     len=  5.715  endpoints_valid=True  collision=False  over_limit=False
[638] PASS  time=  0.388s  status=Exact solution     len=  2.371  endpoints_valid=True  collision=False  over_limit=False
[639] PASS  time=  0.301s  status=Exact solution     len=  3.800  endpoints_valid=True  collision=False  over_limit=False
[640] PASS  time=  0.166s  status=Exact solution     len=  2.070  endpoints_valid=True  collision=False  over_limit=False
[641] PASS  time=  0.332s  status=Exact solution     len=  1.827  endpoints_valid=True  collision=False  over_limit=False
[642] PASS  time=  0.073s  status=Exact solution     len=  2.112  endpoints_valid=True  collision=False  over_limit=False
[643] PASS  time=  0.029s  status=Exact solution     len=  2.177  endpoints_valid=True  collision=False  over_limit=False
[644] PASS  time=  0.259s  status=Exact solution     len=  1.445  endpoints_valid=True  collision=False  over_limit=False
[645] PASS  time=  0.217s  status=Exact solution     len=  2.051  endpoints_valid=True  collision=False  over_limit=False
[646] PASS  time=  0.022s  status=Exact solution     len=  1.823  endpoints_valid=True  collision=False  over_limit=False
[647] PASS  time=  0.025s  status=Exact solution     len=  1.278  endpoints_valid=True  collision=False  over_limit=False
[648] PASS  time=  1.843s  status=Exact solution     len=  4.407  endpoints_valid=True  collision=False  over_limit=False
[649] PASS  time=  0.110s  status=Exact solution     len=  1.600  endpoints_valid=True  collision=False  over_limit=False
[650] PASS  time=  0.878s  status=Exact solution     len=  4.082  endpoints_valid=True  collision=False  over_limit=False
[651] PASS  time=  0.307s  status=Exact solution     len=  2.541  endpoints_valid=True  collision=False  over_limit=False
[652] PASS  time=  0.337s  status=Exact solution     len=  2.654  endpoints_valid=True  collision=False  over_limit=False
[653] PASS  time=  1.031s  status=Exact solution     len=  2.588  endpoints_valid=True  collision=False  over_limit=False
[654] PASS  time=  0.019s  status=Exact solution     len=  1.478  endpoints_valid=True  collision=False  over_limit=False
[655] PASS  time=  0.140s  status=Exact solution     len=  2.123  endpoints_valid=True  collision=False  over_limit=False
[656] PASS  time=  0.066s  status=Exact solution     len=  2.125  endpoints_valid=True  collision=False  over_limit=False
[657] PASS  time=  0.210s  status=Exact solution     len=  1.758  endpoints_valid=True  collision=False  over_limit=False
[658] PASS  time=  0.340s  status=Exact solution     len=  3.276  endpoints_valid=True  collision=False  over_limit=False
[659] PASS  time=  0.171s  status=Exact solution     len=  1.342  endpoints_valid=True  collision=False  over_limit=False
[660] PASS  time=  0.243s  status=Exact solution     len=  1.790  endpoints_valid=True  collision=False  over_limit=False
[661] PASS  time=  0.086s  status=Exact solution     len=  2.721  endpoints_valid=True  collision=False  over_limit=False
[662] PASS  time=  0.179s  status=Exact solution     len=  1.641  endpoints_valid=True  collision=False  over_limit=False
[663] PASS  time=  0.024s  status=Exact solution     len=  1.476  endpoints_valid=True  collision=False  over_limit=False
[664] PASS  time=  0.356s  status=Exact solution     len=  3.055  endpoints_valid=True  collision=False  over_limit=False
[665] PASS  time=  0.049s  status=Exact solution     len=  1.494  endpoints_valid=True  collision=False  over_limit=False
[666] PASS  time=  0.407s  status=Exact solution     len=  1.902  endpoints_valid=True  collision=False  over_limit=False
[667] PASS  time=  0.314s  status=Exact solution     len=  2.021  endpoints_valid=True  collision=False  over_limit=False
[668] PASS  time=  0.347s  status=Exact solution     len=  2.197  endpoints_valid=True  collision=False  over_limit=False
[669] PASS  time=  0.600s  status=Exact solution     len=  1.908  endpoints_valid=True  collision=False  over_limit=False
[670] PASS  time=  0.022s  status=Exact solution     len=  1.326  endpoints_valid=True  collision=False  over_limit=False
[671] PASS  time=  0.423s  status=Exact solution     len=  3.469  endpoints_valid=True  collision=False  over_limit=False
[672] PASS  time=  0.703s  status=Exact solution     len=  2.665  endpoints_valid=True  collision=False  over_limit=False
[673] PASS  time=  0.057s  status=Exact solution     len=  2.115  endpoints_valid=True  collision=False  over_limit=False
[674] PASS  time=  0.146s  status=Exact solution     len=  1.788  endpoints_valid=True  collision=False  over_limit=False
[675] PASS  time=  0.018s  status=Exact solution     len=  1.704  endpoints_valid=True  collision=False  over_limit=False
[676] PASS  time=  0.341s  status=Exact solution     len=  2.137  endpoints_valid=True  collision=False  over_limit=False
[677] PASS  time=  0.110s  status=Exact solution     len=  2.127  endpoints_valid=True  collision=False  over_limit=False
[678] PASS  time=  0.524s  status=Exact solution     len=  1.565  endpoints_valid=True  collision=False  over_limit=False
[679] PASS  time=  0.697s  status=Exact solution     len=  3.013  endpoints_valid=True  collision=False  over_limit=False
[680] PASS  time=  0.177s  status=Exact solution     len=  2.243  endpoints_valid=True  collision=False  over_limit=False
[681] PASS  time=  0.378s  status=Exact solution     len=  2.395  endpoints_valid=True  collision=False  over_limit=False
[682] PASS  time=  0.830s  status=Exact solution     len=  2.956  endpoints_valid=True  collision=False  over_limit=False
[683] PASS  time=  0.119s  status=Exact solution     len=  1.876  endpoints_valid=True  collision=False  over_limit=False
[684] PASS  time=  0.207s  status=Exact solution     len=  1.953  endpoints_valid=True  collision=False  over_limit=False
[685] PASS  time=  0.381s  status=Exact solution     len=  1.834  endpoints_valid=True  collision=False  over_limit=False
[686] PASS  time=  0.089s  status=Exact solution     len=  2.354  endpoints_valid=True  collision=False  over_limit=False
[687] PASS  time=  0.181s  status=Exact solution     len=  2.457  endpoints_valid=True  collision=False  over_limit=False
[688] PASS  time=  0.231s  status=Exact solution     len=  2.850  endpoints_valid=True  collision=False  over_limit=False
[689] PASS  time=  0.279s  status=Exact solution     len=  2.395  endpoints_valid=True  collision=False  over_limit=False
[690] PASS  time=  0.087s  status=Exact solution     len=  2.046  endpoints_valid=True  collision=False  over_limit=False
[691] PASS  time=  0.056s  status=Exact solution     len=  2.191  endpoints_valid=True  collision=False  over_limit=False
[692] PASS  time=  0.047s  status=Exact solution     len=  1.284  endpoints_valid=True  collision=False  over_limit=False
[693] PASS  time=  0.485s  status=Exact solution     len=  2.941  endpoints_valid=True  collision=False  over_limit=False
[694] PASS  time=  0.321s  status=Exact solution     len=  2.732  endpoints_valid=True  collision=False  over_limit=False
[695] PASS  time=  0.384s  status=Exact solution     len=  1.299  endpoints_valid=True  collision=False  over_limit=False
[696] PASS  time=  0.593s  status=Exact solution     len=  5.262  endpoints_valid=True  collision=False  over_limit=False
[697] PASS  time=  0.068s  status=Exact solution     len=  1.963  endpoints_valid=True  collision=False  over_limit=False
[698] PASS  time=  2.251s  status=Exact solution     len=  4.795  endpoints_valid=True  collision=False  over_limit=False
[699] PASS  time=  0.233s  status=Exact solution     len=  1.788  endpoints_valid=True  collision=False  over_limit=False
[700] PASS  time=  0.442s  status=Exact solution     len=  3.965  endpoints_valid=True  collision=False  over_limit=False
[701] PASS  time=  0.202s  status=Exact solution     len=  1.131  endpoints_valid=True  collision=False  over_limit=False
[702] PASS  time=  0.259s  status=Exact solution     len=  2.911  endpoints_valid=True  collision=False  over_limit=False
[703] PASS  time=  0.682s  status=Exact solution     len=  3.977  endpoints_valid=True  collision=False  over_limit=False
[704] PASS  time=  0.224s  status=Exact solution     len=  3.285  endpoints_valid=True  collision=False  over_limit=False
Warning: RRTConnect: Skipping invalid start state (invalid state)
         at line 248 in /project/src/ompl/base/src/Planner.cpp
Error:   RRTConnect: Motion planning start tree could not be initialized!
         at line 219 in /project/src/ompl/geometric/planners/rrt/src/RRTConnect.cpp
[705] FAIL  time=  0.002s  status=Invalid start      len=    nan  endpoints_valid=False  collision=False  over_limit=False
[706] PASS  time=  1.198s  status=Exact solution     len=  5.439  endpoints_valid=True  collision=False  over_limit=False
[707] PASS  time=  0.729s  status=Exact solution     len=  2.012  endpoints_valid=True  collision=False  over_limit=False
[708] PASS  time=  0.479s  status=Exact solution     len=  2.438  endpoints_valid=True  collision=False  over_limit=False
[709] PASS  time=  0.375s  status=Exact solution     len=  2.367  endpoints_valid=True  collision=False  over_limit=False
[710] PASS  time=  0.148s  status=Exact solution     len=  1.552  endpoints_valid=True  collision=False  over_limit=False
[711] PASS  time=  0.355s  status=Exact solution     len=  1.799  endpoints_valid=True  collision=False  over_limit=False
[712] PASS  time=  0.034s  status=Exact solution     len=  1.331  endpoints_valid=True  collision=False  over_limit=False
[713] PASS  time=  0.151s  status=Exact solution     len=  1.683  endpoints_valid=True  collision=False  over_limit=False
[714] PASS  time=  0.163s  status=Exact solution     len=  1.518  endpoints_valid=True  collision=False  over_limit=False
[715] PASS  time=  0.037s  status=Exact solution     len=  1.827  endpoints_valid=True  collision=False  over_limit=False
[716] PASS  time=  1.416s  status=Exact solution     len=  5.071  endpoints_valid=True  collision=False  over_limit=False
[717] PASS  time=  0.142s  status=Exact solution     len=  1.365  endpoints_valid=True  collision=False  over_limit=False
[718] PASS  time=  0.513s  status=Exact solution     len=  2.039  endpoints_valid=True  collision=False  over_limit=False
[719] PASS  time=  0.117s  status=Exact solution     len=  2.144  endpoints_valid=True  collision=False  over_limit=False
[720] PASS  time=  0.021s  status=Exact solution     len=  2.118  endpoints_valid=True  collision=False  over_limit=False
[721] PASS  time=  0.388s  status=Exact solution     len=  1.852  endpoints_valid=True  collision=False  over_limit=False
[722] PASS  time=  0.502s  status=Exact solution     len=  2.181  endpoints_valid=True  collision=False  over_limit=False
[723] PASS  time=  0.552s  status=Exact solution     len=  2.034  endpoints_valid=True  collision=False  over_limit=False
[724] PASS  time=  1.769s  status=Exact solution     len=  4.130  endpoints_valid=True  collision=False  over_limit=False
[725] PASS  time=  0.076s  status=Exact solution     len=  2.157  endpoints_valid=True  collision=False  over_limit=False
[726] PASS  time=  0.024s  status=Exact solution     len=  2.151  endpoints_valid=True  collision=False  over_limit=False
[727] PASS  time=  0.279s  status=Exact solution     len=  2.351  endpoints_valid=True  collision=False  over_limit=False
[728] PASS  time=  0.101s  status=Exact solution     len=  1.900  endpoints_valid=True  collision=False  over_limit=False
[729] PASS  time=  0.626s  status=Exact solution     len=  2.077  endpoints_valid=True  collision=False  over_limit=False
[730] PASS  time=  0.253s  status=Exact solution     len=  1.556  endpoints_valid=True  collision=False  over_limit=False
[731] PASS  time=  0.063s  status=Exact solution     len=  1.814  endpoints_valid=True  collision=False  over_limit=False
[732] PASS  time=  0.077s  status=Exact solution     len=  1.560  endpoints_valid=True  collision=False  over_limit=False
[733] PASS  time=  0.058s  status=Exact solution     len=  1.418  endpoints_valid=True  collision=False  over_limit=False
[734] PASS  time=  1.123s  status=Exact solution     len=  3.950  endpoints_valid=True  collision=False  over_limit=False
[735] PASS  time=  0.672s  status=Exact solution     len=  3.541  endpoints_valid=True  collision=False  over_limit=False
[736] PASS  time=  0.249s  status=Exact solution     len=  2.482  endpoints_valid=True  collision=False  over_limit=False
[737] PASS  time=  0.238s  status=Exact solution     len=  1.878  endpoints_valid=True  collision=False  over_limit=False
[738] PASS  time=  0.157s  status=Exact solution     len=  2.807  endpoints_valid=True  collision=False  over_limit=False
[739] PASS  time=  0.106s  status=Exact solution     len=  1.213  endpoints_valid=True  collision=False  over_limit=False
[740] PASS  time=  0.253s  status=Exact solution     len=  1.420  endpoints_valid=True  collision=False  over_limit=False
[741] PASS  time=  0.043s  status=Exact solution     len=  1.715  endpoints_valid=True  collision=False  over_limit=False
[742] PASS  time=  0.037s  status=Exact solution     len=  2.275  endpoints_valid=True  collision=False  over_limit=False
[743] PASS  time=  0.199s  status=Exact solution     len=  1.917  endpoints_valid=True  collision=False  over_limit=False
[744] PASS  time=  0.395s  status=Exact solution     len=  2.689  endpoints_valid=True  collision=False  over_limit=False
[745] PASS  time=  0.177s  status=Exact solution     len=  2.532  endpoints_valid=True  collision=False  over_limit=False
[746] PASS  time=  0.019s  status=Exact solution     len=  1.703  endpoints_valid=True  collision=False  over_limit=False
[747] PASS  time=  0.437s  status=Exact solution     len=  2.119  endpoints_valid=True  collision=False  over_limit=False
[748] PASS  time=  1.802s  status=Exact solution     len=  2.389  endpoints_valid=True  collision=False  over_limit=False
[749] PASS  time=  0.206s  status=Exact solution     len=  2.025  endpoints_valid=True  collision=False  over_limit=False
[750] PASS  time=  0.207s  status=Exact solution     len=  1.709  endpoints_valid=True  collision=False  over_limit=False
[751] PASS  time=  0.207s  status=Exact solution     len=  1.869  endpoints_valid=True  collision=False  over_limit=False
[752] PASS  time=  0.522s  status=Exact solution     len=  2.333  endpoints_valid=True  collision=False  over_limit=False
[753] PASS  time=  0.186s  status=Exact solution     len=  2.160  endpoints_valid=True  collision=False  over_limit=False
[754] PASS  time=  0.279s  status=Exact solution     len=  1.501  endpoints_valid=True  collision=False  over_limit=False
[755] PASS  time=  0.384s  status=Exact solution     len=  2.626  endpoints_valid=True  collision=False  over_limit=False
[756] PASS  time=  0.156s  status=Exact solution     len=  2.240  endpoints_valid=True  collision=False  over_limit=False
[757] PASS  time=  0.312s  status=Exact solution     len=  1.362  endpoints_valid=True  collision=False  over_limit=False
[758] PASS  time=  0.131s  status=Exact solution     len=  1.796  endpoints_valid=True  collision=False  over_limit=False
[759] PASS  time=  0.252s  status=Exact solution     len=  2.209  endpoints_valid=True  collision=False  over_limit=False
[760] PASS  time=  0.054s  status=Exact solution     len=  1.711  endpoints_valid=True  collision=False  over_limit=False
[761] PASS  time=  0.079s  status=Exact solution     len=  1.613  endpoints_valid=True  collision=False  over_limit=False
[762] PASS  time=  0.084s  status=Exact solution     len=  2.022  endpoints_valid=True  collision=False  over_limit=False
[763] PASS  time=  0.106s  status=Exact solution     len=  1.412  endpoints_valid=True  collision=False  over_limit=False
[764] PASS  time=  0.189s  status=Exact solution     len=  2.178  endpoints_valid=True  collision=False  over_limit=False
[765] PASS  time=  0.538s  status=Exact solution     len=  2.459  endpoints_valid=True  collision=False  over_limit=False
[766] PASS  time=  0.112s  status=Exact solution     len=  1.255  endpoints_valid=True  collision=False  over_limit=False
[767] PASS  time=  0.116s  status=Exact solution     len=  1.846  endpoints_valid=True  collision=False  over_limit=False
Warning: RRTConnect: Skipping invalid start state (invalid state)
         at line 248 in /project/src/ompl/base/src/Planner.cpp
Error:   RRTConnect: Motion planning start tree could not be initialized!
         at line 219 in /project/src/ompl/geometric/planners/rrt/src/RRTConnect.cpp
[768] FAIL  time=  0.011s  status=Invalid start      len=    nan  endpoints_valid=False  collision=False  over_limit=False
[769] PASS  time=  0.555s  status=Exact solution     len=  1.387  endpoints_valid=True  collision=False  over_limit=False
[770] PASS  time=  0.056s  status=Exact solution     len=  2.335  endpoints_valid=True  collision=False  over_limit=False
[771] PASS  time=  0.836s  status=Exact solution     len=  2.842  endpoints_valid=True  collision=False  over_limit=False
[772] PASS  time=  2.843s  status=Exact solution     len=  5.043  endpoints_valid=True  collision=False  over_limit=False
[773] PASS  time=  0.182s  status=Exact solution     len=  2.700  endpoints_valid=True  collision=False  over_limit=False
[774] PASS  time=  2.016s  status=Exact solution     len=  3.575  endpoints_valid=True  collision=False  over_limit=False
[775] PASS  time=  1.386s  status=Exact solution     len=  3.752  endpoints_valid=True  collision=False  over_limit=False
[776] PASS  time=  0.918s  status=Exact solution     len=  2.228  endpoints_valid=True  collision=False  over_limit=False
[777] PASS  time=  0.418s  status=Exact solution     len=  2.386  endpoints_valid=True  collision=False  over_limit=False
[778] PASS  time=  0.261s  status=Exact solution     len=  2.423  endpoints_valid=True  collision=False  over_limit=False
[779] PASS  time=  0.537s  status=Exact solution     len=  1.733  endpoints_valid=True  collision=False  over_limit=False
[780] PASS  time=  1.034s  status=Exact solution     len=  2.155  endpoints_valid=True  collision=False  over_limit=False
[781] PASS  time=  2.769s  status=Exact solution     len=  3.973  endpoints_valid=True  collision=False  over_limit=False
[782] PASS  time=  2.229s  status=Exact solution     len=  3.056  endpoints_valid=True  collision=False  over_limit=False
[783] PASS  time=  0.758s  status=Exact solution     len=  1.501  endpoints_valid=True  collision=False  over_limit=False
[784] PASS  time=  0.726s  status=Exact solution     len=  2.709  endpoints_valid=True  collision=False  over_limit=False
[785] PASS  time=  1.400s  status=Exact solution     len=  3.890  endpoints_valid=True  collision=False  over_limit=False
[786] PASS  time=  0.405s  status=Exact solution     len=  2.158  endpoints_valid=True  collision=False  over_limit=False
[787] PASS  time=  0.628s  status=Exact solution     len=  1.705  endpoints_valid=True  collision=False  over_limit=False
[788] PASS  time=  0.441s  status=Exact solution     len=  1.948  endpoints_valid=True  collision=False  over_limit=False
[789] PASS  time=  0.305s  status=Exact solution     len=  2.123  endpoints_valid=True  collision=False  over_limit=False
[790] PASS  time=  0.177s  status=Exact solution     len=  1.882  endpoints_valid=True  collision=False  over_limit=False
[791] PASS  time=  0.273s  status=Exact solution     len=  1.870  endpoints_valid=True  collision=False  over_limit=False
[792] PASS  time=  0.628s  status=Exact solution     len=  1.859  endpoints_valid=True  collision=False  over_limit=False
[793] PASS  time=  0.267s  status=Exact solution     len=  2.976  endpoints_valid=True  collision=False  over_limit=False
[794] PASS  time=  0.044s  status=Exact solution     len=  1.407  endpoints_valid=True  collision=False  over_limit=False
[795] PASS  time=  0.104s  status=Exact solution     len=  1.633  endpoints_valid=True  collision=False  over_limit=False
[796] PASS  time=  0.358s  status=Exact solution     len=  2.246  endpoints_valid=True  collision=False  over_limit=False
[797] PASS  time=  0.429s  status=Exact solution     len=  2.405  endpoints_valid=True  collision=False  over_limit=False
[798] PASS  time=  0.110s  status=Exact solution     len=  2.187  endpoints_valid=True  collision=False  over_limit=False
[799] PASS  time=  0.037s  status=Exact solution     len=  2.210  endpoints_valid=True  collision=False  over_limit=False
[800] PASS  time=  1.172s  status=Exact solution     len=  3.433  endpoints_valid=True  collision=False  over_limit=False
[801] PASS  time=  0.246s  status=Exact solution     len=  2.004  endpoints_valid=True  collision=False  over_limit=False
[802] PASS  time=  0.566s  status=Exact solution     len=  2.384  endpoints_valid=True  collision=False  over_limit=False
[803] PASS  time=  0.117s  status=Exact solution     len=  2.080  endpoints_valid=True  collision=False  over_limit=False
[804] PASS  time=  2.884s  status=Exact solution     len=  3.879  endpoints_valid=True  collision=False  over_limit=False
[805] PASS  time=  0.128s  status=Exact solution     len=  3.214  endpoints_valid=True  collision=False  over_limit=False
[806] PASS  time=  1.182s  status=Exact solution     len=  1.942  endpoints_valid=True  collision=False  over_limit=False
[807] PASS  time=  0.311s  status=Exact solution     len=  1.750  endpoints_valid=True  collision=False  over_limit=False
[808] PASS  time=  0.644s  status=Exact solution     len=  2.484  endpoints_valid=True  collision=False  over_limit=False
[809] PASS  time=  1.983s  status=Exact solution     len=  1.783  endpoints_valid=True  collision=False  over_limit=False
[810] PASS  time=  0.252s  status=Exact solution     len=  2.106  endpoints_valid=True  collision=False  over_limit=False
[811] PASS  time=  0.083s  status=Exact solution     len=  1.293  endpoints_valid=True  collision=False  over_limit=False
[812] PASS  time=  5.823s  status=Exact solution     len=  4.647  endpoints_valid=True  collision=False  over_limit=False
[813] PASS  time=  0.128s  status=Exact solution     len=  2.286  endpoints_valid=True  collision=False  over_limit=False
[814] PASS  time=  0.243s  status=Exact solution     len=  2.512  endpoints_valid=True  collision=False  over_limit=False
[815] PASS  time=  0.077s  status=Exact solution     len=  2.174  endpoints_valid=True  collision=False  over_limit=False
[816] PASS  time=  0.058s  status=Exact solution     len=  1.356  endpoints_valid=True  collision=False  over_limit=False
[817] PASS  time=  0.486s  status=Exact solution     len=  1.994  endpoints_valid=True  collision=False  over_limit=False
[818] PASS  time=  0.206s  status=Exact solution     len=  2.420  endpoints_valid=True  collision=False  over_limit=False
[819] PASS  time=  0.242s  status=Exact solution     len=  1.501  endpoints_valid=True  collision=False  over_limit=False
[820] PASS  time=  1.042s  status=Exact solution     len=  2.872  endpoints_valid=True  collision=False  over_limit=False
[821] PASS  time=  0.162s  status=Exact solution     len=  2.397  endpoints_valid=True  collision=False  over_limit=False
[822] PASS  time=  0.329s  status=Exact solution     len=  1.581  endpoints_valid=True  collision=False  over_limit=False
[823] PASS  time=  0.041s  status=Exact solution     len=  1.793  endpoints_valid=True  collision=False  over_limit=False
[824] PASS  time=  1.471s  status=Exact solution     len=  3.144  endpoints_valid=True  collision=False  over_limit=False
[825] PASS  time=  0.226s  status=Exact solution     len=  2.769  endpoints_valid=True  collision=False  over_limit=False
[826] PASS  time=  0.952s  status=Exact solution     len=  2.112  endpoints_valid=True  collision=False  over_limit=False
[827] PASS  time=  0.739s  status=Exact solution     len=  2.350  endpoints_valid=True  collision=False  over_limit=False
[828] PASS  time=  1.238s  status=Exact solution     len=  2.364  endpoints_valid=True  collision=False  over_limit=False
[829] PASS  time=  0.137s  status=Exact solution     len=  1.421  endpoints_valid=True  collision=False  over_limit=False
[830] PASS  time=  1.754s  status=Exact solution     len=  4.109  endpoints_valid=True  collision=False  over_limit=False
[831] PASS  time=  0.109s  status=Exact solution     len=  1.862  endpoints_valid=True  collision=False  over_limit=False
[832] PASS  time=  0.255s  status=Exact solution     len=  2.524  endpoints_valid=True  collision=False  over_limit=False
[833] PASS  time=  1.243s  status=Exact solution     len=  4.411  endpoints_valid=True  collision=False  over_limit=False
[834] PASS  time=  0.783s  status=Exact solution     len=  2.532  endpoints_valid=True  collision=False  over_limit=False
[835] PASS  time=  0.101s  status=Exact solution     len=  2.142  endpoints_valid=True  collision=False  over_limit=False
[836] PASS  time=  0.136s  status=Exact solution     len=  2.207  endpoints_valid=True  collision=False  over_limit=False
[837] PASS  time=  0.155s  status=Exact solution     len=  1.326  endpoints_valid=True  collision=False  over_limit=False
[838] PASS  time=  0.116s  status=Exact solution     len=  2.036  endpoints_valid=True  collision=False  over_limit=False
[839] PASS  time=  0.068s  status=Exact solution     len=  2.497  endpoints_valid=True  collision=False  over_limit=False
[840] PASS  time=  0.090s  status=Exact solution     len=  2.029  endpoints_valid=True  collision=False  over_limit=False
[841] PASS  time=  0.465s  status=Exact solution     len=  2.038  endpoints_valid=True  collision=False  over_limit=False
[842] PASS  time=  0.321s  status=Exact solution     len=  1.764  endpoints_valid=True  collision=False  over_limit=False
[843] PASS  time=  0.665s  status=Exact solution     len=  2.892  endpoints_valid=True  collision=False  over_limit=False
[844] PASS  time=  0.117s  status=Exact solution     len=  2.253  endpoints_valid=True  collision=False  over_limit=False
[845] PASS  time=  0.254s  status=Exact solution     len=  1.571  endpoints_valid=True  collision=False  over_limit=False
[846] PASS  time=  0.143s  status=Exact solution     len=  2.422  endpoints_valid=True  collision=False  over_limit=False
[847] PASS  time=  0.039s  status=Exact solution     len=  1.937  endpoints_valid=True  collision=False  over_limit=False
[848] PASS  time=  0.882s  status=Exact solution     len=  1.310  endpoints_valid=True  collision=False  over_limit=False
[849] PASS  time=  1.127s  status=Exact solution     len=  4.011  endpoints_valid=True  collision=False  over_limit=False
[850] PASS  time=  0.092s  status=Exact solution     len=  2.761  endpoints_valid=True  collision=False  over_limit=False
[851] PASS  time=  0.921s  status=Exact solution     len=  1.571  endpoints_valid=True  collision=False  over_limit=False
[852] PASS  time=  0.688s  status=Exact solution     len=  2.528  endpoints_valid=True  collision=False  over_limit=False
[853] PASS  time=  0.935s  status=Exact solution     len=  1.430  endpoints_valid=True  collision=False  over_limit=False
[854] PASS  time=  0.343s  status=Exact solution     len=  1.457  endpoints_valid=True  collision=False  over_limit=False
[855] PASS  time=  0.691s  status=Exact solution     len=  1.487  endpoints_valid=True  collision=False  over_limit=False
[856] PASS  time=  0.103s  status=Exact solution     len=  2.485  endpoints_valid=True  collision=False  over_limit=False
[857] PASS  time=  0.226s  status=Exact solution     len=  2.256  endpoints_valid=True  collision=False  over_limit=False
[858] PASS  time=  0.499s  status=Exact solution     len=  3.108  endpoints_valid=True  collision=False  over_limit=False
[859] PASS  time=  0.148s  status=Exact solution     len=  2.349  endpoints_valid=True  collision=False  over_limit=False
[860] PASS  time=  0.725s  status=Exact solution     len=  1.267  endpoints_valid=True  collision=False  over_limit=False
[861] PASS  time=  0.018s  status=Exact solution     len=  1.512  endpoints_valid=True  collision=False  over_limit=False
[862] PASS  time=  0.632s  status=Exact solution     len=  1.461  endpoints_valid=True  collision=False  over_limit=False
[863] PASS  time=  0.163s  status=Exact solution     len=  0.951  endpoints_valid=True  collision=False  over_limit=False
[864] PASS  time=  0.067s  status=Exact solution     len=  1.925  endpoints_valid=True  collision=False  over_limit=False
[865] PASS  time=  0.290s  status=Exact solution     len=  2.581  endpoints_valid=True  collision=False  over_limit=False
[866] PASS  time=  0.628s  status=Exact solution     len=  2.729  endpoints_valid=True  collision=False  over_limit=False
[867] PASS  time=  0.019s  status=Exact solution     len=  1.758  endpoints_valid=True  collision=False  over_limit=False
[868] PASS  time=  0.809s  status=Exact solution     len=  3.072  endpoints_valid=True  collision=False  over_limit=False
[869] PASS  time=  0.629s  status=Exact solution     len=  1.949  endpoints_valid=True  collision=False  over_limit=False
[870] PASS  time=  1.013s  status=Exact solution     len=  3.456  endpoints_valid=True  collision=False  over_limit=False
[871] PASS  time=  0.069s  status=Exact solution     len=  1.732  endpoints_valid=True  collision=False  over_limit=False
[872] PASS  time=  0.695s  status=Exact solution     len=  2.554  endpoints_valid=True  collision=False  over_limit=False
[873] PASS  time=  0.348s  status=Exact solution     len=  2.329  endpoints_valid=True  collision=False  over_limit=False
[874] PASS  time=  0.431s  status=Exact solution     len=  1.730  endpoints_valid=True  collision=False  over_limit=False
[875] PASS  time=  0.448s  status=Exact solution     len=  1.492  endpoints_valid=True  collision=False  over_limit=False
[876] PASS  time=  0.371s  status=Exact solution     len=  3.211  endpoints_valid=True  collision=False  over_limit=False
[877] PASS  time=  0.590s  status=Exact solution     len=  2.651  endpoints_valid=True  collision=False  over_limit=False
[878] PASS  time=  0.433s  status=Exact solution     len=  4.308  endpoints_valid=True  collision=False  over_limit=False
[879] PASS  time=  0.158s  status=Exact solution     len=  1.560  endpoints_valid=True  collision=False  over_limit=False
[880] PASS  time=  0.112s  status=Exact solution     len=  1.920  endpoints_valid=True  collision=False  over_limit=False
[881] PASS  time=  1.783s  status=Exact solution     len=  1.977  endpoints_valid=True  collision=False  over_limit=False
[882] PASS  time=  0.220s  status=Exact solution     len=  1.224  endpoints_valid=True  collision=False  over_limit=False
[883] PASS  time=  0.420s  status=Exact solution     len=  2.314  endpoints_valid=True  collision=False  over_limit=False
[884] PASS  time=  0.207s  status=Exact solution     len=  1.637  endpoints_valid=True  collision=False  over_limit=False
[885] PASS  time=  2.501s  status=Exact solution     len=  3.177  endpoints_valid=True  collision=False  over_limit=False
[886] PASS  time=  0.870s  status=Exact solution     len=  5.187  endpoints_valid=True  collision=False  over_limit=False
[887] PASS  time=  0.328s  status=Exact solution     len=  2.251  endpoints_valid=True  collision=False  over_limit=False
[888] PASS  time=  3.333s  status=Exact solution     len=  7.503  endpoints_valid=True  collision=False  over_limit=False
[889] PASS  time=  0.607s  status=Exact solution     len=  3.637  endpoints_valid=True  collision=False  over_limit=False
[890] PASS  time=  0.595s  status=Exact solution     len=  1.787  endpoints_valid=True  collision=False  over_limit=False
[891] PASS  time=  0.114s  status=Exact solution     len=  2.091  endpoints_valid=True  collision=False  over_limit=False
[892] PASS  time=  3.521s  status=Exact solution     len=  5.077  endpoints_valid=True  collision=False  over_limit=False
[893] PASS  time=  0.892s  status=Exact solution     len=  3.569  endpoints_valid=True  collision=False  over_limit=False
[894] PASS  time=  0.029s  status=Exact solution     len=  1.154  endpoints_valid=True  collision=False  over_limit=False
[895] PASS  time=  0.532s  status=Exact solution     len=  2.364  endpoints_valid=True  collision=False  over_limit=False
[896] PASS  time=  1.449s  status=Exact solution     len=  4.551  endpoints_valid=True  collision=False  over_limit=False
[897] PASS  time=  1.024s  status=Exact solution     len=  3.187  endpoints_valid=True  collision=False  over_limit=False
[898] PASS  time=  0.392s  status=Exact solution     len=  2.870  endpoints_valid=True  collision=False  over_limit=False
[899] PASS  time=  0.437s  status=Exact solution     len=  2.097  endpoints_valid=True  collision=False  over_limit=False
[900] PASS  time=  0.369s  status=Exact solution     len=  2.628  endpoints_valid=True  collision=False  over_limit=False
[901] PASS  time=  0.088s  status=Exact solution     len=  2.258  endpoints_valid=True  collision=False  over_limit=False
[902] PASS  time=  0.562s  status=Exact solution     len=  2.642  endpoints_valid=True  collision=False  over_limit=False
[903] PASS  time=  0.507s  status=Exact solution     len=  2.682  endpoints_valid=True  collision=False  over_limit=False
[904] PASS  time=  0.873s  status=Exact solution     len=  2.526  endpoints_valid=True  collision=False  over_limit=False
[905] PASS  time=  0.812s  status=Exact solution     len=  1.579  endpoints_valid=True  collision=False  over_limit=False
[906] PASS  time=  0.154s  status=Exact solution     len=  2.405  endpoints_valid=True  collision=False  over_limit=False
[907] PASS  time=  0.498s  status=Exact solution     len=  2.032  endpoints_valid=True  collision=False  over_limit=False
[908] PASS  time=  0.299s  status=Exact solution     len=  1.679  endpoints_valid=True  collision=False  over_limit=False
[909] PASS  time=  0.224s  status=Exact solution     len=  2.358  endpoints_valid=True  collision=False  over_limit=False
[910] PASS  time=  1.948s  status=Exact solution     len=  3.663  endpoints_valid=True  collision=False  over_limit=False
[911] PASS  time=  0.381s  status=Exact solution     len=  2.364  endpoints_valid=True  collision=False  over_limit=False
[912] PASS  time=  0.892s  status=Exact solution     len=  2.477  endpoints_valid=True  collision=False  over_limit=False
[913] PASS  time=  0.644s  status=Exact solution     len=  2.938  endpoints_valid=True  collision=False  over_limit=False
[914] PASS  time=  0.375s  status=Exact solution     len=  1.617  endpoints_valid=True  collision=False  over_limit=False
[915] PASS  time=  0.106s  status=Exact solution     len=  2.379  endpoints_valid=True  collision=False  over_limit=False
[916] PASS  time=  0.036s  status=Exact solution     len=  1.660  endpoints_valid=True  collision=False  over_limit=False
[917] PASS  time=  0.036s  status=Exact solution     len=  1.962  endpoints_valid=True  collision=False  over_limit=False
[918] PASS  time=  0.688s  status=Exact solution     len=  2.743  endpoints_valid=True  collision=False  over_limit=False
[919] PASS  time=  0.833s  status=Exact solution     len=  3.566  endpoints_valid=True  collision=False  over_limit=False
[920] PASS  time=  0.167s  status=Exact solution     len=  2.978  endpoints_valid=True  collision=False  over_limit=False
[921] PASS  time=  0.658s  status=Exact solution     len=  2.212  endpoints_valid=True  collision=False  over_limit=False
[922] PASS  time=  0.578s  status=Exact solution     len=  2.088  endpoints_valid=True  collision=False  over_limit=False
[923] PASS  time=  0.150s  status=Exact solution     len=  1.776  endpoints_valid=True  collision=False  over_limit=False
[924] PASS  time=  0.987s  status=Exact solution     len=  2.194  endpoints_valid=True  collision=False  over_limit=False
[925] PASS  time=  3.546s  status=Exact solution     len=  3.820  endpoints_valid=True  collision=False  over_limit=False
[926] PASS  time=  0.241s  status=Exact solution     len=  2.136  endpoints_valid=True  collision=False  over_limit=False
[927] PASS  time=  0.078s  status=Exact solution     len=  1.943  endpoints_valid=True  collision=False  over_limit=False
[928] PASS  time=  0.369s  status=Exact solution     len=  2.481  endpoints_valid=True  collision=False  over_limit=False
[929] PASS  time=  0.630s  status=Exact solution     len=  1.848  endpoints_valid=True  collision=False  over_limit=False
[930] PASS  time=  0.259s  status=Exact solution     len=  2.014  endpoints_valid=True  collision=False  over_limit=False
[931] PASS  time=  0.165s  status=Exact solution     len=  0.989  endpoints_valid=True  collision=False  over_limit=False
[932] PASS  time=  0.024s  status=Exact solution     len=  2.370  endpoints_valid=True  collision=False  over_limit=False
[933] PASS  time=  0.352s  status=Exact solution     len=  2.370  endpoints_valid=True  collision=False  over_limit=False
[934] PASS  time=  0.262s  status=Exact solution     len=  1.624  endpoints_valid=True  collision=False  over_limit=False
[935] PASS  time=  0.971s  status=Exact solution     len=  2.918  endpoints_valid=True  collision=False  over_limit=False
[936] PASS  time=  0.752s  status=Exact solution     len=  3.031  endpoints_valid=True  collision=False  over_limit=False
[937] PASS  time=  0.218s  status=Exact solution     len=  2.038  endpoints_valid=True  collision=False  over_limit=False
[938] PASS  time=  0.390s  status=Exact solution     len=  4.069  endpoints_valid=True  collision=False  over_limit=False
[939] PASS  time=  0.154s  status=Exact solution     len=  2.441  endpoints_valid=True  collision=False  over_limit=False
[940] PASS  time=  0.458s  status=Exact solution     len=  2.801  endpoints_valid=True  collision=False  over_limit=False
[941] PASS  time=  0.677s  status=Exact solution     len=  2.046  endpoints_valid=True  collision=False  over_limit=False
[942] PASS  time=  1.237s  status=Exact solution     len=  1.857  endpoints_valid=True  collision=False  over_limit=False
[943] PASS  time=  0.094s  status=Exact solution     len=  1.157  endpoints_valid=True  collision=False  over_limit=False
[944] PASS  time=  2.534s  status=Exact solution     len=  4.012  endpoints_valid=True  collision=False  over_limit=False
[945] PASS  time=  0.475s  status=Exact solution     len=  1.278  endpoints_valid=True  collision=False  over_limit=False
[946] PASS  time=  0.135s  status=Exact solution     len=  1.933  endpoints_valid=True  collision=False  over_limit=False
[947] PASS  time=  0.663s  status=Exact solution     len=  2.244  endpoints_valid=True  collision=False  over_limit=False
[948] PASS  time=  0.310s  status=Exact solution     len=  1.468  endpoints_valid=True  collision=False  over_limit=False
[949] PASS  time=  0.715s  status=Exact solution     len=  2.005  endpoints_valid=True  collision=False  over_limit=False
[950] PASS  time=  0.087s  status=Exact solution     len=  2.064  endpoints_valid=True  collision=False  over_limit=False
[951] PASS  time=  0.943s  status=Exact solution     len=  2.087  endpoints_valid=True  collision=False  over_limit=False
[952] PASS  time=  0.061s  status=Exact solution     len=  1.662  endpoints_valid=True  collision=False  over_limit=False
[953] PASS  time=  0.340s  status=Exact solution     len=  1.883  endpoints_valid=True  collision=False  over_limit=False
[954] PASS  time=  0.195s  status=Exact solution     len=  1.577  endpoints_valid=True  collision=False  over_limit=False
[955] PASS  time=  1.892s  status=Exact solution     len=  4.362  endpoints_valid=True  collision=False  over_limit=False
[956] PASS  time=  0.814s  status=Exact solution     len=  3.798  endpoints_valid=True  collision=False  over_limit=False
[957] PASS  time=  0.236s  status=Exact solution     len=  1.783  endpoints_valid=True  collision=False  over_limit=False
[958] PASS  time=  0.202s  status=Exact solution     len=  1.830  endpoints_valid=True  collision=False  over_limit=False
[959] PASS  time=  0.497s  status=Exact solution     len=  1.633  endpoints_valid=True  collision=False  over_limit=False
[960] PASS  time=  0.848s  status=Exact solution     len=  2.594  endpoints_valid=True  collision=False  over_limit=False
[961] PASS  time=  0.190s  status=Exact solution     len=  2.272  endpoints_valid=True  collision=False  over_limit=False
[962] PASS  time=  0.623s  status=Exact solution     len=  2.399  endpoints_valid=True  collision=False  over_limit=False
[963] PASS  time=  0.988s  status=Exact solution     len=  4.486  endpoints_valid=True  collision=False  over_limit=False
[964] PASS  time=  2.005s  status=Exact solution     len=  4.185  endpoints_valid=True  collision=False  over_limit=False
[965] PASS  time=  0.918s  status=Exact solution     len=  2.739  endpoints_valid=True  collision=False  over_limit=False
[966] PASS  time=  0.951s  status=Exact solution     len=  3.922  endpoints_valid=True  collision=False  over_limit=False
[967] PASS  time=  0.012s  status=Exact solution     len=  1.798  endpoints_valid=True  collision=False  over_limit=False
[968] PASS  time=  0.065s  status=Exact solution     len=  1.877  endpoints_valid=True  collision=False  over_limit=False
[969] PASS  time=  1.476s  status=Exact solution     len=  5.387  endpoints_valid=True  collision=False  over_limit=False
[970] PASS  time=  0.164s  status=Exact solution     len=  1.347  endpoints_valid=True  collision=False  over_limit=False
[971] PASS  time=  0.886s  status=Exact solution     len=  2.650  endpoints_valid=True  collision=False  over_limit=False
[972] PASS  time=  1.840s  status=Exact solution     len=  2.356  endpoints_valid=True  collision=False  over_limit=False
[973] PASS  time=  2.847s  status=Exact solution     len=  4.504  endpoints_valid=True  collision=False  over_limit=False
[974] PASS  time=  0.992s  status=Exact solution     len=  2.794  endpoints_valid=True  collision=False  over_limit=False
[975] PASS  time=  0.319s  status=Exact solution     len=  1.935  endpoints_valid=True  collision=False  over_limit=False
[976] PASS  time=  0.419s  status=Exact solution     len=  1.352  endpoints_valid=True  collision=False  over_limit=False
[977] PASS  time=  0.224s  status=Exact solution     len=  2.012  endpoints_valid=True  collision=False  over_limit=False
[978] PASS  time=  0.355s  status=Exact solution     len=  2.181  endpoints_valid=True  collision=False  over_limit=False
[979] PASS  time=  0.727s  status=Exact solution     len=  3.737  endpoints_valid=True  collision=False  over_limit=False
[980] PASS  time=  0.086s  status=Exact solution     len=  1.929  endpoints_valid=True  collision=False  over_limit=False
[981] PASS  time=  0.759s  status=Exact solution     len=  2.156  endpoints_valid=True  collision=False  over_limit=False
[982] PASS  time=  1.059s  status=Exact solution     len=  2.591  endpoints_valid=True  collision=False  over_limit=False
[983] PASS  time=  0.116s  status=Exact solution     len=  2.354  endpoints_valid=True  collision=False  over_limit=False
[984] PASS  time=  0.015s  status=Exact solution     len=  1.957  endpoints_valid=True  collision=False  over_limit=False
[985] PASS  time=  0.168s  status=Exact solution     len=  1.644  endpoints_valid=True  collision=False  over_limit=False
[986] PASS  time=  0.642s  status=Exact solution     len=  2.627  endpoints_valid=True  collision=False  over_limit=False
[987] PASS  time=  0.562s  status=Exact solution     len=  1.811  endpoints_valid=True  collision=False  over_limit=False
[988] PASS  time=  0.237s  status=Exact solution     len=  1.901  endpoints_valid=True  collision=False  over_limit=False
[989] PASS  time=  0.205s  status=Exact solution     len=  2.045  endpoints_valid=True  collision=False  over_limit=False
[990] PASS  time=  0.726s  status=Exact solution     len=  3.560  endpoints_valid=True  collision=False  over_limit=False
[991] PASS  time=  0.745s  status=Exact solution     len=  2.316  endpoints_valid=True  collision=False  over_limit=False
[992] PASS  time=  1.765s  status=Exact solution     len=  2.968  endpoints_valid=True  collision=False  over_limit=False
[993] PASS  time=  0.977s  status=Exact solution     len=  2.041  endpoints_valid=True  collision=False  over_limit=False
[994] PASS  time=  0.039s  status=Exact solution     len=  1.218  endpoints_valid=True  collision=False  over_limit=False
[995] PASS  time=  1.796s  status=Exact solution     len=  4.180  endpoints_valid=True  collision=False  over_limit=False
[996] PASS  time=  0.040s  status=Exact solution     len=  1.968  endpoints_valid=True  collision=False  over_limit=False
[997] PASS  time=  0.575s  status=Exact solution     len=  1.673  endpoints_valid=True  collision=False  over_limit=False
[998] PASS  time=  0.066s  status=Exact solution     len=  1.977  endpoints_valid=True  collision=False  over_limit=False
[999] PASS  time=  0.311s  status=Exact solution     len=  2.782  endpoints_valid=True  collision=False  over_limit=False

shape                     : datasets/3dshape/4shape3d.obj
environment               : datasets/3dshape/env3.obj
data_path                 : testing_data/3dshape/4shape3d_env3
planner                   : RRTConnect (OMPL, SE(3))
time_limit_per_case       : 30.000 s  (a case over this = fail)
path_simplification       : off

test_cases_total          : 1000
invalid_start_or_goal     : 2  (excluded, unplannable)
test_cases_scored         : 998  [valid start+goal only]
successes                 : 998
failures                  : 0
  no_solution_in_time     : 0
  over_time_limit         : 0
  path_in_collision       : 0
success_rate              : 1.0000  (100.0%)  [998/998]

time_mean                 : 0.4629 s   [all 998 scored cases]
time_std                  : 0.5775 s
time_mean_successful      : 0.4629 s   [998 successful cases]
time_std_successful       : 0.5775 s
time_median               : 0.2727 s

path_length_mean          : 2.3939   [998 successful cases]
path_length_std           : 0.9361
path_length_total         : 2389.1169

total_time                : 461.99 s
collision_checks          : 544785

Wrote results/ompl_rrtconnect/4shape3d_env3/rrt_connect_success_rate.txt
Wrote results/ompl_rrtconnect/4shape3d_env3/rrt_connect_cases.csv
