[load_obj] 'datasets/3dshape/Vshape3d.obj': 1 objects/groups
  [0] 'Body2'  (20 triangles)
[load_obj] 'datasets/3dshape/env1.obj': 5 objects/groups
  [0] 'Body2'  (12 triangles)
  [1] 'Body3'  (12 triangles)
  [2] 'Body4'  (12 triangles)
  [3] 'Body5'  (12 triangles)
  [4] 'wall (2)'  (12 triangles)
shape       : datasets/3dshape/Vshape3d.obj  (12 verts, 18 tets, radius 0.1940)
environment : datasets/3dshape/env1.obj  (60 tris, 50000 collision points)
bounds      : low [-0.475, -0.3329, -0.5]  high [0.475, 0.3329, 0.5]
test cases  : 1000 from testing_data/3dshape/Vshape3d_env1/sampled_points.npy
planner     : RRTConnect  (time limit 30.0s per case, resolution 0.005)

[000] PASS  time=  1.407s  status=Exact solution     len=  2.042  endpoints_valid=True  collision=False  over_limit=False
[001] PASS  time=  1.309s  status=Exact solution     len=  2.414  endpoints_valid=True  collision=False  over_limit=False
[002] PASS  time=  1.973s  status=Exact solution     len=  3.292  endpoints_valid=True  collision=False  over_limit=False
[003] PASS  time=  1.063s  status=Exact solution     len=  2.313  endpoints_valid=True  collision=False  over_limit=False
[004] PASS  time=  5.647s  status=Exact solution     len=  3.789  endpoints_valid=True  collision=False  over_limit=False
[005] PASS  time=  0.950s  status=Exact solution     len=  1.812  endpoints_valid=True  collision=False  over_limit=False
[006] PASS  time=  9.675s  status=Exact solution     len=  6.577  endpoints_valid=True  collision=False  over_limit=False
[007] PASS  time=  7.466s  status=Exact solution     len=  2.454  endpoints_valid=True  collision=False  over_limit=False
[008] PASS  time=  0.777s  status=Exact solution     len=  2.161  endpoints_valid=True  collision=False  over_limit=False
[009] PASS  time=  2.742s  status=Exact solution     len=  3.563  endpoints_valid=True  collision=False  over_limit=False
[010] PASS  time=  0.368s  status=Exact solution     len=  1.408  endpoints_valid=True  collision=False  over_limit=False
[011] PASS  time=  0.845s  status=Exact solution     len=  2.270  endpoints_valid=True  collision=False  over_limit=False
[012] PASS  time=  7.316s  status=Exact solution     len=  4.134  endpoints_valid=True  collision=False  over_limit=False
[013] PASS  time=  2.403s  status=Exact solution     len=  1.872  endpoints_valid=True  collision=False  over_limit=False
[014] PASS  time=  2.235s  status=Exact solution     len=  3.455  endpoints_valid=True  collision=False  over_limit=False
[015] PASS  time=  9.395s  status=Exact solution     len=  5.372  endpoints_valid=True  collision=False  over_limit=False
[016] PASS  time=  2.585s  status=Exact solution     len=  2.839  endpoints_valid=True  collision=False  over_limit=False
[017] PASS  time=  0.348s  status=Exact solution     len=  2.100  endpoints_valid=True  collision=False  over_limit=False
[018] PASS  time=  5.578s  status=Exact solution     len=  5.501  endpoints_valid=True  collision=False  over_limit=False
[019] PASS  time=  0.976s  status=Exact solution     len=  2.678  endpoints_valid=True  collision=False  over_limit=False
[020] PASS  time=  0.990s  status=Exact solution     len=  1.952  endpoints_valid=True  collision=False  over_limit=False
[021] PASS  time=  3.125s  status=Exact solution     len=  3.054  endpoints_valid=True  collision=False  over_limit=False
[022] PASS  time=  0.605s  status=Exact solution     len=  2.021  endpoints_valid=True  collision=False  over_limit=False
[023] PASS  time=  1.821s  status=Exact solution     len=  3.888  endpoints_valid=True  collision=False  over_limit=False
[024] PASS  time=  6.856s  status=Exact solution     len=  4.665  endpoints_valid=True  collision=False  over_limit=False
[025] PASS  time=  2.835s  status=Exact solution     len=  1.966  endpoints_valid=True  collision=False  over_limit=False
[026] PASS  time=  1.218s  status=Exact solution     len=  2.864  endpoints_valid=True  collision=False  over_limit=False
[027] PASS  time=  1.585s  status=Exact solution     len=  3.220  endpoints_valid=True  collision=False  over_limit=False
[028] PASS  time=  1.787s  status=Exact solution     len=  2.145  endpoints_valid=True  collision=False  over_limit=False
[029] PASS  time=  0.718s  status=Exact solution     len=  1.495  endpoints_valid=True  collision=False  over_limit=False
[030] PASS  time=  1.819s  status=Exact solution     len=  3.288  endpoints_valid=True  collision=False  over_limit=False
[031] PASS  time=  0.955s  status=Exact solution     len=  0.888  endpoints_valid=True  collision=False  over_limit=False
[032] PASS  time=  5.383s  status=Exact solution     len=  3.847  endpoints_valid=True  collision=False  over_limit=False
[033] PASS  time=  1.242s  status=Exact solution     len=  2.640  endpoints_valid=True  collision=False  over_limit=False
[034] PASS  time=  1.869s  status=Exact solution     len=  2.397  endpoints_valid=True  collision=False  over_limit=False
[035] PASS  time=  1.410s  status=Exact solution     len=  2.039  endpoints_valid=True  collision=False  over_limit=False
[036] PASS  time=  5.575s  status=Exact solution     len=  3.162  endpoints_valid=True  collision=False  over_limit=False
[037] PASS  time=  3.970s  status=Exact solution     len=  4.510  endpoints_valid=True  collision=False  over_limit=False
[038] PASS  time=  1.570s  status=Exact solution     len=  2.634  endpoints_valid=True  collision=False  over_limit=False
[039] PASS  time=  0.602s  status=Exact solution     len=  1.492  endpoints_valid=True  collision=False  over_limit=False
[040] PASS  time=  2.613s  status=Exact solution     len=  2.851  endpoints_valid=True  collision=False  over_limit=False
[041] PASS  time=  2.246s  status=Exact solution     len=  2.249  endpoints_valid=True  collision=False  over_limit=False
[042] PASS  time=  3.054s  status=Exact solution     len=  3.428  endpoints_valid=True  collision=False  over_limit=False
[043] PASS  time=  1.029s  status=Exact solution     len=  2.508  endpoints_valid=True  collision=False  over_limit=False
[044] PASS  time=  9.287s  status=Exact solution     len=  5.452  endpoints_valid=True  collision=False  over_limit=False
[045] PASS  time=  4.658s  status=Exact solution     len=  6.330  endpoints_valid=True  collision=False  over_limit=False
[046] PASS  time=  6.069s  status=Exact solution     len=  4.240  endpoints_valid=True  collision=False  over_limit=False
[047] PASS  time=  1.070s  status=Exact solution     len=  2.094  endpoints_valid=True  collision=False  over_limit=False
[048] PASS  time=  4.765s  status=Exact solution     len=  3.936  endpoints_valid=True  collision=False  over_limit=False
[049] PASS  time=  1.330s  status=Exact solution     len=  3.604  endpoints_valid=True  collision=False  over_limit=False
[050] PASS  time=  4.383s  status=Exact solution     len=  4.616  endpoints_valid=True  collision=False  over_limit=False
[051] PASS  time=  4.961s  status=Exact solution     len=  4.265  endpoints_valid=True  collision=False  over_limit=False
[052] PASS  time=  1.228s  status=Exact solution     len=  3.125  endpoints_valid=True  collision=False  over_limit=False
[053] PASS  time=  0.967s  status=Exact solution     len=  3.267  endpoints_valid=True  collision=False  over_limit=False
[054] PASS  time=  0.414s  status=Exact solution     len=  1.420  endpoints_valid=True  collision=False  over_limit=False
[055] PASS  time=  8.484s  status=Exact solution     len=  5.923  endpoints_valid=True  collision=False  over_limit=False
[056] PASS  time=  0.309s  status=Exact solution     len=  1.375  endpoints_valid=True  collision=False  over_limit=False
[057] PASS  time=  3.226s  status=Exact solution     len=  3.445  endpoints_valid=True  collision=False  over_limit=False
[058] PASS  time=  5.305s  status=Exact solution     len=  3.530  endpoints_valid=True  collision=False  over_limit=False
[059] PASS  time=  1.078s  status=Exact solution     len=  1.660  endpoints_valid=True  collision=False  over_limit=False
[060] PASS  time=  5.164s  status=Exact solution     len=  4.676  endpoints_valid=True  collision=False  over_limit=False
[061] PASS  time=  2.327s  status=Exact solution     len=  3.752  endpoints_valid=True  collision=False  over_limit=False
[062] PASS  time=  1.214s  status=Exact solution     len=  2.536  endpoints_valid=True  collision=False  over_limit=False
[063] PASS  time=  0.977s  status=Exact solution     len=  2.583  endpoints_valid=True  collision=False  over_limit=False
[064] PASS  time=  3.175s  status=Exact solution     len=  4.673  endpoints_valid=True  collision=False  over_limit=False
[065] PASS  time=  1.919s  status=Exact solution     len=  2.774  endpoints_valid=True  collision=False  over_limit=False
[066] PASS  time=  3.219s  status=Exact solution     len=  2.266  endpoints_valid=True  collision=False  over_limit=False
[067] PASS  time=  1.847s  status=Exact solution     len=  4.101  endpoints_valid=True  collision=False  over_limit=False
[068] PASS  time=  0.783s  status=Exact solution     len=  1.143  endpoints_valid=True  collision=False  over_limit=False
[069] PASS  time=  0.644s  status=Exact solution     len=  2.949  endpoints_valid=True  collision=False  over_limit=False
[070] PASS  time=  0.764s  status=Exact solution     len=  1.715  endpoints_valid=True  collision=False  over_limit=False
[071] PASS  time=  2.302s  status=Exact solution     len=  2.564  endpoints_valid=True  collision=False  over_limit=False
[072] PASS  time=  0.492s  status=Exact solution     len=  1.242  endpoints_valid=True  collision=False  over_limit=False
[073] PASS  time=  0.446s  status=Exact solution     len=  2.775  endpoints_valid=True  collision=False  over_limit=False
[074] PASS  time=  1.431s  status=Exact solution     len=  3.207  endpoints_valid=True  collision=False  over_limit=False
[075] PASS  time=  5.290s  status=Exact solution     len=  3.653  endpoints_valid=True  collision=False  over_limit=False
[076] PASS  time=  1.122s  status=Exact solution     len=  2.102  endpoints_valid=True  collision=False  over_limit=False
[077] PASS  time=  1.359s  status=Exact solution     len=  3.006  endpoints_valid=True  collision=False  over_limit=False
[078] PASS  time=  0.902s  status=Exact solution     len=  2.075  endpoints_valid=True  collision=False  over_limit=False
[079] PASS  time=  0.820s  status=Exact solution     len=  3.201  endpoints_valid=True  collision=False  over_limit=False
[080] PASS  time=  5.056s  status=Exact solution     len=  5.497  endpoints_valid=True  collision=False  over_limit=False
[081] PASS  time=  1.082s  status=Exact solution     len=  3.680  endpoints_valid=True  collision=False  over_limit=False
[082] PASS  time=  4.886s  status=Exact solution     len=  6.565  endpoints_valid=True  collision=False  over_limit=False
[083] PASS  time=  2.125s  status=Exact solution     len=  2.331  endpoints_valid=True  collision=False  over_limit=False
[084] PASS  time=  1.537s  status=Exact solution     len=  3.380  endpoints_valid=True  collision=False  over_limit=False
[085] PASS  time=  6.585s  status=Exact solution     len=  4.314  endpoints_valid=True  collision=False  over_limit=False
[086] PASS  time=  1.038s  status=Exact solution     len=  3.168  endpoints_valid=True  collision=False  over_limit=False
[087] PASS  time=  1.610s  status=Exact solution     len=  3.030  endpoints_valid=True  collision=False  over_limit=False
[088] PASS  time=  2.685s  status=Exact solution     len=  4.264  endpoints_valid=True  collision=False  over_limit=False
[089] PASS  time=  4.548s  status=Exact solution     len=  3.989  endpoints_valid=True  collision=False  over_limit=False
[090] PASS  time=  2.820s  status=Exact solution     len=  3.009  endpoints_valid=True  collision=False  over_limit=False
[091] PASS  time=  4.272s  status=Exact solution     len=  2.849  endpoints_valid=True  collision=False  over_limit=False
[092] PASS  time=  2.412s  status=Exact solution     len=  3.637  endpoints_valid=True  collision=False  over_limit=False
[093] PASS  time=  2.264s  status=Exact solution     len=  4.086  endpoints_valid=True  collision=False  over_limit=False
[094] PASS  time=  2.174s  status=Exact solution     len=  3.047  endpoints_valid=True  collision=False  over_limit=False
[095] PASS  time=  1.695s  status=Exact solution     len=  3.120  endpoints_valid=True  collision=False  over_limit=False
[096] PASS  time=  0.828s  status=Exact solution     len=  1.794  endpoints_valid=True  collision=False  over_limit=False
[097] PASS  time=  2.694s  status=Exact solution     len=  2.933  endpoints_valid=True  collision=False  over_limit=False
[098] PASS  time=  0.863s  status=Exact solution     len=  1.650  endpoints_valid=True  collision=False  over_limit=False
[099] PASS  time=  3.647s  status=Exact solution     len=  2.581  endpoints_valid=True  collision=False  over_limit=False
[100] PASS  time=  0.185s  status=Exact solution     len=  1.266  endpoints_valid=True  collision=False  over_limit=False
[101] PASS  time=  1.922s  status=Exact solution     len=  2.889  endpoints_valid=True  collision=False  over_limit=False
[102] PASS  time=  0.751s  status=Exact solution     len=  1.214  endpoints_valid=True  collision=False  over_limit=False
[103] PASS  time=  1.610s  status=Exact solution     len=  3.178  endpoints_valid=True  collision=False  over_limit=False
[104] PASS  time=  0.696s  status=Exact solution     len=  1.769  endpoints_valid=True  collision=False  over_limit=False
[105] PASS  time=  0.601s  status=Exact solution     len=  1.356  endpoints_valid=True  collision=False  over_limit=False
[106] PASS  time=  1.041s  status=Exact solution     len=  2.421  endpoints_valid=True  collision=False  over_limit=False
[107] PASS  time=  2.793s  status=Exact solution     len=  3.415  endpoints_valid=True  collision=False  over_limit=False
[108] PASS  time=  1.299s  status=Exact solution     len=  2.343  endpoints_valid=True  collision=False  over_limit=False
[109] PASS  time=  2.501s  status=Exact solution     len=  5.236  endpoints_valid=True  collision=False  over_limit=False
[110] PASS  time=  6.578s  status=Exact solution     len=  4.125  endpoints_valid=True  collision=False  over_limit=False
[111] PASS  time=  0.838s  status=Exact solution     len=  3.154  endpoints_valid=True  collision=False  over_limit=False
[112] PASS  time=  0.777s  status=Exact solution     len=  2.255  endpoints_valid=True  collision=False  over_limit=False
[113] PASS  time=  0.326s  status=Exact solution     len=  1.285  endpoints_valid=True  collision=False  over_limit=False
[114] PASS  time=  1.015s  status=Exact solution     len=  2.570  endpoints_valid=True  collision=False  over_limit=False
[115] PASS  time=  2.137s  status=Exact solution     len=  3.440  endpoints_valid=True  collision=False  over_limit=False
[116] PASS  time=  2.814s  status=Exact solution     len=  5.914  endpoints_valid=True  collision=False  over_limit=False
[117] PASS  time=  3.777s  status=Exact solution     len=  4.859  endpoints_valid=True  collision=False  over_limit=False
[118] PASS  time=  2.151s  status=Exact solution     len=  1.889  endpoints_valid=True  collision=False  over_limit=False
[119] PASS  time=  1.148s  status=Exact solution     len=  2.032  endpoints_valid=True  collision=False  over_limit=False
[120] PASS  time=  2.216s  status=Exact solution     len=  4.539  endpoints_valid=True  collision=False  over_limit=False
[121] PASS  time=  2.329s  status=Exact solution     len=  2.496  endpoints_valid=True  collision=False  over_limit=False
[122] PASS  time=  3.408s  status=Exact solution     len=  2.505  endpoints_valid=True  collision=False  over_limit=False
[123] PASS  time=  0.547s  status=Exact solution     len=  1.399  endpoints_valid=True  collision=False  over_limit=False
[124] PASS  time=  1.135s  status=Exact solution     len=  2.162  endpoints_valid=True  collision=False  over_limit=False
[125] PASS  time=  4.033s  status=Exact solution     len=  4.628  endpoints_valid=True  collision=False  over_limit=False
[126] PASS  time=  0.829s  status=Exact solution     len=  2.078  endpoints_valid=True  collision=False  over_limit=False
[127] PASS  time=  3.631s  status=Exact solution     len=  5.358  endpoints_valid=True  collision=False  over_limit=False
[128] PASS  time=  3.319s  status=Exact solution     len=  3.668  endpoints_valid=True  collision=False  over_limit=False
[129] PASS  time=  0.861s  status=Exact solution     len=  2.972  endpoints_valid=True  collision=False  over_limit=False
[130] PASS  time=  2.809s  status=Exact solution     len=  4.251  endpoints_valid=True  collision=False  over_limit=False
[131] PASS  time=  0.879s  status=Exact solution     len=  2.488  endpoints_valid=True  collision=False  over_limit=False
[132] PASS  time=  1.321s  status=Exact solution     len=  2.426  endpoints_valid=True  collision=False  over_limit=False
[133] PASS  time=  1.308s  status=Exact solution     len=  3.293  endpoints_valid=True  collision=False  over_limit=False
[134] PASS  time=  1.931s  status=Exact solution     len=  4.325  endpoints_valid=True  collision=False  over_limit=False
[135] PASS  time=  3.404s  status=Exact solution     len=  4.392  endpoints_valid=True  collision=False  over_limit=False
[136] PASS  time=  0.195s  status=Exact solution     len=  1.910  endpoints_valid=True  collision=False  over_limit=False
[137] PASS  time=  1.160s  status=Exact solution     len=  2.225  endpoints_valid=True  collision=False  over_limit=False
[138] PASS  time=  0.754s  status=Exact solution     len=  2.475  endpoints_valid=True  collision=False  over_limit=False
[139] PASS  time=  1.259s  status=Exact solution     len=  2.264  endpoints_valid=True  collision=False  over_limit=False
[140] PASS  time=  0.475s  status=Exact solution     len=  2.283  endpoints_valid=True  collision=False  over_limit=False
[141] PASS  time=  7.564s  status=Exact solution     len=  7.071  endpoints_valid=True  collision=False  over_limit=False
[142] PASS  time=  5.128s  status=Exact solution     len=  3.240  endpoints_valid=True  collision=False  over_limit=False
[143] PASS  time=  3.058s  status=Exact solution     len=  3.409  endpoints_valid=True  collision=False  over_limit=False
[144] PASS  time=  1.145s  status=Exact solution     len=  2.711  endpoints_valid=True  collision=False  over_limit=False
[145] PASS  time=  3.697s  status=Exact solution     len=  3.289  endpoints_valid=True  collision=False  over_limit=False
[146] PASS  time=  3.072s  status=Exact solution     len=  2.347  endpoints_valid=True  collision=False  over_limit=False
[147] PASS  time=  1.702s  status=Exact solution     len=  2.389  endpoints_valid=True  collision=False  over_limit=False
[148] PASS  time=  1.307s  status=Exact solution     len=  2.125  endpoints_valid=True  collision=False  over_limit=False
[149] PASS  time=  0.856s  status=Exact solution     len=  1.932  endpoints_valid=True  collision=False  over_limit=False
[150] PASS  time=  2.252s  status=Exact solution     len=  2.892  endpoints_valid=True  collision=False  over_limit=False
[151] PASS  time=  0.376s  status=Exact solution     len=  1.705  endpoints_valid=True  collision=False  over_limit=False
[152] PASS  time=  4.148s  status=Exact solution     len=  5.004  endpoints_valid=True  collision=False  over_limit=False
[153] PASS  time=  3.141s  status=Exact solution     len=  3.603  endpoints_valid=True  collision=False  over_limit=False
[154] PASS  time=  0.857s  status=Exact solution     len=  1.810  endpoints_valid=True  collision=False  over_limit=False
[155] PASS  time=  7.845s  status=Exact solution     len=  3.137  endpoints_valid=True  collision=False  over_limit=False
[156] PASS  time=  2.079s  status=Exact solution     len=  5.452  endpoints_valid=True  collision=False  over_limit=False
[157] PASS  time=  1.723s  status=Exact solution     len=  2.696  endpoints_valid=True  collision=False  over_limit=False
[158] PASS  time=  7.800s  status=Exact solution     len=  4.078  endpoints_valid=True  collision=False  over_limit=False
[159] PASS  time=  9.649s  status=Exact solution     len=  5.753  endpoints_valid=True  collision=False  over_limit=False
[160] PASS  time=  0.759s  status=Exact solution     len=  1.933  endpoints_valid=True  collision=False  over_limit=False
[161] PASS  time=  1.927s  status=Exact solution     len=  1.877  endpoints_valid=True  collision=False  over_limit=False
[162] PASS  time=  3.647s  status=Exact solution     len=  5.650  endpoints_valid=True  collision=False  over_limit=False
[163] PASS  time=  0.731s  status=Exact solution     len=  0.887  endpoints_valid=True  collision=False  over_limit=False
[164] PASS  time=  4.170s  status=Exact solution     len=  2.831  endpoints_valid=True  collision=False  over_limit=False
[165] PASS  time=  1.777s  status=Exact solution     len=  2.691  endpoints_valid=True  collision=False  over_limit=False
[166] PASS  time=  6.080s  status=Exact solution     len=  2.845  endpoints_valid=True  collision=False  over_limit=False
[167] PASS  time=  2.836s  status=Exact solution     len=  1.642  endpoints_valid=True  collision=False  over_limit=False
[168] PASS  time=  2.118s  status=Exact solution     len=  3.307  endpoints_valid=True  collision=False  over_limit=False
[169] PASS  time=  4.998s  status=Exact solution     len=  1.630  endpoints_valid=True  collision=False  over_limit=False
[170] PASS  time=  3.561s  status=Exact solution     len=  3.371  endpoints_valid=True  collision=False  over_limit=False
[171] PASS  time=  3.423s  status=Exact solution     len=  4.168  endpoints_valid=True  collision=False  over_limit=False
[172] PASS  time=  2.163s  status=Exact solution     len=  3.484  endpoints_valid=True  collision=False  over_limit=False
[173] PASS  time=  1.974s  status=Exact solution     len=  1.567  endpoints_valid=True  collision=False  over_limit=False
[174] PASS  time=  0.899s  status=Exact solution     len=  1.525  endpoints_valid=True  collision=False  over_limit=False
[175] PASS  time=  1.307s  status=Exact solution     len=  2.891  endpoints_valid=True  collision=False  over_limit=False
[176] PASS  time=  1.491s  status=Exact solution     len=  1.951  endpoints_valid=True  collision=False  over_limit=False
[177] PASS  time=  0.724s  status=Exact solution     len=  1.145  endpoints_valid=True  collision=False  over_limit=False
[178] PASS  time=  1.325s  status=Exact solution     len=  1.337  endpoints_valid=True  collision=False  over_limit=False
[179] PASS  time=  4.998s  status=Exact solution     len=  6.211  endpoints_valid=True  collision=False  over_limit=False
[180] PASS  time=  8.367s  status=Exact solution     len=  4.162  endpoints_valid=True  collision=False  over_limit=False
[181] PASS  time=  4.557s  status=Exact solution     len=  4.973  endpoints_valid=True  collision=False  over_limit=False
[182] PASS  time=  0.933s  status=Exact solution     len=  2.650  endpoints_valid=True  collision=False  over_limit=False
[183] PASS  time=  4.599s  status=Exact solution     len=  4.748  endpoints_valid=True  collision=False  over_limit=False
[184] PASS  time=  2.705s  status=Exact solution     len=  2.524  endpoints_valid=True  collision=False  over_limit=False
[185] PASS  time=  1.933s  status=Exact solution     len=  2.385  endpoints_valid=True  collision=False  over_limit=False
[186] PASS  time=  0.882s  status=Exact solution     len=  2.326  endpoints_valid=True  collision=False  over_limit=False
[187] PASS  time=  7.124s  status=Exact solution     len=  3.054  endpoints_valid=True  collision=False  over_limit=False
[188] PASS  time=  4.377s  status=Exact solution     len=  4.141  endpoints_valid=True  collision=False  over_limit=False
[189] PASS  time=  6.769s  status=Exact solution     len=  4.751  endpoints_valid=True  collision=False  over_limit=False
[190] PASS  time=  4.526s  status=Exact solution     len=  5.812  endpoints_valid=True  collision=False  over_limit=False
[191] PASS  time=  1.249s  status=Exact solution     len=  2.171  endpoints_valid=True  collision=False  over_limit=False
[192] PASS  time=  3.559s  status=Exact solution     len=  1.325  endpoints_valid=True  collision=False  over_limit=False
[193] PASS  time=  3.037s  status=Exact solution     len=  2.378  endpoints_valid=True  collision=False  over_limit=False
[194] PASS  time=  3.317s  status=Exact solution     len=  4.417  endpoints_valid=True  collision=False  over_limit=False
[195] PASS  time=  4.536s  status=Exact solution     len=  4.008  endpoints_valid=True  collision=False  over_limit=False
[196] PASS  time=  4.956s  status=Exact solution     len=  3.093  endpoints_valid=True  collision=False  over_limit=False
[197] PASS  time=  2.846s  status=Exact solution     len=  2.600  endpoints_valid=True  collision=False  over_limit=False
[198] PASS  time=  3.022s  status=Exact solution     len=  2.890  endpoints_valid=True  collision=False  over_limit=False
[199] PASS  time=  2.815s  status=Exact solution     len=  2.860  endpoints_valid=True  collision=False  over_limit=False
[200] PASS  time=  1.323s  status=Exact solution     len=  1.538  endpoints_valid=True  collision=False  over_limit=False
[201] PASS  time=  2.434s  status=Exact solution     len=  3.513  endpoints_valid=True  collision=False  over_limit=False
[202] PASS  time=  1.072s  status=Exact solution     len=  2.609  endpoints_valid=True  collision=False  over_limit=False
[203] PASS  time= 10.559s  status=Exact solution     len=  4.877  endpoints_valid=True  collision=False  over_limit=False
[204] PASS  time=  0.500s  status=Exact solution     len=  1.595  endpoints_valid=True  collision=False  over_limit=False
[205] PASS  time=  2.450s  status=Exact solution     len=  3.607  endpoints_valid=True  collision=False  over_limit=False
[206] PASS  time=  1.390s  status=Exact solution     len=  3.174  endpoints_valid=True  collision=False  over_limit=False
[207] PASS  time=  0.768s  status=Exact solution     len=  1.864  endpoints_valid=True  collision=False  over_limit=False
[208] PASS  time=  2.705s  status=Exact solution     len=  1.982  endpoints_valid=True  collision=False  over_limit=False
[209] PASS  time=  5.747s  status=Exact solution     len=  5.954  endpoints_valid=True  collision=False  over_limit=False
[210] PASS  time=  3.998s  status=Exact solution     len=  3.864  endpoints_valid=True  collision=False  over_limit=False
[211] PASS  time=  4.306s  status=Exact solution     len=  4.054  endpoints_valid=True  collision=False  over_limit=False
[212] PASS  time=  0.944s  status=Exact solution     len=  1.802  endpoints_valid=True  collision=False  over_limit=False
[213] PASS  time=  4.288s  status=Exact solution     len=  4.460  endpoints_valid=True  collision=False  over_limit=False
[214] PASS  time=  2.951s  status=Exact solution     len=  4.392  endpoints_valid=True  collision=False  over_limit=False
[215] PASS  time=  1.026s  status=Exact solution     len=  2.383  endpoints_valid=True  collision=False  over_limit=False
[216] PASS  time=  1.064s  status=Exact solution     len=  2.117  endpoints_valid=True  collision=False  over_limit=False
[217] PASS  time=  3.313s  status=Exact solution     len=  3.563  endpoints_valid=True  collision=False  over_limit=False
[218] PASS  time=  1.632s  status=Exact solution     len=  2.691  endpoints_valid=True  collision=False  over_limit=False
[219] PASS  time=  0.851s  status=Exact solution     len=  2.154  endpoints_valid=True  collision=False  over_limit=False
[220] PASS  time=  6.130s  status=Exact solution     len=  5.859  endpoints_valid=True  collision=False  over_limit=False
[221] PASS  time=  0.860s  status=Exact solution     len=  1.614  endpoints_valid=True  collision=False  over_limit=False
[222] PASS  time=  0.394s  status=Exact solution     len=  1.732  endpoints_valid=True  collision=False  over_limit=False
[223] PASS  time=  2.222s  status=Exact solution     len=  2.325  endpoints_valid=True  collision=False  over_limit=False
[224] PASS  time=  5.796s  status=Exact solution     len=  4.725  endpoints_valid=True  collision=False  over_limit=False
[225] PASS  time=  0.775s  status=Exact solution     len=  1.389  endpoints_valid=True  collision=False  over_limit=False
[226] PASS  time=  4.622s  status=Exact solution     len=  5.126  endpoints_valid=True  collision=False  over_limit=False
[227] PASS  time=  4.876s  status=Exact solution     len=  3.774  endpoints_valid=True  collision=False  over_limit=False
[228] PASS  time=  0.981s  status=Exact solution     len=  2.455  endpoints_valid=True  collision=False  over_limit=False
[229] PASS  time=  0.560s  status=Exact solution     len=  1.570  endpoints_valid=True  collision=False  over_limit=False
[230] PASS  time=  1.940s  status=Exact solution     len=  3.344  endpoints_valid=True  collision=False  over_limit=False
[231] PASS  time=  0.688s  status=Exact solution     len=  1.674  endpoints_valid=True  collision=False  over_limit=False
[232] PASS  time=  1.280s  status=Exact solution     len=  1.528  endpoints_valid=True  collision=False  over_limit=False
[233] PASS  time=  7.418s  status=Exact solution     len=  4.667  endpoints_valid=True  collision=False  over_limit=False
[234] PASS  time=  1.487s  status=Exact solution     len=  3.662  endpoints_valid=True  collision=False  over_limit=False
[235] PASS  time=  2.673s  status=Exact solution     len=  2.608  endpoints_valid=True  collision=False  over_limit=False
[236] PASS  time=  1.143s  status=Exact solution     len=  1.790  endpoints_valid=True  collision=False  over_limit=False
[237] PASS  time=  2.436s  status=Exact solution     len=  2.775  endpoints_valid=True  collision=False  over_limit=False
[238] PASS  time=  0.614s  status=Exact solution     len=  1.818  endpoints_valid=True  collision=False  over_limit=False
[239] PASS  time=  4.143s  status=Exact solution     len=  3.075  endpoints_valid=True  collision=False  over_limit=False
[240] PASS  time=  5.544s  status=Exact solution     len=  4.889  endpoints_valid=True  collision=False  over_limit=False
[241] PASS  time=  6.680s  status=Exact solution     len=  4.536  endpoints_valid=True  collision=False  over_limit=False
[242] PASS  time=  5.130s  status=Exact solution     len=  4.281  endpoints_valid=True  collision=False  over_limit=False
[243] PASS  time=  1.389s  status=Exact solution     len=  2.232  endpoints_valid=True  collision=False  over_limit=False
[244] PASS  time=  6.289s  status=Exact solution     len=  2.672  endpoints_valid=True  collision=False  over_limit=False
[245] PASS  time=  0.699s  status=Exact solution     len=  2.047  endpoints_valid=True  collision=False  over_limit=False
[246] PASS  time=  3.756s  status=Exact solution     len=  1.882  endpoints_valid=True  collision=False  over_limit=False
[247] PASS  time=  3.834s  status=Exact solution     len=  4.158  endpoints_valid=True  collision=False  over_limit=False
[248] PASS  time=  2.082s  status=Exact solution     len=  1.065  endpoints_valid=True  collision=False  over_limit=False
[249] PASS  time=  4.094s  status=Exact solution     len=  4.492  endpoints_valid=True  collision=False  over_limit=False
[250] PASS  time=  4.620s  status=Exact solution     len=  5.451  endpoints_valid=True  collision=False  over_limit=False
[251] PASS  time=  7.207s  status=Exact solution     len=  7.762  endpoints_valid=True  collision=False  over_limit=False
[252] PASS  time=  2.684s  status=Exact solution     len=  2.129  endpoints_valid=True  collision=False  over_limit=False
[253] PASS  time=  4.061s  status=Exact solution     len=  5.130  endpoints_valid=True  collision=False  over_limit=False
[254] PASS  time=  1.299s  status=Exact solution     len=  1.648  endpoints_valid=True  collision=False  over_limit=False
[255] PASS  time=  3.426s  status=Exact solution     len=  2.913  endpoints_valid=True  collision=False  over_limit=False
[256] PASS  time=  1.670s  status=Exact solution     len=  2.117  endpoints_valid=True  collision=False  over_limit=False
[257] PASS  time=  1.556s  status=Exact solution     len=  2.942  endpoints_valid=True  collision=False  over_limit=False
[258] PASS  time=  1.932s  status=Exact solution     len=  2.664  endpoints_valid=True  collision=False  over_limit=False
[259] PASS  time=  3.584s  status=Exact solution     len=  2.555  endpoints_valid=True  collision=False  over_limit=False
[260] PASS  time=  3.743s  status=Exact solution     len=  3.741  endpoints_valid=True  collision=False  over_limit=False
[261] PASS  time=  0.468s  status=Exact solution     len=  1.224  endpoints_valid=True  collision=False  over_limit=False
[262] PASS  time=  2.434s  status=Exact solution     len=  3.367  endpoints_valid=True  collision=False  over_limit=False
[263] PASS  time=  0.863s  status=Exact solution     len=  1.867  endpoints_valid=True  collision=False  over_limit=False
[264] PASS  time=  1.048s  status=Exact solution     len=  2.798  endpoints_valid=True  collision=False  over_limit=False
[265] PASS  time=  9.562s  status=Exact solution     len=  4.694  endpoints_valid=True  collision=False  over_limit=False
[266] PASS  time=  0.832s  status=Exact solution     len=  2.457  endpoints_valid=True  collision=False  over_limit=False
[267] PASS  time=  2.600s  status=Exact solution     len=  2.622  endpoints_valid=True  collision=False  over_limit=False
[268] PASS  time=  4.715s  status=Exact solution     len=  2.617  endpoints_valid=True  collision=False  over_limit=False
[269] PASS  time=  3.028s  status=Exact solution     len=  4.001  endpoints_valid=True  collision=False  over_limit=False
[270] PASS  time=  0.783s  status=Exact solution     len=  1.823  endpoints_valid=True  collision=False  over_limit=False
[271] PASS  time=  4.573s  status=Exact solution     len=  2.363  endpoints_valid=True  collision=False  over_limit=False
[272] PASS  time=  0.900s  status=Exact solution     len=  2.505  endpoints_valid=True  collision=False  over_limit=False
[273] PASS  time=  0.429s  status=Exact solution     len=  1.457  endpoints_valid=True  collision=False  over_limit=False
[274] PASS  time=  3.612s  status=Exact solution     len=  2.387  endpoints_valid=True  collision=False  over_limit=False
[275] PASS  time=  0.903s  status=Exact solution     len=  1.789  endpoints_valid=True  collision=False  over_limit=False
[276] PASS  time=  3.575s  status=Exact solution     len=  4.778  endpoints_valid=True  collision=False  over_limit=False
[277] PASS  time=  2.621s  status=Exact solution     len=  3.985  endpoints_valid=True  collision=False  over_limit=False
[278] PASS  time= 12.864s  status=Exact solution     len=  5.245  endpoints_valid=True  collision=False  over_limit=False
[279] PASS  time=  2.957s  status=Exact solution     len=  3.741  endpoints_valid=True  collision=False  over_limit=False
[280] PASS  time=  6.582s  status=Exact solution     len=  5.286  endpoints_valid=True  collision=False  over_limit=False
[281] PASS  time=  4.338s  status=Exact solution     len=  2.766  endpoints_valid=True  collision=False  over_limit=False
[282] PASS  time=  3.292s  status=Exact solution     len=  3.725  endpoints_valid=True  collision=False  over_limit=False
[283] PASS  time=  3.645s  status=Exact solution     len=  4.706  endpoints_valid=True  collision=False  over_limit=False
[284] PASS  time=  0.393s  status=Exact solution     len=  1.398  endpoints_valid=True  collision=False  over_limit=False
[285] PASS  time=  5.434s  status=Exact solution     len=  4.622  endpoints_valid=True  collision=False  over_limit=False
[286] PASS  time=  1.300s  status=Exact solution     len=  1.705  endpoints_valid=True  collision=False  over_limit=False
[287] PASS  time=  3.583s  status=Exact solution     len=  3.020  endpoints_valid=True  collision=False  over_limit=False
[288] PASS  time=  3.379s  status=Exact solution     len=  1.543  endpoints_valid=True  collision=False  over_limit=False
[289] PASS  time=  1.159s  status=Exact solution     len=  2.232  endpoints_valid=True  collision=False  over_limit=False
[290] PASS  time=  4.328s  status=Exact solution     len=  4.685  endpoints_valid=True  collision=False  over_limit=False
[291] PASS  time=  6.907s  status=Exact solution     len=  4.258  endpoints_valid=True  collision=False  over_limit=False
[292] PASS  time=  7.342s  status=Exact solution     len=  7.551  endpoints_valid=True  collision=False  over_limit=False
[293] PASS  time=  2.184s  status=Exact solution     len=  2.276  endpoints_valid=True  collision=False  over_limit=False
[294] PASS  time=  2.251s  status=Exact solution     len=  4.482  endpoints_valid=True  collision=False  over_limit=False
[295] PASS  time=  5.106s  status=Exact solution     len=  3.350  endpoints_valid=True  collision=False  over_limit=False
[296] PASS  time=  0.697s  status=Exact solution     len=  1.917  endpoints_valid=True  collision=False  over_limit=False
[297] PASS  time=  1.275s  status=Exact solution     len=  2.041  endpoints_valid=True  collision=False  over_limit=False
[298] PASS  time=  0.543s  status=Exact solution     len=  2.411  endpoints_valid=True  collision=False  over_limit=False
[299] PASS  time=  0.907s  status=Exact solution     len=  2.338  endpoints_valid=True  collision=False  over_limit=False
[300] PASS  time=  2.750s  status=Exact solution     len=  2.143  endpoints_valid=True  collision=False  over_limit=False
[301] PASS  time=  2.005s  status=Exact solution     len=  2.535  endpoints_valid=True  collision=False  over_limit=False
[302] PASS  time=  2.381s  status=Exact solution     len=  3.181  endpoints_valid=True  collision=False  over_limit=False
[303] PASS  time=  2.525s  status=Exact solution     len=  3.898  endpoints_valid=True  collision=False  over_limit=False
[304] PASS  time=  1.749s  status=Exact solution     len=  2.271  endpoints_valid=True  collision=False  over_limit=False
[305] PASS  time=  2.017s  status=Exact solution     len=  2.399  endpoints_valid=True  collision=False  over_limit=False
[306] PASS  time=  2.405s  status=Exact solution     len=  2.743  endpoints_valid=True  collision=False  over_limit=False
[307] PASS  time=  2.193s  status=Exact solution     len=  2.711  endpoints_valid=True  collision=False  over_limit=False
[308] PASS  time=  6.125s  status=Exact solution     len=  3.251  endpoints_valid=True  collision=False  over_limit=False
[309] PASS  time=  3.866s  status=Exact solution     len=  5.737  endpoints_valid=True  collision=False  over_limit=False
[310] PASS  time=  2.394s  status=Exact solution     len=  3.164  endpoints_valid=True  collision=False  over_limit=False
[311] PASS  time=  0.610s  status=Exact solution     len=  1.403  endpoints_valid=True  collision=False  over_limit=False
[312] PASS  time=  1.326s  status=Exact solution     len=  3.072  endpoints_valid=True  collision=False  over_limit=False
[313] PASS  time=  6.382s  status=Exact solution     len=  3.484  endpoints_valid=True  collision=False  over_limit=False
[314] PASS  time=  4.796s  status=Exact solution     len=  5.424  endpoints_valid=True  collision=False  over_limit=False
[315] PASS  time=  5.255s  status=Exact solution     len=  5.020  endpoints_valid=True  collision=False  over_limit=False
[316] PASS  time=  4.462s  status=Exact solution     len=  3.075  endpoints_valid=True  collision=False  over_limit=False
[317] PASS  time=  7.334s  status=Exact solution     len=  5.179  endpoints_valid=True  collision=False  over_limit=False
[318] PASS  time=  3.265s  status=Exact solution     len=  3.196  endpoints_valid=True  collision=False  over_limit=False
[319] PASS  time=  0.785s  status=Exact solution     len=  1.777  endpoints_valid=True  collision=False  over_limit=False
[320] PASS  time=  7.597s  status=Exact solution     len=  6.078  endpoints_valid=True  collision=False  over_limit=False
[321] PASS  time=  0.776s  status=Exact solution     len=  1.375  endpoints_valid=True  collision=False  over_limit=False
[322] PASS  time=  4.145s  status=Exact solution     len=  4.525  endpoints_valid=True  collision=False  over_limit=False
[323] PASS  time=  5.547s  status=Exact solution     len=  6.335  endpoints_valid=True  collision=False  over_limit=False
[324] PASS  time=  2.649s  status=Exact solution     len=  2.880  endpoints_valid=True  collision=False  over_limit=False
[325] PASS  time=  2.461s  status=Exact solution     len=  3.831  endpoints_valid=True  collision=False  over_limit=False
[326] PASS  time=  0.742s  status=Exact solution     len=  2.987  endpoints_valid=True  collision=False  over_limit=False
[327] PASS  time=  5.283s  status=Exact solution     len=  4.340  endpoints_valid=True  collision=False  over_limit=False
[328] PASS  time=  2.713s  status=Exact solution     len=  2.714  endpoints_valid=True  collision=False  over_limit=False
[329] PASS  time=  2.417s  status=Exact solution     len=  3.034  endpoints_valid=True  collision=False  over_limit=False
[330] PASS  time=  5.276s  status=Exact solution     len=  4.605  endpoints_valid=True  collision=False  over_limit=False
[331] PASS  time=  1.634s  status=Exact solution     len=  1.918  endpoints_valid=True  collision=False  over_limit=False
[332] PASS  time=  1.266s  status=Exact solution     len=  1.478  endpoints_valid=True  collision=False  over_limit=False
[333] PASS  time=  4.513s  status=Exact solution     len=  5.513  endpoints_valid=True  collision=False  over_limit=False
[334] PASS  time=  1.785s  status=Exact solution     len=  2.175  endpoints_valid=True  collision=False  over_limit=False
[335] PASS  time=  0.608s  status=Exact solution     len=  2.165  endpoints_valid=True  collision=False  over_limit=False
[336] PASS  time=  2.379s  status=Exact solution     len=  3.026  endpoints_valid=True  collision=False  over_limit=False
[337] PASS  time=  2.336s  status=Exact solution     len=  5.180  endpoints_valid=True  collision=False  over_limit=False
[338] PASS  time=  3.041s  status=Exact solution     len=  4.724  endpoints_valid=True  collision=False  over_limit=False
[339] PASS  time=  1.656s  status=Exact solution     len=  1.914  endpoints_valid=True  collision=False  over_limit=False
[340] PASS  time=  4.825s  status=Exact solution     len=  5.158  endpoints_valid=True  collision=False  over_limit=False
[341] PASS  time=  1.198s  status=Exact solution     len=  2.262  endpoints_valid=True  collision=False  over_limit=False
[342] PASS  time=  3.193s  status=Exact solution     len=  3.873  endpoints_valid=True  collision=False  over_limit=False
[343] PASS  time=  2.833s  status=Exact solution     len=  5.757  endpoints_valid=True  collision=False  over_limit=False
[344] PASS  time=  1.778s  status=Exact solution     len=  2.113  endpoints_valid=True  collision=False  over_limit=False
[345] PASS  time=  3.224s  status=Exact solution     len=  3.505  endpoints_valid=True  collision=False  over_limit=False
[346] PASS  time=  2.707s  status=Exact solution     len=  2.372  endpoints_valid=True  collision=False  over_limit=False
[347] PASS  time=  4.960s  status=Exact solution     len=  4.945  endpoints_valid=True  collision=False  over_limit=False
[348] PASS  time=  2.706s  status=Exact solution     len=  3.495  endpoints_valid=True  collision=False  over_limit=False
[349] PASS  time=  2.686s  status=Exact solution     len=  4.071  endpoints_valid=True  collision=False  over_limit=False
[350] PASS  time=  1.670s  status=Exact solution     len=  3.395  endpoints_valid=True  collision=False  over_limit=False
[351] PASS  time=  1.892s  status=Exact solution     len=  1.539  endpoints_valid=True  collision=False  over_limit=False
[352] PASS  time=  3.626s  status=Exact solution     len=  6.376  endpoints_valid=True  collision=False  over_limit=False
[353] PASS  time=  4.669s  status=Exact solution     len=  3.836  endpoints_valid=True  collision=False  over_limit=False
[354] PASS  time=  2.136s  status=Exact solution     len=  4.238  endpoints_valid=True  collision=False  over_limit=False
[355] PASS  time=  7.405s  status=Exact solution     len=  3.272  endpoints_valid=True  collision=False  over_limit=False
[356] PASS  time=  2.161s  status=Exact solution     len=  1.568  endpoints_valid=True  collision=False  over_limit=False
[357] PASS  time=  3.590s  status=Exact solution     len=  1.497  endpoints_valid=True  collision=False  over_limit=False
[358] PASS  time=  2.153s  status=Exact solution     len=  3.759  endpoints_valid=True  collision=False  over_limit=False
[359] PASS  time=  1.200s  status=Exact solution     len=  1.765  endpoints_valid=True  collision=False  over_limit=False
[360] PASS  time=  1.886s  status=Exact solution     len=  2.926  endpoints_valid=True  collision=False  over_limit=False
[361] PASS  time=  0.334s  status=Exact solution     len=  2.231  endpoints_valid=True  collision=False  over_limit=False
[362] PASS  time=  1.537s  status=Exact solution     len=  4.125  endpoints_valid=True  collision=False  over_limit=False
[363] PASS  time=  6.969s  status=Exact solution     len=  4.975  endpoints_valid=True  collision=False  over_limit=False
[364] PASS  time=  2.540s  status=Exact solution     len=  2.074  endpoints_valid=True  collision=False  over_limit=False
[365] PASS  time=  4.471s  status=Exact solution     len=  3.086  endpoints_valid=True  collision=False  over_limit=False
[366] PASS  time=  2.234s  status=Exact solution     len=  4.316  endpoints_valid=True  collision=False  over_limit=False
[367] PASS  time=  1.848s  status=Exact solution     len=  3.118  endpoints_valid=True  collision=False  over_limit=False
[368] PASS  time=  0.945s  status=Exact solution     len=  2.658  endpoints_valid=True  collision=False  over_limit=False
[369] PASS  time=  1.412s  status=Exact solution     len=  2.346  endpoints_valid=True  collision=False  over_limit=False
[370] PASS  time=  0.901s  status=Exact solution     len=  1.631  endpoints_valid=True  collision=False  over_limit=False
[371] PASS  time=  0.956s  status=Exact solution     len=  1.716  endpoints_valid=True  collision=False  over_limit=False
[372] PASS  time=  0.629s  status=Exact solution     len=  1.758  endpoints_valid=True  collision=False  over_limit=False
[373] PASS  time=  6.584s  status=Exact solution     len=  5.343  endpoints_valid=True  collision=False  over_limit=False
[374] PASS  time=  4.138s  status=Exact solution     len=  2.754  endpoints_valid=True  collision=False  over_limit=False
[375] PASS  time=  2.854s  status=Exact solution     len=  4.691  endpoints_valid=True  collision=False  over_limit=False
[376] PASS  time=  1.086s  status=Exact solution     len=  1.490  endpoints_valid=True  collision=False  over_limit=False
[377] PASS  time=  4.931s  status=Exact solution     len=  3.596  endpoints_valid=True  collision=False  over_limit=False
[378] PASS  time=  0.921s  status=Exact solution     len=  1.451  endpoints_valid=True  collision=False  over_limit=False
[379] PASS  time=  0.595s  status=Exact solution     len=  1.953  endpoints_valid=True  collision=False  over_limit=False
[380] PASS  time=  3.619s  status=Exact solution     len=  4.883  endpoints_valid=True  collision=False  over_limit=False
[381] PASS  time=  1.953s  status=Exact solution     len=  2.624  endpoints_valid=True  collision=False  over_limit=False
[382] PASS  time=  0.368s  status=Exact solution     len=  1.547  endpoints_valid=True  collision=False  over_limit=False
[383] PASS  time=  0.696s  status=Exact solution     len=  1.256  endpoints_valid=True  collision=False  over_limit=False
[384] PASS  time=  0.727s  status=Exact solution     len=  1.576  endpoints_valid=True  collision=False  over_limit=False
[385] PASS  time=  6.732s  status=Exact solution     len=  3.539  endpoints_valid=True  collision=False  over_limit=False
[386] PASS  time=  1.578s  status=Exact solution     len=  2.947  endpoints_valid=True  collision=False  over_limit=False
[387] PASS  time=  0.726s  status=Exact solution     len=  1.968  endpoints_valid=True  collision=False  over_limit=False
[388] PASS  time=  2.269s  status=Exact solution     len=  3.725  endpoints_valid=True  collision=False  over_limit=False
[389] PASS  time=  2.133s  status=Exact solution     len=  2.765  endpoints_valid=True  collision=False  over_limit=False
[390] PASS  time=  2.368s  status=Exact solution     len=  4.820  endpoints_valid=True  collision=False  over_limit=False
[391] PASS  time=  3.728s  status=Exact solution     len=  2.938  endpoints_valid=True  collision=False  over_limit=False
[392] PASS  time=  5.064s  status=Exact solution     len=  6.210  endpoints_valid=True  collision=False  over_limit=False
[393] PASS  time=  0.621s  status=Exact solution     len=  1.655  endpoints_valid=True  collision=False  over_limit=False
[394] PASS  time=  2.314s  status=Exact solution     len=  2.671  endpoints_valid=True  collision=False  over_limit=False
[395] PASS  time=  6.778s  status=Exact solution     len=  4.302  endpoints_valid=True  collision=False  over_limit=False
[396] PASS  time=  4.121s  status=Exact solution     len=  3.971  endpoints_valid=True  collision=False  over_limit=False
[397] PASS  time=  1.558s  status=Exact solution     len=  3.590  endpoints_valid=True  collision=False  over_limit=False
[398] PASS  time=  3.253s  status=Exact solution     len=  5.110  endpoints_valid=True  collision=False  over_limit=False
[399] PASS  time=  1.935s  status=Exact solution     len=  1.713  endpoints_valid=True  collision=False  over_limit=False
[400] PASS  time=  6.750s  status=Exact solution     len=  5.808  endpoints_valid=True  collision=False  over_limit=False
[401] PASS  time=  1.556s  status=Exact solution     len=  3.480  endpoints_valid=True  collision=False  over_limit=False
[402] PASS  time=  3.619s  status=Exact solution     len=  3.586  endpoints_valid=True  collision=False  over_limit=False
[403] PASS  time=  3.374s  status=Exact solution     len=  4.110  endpoints_valid=True  collision=False  over_limit=False
[404] PASS  time=  2.709s  status=Exact solution     len=  2.731  endpoints_valid=True  collision=False  over_limit=False
[405] PASS  time=  2.907s  status=Exact solution     len=  3.840  endpoints_valid=True  collision=False  over_limit=False
[406] PASS  time=  5.379s  status=Exact solution     len=  3.639  endpoints_valid=True  collision=False  over_limit=False
[407] PASS  time=  2.092s  status=Exact solution     len=  2.783  endpoints_valid=True  collision=False  over_limit=False
[408] PASS  time=  0.901s  status=Exact solution     len=  2.074  endpoints_valid=True  collision=False  over_limit=False
[409] PASS  time=  4.119s  status=Exact solution     len=  2.970  endpoints_valid=True  collision=False  over_limit=False
[410] PASS  time=  0.843s  status=Exact solution     len=  1.659  endpoints_valid=True  collision=False  over_limit=False
[411] PASS  time=  0.760s  status=Exact solution     len=  1.699  endpoints_valid=True  collision=False  over_limit=False
[412] PASS  time=  3.027s  status=Exact solution     len=  2.804  endpoints_valid=True  collision=False  over_limit=False
[413] PASS  time=  7.518s  status=Exact solution     len=  4.457  endpoints_valid=True  collision=False  over_limit=False
[414] PASS  time=  5.417s  status=Exact solution     len=  3.622  endpoints_valid=True  collision=False  over_limit=False
[415] PASS  time=  1.362s  status=Exact solution     len=  1.783  endpoints_valid=True  collision=False  over_limit=False
[416] PASS  time=  4.043s  status=Exact solution     len=  3.958  endpoints_valid=True  collision=False  over_limit=False
[417] PASS  time=  0.605s  status=Exact solution     len=  1.397  endpoints_valid=True  collision=False  over_limit=False
[418] PASS  time=  5.359s  status=Exact solution     len=  4.135  endpoints_valid=True  collision=False  over_limit=False
[419] PASS  time=  0.700s  status=Exact solution     len=  1.628  endpoints_valid=True  collision=False  over_limit=False
[420] PASS  time=  1.786s  status=Exact solution     len=  2.299  endpoints_valid=True  collision=False  over_limit=False
[421] PASS  time=  1.756s  status=Exact solution     len=  3.151  endpoints_valid=True  collision=False  over_limit=False
[422] PASS  time=  2.325s  status=Exact solution     len=  2.842  endpoints_valid=True  collision=False  over_limit=False
[423] PASS  time=  0.750s  status=Exact solution     len=  1.127  endpoints_valid=True  collision=False  over_limit=False
[424] PASS  time=  1.753s  status=Exact solution     len=  4.164  endpoints_valid=True  collision=False  over_limit=False
[425] PASS  time=  2.723s  status=Exact solution     len=  3.845  endpoints_valid=True  collision=False  over_limit=False
[426] PASS  time=  0.710s  status=Exact solution     len=  1.402  endpoints_valid=True  collision=False  over_limit=False
[427] PASS  time=  5.942s  status=Exact solution     len=  3.048  endpoints_valid=True  collision=False  over_limit=False
[428] PASS  time=  2.603s  status=Exact solution     len=  3.900  endpoints_valid=True  collision=False  over_limit=False
[429] PASS  time=  3.224s  status=Exact solution     len=  5.630  endpoints_valid=True  collision=False  over_limit=False
[430] PASS  time=  1.542s  status=Exact solution     len=  3.020  endpoints_valid=True  collision=False  over_limit=False
[431] PASS  time=  6.666s  status=Exact solution     len=  5.047  endpoints_valid=True  collision=False  over_limit=False
[432] PASS  time=  0.998s  status=Exact solution     len=  2.637  endpoints_valid=True  collision=False  over_limit=False
[433] PASS  time=  2.619s  status=Exact solution     len=  3.533  endpoints_valid=True  collision=False  over_limit=False
[434] PASS  time=  3.533s  status=Exact solution     len=  5.328  endpoints_valid=True  collision=False  over_limit=False
[435] PASS  time=  2.439s  status=Exact solution     len=  2.698  endpoints_valid=True  collision=False  over_limit=False
[436] PASS  time=  6.323s  status=Exact solution     len=  4.993  endpoints_valid=True  collision=False  over_limit=False
[437] PASS  time=  0.885s  status=Exact solution     len=  1.895  endpoints_valid=True  collision=False  over_limit=False
[438] PASS  time=  2.968s  status=Exact solution     len=  3.812  endpoints_valid=True  collision=False  over_limit=False
[439] PASS  time=  7.712s  status=Exact solution     len=  3.940  endpoints_valid=True  collision=False  over_limit=False
[440] PASS  time=  0.482s  status=Exact solution     len=  1.723  endpoints_valid=True  collision=False  over_limit=False
[441] PASS  time=  0.394s  status=Exact solution     len=  1.404  endpoints_valid=True  collision=False  over_limit=False
[442] PASS  time=  0.538s  status=Exact solution     len=  2.034  endpoints_valid=True  collision=False  over_limit=False
[443] PASS  time=  1.148s  status=Exact solution     len=  1.567  endpoints_valid=True  collision=False  over_limit=False
[444] PASS  time=  3.924s  status=Exact solution     len=  3.642  endpoints_valid=True  collision=False  over_limit=False
[445] PASS  time=  2.719s  status=Exact solution     len=  3.788  endpoints_valid=True  collision=False  over_limit=False
[446] PASS  time=  1.312s  status=Exact solution     len=  2.629  endpoints_valid=True  collision=False  over_limit=False
[447] PASS  time=  4.410s  status=Exact solution     len=  4.216  endpoints_valid=True  collision=False  over_limit=False
[448] PASS  time=  0.792s  status=Exact solution     len=  1.969  endpoints_valid=True  collision=False  over_limit=False
[449] PASS  time=  8.761s  status=Exact solution     len=  6.878  endpoints_valid=True  collision=False  over_limit=False
[450] PASS  time=  4.009s  status=Exact solution     len=  3.938  endpoints_valid=True  collision=False  over_limit=False
[451] PASS  time=  1.153s  status=Exact solution     len=  1.452  endpoints_valid=True  collision=False  over_limit=False
[452] PASS  time=  7.057s  status=Exact solution     len=  5.277  endpoints_valid=True  collision=False  over_limit=False
[453] PASS  time=  0.388s  status=Exact solution     len=  1.275  endpoints_valid=True  collision=False  over_limit=False
[454] PASS  time=  1.119s  status=Exact solution     len=  2.958  endpoints_valid=True  collision=False  over_limit=False
[455] PASS  time=  3.761s  status=Exact solution     len=  5.612  endpoints_valid=True  collision=False  over_limit=False
[456] PASS  time=  1.502s  status=Exact solution     len=  2.856  endpoints_valid=True  collision=False  over_limit=False
[457] PASS  time=  3.062s  status=Exact solution     len=  1.519  endpoints_valid=True  collision=False  over_limit=False
[458] PASS  time=  3.331s  status=Exact solution     len=  2.466  endpoints_valid=True  collision=False  over_limit=False
[459] PASS  time=  9.843s  status=Exact solution     len=  3.594  endpoints_valid=True  collision=False  over_limit=False
[460] PASS  time=  1.359s  status=Exact solution     len=  2.807  endpoints_valid=True  collision=False  over_limit=False
[461] PASS  time=  1.289s  status=Exact solution     len=  1.944  endpoints_valid=True  collision=False  over_limit=False
[462] PASS  time=  3.533s  status=Exact solution     len=  2.694  endpoints_valid=True  collision=False  over_limit=False
[463] PASS  time=  3.653s  status=Exact solution     len=  5.960  endpoints_valid=True  collision=False  over_limit=False
[464] PASS  time=  0.917s  status=Exact solution     len=  2.240  endpoints_valid=True  collision=False  over_limit=False
[465] PASS  time=  4.645s  status=Exact solution     len=  4.534  endpoints_valid=True  collision=False  over_limit=False
[466] PASS  time=  4.798s  status=Exact solution     len=  3.310  endpoints_valid=True  collision=False  over_limit=False
[467] PASS  time=  3.635s  status=Exact solution     len=  2.297  endpoints_valid=True  collision=False  over_limit=False
[468] PASS  time=  0.655s  status=Exact solution     len=  1.744  endpoints_valid=True  collision=False  over_limit=False
[469] PASS  time=  0.716s  status=Exact solution     len=  2.146  endpoints_valid=True  collision=False  over_limit=False
[470] PASS  time=  0.758s  status=Exact solution     len=  2.297  endpoints_valid=True  collision=False  over_limit=False
[471] PASS  time=  5.645s  status=Exact solution     len=  4.859  endpoints_valid=True  collision=False  over_limit=False
[472] PASS  time=  0.987s  status=Exact solution     len=  1.549  endpoints_valid=True  collision=False  over_limit=False
[473] PASS  time=  3.348s  status=Exact solution     len=  2.067  endpoints_valid=True  collision=False  over_limit=False
[474] PASS  time=  5.945s  status=Exact solution     len=  4.457  endpoints_valid=True  collision=False  over_limit=False
[475] PASS  time=  5.380s  status=Exact solution     len=  3.105  endpoints_valid=True  collision=False  over_limit=False
[476] PASS  time=  3.944s  status=Exact solution     len=  3.062  endpoints_valid=True  collision=False  over_limit=False
[477] PASS  time=  0.798s  status=Exact solution     len=  1.670  endpoints_valid=True  collision=False  over_limit=False
[478] PASS  time=  1.025s  status=Exact solution     len=  2.730  endpoints_valid=True  collision=False  over_limit=False
[479] PASS  time=  1.403s  status=Exact solution     len=  1.464  endpoints_valid=True  collision=False  over_limit=False
[480] PASS  time=  4.024s  status=Exact solution     len=  2.643  endpoints_valid=True  collision=False  over_limit=False
[481] PASS  time=  0.830s  status=Exact solution     len=  1.996  endpoints_valid=True  collision=False  over_limit=False
[482] PASS  time=  8.387s  status=Exact solution     len=  4.486  endpoints_valid=True  collision=False  over_limit=False
[483] PASS  time=  1.733s  status=Exact solution     len=  1.972  endpoints_valid=True  collision=False  over_limit=False
[484] PASS  time=  2.704s  status=Exact solution     len=  5.423  endpoints_valid=True  collision=False  over_limit=False
[485] PASS  time=  6.319s  status=Exact solution     len=  3.732  endpoints_valid=True  collision=False  over_limit=False
[486] PASS  time=  1.399s  status=Exact solution     len=  2.623  endpoints_valid=True  collision=False  over_limit=False
[487] PASS  time=  0.578s  status=Exact solution     len=  2.104  endpoints_valid=True  collision=False  over_limit=False
[488] PASS  time=  3.318s  status=Exact solution     len=  4.204  endpoints_valid=True  collision=False  over_limit=False
[489] PASS  time=  1.469s  status=Exact solution     len=  3.101  endpoints_valid=True  collision=False  over_limit=False
[490] PASS  time=  3.297s  status=Exact solution     len=  5.150  endpoints_valid=True  collision=False  over_limit=False
[491] PASS  time=  0.791s  status=Exact solution     len=  2.306  endpoints_valid=True  collision=False  over_limit=False
[492] PASS  time=  1.588s  status=Exact solution     len=  1.518  endpoints_valid=True  collision=False  over_limit=False
[493] PASS  time=  1.413s  status=Exact solution     len=  3.239  endpoints_valid=True  collision=False  over_limit=False
[494] PASS  time=  1.983s  status=Exact solution     len=  3.759  endpoints_valid=True  collision=False  over_limit=False
[495] PASS  time=  0.901s  status=Exact solution     len=  1.998  endpoints_valid=True  collision=False  over_limit=False
[496] PASS  time=  0.451s  status=Exact solution     len=  1.619  endpoints_valid=True  collision=False  over_limit=False
[497] PASS  time=  2.656s  status=Exact solution     len=  2.600  endpoints_valid=True  collision=False  over_limit=False
[498] PASS  time=  0.887s  status=Exact solution     len=  2.146  endpoints_valid=True  collision=False  over_limit=False
[499] PASS  time=  6.788s  status=Exact solution     len=  4.864  endpoints_valid=True  collision=False  over_limit=False
[500] PASS  time=  2.063s  status=Exact solution     len=  1.741  endpoints_valid=True  collision=False  over_limit=False
[501] PASS  time=  6.553s  status=Exact solution     len=  5.072  endpoints_valid=True  collision=False  over_limit=False
[502] PASS  time=  0.752s  status=Exact solution     len=  0.959  endpoints_valid=True  collision=False  over_limit=False
[503] PASS  time=  3.667s  status=Exact solution     len=  4.163  endpoints_valid=True  collision=False  over_limit=False
[504] PASS  time=  3.735s  status=Exact solution     len=  5.803  endpoints_valid=True  collision=False  over_limit=False
[505] PASS  time=  1.266s  status=Exact solution     len=  2.803  endpoints_valid=True  collision=False  over_limit=False
[506] PASS  time=  4.202s  status=Exact solution     len=  4.634  endpoints_valid=True  collision=False  over_limit=False
[507] PASS  time=  0.515s  status=Exact solution     len=  2.353  endpoints_valid=True  collision=False  over_limit=False
[508] PASS  time=  1.178s  status=Exact solution     len=  2.529  endpoints_valid=True  collision=False  over_limit=False
[509] PASS  time=  1.258s  status=Exact solution     len=  2.013  endpoints_valid=True  collision=False  over_limit=False
[510] PASS  time=  1.012s  status=Exact solution     len=  1.926  endpoints_valid=True  collision=False  over_limit=False
[511] PASS  time=  2.365s  status=Exact solution     len=  3.261  endpoints_valid=True  collision=False  over_limit=False
[512] PASS  time=  1.895s  status=Exact solution     len=  3.115  endpoints_valid=True  collision=False  over_limit=False
[513] PASS  time=  2.355s  status=Exact solution     len=  4.048  endpoints_valid=True  collision=False  over_limit=False
[514] PASS  time=  6.179s  status=Exact solution     len=  5.310  endpoints_valid=True  collision=False  over_limit=False
[515] PASS  time=  3.530s  status=Exact solution     len=  2.726  endpoints_valid=True  collision=False  over_limit=False
[516] PASS  time=  9.235s  status=Exact solution     len=  6.125  endpoints_valid=True  collision=False  over_limit=False
[517] PASS  time=  4.286s  status=Exact solution     len=  2.062  endpoints_valid=True  collision=False  over_limit=False
[518] PASS  time=  1.034s  status=Exact solution     len=  2.329  endpoints_valid=True  collision=False  over_limit=False
[519] PASS  time=  0.980s  status=Exact solution     len=  2.861  endpoints_valid=True  collision=False  over_limit=False
[520] PASS  time=  7.657s  status=Exact solution     len=  8.236  endpoints_valid=True  collision=False  over_limit=False
[521] PASS  time=  5.566s  status=Exact solution     len=  2.330  endpoints_valid=True  collision=False  over_limit=False
[522] PASS  time=  0.796s  status=Exact solution     len=  1.347  endpoints_valid=True  collision=False  over_limit=False
[523] PASS  time=  5.653s  status=Exact solution     len=  6.344  endpoints_valid=True  collision=False  over_limit=False
[524] PASS  time=  8.990s  status=Exact solution     len=  6.630  endpoints_valid=True  collision=False  over_limit=False
[525] PASS  time=  0.899s  status=Exact solution     len=  1.459  endpoints_valid=True  collision=False  over_limit=False
[526] PASS  time=  1.363s  status=Exact solution     len=  2.750  endpoints_valid=True  collision=False  over_limit=False
[527] PASS  time=  1.632s  status=Exact solution     len=  2.403  endpoints_valid=True  collision=False  over_limit=False
[528] PASS  time=  0.963s  status=Exact solution     len=  2.442  endpoints_valid=True  collision=False  over_limit=False
[529] PASS  time=  3.461s  status=Exact solution     len=  3.423  endpoints_valid=True  collision=False  over_limit=False
[530] PASS  time=  6.981s  status=Exact solution     len=  3.589  endpoints_valid=True  collision=False  over_limit=False
[531] PASS  time=  2.132s  status=Exact solution     len=  2.587  endpoints_valid=True  collision=False  over_limit=False
[532] PASS  time=  6.732s  status=Exact solution     len=  6.750  endpoints_valid=True  collision=False  over_limit=False
[533] PASS  time=  1.096s  status=Exact solution     len=  2.401  endpoints_valid=True  collision=False  over_limit=False
[534] PASS  time=  0.763s  status=Exact solution     len=  1.300  endpoints_valid=True  collision=False  over_limit=False
[535] PASS  time=  1.819s  status=Exact solution     len=  2.886  endpoints_valid=True  collision=False  over_limit=False
[536] PASS  time=  1.335s  status=Exact solution     len=  2.922  endpoints_valid=True  collision=False  over_limit=False
[537] PASS  time=  1.360s  status=Exact solution     len=  2.926  endpoints_valid=True  collision=False  over_limit=False
[538] PASS  time=  1.050s  status=Exact solution     len=  2.527  endpoints_valid=True  collision=False  over_limit=False
[539] PASS  time=  0.813s  status=Exact solution     len=  2.810  endpoints_valid=True  collision=False  over_limit=False
[540] PASS  time=  1.053s  status=Exact solution     len=  3.551  endpoints_valid=True  collision=False  over_limit=False
[541] PASS  time=  1.232s  status=Exact solution     len=  2.106  endpoints_valid=True  collision=False  over_limit=False
[542] PASS  time=  1.384s  status=Exact solution     len=  2.351  endpoints_valid=True  collision=False  over_limit=False
[543] PASS  time=  0.722s  status=Exact solution     len=  2.239  endpoints_valid=True  collision=False  over_limit=False
[544] PASS  time=  2.425s  status=Exact solution     len=  3.676  endpoints_valid=True  collision=False  over_limit=False
[545] PASS  time=  4.062s  status=Exact solution     len=  3.251  endpoints_valid=True  collision=False  over_limit=False
[546] PASS  time=  1.680s  status=Exact solution     len=  2.782  endpoints_valid=True  collision=False  over_limit=False
[547] PASS  time=  6.639s  status=Exact solution     len=  5.861  endpoints_valid=True  collision=False  over_limit=False
[548] PASS  time=  0.576s  status=Exact solution     len=  1.809  endpoints_valid=True  collision=False  over_limit=False
[549] PASS  time=  0.771s  status=Exact solution     len=  1.892  endpoints_valid=True  collision=False  over_limit=False
[550] PASS  time=  0.922s  status=Exact solution     len=  1.314  endpoints_valid=True  collision=False  over_limit=False
[551] PASS  time=  3.848s  status=Exact solution     len=  4.045  endpoints_valid=True  collision=False  over_limit=False
[552] PASS  time=  0.547s  status=Exact solution     len=  1.778  endpoints_valid=True  collision=False  over_limit=False
[553] PASS  time=  3.524s  status=Exact solution     len=  3.858  endpoints_valid=True  collision=False  over_limit=False
[554] PASS  time=  2.132s  status=Exact solution     len=  3.647  endpoints_valid=True  collision=False  over_limit=False
[555] PASS  time=  1.929s  status=Exact solution     len=  3.749  endpoints_valid=True  collision=False  over_limit=False
[556] PASS  time=  0.813s  status=Exact solution     len=  2.365  endpoints_valid=True  collision=False  over_limit=False
[557] PASS  time=  1.798s  status=Exact solution     len=  3.103  endpoints_valid=True  collision=False  over_limit=False
[558] PASS  time=  5.605s  status=Exact solution     len=  3.485  endpoints_valid=True  collision=False  over_limit=False
[559] PASS  time=  0.738s  status=Exact solution     len=  1.732  endpoints_valid=True  collision=False  over_limit=False
[560] PASS  time=  5.471s  status=Exact solution     len=  5.806  endpoints_valid=True  collision=False  over_limit=False
[561] PASS  time=  9.632s  status=Exact solution     len=  7.815  endpoints_valid=True  collision=False  over_limit=False
[562] PASS  time= 11.243s  status=Exact solution     len=  3.097  endpoints_valid=True  collision=False  over_limit=False
[563] PASS  time=  4.513s  status=Exact solution     len=  6.603  endpoints_valid=True  collision=False  over_limit=False
[564] PASS  time=  3.778s  status=Exact solution     len=  5.086  endpoints_valid=True  collision=False  over_limit=False
[565] PASS  time=  1.267s  status=Exact solution     len=  2.331  endpoints_valid=True  collision=False  over_limit=False
[566] PASS  time=  1.726s  status=Exact solution     len=  1.463  endpoints_valid=True  collision=False  over_limit=False
[567] PASS  time=  1.767s  status=Exact solution     len=  3.208  endpoints_valid=True  collision=False  over_limit=False
[568] PASS  time=  1.146s  status=Exact solution     len=  2.329  endpoints_valid=True  collision=False  over_limit=False
[569] PASS  time=  2.237s  status=Exact solution     len=  4.266  endpoints_valid=True  collision=False  over_limit=False
[570] PASS  time=  0.575s  status=Exact solution     len=  1.448  endpoints_valid=True  collision=False  over_limit=False
[571] PASS  time=  5.137s  status=Exact solution     len=  4.289  endpoints_valid=True  collision=False  over_limit=False
[572] PASS  time=  5.343s  status=Exact solution     len=  4.319  endpoints_valid=True  collision=False  over_limit=False
[573] PASS  time=  6.801s  status=Exact solution     len=  4.735  endpoints_valid=True  collision=False  over_limit=False
[574] PASS  time=  1.184s  status=Exact solution     len=  2.498  endpoints_valid=True  collision=False  over_limit=False
[575] PASS  time=  4.454s  status=Exact solution     len=  2.888  endpoints_valid=True  collision=False  over_limit=False
[576] PASS  time=  0.661s  status=Exact solution     len=  1.924  endpoints_valid=True  collision=False  over_limit=False
[577] PASS  time=  2.481s  status=Exact solution     len=  3.517  endpoints_valid=True  collision=False  over_limit=False
[578] PASS  time=  9.048s  status=Exact solution     len=  6.844  endpoints_valid=True  collision=False  over_limit=False
[579] PASS  time=  0.475s  status=Exact solution     len=  1.798  endpoints_valid=True  collision=False  over_limit=False
[580] PASS  time=  4.063s  status=Exact solution     len=  2.511  endpoints_valid=True  collision=False  over_limit=False
[581] PASS  time=  0.739s  status=Exact solution     len=  2.201  endpoints_valid=True  collision=False  over_limit=False
[582] PASS  time=  4.618s  status=Exact solution     len=  4.060  endpoints_valid=True  collision=False  over_limit=False
[583] PASS  time=  2.801s  status=Exact solution     len=  3.997  endpoints_valid=True  collision=False  over_limit=False
[584] PASS  time=  0.454s  status=Exact solution     len=  1.919  endpoints_valid=True  collision=False  over_limit=False
[585] PASS  time=  5.726s  status=Exact solution     len=  4.511  endpoints_valid=True  collision=False  over_limit=False
[586] PASS  time=  1.635s  status=Exact solution     len=  1.250  endpoints_valid=True  collision=False  over_limit=False
[587] PASS  time=  0.854s  status=Exact solution     len=  1.302  endpoints_valid=True  collision=False  over_limit=False
[588] PASS  time=  6.149s  status=Exact solution     len=  5.266  endpoints_valid=True  collision=False  over_limit=False
[589] PASS  time=  3.520s  status=Exact solution     len=  2.496  endpoints_valid=True  collision=False  over_limit=False
[590] PASS  time=  4.365s  status=Exact solution     len=  2.862  endpoints_valid=True  collision=False  over_limit=False
[591] PASS  time=  1.721s  status=Exact solution     len=  1.367  endpoints_valid=True  collision=False  over_limit=False
[592] PASS  time=  1.910s  status=Exact solution     len=  3.030  endpoints_valid=True  collision=False  over_limit=False
[593] PASS  time=  4.557s  status=Exact solution     len=  4.164  endpoints_valid=True  collision=False  over_limit=False
[594] PASS  time=  0.884s  status=Exact solution     len=  2.196  endpoints_valid=True  collision=False  over_limit=False
[595] PASS  time=  3.898s  status=Exact solution     len=  3.206  endpoints_valid=True  collision=False  over_limit=False
[596] PASS  time=  6.189s  status=Exact solution     len=  5.309  endpoints_valid=True  collision=False  over_limit=False
[597] PASS  time=  1.332s  status=Exact solution     len=  3.368  endpoints_valid=True  collision=False  over_limit=False
[598] PASS  time=  5.880s  status=Exact solution     len=  4.486  endpoints_valid=True  collision=False  over_limit=False
[599] PASS  time=  5.225s  status=Exact solution     len=  6.991  endpoints_valid=True  collision=False  over_limit=False
[600] PASS  time=  0.640s  status=Exact solution     len=  1.110  endpoints_valid=True  collision=False  over_limit=False
[601] PASS  time=  4.551s  status=Exact solution     len=  4.539  endpoints_valid=True  collision=False  over_limit=False
[602] PASS  time=  1.224s  status=Exact solution     len=  2.287  endpoints_valid=True  collision=False  over_limit=False
[603] PASS  time=  4.425s  status=Exact solution     len=  3.201  endpoints_valid=True  collision=False  over_limit=False
[604] PASS  time=  0.648s  status=Exact solution     len=  1.829  endpoints_valid=True  collision=False  over_limit=False
[605] PASS  time=  1.042s  status=Exact solution     len=  2.848  endpoints_valid=True  collision=False  over_limit=False
[606] PASS  time=  6.212s  status=Exact solution     len=  6.315  endpoints_valid=True  collision=False  over_limit=False
[607] PASS  time=  3.501s  status=Exact solution     len=  4.422  endpoints_valid=True  collision=False  over_limit=False
[608] PASS  time=  3.874s  status=Exact solution     len=  4.751  endpoints_valid=True  collision=False  over_limit=False
[609] PASS  time=  3.557s  status=Exact solution     len=  3.039  endpoints_valid=True  collision=False  over_limit=False
[610] PASS  time=  1.092s  status=Exact solution     len=  1.860  endpoints_valid=True  collision=False  over_limit=False
[611] PASS  time=  1.387s  status=Exact solution     len=  3.434  endpoints_valid=True  collision=False  over_limit=False
[612] PASS  time=  1.176s  status=Exact solution     len=  0.983  endpoints_valid=True  collision=False  over_limit=False
[613] PASS  time=  1.407s  status=Exact solution     len=  1.633  endpoints_valid=True  collision=False  over_limit=False
[614] PASS  time=  0.895s  status=Exact solution     len=  2.056  endpoints_valid=True  collision=False  over_limit=False
[615] PASS  time=  8.052s  status=Exact solution     len=  5.347  endpoints_valid=True  collision=False  over_limit=False
[616] PASS  time=  5.631s  status=Exact solution     len=  4.093  endpoints_valid=True  collision=False  over_limit=False
[617] PASS  time=  4.417s  status=Exact solution     len=  4.406  endpoints_valid=True  collision=False  over_limit=False
[618] PASS  time=  5.821s  status=Exact solution     len=  4.949  endpoints_valid=True  collision=False  over_limit=False
[619] PASS  time=  3.729s  status=Exact solution     len=  3.597  endpoints_valid=True  collision=False  over_limit=False
[620] PASS  time=  1.917s  status=Exact solution     len=  3.130  endpoints_valid=True  collision=False  over_limit=False
[621] PASS  time=  5.936s  status=Exact solution     len=  3.445  endpoints_valid=True  collision=False  over_limit=False
[622] PASS  time=  1.494s  status=Exact solution     len=  2.648  endpoints_valid=True  collision=False  over_limit=False
[623] PASS  time=  3.405s  status=Exact solution     len=  3.111  endpoints_valid=True  collision=False  over_limit=False
[624] PASS  time=  3.953s  status=Exact solution     len=  3.823  endpoints_valid=True  collision=False  over_limit=False
[625] PASS  time=  2.076s  status=Exact solution     len=  3.632  endpoints_valid=True  collision=False  over_limit=False
[626] PASS  time=  0.986s  status=Exact solution     len=  1.840  endpoints_valid=True  collision=False  over_limit=False
[627] PASS  time=  1.422s  status=Exact solution     len=  1.935  endpoints_valid=True  collision=False  over_limit=False
[628] PASS  time=  3.057s  status=Exact solution     len=  4.111  endpoints_valid=True  collision=False  over_limit=False
[629] PASS  time=  0.326s  status=Exact solution     len=  1.177  endpoints_valid=True  collision=False  over_limit=False
[630] PASS  time=  0.559s  status=Exact solution     len=  1.682  endpoints_valid=True  collision=False  over_limit=False
[631] PASS  time=  2.209s  status=Exact solution     len=  2.264  endpoints_valid=True  collision=False  over_limit=False
[632] PASS  time=  2.195s  status=Exact solution     len=  4.235  endpoints_valid=True  collision=False  over_limit=False
[633] PASS  time=  7.293s  status=Exact solution     len=  4.767  endpoints_valid=True  collision=False  over_limit=False
[634] PASS  time=  0.798s  status=Exact solution     len=  1.674  endpoints_valid=True  collision=False  over_limit=False
[635] PASS  time=  4.325s  status=Exact solution     len=  3.006  endpoints_valid=True  collision=False  over_limit=False
[636] PASS  time=  0.888s  status=Exact solution     len=  1.360  endpoints_valid=True  collision=False  over_limit=False
[637] PASS  time=  0.889s  status=Exact solution     len=  2.508  endpoints_valid=True  collision=False  over_limit=False
[638] PASS  time=  3.861s  status=Exact solution     len=  3.947  endpoints_valid=True  collision=False  over_limit=False
[639] PASS  time=  2.912s  status=Exact solution     len=  3.543  endpoints_valid=True  collision=False  over_limit=False
[640] PASS  time=  1.057s  status=Exact solution     len=  1.939  endpoints_valid=True  collision=False  over_limit=False
[641] PASS  time=  3.367s  status=Exact solution     len=  4.019  endpoints_valid=True  collision=False  over_limit=False
[642] PASS  time=  2.023s  status=Exact solution     len=  1.445  endpoints_valid=True  collision=False  over_limit=False
[643] PASS  time=  1.136s  status=Exact solution     len=  2.907  endpoints_valid=True  collision=False  over_limit=False
[644] PASS  time=  0.988s  status=Exact solution     len=  2.303  endpoints_valid=True  collision=False  over_limit=False
[645] PASS  time=  3.094s  status=Exact solution     len=  2.615  endpoints_valid=True  collision=False  over_limit=False
[646] PASS  time=  4.064s  status=Exact solution     len=  3.295  endpoints_valid=True  collision=False  over_limit=False
[647] PASS  time=  0.791s  status=Exact solution     len=  1.447  endpoints_valid=True  collision=False  over_limit=False
[648] PASS  time=  4.747s  status=Exact solution     len=  4.376  endpoints_valid=True  collision=False  over_limit=False
[649] PASS  time=  0.560s  status=Exact solution     len=  1.938  endpoints_valid=True  collision=False  over_limit=False
[650] PASS  time=  1.789s  status=Exact solution     len=  4.090  endpoints_valid=True  collision=False  over_limit=False
[651] PASS  time=  2.244s  status=Exact solution     len=  4.619  endpoints_valid=True  collision=False  over_limit=False
[652] PASS  time=  1.951s  status=Exact solution     len=  3.435  endpoints_valid=True  collision=False  over_limit=False
[653] PASS  time=  0.731s  status=Exact solution     len=  2.035  endpoints_valid=True  collision=False  over_limit=False
[654] PASS  time=  2.053s  status=Exact solution     len=  1.899  endpoints_valid=True  collision=False  over_limit=False
[655] PASS  time=  2.039s  status=Exact solution     len=  2.081  endpoints_valid=True  collision=False  over_limit=False
[656] PASS  time=  1.545s  status=Exact solution     len=  1.840  endpoints_valid=True  collision=False  over_limit=False
[657] PASS  time=  1.153s  status=Exact solution     len=  2.281  endpoints_valid=True  collision=False  over_limit=False
[658] PASS  time=  3.937s  status=Exact solution     len=  3.902  endpoints_valid=True  collision=False  over_limit=False
[659] PASS  time=  0.838s  status=Exact solution     len=  2.519  endpoints_valid=True  collision=False  over_limit=False
[660] PASS  time=  1.745s  status=Exact solution     len=  3.018  endpoints_valid=True  collision=False  over_limit=False
[661] PASS  time=  0.835s  status=Exact solution     len=  1.365  endpoints_valid=True  collision=False  over_limit=False
[662] PASS  time=  1.057s  status=Exact solution     len=  3.134  endpoints_valid=True  collision=False  over_limit=False
[663] PASS  time=  0.674s  status=Exact solution     len=  1.237  endpoints_valid=True  collision=False  over_limit=False
[664] PASS  time=  6.235s  status=Exact solution     len=  4.056  endpoints_valid=True  collision=False  over_limit=False
[665] PASS  time=  4.206s  status=Exact solution     len=  3.117  endpoints_valid=True  collision=False  over_limit=False
[666] PASS  time=  1.222s  status=Exact solution     len=  2.577  endpoints_valid=True  collision=False  over_limit=False
[667] PASS  time=  0.561s  status=Exact solution     len=  1.534  endpoints_valid=True  collision=False  over_limit=False
[668] PASS  time=  2.454s  status=Exact solution     len=  3.959  endpoints_valid=True  collision=False  over_limit=False
[669] PASS  time=  0.649s  status=Exact solution     len=  2.470  endpoints_valid=True  collision=False  over_limit=False
[670] PASS  time=  0.436s  status=Exact solution     len=  0.909  endpoints_valid=True  collision=False  over_limit=False
[671] PASS  time=  4.337s  status=Exact solution     len=  4.041  endpoints_valid=True  collision=False  over_limit=False
[672] PASS  time=  1.769s  status=Exact solution     len=  2.955  endpoints_valid=True  collision=False  over_limit=False
[673] PASS  time=  0.738s  status=Exact solution     len=  2.252  endpoints_valid=True  collision=False  over_limit=False
[674] PASS  time=  0.822s  status=Exact solution     len=  2.169  endpoints_valid=True  collision=False  over_limit=False
[675] PASS  time=  0.468s  status=Exact solution     len=  1.389  endpoints_valid=True  collision=False  over_limit=False
[676] PASS  time=  3.008s  status=Exact solution     len=  3.645  endpoints_valid=True  collision=False  over_limit=False
[677] PASS  time=  0.769s  status=Exact solution     len=  1.979  endpoints_valid=True  collision=False  over_limit=False
[678] PASS  time=  4.749s  status=Exact solution     len=  3.935  endpoints_valid=True  collision=False  over_limit=False
[679] PASS  time=  1.180s  status=Exact solution     len=  2.233  endpoints_valid=True  collision=False  over_limit=False
[680] PASS  time=  0.631s  status=Exact solution     len=  1.688  endpoints_valid=True  collision=False  over_limit=False
[681] PASS  time=  1.118s  status=Exact solution     len=  3.656  endpoints_valid=True  collision=False  over_limit=False
[682] PASS  time=  3.105s  status=Exact solution     len=  1.487  endpoints_valid=True  collision=False  over_limit=False
[683] PASS  time=  4.220s  status=Exact solution     len=  4.520  endpoints_valid=True  collision=False  over_limit=False
[684] PASS  time=  2.016s  status=Exact solution     len=  2.879  endpoints_valid=True  collision=False  over_limit=False
[685] PASS  time=  1.986s  status=Exact solution     len=  3.140  endpoints_valid=True  collision=False  over_limit=False
[686] PASS  time=  2.898s  status=Exact solution     len=  3.880  endpoints_valid=True  collision=False  over_limit=False
[687] PASS  time=  0.382s  status=Exact solution     len=  1.688  endpoints_valid=True  collision=False  over_limit=False
[688] PASS  time=  1.175s  status=Exact solution     len=  1.700  endpoints_valid=True  collision=False  over_limit=False
[689] PASS  time=  0.615s  status=Exact solution     len=  2.630  endpoints_valid=True  collision=False  over_limit=False
[690] PASS  time=  8.653s  status=Exact solution     len=  7.898  endpoints_valid=True  collision=False  over_limit=False
[691] PASS  time=  1.220s  status=Exact solution     len=  1.822  endpoints_valid=True  collision=False  over_limit=False
[692] PASS  time=  4.594s  status=Exact solution     len=  4.087  endpoints_valid=True  collision=False  over_limit=False
[693] PASS  time=  0.999s  status=Exact solution     len=  2.471  endpoints_valid=True  collision=False  over_limit=False
[694] PASS  time=  0.671s  status=Exact solution     len=  2.082  endpoints_valid=True  collision=False  over_limit=False
[695] PASS  time=  3.707s  status=Exact solution     len=  3.899  endpoints_valid=True  collision=False  over_limit=False
[696] PASS  time=  1.218s  status=Exact solution     len=  1.253  endpoints_valid=True  collision=False  over_limit=False
[697] PASS  time=  5.137s  status=Exact solution     len=  4.582  endpoints_valid=True  collision=False  over_limit=False
[698] PASS  time=  4.648s  status=Exact solution     len=  5.071  endpoints_valid=True  collision=False  over_limit=False
[699] PASS  time=  4.201s  status=Exact solution     len=  6.062  endpoints_valid=True  collision=False  over_limit=False
[700] PASS  time=  3.625s  status=Exact solution     len=  2.468  endpoints_valid=True  collision=False  over_limit=False
[701] PASS  time=  1.873s  status=Exact solution     len=  3.534  endpoints_valid=True  collision=False  over_limit=False
[702] PASS  time=  0.837s  status=Exact solution     len=  2.500  endpoints_valid=True  collision=False  over_limit=False
[703] PASS  time=  4.151s  status=Exact solution     len=  4.248  endpoints_valid=True  collision=False  over_limit=False
[704] PASS  time=  2.533s  status=Exact solution     len=  2.744  endpoints_valid=True  collision=False  over_limit=False
[705] PASS  time=  4.387s  status=Exact solution     len=  6.900  endpoints_valid=True  collision=False  over_limit=False
[706] PASS  time=  0.999s  status=Exact solution     len=  3.686  endpoints_valid=True  collision=False  over_limit=False
[707] PASS  time=  0.939s  status=Exact solution     len=  2.210  endpoints_valid=True  collision=False  over_limit=False
[708] PASS  time=  1.089s  status=Exact solution     len=  2.308  endpoints_valid=True  collision=False  over_limit=False
[709] PASS  time=  0.959s  status=Exact solution     len=  3.521  endpoints_valid=True  collision=False  over_limit=False
[710] PASS  time=  0.751s  status=Exact solution     len=  1.622  endpoints_valid=True  collision=False  over_limit=False
[711] PASS  time=  2.473s  status=Exact solution     len=  4.064  endpoints_valid=True  collision=False  over_limit=False
[712] PASS  time=  1.287s  status=Exact solution     len=  3.143  endpoints_valid=True  collision=False  over_limit=False
[713] PASS  time=  2.934s  status=Exact solution     len=  1.901  endpoints_valid=True  collision=False  over_limit=False
[714] PASS  time=  2.532s  status=Exact solution     len=  1.185  endpoints_valid=True  collision=False  over_limit=False
[715] PASS  time=  3.618s  status=Exact solution     len=  3.456  endpoints_valid=True  collision=False  over_limit=False
[716] PASS  time=  0.388s  status=Exact solution     len=  1.398  endpoints_valid=True  collision=False  over_limit=False
[717] PASS  time=  3.547s  status=Exact solution     len=  6.333  endpoints_valid=True  collision=False  over_limit=False
[718] PASS  time=  0.362s  status=Exact solution     len=  1.918  endpoints_valid=True  collision=False  over_limit=False
[719] PASS  time=  1.167s  status=Exact solution     len=  2.591  endpoints_valid=True  collision=False  over_limit=False
[720] PASS  time=  0.923s  status=Exact solution     len=  1.877  endpoints_valid=True  collision=False  over_limit=False
[721] PASS  time=  0.176s  status=Exact solution     len=  1.495  endpoints_valid=True  collision=False  over_limit=False
[722] PASS  time=  2.010s  status=Exact solution     len=  2.666  endpoints_valid=True  collision=False  over_limit=False
[723] PASS  time=  1.927s  status=Exact solution     len=  4.142  endpoints_valid=True  collision=False  over_limit=False
[724] PASS  time=  2.587s  status=Exact solution     len=  4.653  endpoints_valid=True  collision=False  over_limit=False
[725] PASS  time=  0.710s  status=Exact solution     len=  2.882  endpoints_valid=True  collision=False  over_limit=False
[726] PASS  time=  1.061s  status=Exact solution     len=  1.917  endpoints_valid=True  collision=False  over_limit=False
[727] PASS  time=  8.651s  status=Exact solution     len=  5.579  endpoints_valid=True  collision=False  over_limit=False
[728] PASS  time=  0.932s  status=Exact solution     len=  1.852  endpoints_valid=True  collision=False  over_limit=False
[729] PASS  time=  2.397s  status=Exact solution     len=  4.040  endpoints_valid=True  collision=False  over_limit=False
[730] PASS  time=  2.434s  status=Exact solution     len=  3.757  endpoints_valid=True  collision=False  over_limit=False
[731] PASS  time=  1.362s  status=Exact solution     len=  3.041  endpoints_valid=True  collision=False  over_limit=False
[732] PASS  time=  1.618s  status=Exact solution     len=  2.006  endpoints_valid=True  collision=False  over_limit=False
[733] PASS  time=  2.913s  status=Exact solution     len=  2.451  endpoints_valid=True  collision=False  over_limit=False
[734] PASS  time=  0.516s  status=Exact solution     len=  1.823  endpoints_valid=True  collision=False  over_limit=False
[735] PASS  time=  1.146s  status=Exact solution     len=  2.678  endpoints_valid=True  collision=False  over_limit=False
[736] PASS  time=  0.931s  status=Exact solution     len=  3.272  endpoints_valid=True  collision=False  over_limit=False
[737] PASS  time=  0.627s  status=Exact solution     len=  2.396  endpoints_valid=True  collision=False  over_limit=False
[738] PASS  time=  1.753s  status=Exact solution     len=  3.290  endpoints_valid=True  collision=False  over_limit=False
[739] PASS  time=  0.247s  status=Exact solution     len=  1.375  endpoints_valid=True  collision=False  over_limit=False
[740] PASS  time=  1.722s  status=Exact solution     len=  2.914  endpoints_valid=True  collision=False  over_limit=False
[741] PASS  time=  0.726s  status=Exact solution     len=  1.815  endpoints_valid=True  collision=False  over_limit=False
[742] PASS  time=  2.373s  status=Exact solution     len=  3.804  endpoints_valid=True  collision=False  over_limit=False
[743] PASS  time=  4.227s  status=Exact solution     len=  3.930  endpoints_valid=True  collision=False  over_limit=False
[744] PASS  time=  1.046s  status=Exact solution     len=  2.271  endpoints_valid=True  collision=False  over_limit=False
[745] PASS  time=  0.517s  status=Exact solution     len=  1.468  endpoints_valid=True  collision=False  over_limit=False
[746] PASS  time=  1.007s  status=Exact solution     len=  1.929  endpoints_valid=True  collision=False  over_limit=False
[747] PASS  time=  0.688s  status=Exact solution     len=  1.993  endpoints_valid=True  collision=False  over_limit=False
[748] PASS  time=  1.875s  status=Exact solution     len=  4.396  endpoints_valid=True  collision=False  over_limit=False
[749] PASS  time=  0.471s  status=Exact solution     len=  1.727  endpoints_valid=True  collision=False  over_limit=False
[750] PASS  time=  0.727s  status=Exact solution     len=  2.367  endpoints_valid=True  collision=False  over_limit=False
[751] PASS  time=  1.126s  status=Exact solution     len=  3.203  endpoints_valid=True  collision=False  over_limit=False
[752] PASS  time=  1.525s  status=Exact solution     len=  3.384  endpoints_valid=True  collision=False  over_limit=False
[753] PASS  time=  3.240s  status=Exact solution     len=  5.233  endpoints_valid=True  collision=False  over_limit=False
[754] PASS  time=  4.086s  status=Exact solution     len=  4.622  endpoints_valid=True  collision=False  over_limit=False
[755] PASS  time=  2.173s  status=Exact solution     len=  4.541  endpoints_valid=True  collision=False  over_limit=False
[756] PASS  time=  1.449s  status=Exact solution     len=  1.775  endpoints_valid=True  collision=False  over_limit=False
[757] PASS  time=  0.383s  status=Exact solution     len=  2.003  endpoints_valid=True  collision=False  over_limit=False
[758] PASS  time=  3.690s  status=Exact solution     len=  3.031  endpoints_valid=True  collision=False  over_limit=False
[759] PASS  time=  1.305s  status=Exact solution     len=  3.820  endpoints_valid=True  collision=False  over_limit=False
[760] PASS  time=  4.811s  status=Exact solution     len=  5.979  endpoints_valid=True  collision=False  over_limit=False
[761] PASS  time=  1.221s  status=Exact solution     len=  3.455  endpoints_valid=True  collision=False  over_limit=False
[762] PASS  time=  2.113s  status=Exact solution     len=  4.474  endpoints_valid=True  collision=False  over_limit=False
[763] PASS  time=  1.847s  status=Exact solution     len=  3.384  endpoints_valid=True  collision=False  over_limit=False
[764] PASS  time=  1.137s  status=Exact solution     len=  3.420  endpoints_valid=True  collision=False  over_limit=False
[765] PASS  time=  2.956s  status=Exact solution     len=  4.403  endpoints_valid=True  collision=False  over_limit=False
[766] PASS  time=  2.391s  status=Exact solution     len=  2.444  endpoints_valid=True  collision=False  over_limit=False
[767] PASS  time=  0.409s  status=Exact solution     len=  1.999  endpoints_valid=True  collision=False  over_limit=False
[768] PASS  time=  1.338s  status=Exact solution     len=  1.296  endpoints_valid=True  collision=False  over_limit=False
[769] PASS  time=  2.268s  status=Exact solution     len=  2.868  endpoints_valid=True  collision=False  over_limit=False
[770] PASS  time=  5.613s  status=Exact solution     len=  5.625  endpoints_valid=True  collision=False  over_limit=False
[771] PASS  time=  0.905s  status=Exact solution     len=  3.170  endpoints_valid=True  collision=False  over_limit=False
[772] PASS  time=  0.526s  status=Exact solution     len=  2.191  endpoints_valid=True  collision=False  over_limit=False
[773] PASS  time=  0.922s  status=Exact solution     len=  1.724  endpoints_valid=True  collision=False  over_limit=False
[774] PASS  time=  4.879s  status=Exact solution     len=  3.733  endpoints_valid=True  collision=False  over_limit=False
[775] PASS  time=  4.479s  status=Exact solution     len=  4.236  endpoints_valid=True  collision=False  over_limit=False
[776] PASS  time=  0.617s  status=Exact solution     len=  1.911  endpoints_valid=True  collision=False  over_limit=False
[777] PASS  time=  0.356s  status=Exact solution     len=  2.021  endpoints_valid=True  collision=False  over_limit=False
[778] PASS  time=  3.989s  status=Exact solution     len=  4.514  endpoints_valid=True  collision=False  over_limit=False
[779] PASS  time=  1.181s  status=Exact solution     len=  4.097  endpoints_valid=True  collision=False  over_limit=False
[780] PASS  time=  1.234s  status=Exact solution     len=  2.695  endpoints_valid=True  collision=False  over_limit=False
[781] PASS  time=  0.659s  status=Exact solution     len=  3.035  endpoints_valid=True  collision=False  over_limit=False
[782] PASS  time=  0.509s  status=Exact solution     len=  1.682  endpoints_valid=True  collision=False  over_limit=False
[783] PASS  time=  0.574s  status=Exact solution     len=  1.982  endpoints_valid=True  collision=False  over_limit=False
[784] PASS  time=  0.818s  status=Exact solution     len=  4.334  endpoints_valid=True  collision=False  over_limit=False
[785] PASS  time=  1.930s  status=Exact solution     len=  5.104  endpoints_valid=True  collision=False  over_limit=False
[786] PASS  time=  1.001s  status=Exact solution     len=  2.186  endpoints_valid=True  collision=False  over_limit=False
[787] PASS  time=  4.683s  status=Exact solution     len=  2.008  endpoints_valid=True  collision=False  over_limit=False
[788] PASS  time=  0.813s  status=Exact solution     len=  1.738  endpoints_valid=True  collision=False  over_limit=False
[789] PASS  time=  0.936s  status=Exact solution     len=  2.364  endpoints_valid=True  collision=False  over_limit=False
[790] PASS  time=  0.990s  status=Exact solution     len=  2.472  endpoints_valid=True  collision=False  over_limit=False
[791] PASS  time=  5.033s  status=Exact solution     len=  3.612  endpoints_valid=True  collision=False  over_limit=False
[792] PASS  time=  1.967s  status=Exact solution     len=  4.181  endpoints_valid=True  collision=False  over_limit=False
[793] PASS  time=  0.909s  status=Exact solution     len=  2.596  endpoints_valid=True  collision=False  over_limit=False
[794] PASS  time=  0.960s  status=Exact solution     len=  2.492  endpoints_valid=True  collision=False  over_limit=False
[795] PASS  time=  0.879s  status=Exact solution     len=  2.670  endpoints_valid=True  collision=False  over_limit=False
[796] PASS  time=  0.897s  status=Exact solution     len=  2.174  endpoints_valid=True  collision=False  over_limit=False
[797] PASS  time=  0.737s  status=Exact solution     len=  1.570  endpoints_valid=True  collision=False  over_limit=False
[798] PASS  time=  0.942s  status=Exact solution     len=  3.060  endpoints_valid=True  collision=False  over_limit=False
[799] PASS  time=  0.926s  status=Exact solution     len=  2.353  endpoints_valid=True  collision=False  over_limit=False
[800] PASS  time=  3.261s  status=Exact solution     len=  6.980  endpoints_valid=True  collision=False  over_limit=False
[801] PASS  time=  0.364s  status=Exact solution     len=  1.482  endpoints_valid=True  collision=False  over_limit=False
[802] PASS  time=  1.384s  status=Exact solution     len=  2.387  endpoints_valid=True  collision=False  over_limit=False
[803] PASS  time=  0.795s  status=Exact solution     len=  2.449  endpoints_valid=True  collision=False  over_limit=False
[804] PASS  time=  0.720s  status=Exact solution     len=  2.388  endpoints_valid=True  collision=False  over_limit=False
[805] PASS  time=  1.180s  status=Exact solution     len=  2.919  endpoints_valid=True  collision=False  over_limit=False
[806] PASS  time=  2.767s  status=Exact solution     len=  2.129  endpoints_valid=True  collision=False  over_limit=False
[807] PASS  time=  0.347s  status=Exact solution     len=  1.056  endpoints_valid=True  collision=False  over_limit=False
[808] PASS  time=  2.434s  status=Exact solution     len=  5.286  endpoints_valid=True  collision=False  over_limit=False
[809] PASS  time=  1.506s  status=Exact solution     len=  1.941  endpoints_valid=True  collision=False  over_limit=False
[810] PASS  time=  3.161s  status=Exact solution     len=  4.892  endpoints_valid=True  collision=False  over_limit=False
[811] PASS  time=  4.742s  status=Exact solution     len=  4.070  endpoints_valid=True  collision=False  over_limit=False
[812] PASS  time=  1.190s  status=Exact solution     len=  3.000  endpoints_valid=True  collision=False  over_limit=False
[813] PASS  time=  1.970s  status=Exact solution     len=  3.136  endpoints_valid=True  collision=False  over_limit=False
[814] PASS  time=  0.434s  status=Exact solution     len=  1.419  endpoints_valid=True  collision=False  over_limit=False
[815] PASS  time=  1.120s  status=Exact solution     len=  3.494  endpoints_valid=True  collision=False  over_limit=False
[816] PASS  time=  2.209s  status=Exact solution     len=  1.694  endpoints_valid=True  collision=False  over_limit=False
[817] PASS  time=  2.660s  status=Exact solution     len=  6.263  endpoints_valid=True  collision=False  over_limit=False
[818] PASS  time=  2.990s  status=Exact solution     len=  5.852  endpoints_valid=True  collision=False  over_limit=False
[819] PASS  time=  0.941s  status=Exact solution     len=  2.040  endpoints_valid=True  collision=False  over_limit=False
[820] PASS  time=  7.655s  status=Exact solution     len=  4.956  endpoints_valid=True  collision=False  over_limit=False
[821] PASS  time=  0.517s  status=Exact solution     len=  1.827  endpoints_valid=True  collision=False  over_limit=False
[822] PASS  time=  0.508s  status=Exact solution     len=  2.479  endpoints_valid=True  collision=False  over_limit=False
[823] PASS  time=  4.312s  status=Exact solution     len=  6.420  endpoints_valid=True  collision=False  over_limit=False
[824] PASS  time=  2.789s  status=Exact solution     len=  2.811  endpoints_valid=True  collision=False  over_limit=False
[825] PASS  time=  2.548s  status=Exact solution     len=  5.104  endpoints_valid=True  collision=False  over_limit=False
[826] PASS  time=  0.501s  status=Exact solution     len=  1.820  endpoints_valid=True  collision=False  over_limit=False
[827] PASS  time=  2.399s  status=Exact solution     len=  5.699  endpoints_valid=True  collision=False  over_limit=False
[828] PASS  time=  1.512s  status=Exact solution     len=  3.273  endpoints_valid=True  collision=False  over_limit=False
[829] PASS  time=  6.752s  status=Exact solution     len=  7.062  endpoints_valid=True  collision=False  over_limit=False
[830] PASS  time=  5.172s  status=Exact solution     len=  3.308  endpoints_valid=True  collision=False  over_limit=False
[831] PASS  time=  0.600s  status=Exact solution     len=  1.545  endpoints_valid=True  collision=False  over_limit=False
[832] PASS  time=  1.108s  status=Exact solution     len=  2.962  endpoints_valid=True  collision=False  over_limit=False
[833] PASS  time=  0.694s  status=Exact solution     len=  2.311  endpoints_valid=True  collision=False  over_limit=False
[834] PASS  time=  0.823s  status=Exact solution     len=  3.264  endpoints_valid=True  collision=False  over_limit=False
[835] PASS  time=  1.975s  status=Exact solution     len=  2.801  endpoints_valid=True  collision=False  over_limit=False
[836] PASS  time=  0.660s  status=Exact solution     len=  2.026  endpoints_valid=True  collision=False  over_limit=False
[837] PASS  time=  2.621s  status=Exact solution     len=  4.576  endpoints_valid=True  collision=False  over_limit=False
[838] PASS  time=  0.859s  status=Exact solution     len=  2.388  endpoints_valid=True  collision=False  over_limit=False
[839] PASS  time=  1.461s  status=Exact solution     len=  1.792  endpoints_valid=True  collision=False  over_limit=False
[840] PASS  time=  2.338s  status=Exact solution     len=  6.405  endpoints_valid=True  collision=False  over_limit=False
[841] PASS  time=  3.143s  status=Exact solution     len=  3.032  endpoints_valid=True  collision=False  over_limit=False
[842] PASS  time=  4.192s  status=Exact solution     len=  5.279  endpoints_valid=True  collision=False  over_limit=False
[843] PASS  time=  1.678s  status=Exact solution     len=  3.946  endpoints_valid=True  collision=False  over_limit=False
[844] PASS  time=  1.196s  status=Exact solution     len=  1.931  endpoints_valid=True  collision=False  over_limit=False
[845] PASS  time=  1.666s  status=Exact solution     len=  3.487  endpoints_valid=True  collision=False  over_limit=False
[846] PASS  time=  0.672s  status=Exact solution     len=  2.280  endpoints_valid=True  collision=False  over_limit=False
[847] PASS  time=  1.779s  status=Exact solution     len=  3.123  endpoints_valid=True  collision=False  over_limit=False
[848] PASS  time=  0.423s  status=Exact solution     len=  1.428  endpoints_valid=True  collision=False  over_limit=False
[849] PASS  time=  1.106s  status=Exact solution     len=  2.779  endpoints_valid=True  collision=False  over_limit=False
[850] PASS  time=  0.511s  status=Exact solution     len=  1.747  endpoints_valid=True  collision=False  over_limit=False
[851] PASS  time=  3.219s  status=Exact solution     len=  6.285  endpoints_valid=True  collision=False  over_limit=False
[852] PASS  time=  2.008s  status=Exact solution     len=  3.251  endpoints_valid=True  collision=False  over_limit=False
[853] PASS  time=  2.269s  status=Exact solution     len=  3.739  endpoints_valid=True  collision=False  over_limit=False
[854] PASS  time=  1.683s  status=Exact solution     len=  3.677  endpoints_valid=True  collision=False  over_limit=False
[855] PASS  time=  0.877s  status=Exact solution     len=  2.458  endpoints_valid=True  collision=False  over_limit=False
[856] PASS  time=  2.055s  status=Exact solution     len=  3.739  endpoints_valid=True  collision=False  over_limit=False
[857] PASS  time=  1.521s  status=Exact solution     len=  3.619  endpoints_valid=True  collision=False  over_limit=False
[858] PASS  time=  3.975s  status=Exact solution     len=  4.161  endpoints_valid=True  collision=False  over_limit=False
[859] PASS  time=  2.736s  status=Exact solution     len=  1.611  endpoints_valid=True  collision=False  over_limit=False
[860] PASS  time=  3.414s  status=Exact solution     len=  3.519  endpoints_valid=True  collision=False  over_limit=False
[861] PASS  time=  0.557s  status=Exact solution     len=  1.492  endpoints_valid=True  collision=False  over_limit=False
[862] PASS  time=  0.980s  status=Exact solution     len=  2.981  endpoints_valid=True  collision=False  over_limit=False
[863] PASS  time=  2.395s  status=Exact solution     len=  4.690  endpoints_valid=True  collision=False  over_limit=False
[864] PASS  time=  2.042s  status=Exact solution     len=  3.443  endpoints_valid=True  collision=False  over_limit=False
[865] PASS  time=  3.714s  status=Exact solution     len=  5.774  endpoints_valid=True  collision=False  over_limit=False
[866] PASS  time=  2.307s  status=Exact solution     len=  2.666  endpoints_valid=True  collision=False  over_limit=False
[867] PASS  time=  0.634s  status=Exact solution     len=  1.813  endpoints_valid=True  collision=False  over_limit=False
[868] PASS  time=  5.045s  status=Exact solution     len=  5.006  endpoints_valid=True  collision=False  over_limit=False
[869] PASS  time=  1.790s  status=Exact solution     len=  3.614  endpoints_valid=True  collision=False  over_limit=False
[870] PASS  time=  0.451s  status=Exact solution     len=  1.830  endpoints_valid=True  collision=False  over_limit=False
[871] PASS  time=  0.839s  status=Exact solution     len=  2.288  endpoints_valid=True  collision=False  over_limit=False
[872] PASS  time= 25.676s  status=Exact solution     len=  8.055  endpoints_valid=True  collision=False  over_limit=False
[873] PASS  time=  0.585s  status=Exact solution     len=  2.252  endpoints_valid=True  collision=False  over_limit=False
[874] PASS  time=  0.522s  status=Exact solution     len=  2.366  endpoints_valid=True  collision=False  over_limit=False
[875] PASS  time=  0.446s  status=Exact solution     len=  2.428  endpoints_valid=True  collision=False  over_limit=False
[876] PASS  time=  0.584s  status=Exact solution     len=  3.004  endpoints_valid=True  collision=False  over_limit=False
[877] PASS  time=  0.894s  status=Exact solution     len=  2.084  endpoints_valid=True  collision=False  over_limit=False
[878] PASS  time=  0.204s  status=Exact solution     len=  1.660  endpoints_valid=True  collision=False  over_limit=False
[879] PASS  time=  5.582s  status=Exact solution     len=  7.928  endpoints_valid=True  collision=False  over_limit=False
[880] PASS  time=  3.056s  status=Exact solution     len=  4.494  endpoints_valid=True  collision=False  over_limit=False
[881] PASS  time=  3.086s  status=Exact solution     len=  4.372  endpoints_valid=True  collision=False  over_limit=False
[882] PASS  time=  2.106s  status=Exact solution     len=  3.348  endpoints_valid=True  collision=False  over_limit=False
[883] PASS  time=  2.842s  status=Exact solution     len=  3.148  endpoints_valid=True  collision=False  over_limit=False
[884] PASS  time=  5.357s  status=Exact solution     len=  4.955  endpoints_valid=True  collision=False  over_limit=False
[885] PASS  time=  2.692s  status=Exact solution     len=  7.995  endpoints_valid=True  collision=False  over_limit=False
[886] PASS  time=  3.950s  status=Exact solution     len=  4.644  endpoints_valid=True  collision=False  over_limit=False
[887] PASS  time=  2.671s  status=Exact solution     len=  4.334  endpoints_valid=True  collision=False  over_limit=False
[888] PASS  time=  2.068s  status=Exact solution     len=  4.645  endpoints_valid=True  collision=False  over_limit=False
[889] PASS  time=  4.888s  status=Exact solution     len=  4.970  endpoints_valid=True  collision=False  over_limit=False
[890] PASS  time=  0.789s  status=Exact solution     len=  2.242  endpoints_valid=True  collision=False  over_limit=False
[891] PASS  time=  0.910s  status=Exact solution     len=  1.342  endpoints_valid=True  collision=False  over_limit=False
[892] PASS  time=  0.285s  status=Exact solution     len=  1.450  endpoints_valid=True  collision=False  over_limit=False
[893] PASS  time=  6.681s  status=Exact solution     len=  5.030  endpoints_valid=True  collision=False  over_limit=False
[894] PASS  time=  0.702s  status=Exact solution     len=  2.015  endpoints_valid=True  collision=False  over_limit=False
[895] PASS  time=  0.255s  status=Exact solution     len=  1.963  endpoints_valid=True  collision=False  over_limit=False
[896] PASS  time=  3.628s  status=Exact solution     len=  4.643  endpoints_valid=True  collision=False  over_limit=False
[897] PASS  time=  1.092s  status=Exact solution     len=  1.794  endpoints_valid=True  collision=False  over_limit=False
[898] PASS  time=  1.534s  status=Exact solution     len=  4.515  endpoints_valid=True  collision=False  over_limit=False
[899] PASS  time=  0.724s  status=Exact solution     len=  2.842  endpoints_valid=True  collision=False  over_limit=False
[900] PASS  time=  2.414s  status=Exact solution     len=  3.925  endpoints_valid=True  collision=False  over_limit=False
[901] PASS  time=  3.761s  status=Exact solution     len=  6.683  endpoints_valid=True  collision=False  over_limit=False
[902] PASS  time=  1.079s  status=Exact solution     len=  2.757  endpoints_valid=True  collision=False  over_limit=False
[903] PASS  time=  5.639s  status=Exact solution     len=  5.305  endpoints_valid=True  collision=False  over_limit=False
[904] PASS  time=  1.329s  status=Exact solution     len=  2.630  endpoints_valid=True  collision=False  over_limit=False
[905] PASS  time=  0.833s  status=Exact solution     len=  2.735  endpoints_valid=True  collision=False  over_limit=False
[906] PASS  time=  0.525s  status=Exact solution     len=  1.598  endpoints_valid=True  collision=False  over_limit=False
[907] PASS  time=  1.505s  status=Exact solution     len=  3.256  endpoints_valid=True  collision=False  over_limit=False
[908] PASS  time=  0.961s  status=Exact solution     len=  2.493  endpoints_valid=True  collision=False  over_limit=False
[909] PASS  time=  1.615s  status=Exact solution     len=  2.250  endpoints_valid=True  collision=False  over_limit=False
[910] PASS  time=  0.809s  status=Exact solution     len=  2.666  endpoints_valid=True  collision=False  over_limit=False
[911] PASS  time=  1.318s  status=Exact solution     len=  2.689  endpoints_valid=True  collision=False  over_limit=False
[912] PASS  time=  0.809s  status=Exact solution     len=  2.908  endpoints_valid=True  collision=False  over_limit=False
[913] PASS  time=  0.889s  status=Exact solution     len=  2.382  endpoints_valid=True  collision=False  over_limit=False
[914] PASS  time=  3.155s  status=Exact solution     len=  6.162  endpoints_valid=True  collision=False  over_limit=False
[915] PASS  time=  0.736s  status=Exact solution     len=  2.993  endpoints_valid=True  collision=False  over_limit=False
[916] PASS  time=  3.060s  status=Exact solution     len=  4.088  endpoints_valid=True  collision=False  over_limit=False
[917] PASS  time=  5.616s  status=Exact solution     len=  5.992  endpoints_valid=True  collision=False  over_limit=False
[918] PASS  time=  2.251s  status=Exact solution     len=  4.005  endpoints_valid=True  collision=False  over_limit=False
[919] PASS  time=  2.312s  status=Exact solution     len=  4.747  endpoints_valid=True  collision=False  over_limit=False
[920] PASS  time=  0.722s  status=Exact solution     len=  1.745  endpoints_valid=True  collision=False  over_limit=False
[921] PASS  time=  1.560s  status=Exact solution     len=  3.579  endpoints_valid=True  collision=False  over_limit=False
[922] PASS  time=  2.270s  status=Exact solution     len=  4.278  endpoints_valid=True  collision=False  over_limit=False
[923] PASS  time=  0.703s  status=Exact solution     len=  1.274  endpoints_valid=True  collision=False  over_limit=False
[924] PASS  time=  2.291s  status=Exact solution     len=  5.497  endpoints_valid=True  collision=False  over_limit=False
[925] PASS  time=  0.456s  status=Exact solution     len=  1.308  endpoints_valid=True  collision=False  over_limit=False
[926] PASS  time=  1.122s  status=Exact solution     len=  1.446  endpoints_valid=True  collision=False  over_limit=False
[927] PASS  time=  0.620s  status=Exact solution     len=  1.421  endpoints_valid=True  collision=False  over_limit=False
[928] PASS  time=  2.997s  status=Exact solution     len=  3.595  endpoints_valid=True  collision=False  over_limit=False
[929] PASS  time=  0.739s  status=Exact solution     len=  2.739  endpoints_valid=True  collision=False  over_limit=False
[930] PASS  time=  0.738s  status=Exact solution     len=  2.083  endpoints_valid=True  collision=False  over_limit=False
[931] PASS  time=  2.584s  status=Exact solution     len=  2.720  endpoints_valid=True  collision=False  over_limit=False
[932] PASS  time=  3.271s  status=Exact solution     len=  4.179  endpoints_valid=True  collision=False  over_limit=False
[933] PASS  time=  0.822s  status=Exact solution     len=  2.286  endpoints_valid=True  collision=False  over_limit=False
[934] PASS  time=  0.687s  status=Exact solution     len=  2.364  endpoints_valid=True  collision=False  over_limit=False
[935] PASS  time=  2.423s  status=Exact solution     len=  3.333  endpoints_valid=True  collision=False  over_limit=False
[936] PASS  time=  4.913s  status=Exact solution     len=  6.383  endpoints_valid=True  collision=False  over_limit=False
[937] PASS  time=  1.342s  status=Exact solution     len=  4.019  endpoints_valid=True  collision=False  over_limit=False
[938] PASS  time=  0.313s  status=Exact solution     len=  1.745  endpoints_valid=True  collision=False  over_limit=False
[939] PASS  time=  3.206s  status=Exact solution     len=  3.072  endpoints_valid=True  collision=False  over_limit=False
[940] PASS  time=  0.477s  status=Exact solution     len=  1.928  endpoints_valid=True  collision=False  over_limit=False
[941] PASS  time=  0.540s  status=Exact solution     len=  1.554  endpoints_valid=True  collision=False  over_limit=False
[942] PASS  time=  2.448s  status=Exact solution     len=  4.437  endpoints_valid=True  collision=False  over_limit=False
[943] PASS  time=  4.342s  status=Exact solution     len=  5.744  endpoints_valid=True  collision=False  over_limit=False
[944] PASS  time=  0.413s  status=Exact solution     len=  2.152  endpoints_valid=True  collision=False  over_limit=False
[945] PASS  time=  1.348s  status=Exact solution     len=  3.090  endpoints_valid=True  collision=False  over_limit=False
[946] PASS  time=  8.597s  status=Exact solution     len=  5.758  endpoints_valid=True  collision=False  over_limit=False
[947] PASS  time=  0.465s  status=Exact solution     len=  1.996  endpoints_valid=True  collision=False  over_limit=False
[948] PASS  time=  4.037s  status=Exact solution     len=  5.521  endpoints_valid=True  collision=False  over_limit=False
[949] PASS  time=  1.319s  status=Exact solution     len=  4.118  endpoints_valid=True  collision=False  over_limit=False
[950] PASS  time=  3.318s  status=Exact solution     len=  3.096  endpoints_valid=True  collision=False  over_limit=False
[951] PASS  time=  0.899s  status=Exact solution     len=  1.544  endpoints_valid=True  collision=False  over_limit=False
[952] PASS  time=  0.527s  status=Exact solution     len=  2.239  endpoints_valid=True  collision=False  over_limit=False
[953] PASS  time=  4.309s  status=Exact solution     len=  4.657  endpoints_valid=True  collision=False  over_limit=False
[954] PASS  time=  0.791s  status=Exact solution     len=  2.368  endpoints_valid=True  collision=False  over_limit=False
[955] PASS  time=  1.974s  status=Exact solution     len=  3.148  endpoints_valid=True  collision=False  over_limit=False
[956] PASS  time=  0.686s  status=Exact solution     len=  2.452  endpoints_valid=True  collision=False  over_limit=False
[957] PASS  time=  6.602s  status=Exact solution     len=  5.381  endpoints_valid=True  collision=False  over_limit=False
[958] PASS  time=  2.203s  status=Exact solution     len=  3.575  endpoints_valid=True  collision=False  over_limit=False
[959] PASS  time=  1.877s  status=Exact solution     len=  4.072  endpoints_valid=True  collision=False  over_limit=False
[960] PASS  time=  1.214s  status=Exact solution     len=  2.505  endpoints_valid=True  collision=False  over_limit=False
[961] PASS  time=  2.593s  status=Exact solution     len=  3.180  endpoints_valid=True  collision=False  over_limit=False
[962] PASS  time=  1.443s  status=Exact solution     len=  2.293  endpoints_valid=True  collision=False  over_limit=False
[963] PASS  time=  0.848s  status=Exact solution     len=  2.763  endpoints_valid=True  collision=False  over_limit=False
[964] PASS  time=  0.867s  status=Exact solution     len=  2.592  endpoints_valid=True  collision=False  over_limit=False
[965] PASS  time=  0.946s  status=Exact solution     len=  2.246  endpoints_valid=True  collision=False  over_limit=False
[966] PASS  time=  1.207s  status=Exact solution     len=  2.483  endpoints_valid=True  collision=False  over_limit=False
[967] PASS  time=  1.635s  status=Exact solution     len=  3.280  endpoints_valid=True  collision=False  over_limit=False
[968] PASS  time=  1.629s  status=Exact solution     len=  4.440  endpoints_valid=True  collision=False  over_limit=False
[969] PASS  time=  6.730s  status=Exact solution     len=  5.612  endpoints_valid=True  collision=False  over_limit=False
[970] PASS  time=  0.632s  status=Exact solution     len=  1.983  endpoints_valid=True  collision=False  over_limit=False
[971] PASS  time=  1.130s  status=Exact solution     len=  1.489  endpoints_valid=True  collision=False  over_limit=False
[972] PASS  time=  0.459s  status=Exact solution     len=  2.195  endpoints_valid=True  collision=False  over_limit=False
[973] PASS  time=  0.457s  status=Exact solution     len=  1.399  endpoints_valid=True  collision=False  over_limit=False
[974] PASS  time=  0.639s  status=Exact solution     len=  1.604  endpoints_valid=True  collision=False  over_limit=False
[975] PASS  time=  0.816s  status=Exact solution     len=  3.247  endpoints_valid=True  collision=False  over_limit=False
[976] PASS  time=  0.314s  status=Exact solution     len=  1.451  endpoints_valid=True  collision=False  over_limit=False
[977] PASS  time=  2.389s  status=Exact solution     len=  4.288  endpoints_valid=True  collision=False  over_limit=False
[978] PASS  time=  0.605s  status=Exact solution     len=  1.294  endpoints_valid=True  collision=False  over_limit=False
[979] PASS  time=  1.105s  status=Exact solution     len=  3.716  endpoints_valid=True  collision=False  over_limit=False
[980] PASS  time=  1.433s  status=Exact solution     len=  2.281  endpoints_valid=True  collision=False  over_limit=False
[981] PASS  time=  0.466s  status=Exact solution     len=  1.961  endpoints_valid=True  collision=False  over_limit=False
[982] PASS  time=  0.609s  status=Exact solution     len=  2.127  endpoints_valid=True  collision=False  over_limit=False
[983] PASS  time=  2.303s  status=Exact solution     len=  3.753  endpoints_valid=True  collision=False  over_limit=False
[984] PASS  time=  4.610s  status=Exact solution     len=  4.669  endpoints_valid=True  collision=False  over_limit=False
[985] PASS  time=  1.679s  status=Exact solution     len=  4.101  endpoints_valid=True  collision=False  over_limit=False
[986] PASS  time=  1.100s  status=Exact solution     len=  2.413  endpoints_valid=True  collision=False  over_limit=False
[987] PASS  time=  4.980s  status=Exact solution     len=  5.965  endpoints_valid=True  collision=False  over_limit=False
[988] PASS  time=  3.715s  status=Exact solution     len=  5.074  endpoints_valid=True  collision=False  over_limit=False
[989] PASS  time=  0.295s  status=Exact solution     len=  1.434  endpoints_valid=True  collision=False  over_limit=False
[990] PASS  time=  4.179s  status=Exact solution     len=  3.899  endpoints_valid=True  collision=False  over_limit=False
[991] PASS  time=  3.728s  status=Exact solution     len=  6.289  endpoints_valid=True  collision=False  over_limit=False
[992] PASS  time=  0.736s  status=Exact solution     len=  2.704  endpoints_valid=True  collision=False  over_limit=False
[993] PASS  time=  0.316s  status=Exact solution     len=  1.970  endpoints_valid=True  collision=False  over_limit=False
[994] PASS  time=  1.117s  status=Exact solution     len=  2.262  endpoints_valid=True  collision=False  over_limit=False
[995] PASS  time=  1.627s  status=Exact solution     len=  3.315  endpoints_valid=True  collision=False  over_limit=False
[996] PASS  time=  0.738s  status=Exact solution     len=  1.705  endpoints_valid=True  collision=False  over_limit=False
[997] PASS  time=  0.279s  status=Exact solution     len=  1.589  endpoints_valid=True  collision=False  over_limit=False
[998] PASS  time=  0.674s  status=Exact solution     len=  2.022  endpoints_valid=True  collision=False  over_limit=False
[999] PASS  time=  1.629s  status=Exact solution     len=  2.760  endpoints_valid=True  collision=False  over_limit=False

shape                     : datasets/3dshape/Vshape3d.obj
environment               : datasets/3dshape/env1.obj
data_path                 : testing_data/3dshape/Vshape3d_env1
planner                   : RRTConnect (OMPL, SE(3))
time_limit_per_case       : 30.000 s  (a case over this = fail)
path_simplification       : off

test_cases_total          : 1000
invalid_start_or_goal     : 0  (excluded, unplannable)
test_cases_scored         : 1000  [valid start+goal only]
successes                 : 1000
failures                  : 0
  no_solution_in_time     : 0
  over_time_limit         : 0
  path_in_collision       : 0
success_rate              : 1.0000  (100.0%)  [1000/1000]

time_mean                 : 2.5582 s   [all 1000 scored cases]
time_std                  : 2.1697 s
time_mean_successful      : 2.5582 s   [1000 successful cases]
time_std_successful       : 2.1697 s
time_median               : 1.9244 s

path_length_mean          : 3.1621   [1000 successful cases]
path_length_std           : 1.3830
path_length_total         : 3162.1372

total_time                : 2558.19 s
collision_checks          : 941576

Wrote results/ompl_rrtconnect/Vshape3d_env1/rrt_connect_success_rate.txt
Wrote results/ompl_rrtconnect/Vshape3d_env1/rrt_connect_cases.csv
