[load_obj] 'datasets/3dshape/2denv3_zup.obj': 6 objects/groups
  [0] 'Body8'  (32 triangles)
  [1] 'Body14'  (12 triangles)
  [2] 'Body15'  (12 triangles)
  [3] 'Body17'  (12 triangles)
  [4] 'Body20'  (12 triangles)
  [5] 'Body21'  (12 triangles)
[--2d] environment flattened onto z=0
[load_obj] 'datasets/3dshape/rectangle_zup.obj': 1 objects/groups
  [0] 'Body1'  (12 triangles)
[--2d] shape z extent 0.0286 -> 0.0100 (env-normalized units)
Delaunizing vertices...
Delaunay seconds:  9.5e-05
Creating surface mesh ...
Surface mesh seconds:  3.9e-05
Recovering boundaries...
Boundary recovery seconds:  0.004411
Removing exterior tetrahedra ...
Exterior tets removal seconds:  1.7e-05
Suppressing Steiner points ...
Steiner suppression seconds:  4e-06
Recovering Delaunayness...
Delaunay recovery seconds:  0.000105
Refining mesh...
  11 insertions, added 1 points, 7 tetrahedra in queue.
  3 insertions, added 0 points, 4 tetrahedra in queue.
  4 insertions, added 0 points, 0 tetrahedra in queue.
  5 insertions, added 0 points, 0 tetrahedra in queue.
  7 insertions, added 1 points, 6 tetrahedra in queue.
  9 insertions, added 0 points, 0 tetrahedra in queue.
Refinement seconds:  0.000141
Smoothing vertices...
Mesh smoothing seconds:  0.000425
Improving mesh...
Mesh improvement seconds:  3.1e-05

Writing nodes.
Writing elements.
Writing faces.
Writing edges.

Output seconds:  2.9e-05
Total running seconds:  0.005457

Statistics:

  Input points: 8
  Input facets: 12
  Input segments: 18
  Input holes: 0
  Input regions: 0

  Mesh points: 11
  Mesh tetrahedra: 20
  Mesh faces: 46
  Mesh faces on exterior boundary: 12
  Mesh faces on input facets: 12
  Mesh edges on input segments: 18
  Steiner points inside domain: 3

Tetrahedralized shape: 20 tets, 12 boundary triangles, 11 verts
Sampling 800000 (x0, x1) pairs [TRAINING (narrow-band correlated pairs) | PLANAR 2-D (z=0, rotation about z only)]   margin=0.05  offset=0.001  ...
generated: 43 / 800000
generated: 86 / 800000
generated: 134 / 800000
generated: 200 / 800000
generated: 278 / 800000
generated: 337 / 800000
generated: 392 / 800000
generated: 442 / 800000
generated: 499 / 800000
generated: 555 / 800000
generated: 606 / 800000
generated: 662 / 800000
generated: 719 / 800000
generated: 778 / 800000
generated: 824 / 800000
generated: 890 / 800000
generated: 941 / 800000
generated: 993 / 800000
generated: 1046 / 800000
generated: 1093 / 800000
generated: 1156 / 800000
generated: 1195 / 800000
generated: 1249 / 800000
generated: 1304 / 800000
generated: 1365 / 800000
generated: 1411 / 800000
generated: 1464 / 800000
generated: 1530 / 800000
generated: 1583 / 800000
generated: 1640 / 800000
generated: 1709 / 800000
generated: 1765 / 800000
generated: 1818 / 800000
generated: 1872 / 800000
generated: 1930 / 800000
generated: 1991 / 800000
generated: 2052 / 800000
generated: 2112 / 800000
generated: 2169 / 800000
generated: 2227 / 800000
generated: 2292 / 800000
generated: 2352 / 800000
generated: 2407 / 800000
generated: 2463 / 800000
generated: 2529 / 800000
generated: 2599 / 800000
generated: 2645 / 800000
generated: 2704 / 800000
generated: 2769 / 800000
generated: 2833 / 800000
generated: 2882 / 800000
generated: 2938 / 800000
generated: 3004 / 800000
generated: 3068 / 800000
generated: 3119 / 800000
generated: 3162 / 800000
generated: 3210 / 800000
generated: 3262 / 800000
generated: 3320 / 800000
generated: 3370 / 800000
generated: 3431 / 800000
generated: 3483 / 800000
generated: 3545 / 800000
generated: 3606 / 800000
generated: 3666 / 800000
generated: 3733 / 800000
generated: 3797 / 800000
generated: 3840 / 800000
generated: 3898 / 800000
generated: 3953 / 800000
generated: 4008 / 800000
generated: 4059 / 800000
generated: 4115 / 800000
generated: 4171 / 800000
generated: 4237 / 800000
generated: 4294 / 800000
generated: 4339 / 800000
generated: 4385 / 800000
generated: 4448 / 800000
generated: 4500 / 800000
generated: 4554 / 800000
generated: 4613 / 800000
generated: 4674 / 800000
generated: 4722 / 800000
generated: 4767 / 800000
generated: 4816 / 800000
generated: 4865 / 800000
generated: 4917 / 800000
generated: 4967 / 800000
generated: 5015 / 800000
generated: 5060 / 800000
generated: 5120 / 800000
generated: 5182 / 800000
generated: 5244 / 800000
generated: 5313 / 800000
generated: 5373 / 800000
generated: 5434 / 800000
generated: 5488 / 800000
generated: 5542 / 800000
generated: 5605 / 800000
generated: 5660 / 800000
generated: 5712 / 800000
generated: 5769 / 800000
generated: 5833 / 800000
generated: 5889 / 800000
generated: 5949 / 800000
generated: 6015 / 800000
generated: 6078 / 800000
generated: 6141 / 800000
generated: 6189 / 800000
generated: 6246 / 800000
generated: 6296 / 800000
generated: 6345 / 800000
generated: 6394 / 800000
generated: 6446 / 800000
generated: 6502 / 800000
generated: 6561 / 800000
generated: 6627 / 800000
generated: 6679 / 800000
generated: 6734 / 800000
generated: 6794 / 800000
generated: 6853 / 800000
generated: 6915 / 800000
generated: 6957 / 800000
generated: 7004 / 800000
generated: 7040 / 800000
generated: 7103 / 800000
generated: 7154 / 800000
generated: 7212 / 800000
generated: 7266 / 800000
generated: 7305 / 800000
generated: 7364 / 800000
generated: 7420 / 800000
generated: 7475 / 800000
generated: 7535 / 800000
generated: 7594 / 800000
generated: 7636 / 800000
generated: 7701 / 800000
generated: 7755 / 800000
generated: 7816 / 800000
generated: 7877 / 800000
generated: 7929 / 800000
generated: 7989 / 800000
generated: 8047 / 800000
generated: 8103 / 800000
generated: 8150 / 800000
generated: 8214 / 800000
generated: 8267 / 800000
generated: 8326 / 800000
generated: 8380 / 800000
generated: 8424 / 800000
generated: 8493 / 800000
generated: 8555 / 800000
generated: 8626 / 800000
generated: 8685 / 800000
generated: 8735 / 800000
generated: 8795 / 800000
generated: 8854 / 800000
generated: 8910 / 800000
generated: 8972 / 800000
generated: 9021 / 800000
generated: 9078 / 800000
generated: 9132 / 800000
generated: 9192 / 800000
generated: 9237 / 800000
generated: 9294 / 800000
generated: 9347 / 800000
generated: 9412 / 800000
generated: 9465 / 800000
generated: 9514 / 800000
generated: 9568 / 800000
generated: 9612 / 800000
generated: 9663 / 800000
generated: 9720 / 800000
generated: 9779 / 800000
generated: 9839 / 800000
generated: 9888 / 800000
generated: 9938 / 800000
generated: 9983 / 800000
generated: 10039 / 800000
generated: 10094 / 800000
generated: 10149 / 800000
generated: 10204 / 800000
generated: 10273 / 800000
generated: 10331 / 800000
generated: 10384 / 800000
generated: 10450 / 800000
generated: 10510 / 800000
generated: 10561 / 800000
generated: 10628 / 800000
generated: 10688 / 800000
generated: 10743 / 800000
generated: 10784 / 800000
generated: 10840 / 800000
generated: 10898 / 800000
generated: 10954 / 800000
generated: 11016 / 800000
generated: 11067 / 800000
generated: 11120 / 800000
generated: 11173 / 800000
generated: 11221 / 800000
generated: 11274 / 800000
generated: 11319 / 800000
generated: 11373 / 800000
generated: 11439 / 800000
generated: 11494 / 800000
generated: 11562 / 800000
generated: 11640 / 800000
generated: 11697 / 800000
generated: 11743 / 800000
generated: 11795 / 800000
generated: 11840 / 800000
generated: 11887 / 800000
generated: 11945 / 800000
generated: 12001 / 800000
generated: 12048 / 800000
generated: 12113 / 800000
generated: 12166 / 800000
generated: 12224 / 800000
generated: 12286 / 800000
generated: 12346 / 800000
generated: 12402 / 800000
generated: 12441 / 800000
generated: 12488 / 800000
generated: 12529 / 800000
generated: 12583 / 800000
generated: 12629 / 800000
generated: 12685 / 800000
generated: 12738 / 800000
generated: 12806 / 800000
generated: 12868 / 800000
generated: 12915 / 800000
generated: 12974 / 800000
generated: 13022 / 800000
generated: 13079 / 800000
generated: 13146 / 800000
generated: 13201 / 800000
generated: 13255 / 800000
generated: 13323 / 800000
generated: 13368 / 800000
generated: 13433 / 800000
generated: 13495 / 800000
generated: 13536 / 800000
generated: 13600 / 800000
generated: 13657 / 800000
generated: 13726 / 800000
generated: 13786 / 800000
generated: 13848 / 800000
generated: 13893 / 800000
generated: 13951 / 800000
generated: 14017 / 800000
generated: 14066 / 800000
generated: 14116 / 800000
generated: 14169 / 800000
generated: 14234 / 800000
generated: 14279 / 800000
generated: 14339 / 800000
generated: 14389 / 800000
generated: 14438 / 800000
generated: 14493 / 800000
generated: 14541 / 800000
generated: 14599 / 800000
generated: 14659 / 800000
generated: 14716 / 800000
generated: 14770 / 800000
generated: 14825 / 800000
generated: 14877 / 800000
generated: 14924 / 800000
generated: 14988 / 800000
generated: 15034 / 800000
generated: 15086 / 800000
generated: 15142 / 800000
generated: 15199 / 800000
generated: 15252 / 800000
generated: 15306 / 800000
generated: 15357 / 800000
generated: 15403 / 800000
generated: 15463 / 800000
generated: 15522 / 800000
generated: 15581 / 800000
generated: 15633 / 800000
generated: 15690 / 800000
generated: 15757 / 800000
generated: 15814 / 800000
generated: 15875 / 800000
generated: 15934 / 800000
generated: 15986 / 800000
generated: 16031 / 800000
generated: 16090 / 800000
generated: 16151 / 800000
generated: 16210 / 800000
generated: 16268 / 800000
generated: 16315 / 800000
generated: 16380 / 800000
generated: 16436 / 800000
generated: 16509 / 800000
generated: 16560 / 800000
generated: 16623 / 800000
generated: 16686 / 800000
generated: 16741 / 800000
generated: 16785 / 800000
generated: 16859 / 800000
generated: 16926 / 800000
generated: 16988 / 800000
generated: 17040 / 800000
generated: 17105 / 800000
generated: 17154 / 800000
generated: 17219 / 800000
generated: 17284 / 800000
generated: 17347 / 800000
generated: 17404 / 800000
generated: 17464 / 800000
generated: 17520 / 800000
generated: 17583 / 800000
generated: 17655 / 800000
generated: 17721 / 800000
generated: 17790 / 800000
generated: 17852 / 800000
generated: 17914 / 800000
generated: 17962 / 800000
generated: 18026 / 800000
generated: 18085 / 800000
generated: 18153 / 800000
generated: 18215 / 800000
generated: 18262 / 800000
generated: 18312 / 800000
generated: 18381 / 800000
generated: 18420 / 800000
generated: 18487 / 800000
generated: 18538 / 800000
generated: 18590 / 800000
generated: 18655 / 800000
generated: 18708 / 800000
generated: 18774 / 800000
generated: 18831 / 800000
generated: 18894 / 800000
generated: 18957 / 800000
generated: 19022 / 800000
generated: 19072 / 800000
generated: 19143 / 800000
generated: 19199 / 800000
generated: 19264 / 800000
generated: 19333 / 800000
generated: 19385 / 800000
generated: 19437 / 800000
generated: 19490 / 800000
generated: 19544 / 800000
generated: 19598 / 800000
generated: 19658 / 800000
generated: 19706 / 800000
generated: 19752 / 800000
generated: 19800 / 800000
generated: 19863 / 800000
generated: 19914 / 800000
generated: 19969 / 800000
generated: 20021 / 800000
generated: 20062 / 800000
generated: 20124 / 800000
generated: 20192 / 800000
generated: 20231 / 800000
generated: 20296 / 800000
generated: 20349 / 800000
generated: 20407 / 800000
generated: 20465 / 800000
generated: 20523 / 800000
generated: 20588 / 800000
generated: 20639 / 800000
generated: 20692 / 800000
generated: 20750 / 800000
generated: 20811 / 800000
generated: 20875 / 800000
generated: 20931 / 800000
generated: 20991 / 800000
generated: 21056 / 800000
generated: 21110 / 800000
generated: 21161 / 800000
generated: 21211 / 800000
generated: 21263 / 800000
generated: 21323 / 800000
generated: 21382 / 800000
generated: 21432 / 800000
generated: 21491 / 800000
generated: 21559 / 800000
generated: 21615 / 800000
generated: 21678 / 800000
generated: 21721 / 800000
generated: 21769 / 800000
generated: 21826 / 800000
generated: 21884 / 800000
generated: 21925 / 800000
generated: 21992 / 800000
generated: 22057 / 800000
generated: 22116 / 800000
generated: 22177 / 800000
generated: 22235 / 800000
generated: 22293 / 800000
generated: 22344 / 800000
generated: 22401 / 800000
generated: 22461 / 800000
generated: 22528 / 800000
generated: 22577 / 800000
generated: 22645 / 800000
generated: 22689 / 800000
generated: 22732 / 800000
generated: 22782 / 800000
generated: 22835 / 800000
generated: 22899 / 800000
generated: 22961 / 800000
generated: 23021 / 800000
generated: 23067 / 800000
generated: 23121 / 800000
generated: 23179 / 800000
generated: 23226 / 800000
generated: 23284 / 800000
generated: 23335 / 800000
generated: 23390 / 800000
generated: 23449 / 800000
generated: 23519 / 800000
generated: 23567 / 800000
generated: 23621 / 800000
generated: 23693 / 800000
generated: 23758 / 800000
generated: 23813 / 800000
generated: 23873 / 800000
generated: 23939 / 800000
generated: 23988 / 800000
generated: 24044 / 800000
generated: 24098 / 800000
generated: 24145 / 800000
generated: 24193 / 800000
generated: 24249 / 800000
generated: 24323 / 800000
generated: 24375 / 800000
generated: 24421 / 800000
generated: 24468 / 800000
generated: 24534 / 800000
generated: 24591 / 800000
generated: 24640 / 800000
generated: 24688 / 800000
generated: 24729 / 800000
generated: 24777 / 800000
generated: 24826 / 800000
generated: 24877 / 800000
generated: 24931 / 800000
generated: 24985 / 800000
generated: 25032 / 800000
generated: 25085 / 800000
generated: 25130 / 800000
generated: 25180 / 800000
generated: 25237 / 800000
generated: 25294 / 800000
generated: 25340 / 800000
generated: 25400 / 800000
generated: 25450 / 800000
generated: 25507 / 800000
generated: 25566 / 800000
generated: 25628 / 800000
generated: 25681 / 800000
generated: 25729 / 800000
generated: 25794 / 800000
generated: 25843 / 800000
generated: 25897 / 800000
generated: 25952 / 800000
generated: 26008 / 800000
generated: 26065 / 800000
generated: 26115 / 800000
generated: 26183 / 800000
generated: 26249 / 800000
generated: 26299 / 800000
generated: 26335 / 800000
generated: 26387 / 800000
generated: 26439 / 800000
generated: 26495 / 800000
generated: 26566 / 800000
generated: 26622 / 800000
generated: 26678 / 800000
generated: 26720 / 800000
generated: 26771 / 800000
generated: 26834 / 800000
generated: 26899 / 800000
generated: 26960 / 800000
generated: 27022 / 800000
generated: 27079 / 800000
generated: 27139 / 800000
generated: 27183 / 800000
generated: 27232 / 800000
generated: 27281 / 800000
generated: 27330 / 800000
generated: 27375 / 800000
generated: 27426 / 800000
generated: 27476 / 800000
generated: 27534 / 800000
generated: 27600 / 800000
generated: 27647 / 800000
generated: 27710 / 800000
generated: 27762 / 800000
generated: 27804 / 800000
generated: 27862 / 800000
generated: 27930 / 800000
generated: 27984 / 800000
generated: 28029 / 800000
generated: 28095 / 800000
generated: 28150 / 800000
generated: 28196 / 800000
generated: 28254 / 800000
generated: 28299 / 800000
generated: 28352 / 800000
generated: 28397 / 800000
generated: 28447 / 800000
generated: 28504 / 800000
generated: 28561 / 800000
generated: 28607 / 800000
generated: 28659 / 800000
generated: 28708 / 800000
generated: 28760 / 800000
generated: 28811 / 800000
generated: 28866 / 800000
generated: 28922 / 800000
generated: 28973 / 800000
generated: 29032 / 800000
generated: 29088 / 800000
generated: 29144 / 800000
generated: 29194 / 800000
generated: 29248 / 800000
generated: 29301 / 800000
generated: 29346 / 800000
generated: 29408 / 800000
generated: 29464 / 800000
generated: 29532 / 800000
generated: 29589 / 800000
generated: 29650 / 800000
generated: 29703 / 800000
generated: 29765 / 800000
generated: 29823 / 800000
generated: 29876 / 800000
generated: 29936 / 800000
generated: 30003 / 800000
generated: 30058 / 800000
generated: 30109 / 800000
generated: 30165 / 800000
generated: 30215 / 800000
generated: 30276 / 800000
generated: 30327 / 800000
generated: 30375 / 800000
generated: 30416 / 800000
generated: 30475 / 800000
generated: 30523 / 800000
generated: 30584 / 800000
generated: 30631 / 800000
generated: 30675 / 800000
generated: 30723 / 800000
generated: 30789 / 800000
generated: 30853 / 800000
generated: 30905 / 800000
generated: 30964 / 800000
generated: 31012 / 800000
generated: 31060 / 800000
generated: 31132 / 800000
generated: 31188 / 800000
generated: 31247 / 800000
generated: 31301 / 800000
generated: 31347 / 800000
generated: 31404 / 800000
generated: 31461 / 800000
generated: 31515 / 800000
generated: 31575 / 800000
generated: 31624 / 800000
generated: 31684 / 800000
generated: 31740 / 800000
generated: 31799 / 800000
generated: 31854 / 800000
generated: 31910 / 800000
generated: 31967 / 800000
generated: 32017 / 800000
generated: 32085 / 800000
generated: 32146 / 800000
generated: 32196 / 800000
generated: 32256 / 800000
generated: 32310 / 800000
generated: 32370 / 800000
generated: 32431 / 800000
generated: 32487 / 800000
generated: 32543 / 800000
generated: 32612 / 800000
generated: 32668 / 800000
generated: 32730 / 800000
generated: 32787 / 800000
generated: 32830 / 800000
generated: 32881 / 800000
generated: 32939 / 800000
generated: 32998 / 800000
generated: 33056 / 800000
generated: 33112 / 800000
generated: 33176 / 800000
generated: 33234 / 800000
generated: 33286 / 800000
generated: 33337 / 800000
generated: 33378 / 800000
generated: 33440 / 800000
generated: 33503 / 800000
generated: 33559 / 800000
generated: 33615 / 800000
generated: 33673 / 800000
generated: 33735 / 800000
generated: 33790 / 800000
generated: 33847 / 800000
generated: 33895 / 800000
generated: 33945 / 800000
generated: 34005 / 800000
generated: 34066 / 800000
generated: 34128 / 800000
generated: 34187 / 800000
generated: 34246 / 800000
generated: 34306 / 800000
generated: 34366 / 800000
generated: 34410 / 800000
generated: 34460 / 800000
generated: 34508 / 800000
generated: 34567 / 800000
generated: 34632 / 800000
generated: 34685 / 800000
generated: 34738 / 800000
generated: 34791 / 800000
generated: 34854 / 800000
generated: 34921 / 800000
generated: 34979 / 800000
generated: 35033 / 800000
generated: 35093 / 800000
generated: 35158 / 800000
generated: 35211 / 800000
generated: 35269 / 800000
generated: 35322 / 800000
generated: 35391 / 800000
generated: 35450 / 800000
generated: 35502 / 800000
generated: 35551 / 800000
generated: 35610 / 800000
generated: 35677 / 800000
generated: 35726 / 800000
generated: 35789 / 800000
generated: 35847 / 800000
generated: 35903 / 800000
generated: 35957 / 800000
generated: 36019 / 800000
generated: 36076 / 800000
generated: 36144 / 800000
generated: 36209 / 800000
generated: 36253 / 800000
generated: 36317 / 800000
generated: 36371 / 800000
generated: 36427 / 800000
generated: 36485 / 800000
generated: 36535 / 800000
generated: 36585 / 800000
generated: 36640 / 800000
generated: 36694 / 800000
generated: 36750 / 800000
generated: 36799 / 800000
generated: 36854 / 800000
generated: 36908 / 800000
generated: 36959 / 800000
generated: 37008 / 800000
generated: 37062 / 800000
generated: 37110 / 800000
generated: 37170 / 800000
generated: 37224 / 800000
generated: 37276 / 800000
generated: 37340 / 800000
generated: 37395 / 800000
generated: 37446 / 800000
generated: 37505 / 800000
generated: 37557 / 800000
generated: 37605 / 800000
generated: 37656 / 800000
generated: 37718 / 800000
generated: 37765 / 800000
generated: 37834 / 800000
generated: 37895 / 800000
generated: 37943 / 800000
generated: 38008 / 800000
generated: 38067 / 800000
generated: 38127 / 800000
generated: 38186 / 800000
generated: 38236 / 800000
generated: 38308 / 800000
generated: 38368 / 800000
generated: 38413 / 800000
generated: 38463 / 800000
generated: 38519 / 800000
generated: 38571 / 800000
generated: 38633 / 800000
generated: 38693 / 800000
generated: 38744 / 800000
generated: 38798 / 800000
generated: 38851 / 800000
generated: 38897 / 800000
generated: 38949 / 800000
generated: 39004 / 800000
generated: 39061 / 800000
generated: 39113 / 800000
generated: 39172 / 800000
generated: 39228 / 800000
generated: 39283 / 800000
generated: 39348 / 800000
generated: 39401 / 800000
generated: 39460 / 800000
generated: 39519 / 800000
generated: 39566 / 800000
generated: 39633 / 800000
generated: 39690 / 800000
generated: 39764 / 800000
generated: 39827 / 800000
generated: 39883 / 800000
generated: 39937 / 800000
generated: 39992 / 800000
generated: 40053 / 800000
generated: 40110 / 800000
generated: 40177 / 800000
generated: 40235 / 800000
generated: 40283 / 800000
generated: 40336 / 800000
generated: 40394 / 800000
generated: 40449 / 800000
generated: 40509 / 800000
generated: 40562 / 800000
generated: 40610 / 800000
generated: 40675 / 800000
generated: 40732 / 800000
generated: 40795 / 800000
generated: 40840 / 800000
generated: 40902 / 800000
generated: 40952 / 800000
generated: 41007 / 800000
generated: 41050 / 800000
generated: 41099 / 800000
generated: 41156 / 800000
generated: 41216 / 800000
generated: 41269 / 800000
generated: 41323 / 800000
generated: 41376 / 800000
generated: 41426 / 800000
generated: 41484 / 800000
generated: 41536 / 800000
generated: 41586 / 800000
generated: 41636 / 800000
generated: 41686 / 800000
generated: 41745 / 800000
generated: 41801 / 800000
generated: 41855 / 800000
generated: 41910 / 800000
generated: 41980 / 800000
generated: 42022 / 800000
generated: 42079 / 800000
generated: 42127 / 800000
generated: 42186 / 800000
generated: 42232 / 800000
generated: 42292 / 800000
generated: 42353 / 800000
generated: 42411 / 800000
generated: 42458 / 800000
generated: 42506 / 800000
generated: 42562 / 800000
generated: 42623 / 800000
generated: 42672 / 800000
generated: 42733 / 800000
generated: 42783 / 800000
generated: 42839 / 800000
generated: 42900 / 800000
generated: 42935 / 800000
generated: 42991 / 800000
generated: 43056 / 800000
generated: 43108 / 800000
generated: 43161 / 800000
generated: 43212 / 800000
generated: 43277 / 800000
generated: 43334 / 800000
generated: 43385 / 800000
generated: 43430 / 800000
generated: 43508 / 800000
generated: 43563 / 800000
generated: 43606 / 800000
generated: 43663 / 800000
generated: 43715 / 800000
generated: 43769 / 800000
generated: 43837 / 800000
generated: 43909 / 800000
generated: 43963 / 800000
generated: 44018 / 800000
generated: 44083 / 800000
generated: 44129 / 800000
generated: 44209 / 800000
generated: 44274 / 800000
generated: 44335 / 800000
generated: 44396 / 800000
generated: 44462 / 800000
generated: 44523 / 800000
generated: 44584 / 800000
generated: 44649 / 800000
generated: 44701 / 800000
generated: 44744 / 800000
generated: 44787 / 800000
generated: 44854 / 800000
generated: 44918 / 800000
generated: 44976 / 800000
generated: 45032 / 800000
generated: 45079 / 800000
generated: 45136 / 800000
generated: 45183 / 800000
generated: 45234 / 800000
generated: 45298 / 800000
generated: 45354 / 800000
generated: 45407 / 800000
generated: 45442 / 800000
generated: 45492 / 800000
generated: 45564 / 800000
generated: 45618 / 800000
generated: 45680 / 800000
generated: 45738 / 800000
generated: 45800 / 800000
generated: 45867 / 800000
generated: 45931 / 800000
generated: 45982 / 800000
generated: 46026 / 800000
generated: 46089 / 800000
generated: 46141 / 800000
generated: 46200 / 800000
generated: 46268 / 800000
generated: 46330 / 800000
generated: 46386 / 800000
generated: 46441 / 800000
generated: 46493 / 800000
generated: 46545 / 800000
generated: 46614 / 800000
generated: 46668 / 800000
generated: 46719 / 800000
generated: 46785 / 800000
generated: 46827 / 800000
generated: 46891 / 800000
generated: 46952 / 800000
generated: 47010 / 800000
generated: 47056 / 800000
generated: 47107 / 800000
generated: 47162 / 800000
generated: 47216 / 800000
generated: 47279 / 800000
generated: 47334 / 800000
generated: 47386 / 800000
generated: 47442 / 800000
generated: 47499 / 800000
generated: 47552 / 800000
generated: 47608 / 800000
generated: 47667 / 800000
generated: 47728 / 800000
generated: 47790 / 800000
generated: 47858 / 800000
generated: 47902 / 800000
generated: 47950 / 800000
generated: 47992 / 800000
generated: 48036 / 800000
generated: 48092 / 800000
generated: 48151 / 800000
generated: 48207 / 800000
generated: 48274 / 800000
generated: 48332 / 800000
generated: 48395 / 800000
generated: 48454 / 800000
generated: 48509 / 800000
generated: 48567 / 800000
generated: 48615 / 800000
generated: 48684 / 800000
generated: 48737 / 800000
generated: 48786 / 800000
generated: 48837 / 800000
generated: 48893 / 800000
generated: 48954 / 800000
generated: 49011 / 800000
generated: 49076 / 800000
generated: 49127 / 800000
generated: 49183 / 800000
generated: 49238 / 800000
generated: 49280 / 800000
generated: 49343 / 800000
generated: 49396 / 800000
generated: 49450 / 800000
generated: 49507 / 800000
generated: 49563 / 800000
generated: 49607 / 800000
generated: 49655 / 800000
generated: 49698 / 800000
generated: 49749 / 800000
generated: 49798 / 800000
generated: 49857 / 800000
generated: 49925 / 800000
generated: 49976 / 800000
generated: 50033 / 800000
generated: 50084 / 800000
generated: 50135 / 800000
generated: 50182 / 800000
generated: 50241 / 800000
generated: 50292 / 800000
generated: 50345 / 800000
generated: 50394 / 800000
generated: 50444 / 800000
generated: 50490 / 800000
generated: 50550 / 800000
generated: 50608 / 800000
generated: 50664 / 800000
generated: 50719 / 800000
generated: 50773 / 800000
generated: 50827 / 800000
generated: 50874 / 800000
generated: 50934 / 800000
generated: 50974 / 800000
generated: 51033 / 800000
generated: 51096 / 800000
generated: 51156 / 800000
generated: 51206 / 800000
generated: 51261 / 800000
generated: 51327 / 800000
generated: 51375 / 800000
generated: 51423 / 800000
generated: 51475 / 800000
generated: 51527 / 800000
generated: 51579 / 800000
generated: 51636 / 800000
generated: 51681 / 800000
generated: 51738 / 800000
generated: 51791 / 800000
generated: 51845 / 800000
generated: 51906 / 800000
generated: 51947 / 800000
generated: 52015 / 800000
generated: 52069 / 800000
generated: 52125 / 800000
generated: 52174 / 800000
generated: 52225 / 800000
generated: 52295 / 800000
generated: 52358 / 800000
generated: 52410 / 800000
generated: 52475 / 800000
generated: 52526 / 800000
generated: 52583 / 800000
generated: 52630 / 800000
generated: 52685 / 800000
generated: 52751 / 800000
generated: 52808 / 800000
generated: 52860 / 800000
generated: 52912 / 800000
generated: 52970 / 800000
generated: 53023 / 800000
generated: 53079 / 800000
generated: 53127 / 800000
generated: 53184 / 800000
generated: 53242 / 800000
generated: 53297 / 800000
generated: 53351 / 800000
generated: 53401 / 800000
generated: 53465 / 800000
generated: 53529 / 800000
generated: 53591 / 800000
generated: 53638 / 800000
generated: 53697 / 800000
generated: 53745 / 800000
generated: 53800 / 800000
generated: 53851 / 800000
generated: 53907 / 800000
generated: 53949 / 800000
generated: 54010 / 800000
generated: 54062 / 800000
generated: 54124 / 800000
generated: 54180 / 800000
generated: 54239 / 800000
generated: 54297 / 800000
generated: 54371 / 800000
generated: 54427 / 800000
generated: 54488 / 800000
generated: 54549 / 800000
generated: 54594 / 800000
generated: 54655 / 800000
generated: 54704 / 800000
generated: 54771 / 800000
generated: 54815 / 800000
generated: 54867 / 800000
generated: 54926 / 800000
generated: 54975 / 800000
generated: 55037 / 800000
generated: 55103 / 800000
generated: 55158 / 800000
generated: 55218 / 800000
generated: 55266 / 800000
generated: 55318 / 800000
generated: 55365 / 800000
generated: 55434 / 800000
generated: 55486 / 800000
generated: 55547 / 800000
generated: 55601 / 800000
generated: 55666 / 800000
generated: 55727 / 800000
generated: 55779 / 800000
generated: 55839 / 800000
generated: 55875 / 800000
generated: 55920 / 800000
generated: 55977 / 800000
generated: 56042 / 800000
generated: 56092 / 800000
generated: 56150 / 800000
generated: 56200 / 800000
generated: 56250 / 800000
generated: 56309 / 800000
generated: 56361 / 800000
generated: 56401 / 800000
generated: 56464 / 800000
generated: 56519 / 800000
generated: 56580 / 800000
generated: 56633 / 800000
generated: 56678 / 800000
generated: 56743 / 800000
generated: 56802 / 800000
generated: 56854 / 800000
generated: 56900 / 800000
generated: 56949 / 800000
generated: 56996 / 800000
generated: 57053 / 800000
generated: 57105 / 800000
generated: 57157 / 800000
generated: 57211 / 800000
generated: 57261 / 800000
generated: 57320 / 800000
generated: 57381 / 800000
generated: 57433 / 800000
generated: 57486 / 800000
generated: 57552 / 800000
generated: 57604 / 800000
generated: 57655 / 800000
generated: 57713 / 800000
generated: 57760 / 800000
generated: 57817 / 800000
generated: 57876 / 800000
generated: 57928 / 800000
generated: 57989 / 800000
generated: 58044 / 800000
generated: 58108 / 800000
generated: 58171 / 800000
generated: 58228 / 800000
generated: 58295 / 800000
generated: 58346 / 800000
generated: 58403 / 800000
generated: 58460 / 800000
generated: 58516 / 800000
generated: 58556 / 800000
generated: 58609 / 800000
generated: 58660 / 800000
generated: 58720 / 800000
generated: 58770 / 800000
generated: 58834 / 800000
generated: 58890 / 800000
generated: 58940 / 800000
generated: 59002 / 800000
generated: 59057 / 800000
generated: 59104 / 800000
generated: 59160 / 800000
generated: 59213 / 800000
generated: 59257 / 800000
generated: 59317 / 800000
generated: 59367 / 800000
generated: 59425 / 800000
generated: 59481 / 800000
generated: 59532 / 800000
generated: 59589 / 800000
generated: 59644 / 800000
generated: 59694 / 800000
generated: 59758 / 800000
generated: 59815 / 800000
generated: 59860 / 800000
generated: 59914 / 800000
generated: 59974 / 800000
generated: 60030 / 800000
generated: 60091 / 800000
generated: 60155 / 800000
generated: 60210 / 800000
generated: 60266 / 800000
generated: 60333 / 800000
generated: 60384 / 800000
generated: 60441 / 800000
generated: 60500 / 800000
generated: 60548 / 800000
generated: 60601 / 800000
generated: 60647 / 800000
generated: 60708 / 800000
generated: 60766 / 800000
generated: 60825 / 800000
generated: 60871 / 800000
generated: 60920 / 800000
generated: 60976 / 800000
generated: 61036 / 800000
generated: 61072 / 800000
generated: 61129 / 800000
generated: 61198 / 800000
generated: 61257 / 800000
generated: 61306 / 800000
generated: 61369 / 800000
generated: 61411 / 800000
generated: 61476 / 800000
generated: 61514 / 800000
generated: 61576 / 800000
generated: 61616 / 800000
generated: 61668 / 800000
generated: 61721 / 800000
generated: 61789 / 800000
generated: 61829 / 800000
generated: 61884 / 800000
generated: 61951 / 800000
generated: 62010 / 800000
generated: 62061 / 800000
generated: 62111 / 800000
generated: 62170 / 800000
generated: 62227 / 800000
generated: 62284 / 800000
generated: 62351 / 800000
generated: 62403 / 800000
generated: 62454 / 800000
generated: 62506 / 800000
generated: 62547 / 800000
generated: 62612 / 800000
generated: 62658 / 800000
generated: 62707 / 800000
generated: 62766 / 800000
generated: 62817 / 800000
generated: 62869 / 800000
generated: 62928 / 800000
generated: 62988 / 800000
generated: 63049 / 800000
generated: 63105 / 800000
generated: 63157 / 800000
generated: 63211 / 800000
generated: 63277 / 800000
generated: 63330 / 800000
generated: 63380 / 800000
generated: 63440 / 800000
generated: 63496 / 800000
generated: 63555 / 800000
generated: 63616 / 800000
generated: 63685 / 800000
generated: 63749 / 800000
generated: 63820 / 800000
generated: 63850 / 800000
generated: 63908 / 800000
generated: 63950 / 800000
generated: 64005 / 800000
generated: 64058 / 800000
generated: 64116 / 800000
generated: 64173 / 800000
generated: 64224 / 800000
generated: 64282 / 800000
generated: 64323 / 800000
generated: 64387 / 800000
generated: 64454 / 800000
generated: 64508 / 800000
generated: 64557 / 800000
generated: 64630 / 800000
generated: 64684 / 800000
generated: 64739 / 800000
generated: 64780 / 800000
generated: 64833 / 800000
generated: 64896 / 800000
generated: 64953 / 800000
generated: 65010 / 800000
generated: 65069 / 800000
generated: 65124 / 800000
generated: 65182 / 800000
generated: 65242 / 800000
generated: 65290 / 800000
generated: 65346 / 800000
generated: 65388 / 800000
generated: 65447 / 800000
generated: 65494 / 800000
generated: 65544 / 800000
generated: 65590 / 800000
generated: 65649 / 800000
generated: 65697 / 800000
generated: 65752 / 800000
generated: 65809 / 800000
generated: 65859 / 800000
generated: 65924 / 800000
generated: 65975 / 800000
generated: 66029 / 800000
generated: 66076 / 800000
generated: 66125 / 800000
generated: 66178 / 800000
generated: 66248 / 800000
generated: 66299 / 800000
generated: 66349 / 800000
generated: 66414 / 800000
generated: 66475 / 800000
generated: 66531 / 800000
generated: 66580 / 800000
generated: 66624 / 800000
generated: 66663 / 800000
generated: 66718 / 800000
generated: 66780 / 800000
generated: 66833 / 800000
generated: 66882 / 800000
generated: 66942 / 800000
generated: 67004 / 800000
generated: 67069 / 800000
generated: 67127 / 800000
generated: 67191 / 800000
generated: 67245 / 800000
generated: 67298 / 800000
generated: 67356 / 800000
generated: 67413 / 800000
generated: 67461 / 800000
generated: 67532 / 800000
generated: 67572 / 800000
generated: 67621 / 800000
generated: 67681 / 800000
generated: 67737 / 800000
generated: 67792 / 800000
generated: 67856 / 800000
generated: 67902 / 800000
generated: 67946 / 800000
generated: 67996 / 800000
generated: 68052 / 800000
generated: 68116 / 800000
generated: 68168 / 800000
generated: 68215 / 800000
generated: 68278 / 800000
generated: 68335 / 800000
generated: 68386 / 800000
generated: 68449 / 800000
generated: 68498 / 800000
generated: 68554 / 800000
generated: 68605 / 800000
generated: 68657 / 800000
generated: 68712 / 800000
generated: 68764 / 800000
generated: 68817 / 800000
generated: 68883 / 800000
generated: 68940 / 800000
generated: 68992 / 800000
generated: 69038 / 800000
generated: 69095 / 800000
generated: 69138 / 800000
generated: 69185 / 800000
generated: 69242 / 800000
generated: 69300 / 800000
generated: 69365 / 800000
generated: 69416 / 800000
generated: 69481 / 800000
generated: 69539 / 800000
generated: 69595 / 800000
generated: 69640 / 800000
generated: 69713 / 800000
generated: 69765 / 800000
generated: 69823 / 800000
generated: 69871 / 800000
generated: 69928 / 800000
generated: 69991 / 800000
generated: 70042 / 800000
generated: 70100 / 800000
generated: 70162 / 800000
generated: 70223 / 800000
generated: 70268 / 800000
generated: 70321 / 800000
generated: 70383 / 800000
generated: 70438 / 800000
generated: 70498 / 800000
generated: 70543 / 800000
generated: 70592 / 800000
generated: 70663 / 800000
generated: 70710 / 800000
generated: 70759 / 800000
generated: 70811 / 800000
generated: 70860 / 800000
generated: 70910 / 800000
generated: 70960 / 800000
generated: 71017 / 800000
generated: 71071 / 800000
generated: 71123 / 800000
generated: 71176 / 800000
generated: 71247 / 800000
generated: 71304 / 800000
generated: 71356 / 800000
generated: 71404 / 800000
generated: 71461 / 800000
generated: 71514 / 800000
generated: 71577 / 800000
generated: 71635 / 800000
generated: 71700 / 800000
generated: 71748 / 800000
generated: 71820 / 800000
generated: 71869 / 800000
generated: 71927 / 800000
generated: 71981 / 800000
generated: 72039 / 800000
generated: 72094 / 800000
generated: 72151 / 800000
generated: 72203 / 800000
generated: 72260 / 800000
generated: 72322 / 800000
generated: 72386 / 800000
generated: 72435 / 800000
generated: 72479 / 800000
generated: 72537 / 800000
generated: 72588 / 800000
generated: 72638 / 800000
generated: 72695 / 800000
generated: 72753 / 800000
generated: 72820 / 800000
generated: 72877 / 800000
generated: 72935 / 800000
generated: 72981 / 800000
generated: 73029 / 800000
generated: 73076 / 800000
generated: 73139 / 800000
generated: 73195 / 800000
generated: 73245 / 800000
generated: 73302 / 800000
generated: 73356 / 800000
generated: 73407 / 800000
generated: 73475 / 800000
generated: 73532 / 800000
generated: 73594 / 800000
generated: 73657 / 800000
generated: 73712 / 800000
generated: 73768 / 800000
generated: 73835 / 800000
generated: 73876 / 800000
generated: 73924 / 800000
generated: 73976 / 800000
generated: 74031 / 800000
generated: 74088 / 800000
generated: 74144 / 800000
generated: 74197 / 800000
generated: 74258 / 800000
generated: 74320 / 800000
generated: 74378 / 800000
generated: 74435 / 800000
generated: 74492 / 800000
generated: 74539 / 800000
generated: 74590 / 800000
generated: 74645 / 800000
generated: 74694 / 800000
generated: 74744 / 800000
generated: 74805 / 800000
generated: 74860 / 800000
generated: 74914 / 800000
generated: 74966 / 800000
generated: 75024 / 800000
generated: 75089 / 800000
generated: 75146 / 800000
generated: 75191 / 800000
generated: 75262 / 800000
generated: 75320 / 800000
generated: 75369 / 800000
generated: 75436 / 800000
generated: 75495 / 800000
generated: 75551 / 800000
generated: 75602 / 800000
generated: 75669 / 800000
generated: 75732 / 800000
generated: 75779 / 800000
generated: 75836 / 800000
generated: 75895 / 800000
generated: 75962 / 800000
generated: 76004 / 800000
generated: 76062 / 800000
generated: 76121 / 800000
generated: 76183 / 800000
generated: 76241 / 800000
generated: 76308 / 800000
generated: 76367 / 800000
generated: 76426 / 800000
generated: 76474 / 800000
generated: 76538 / 800000
generated: 76585 / 800000
generated: 76651 / 800000
generated: 76711 / 800000
generated: 76778 / 800000
generated: 76838 / 800000
generated: 76878 / 800000
generated: 76939 / 800000
generated: 76987 / 800000
generated: 77043 / 800000
generated: 77080 / 800000
generated: 77132 / 800000
generated: 77199 / 800000
generated: 77245 / 800000
generated: 77293 / 800000
generated: 77347 / 800000
generated: 77393 / 800000
generated: 77461 / 800000
generated: 77514 / 800000
generated: 77571 / 800000
generated: 77613 / 800000
generated: 77668 / 800000
generated: 77721 / 800000
generated: 77773 / 800000
generated: 77821 / 800000
generated: 77878 / 800000
generated: 77930 / 800000
generated: 77996 / 800000
generated: 78051 / 800000
generated: 78100 / 800000
generated: 78157 / 800000
generated: 78219 / 800000
generated: 78273 / 800000
generated: 78324 / 800000
generated: 78378 / 800000
generated: 78429 / 800000
generated: 78479 / 800000
generated: 78524 / 800000
generated: 78575 / 800000
generated: 78624 / 800000
generated: 78674 / 800000
generated: 78722 / 800000
generated: 78770 / 800000
generated: 78817 / 800000
generated: 78870 / 800000
generated: 78922 / 800000
generated: 78980 / 800000
generated: 79041 / 800000
generated: 79090 / 800000
generated: 79130 / 800000
generated: 79186 / 800000
generated: 79230 / 800000
generated: 79288 / 800000
generated: 79351 / 800000
generated: 79417 / 800000
generated: 79462 / 800000
generated: 79524 / 800000
generated: 79572 / 800000
generated: 79630 / 800000
generated: 79684 / 800000
generated: 79740 / 800000
generated: 79793 / 800000
generated: 79840 / 800000
generated: 79891 / 800000
generated: 79947 / 800000
generated: 80001 / 800000
generated: 80081 / 800000
generated: 80131 / 800000
generated: 80189 / 800000
generated: 80250 / 800000
generated: 80306 / 800000
generated: 80362 / 800000
generated: 80429 / 800000
generated: 80483 / 800000
generated: 80535 / 800000
generated: 80599 / 800000
generated: 80654 / 800000
generated: 80704 / 800000
generated: 80769 / 800000
generated: 80824 / 800000
generated: 80886 / 800000
generated: 80953 / 800000
generated: 81011 / 800000
generated: 81069 / 800000
generated: 81131 / 800000
generated: 81192 / 800000
generated: 81254 / 800000
generated: 81311 / 800000
generated: 81366 / 800000
generated: 81419 / 800000
generated: 81480 / 800000
generated: 81536 / 800000
generated: 81589 / 800000
generated: 81647 / 800000
generated: 81712 / 800000
generated: 81776 / 800000
generated: 81821 / 800000
generated: 81881 / 800000
generated: 81928 / 800000
generated: 81967 / 800000
generated: 82022 / 800000
generated: 82083 / 800000
generated: 82125 / 800000
generated: 82188 / 800000
generated: 82240 / 800000
generated: 82294 / 800000
generated: 82349 / 800000
generated: 82410 / 800000
generated: 82459 / 800000
generated: 82513 / 800000
generated: 82567 / 800000
generated: 82621 / 800000
generated: 82668 / 800000
generated: 82721 / 800000
generated: 82763 / 800000
generated: 82812 / 800000
generated: 82861 / 800000
generated: 82920 / 800000
generated: 82977 / 800000
generated: 83034 / 800000
generated: 83086 / 800000
generated: 83140 / 800000
generated: 83190 / 800000
generated: 83238 / 800000
generated: 83286 / 800000
generated: 83340 / 800000
generated: 83395 / 800000
generated: 83453 / 800000
generated: 83504 / 800000
generated: 83566 / 800000
generated: 83625 / 800000
generated: 83686 / 800000
generated: 83742 / 800000
generated: 83805 / 800000
generated: 83860 / 800000
generated: 83922 / 800000
generated: 83989 / 800000
generated: 84058 / 800000
generated: 84120 / 800000
generated: 84180 / 800000
generated: 84231 / 800000
generated: 84290 / 800000
generated: 84343 / 800000
generated: 84385 / 800000
generated: 84444 / 800000
generated: 84490 / 800000
generated: 84561 / 800000
generated: 84629 / 800000
generated: 84692 / 800000
generated: 84748 / 800000
generated: 84810 / 800000
generated: 84877 / 800000
generated: 84931 / 800000
generated: 84997 / 800000
generated: 85055 / 800000
generated: 85115 / 800000
generated: 85182 / 800000
generated: 85240 / 800000
generated: 85300 / 800000
generated: 85349 / 800000
generated: 85402 / 800000
generated: 85455 / 800000
generated: 85494 / 800000
generated: 85562 / 800000
generated: 85619 / 800000
generated: 85667 / 800000
generated: 85715 / 800000
generated: 85762 / 800000
generated: 85820 / 800000
generated: 85866 / 800000
generated: 85921 / 800000
generated: 85991 / 800000
generated: 86041 / 800000
generated: 86096 / 800000
generated: 86151 / 800000
generated: 86212 / 800000
generated: 86283 / 800000
generated: 86341 / 800000
generated: 86402 / 800000
generated: 86455 / 800000
generated: 86497 / 800000
generated: 86551 / 800000
generated: 86603 / 800000
generated: 86653 / 800000
generated: 86715 / 800000
generated: 86777 / 800000
generated: 86824 / 800000
generated: 86876 / 800000
generated: 86914 / 800000
generated: 86960 / 800000
generated: 87016 / 800000
generated: 87070 / 800000
generated: 87133 / 800000
generated: 87204 / 800000
generated: 87260 / 800000
generated: 87306 / 800000
generated: 87358 / 800000
generated: 87398 / 800000
generated: 87458 / 800000
generated: 87525 / 800000
generated: 87573 / 800000
generated: 87646 / 800000
generated: 87698 / 800000
generated: 87762 / 800000
generated: 87809 / 800000
generated: 87856 / 800000
generated: 87912 / 800000
generated: 87965 / 800000
generated: 88017 / 800000
generated: 88072 / 800000
generated: 88111 / 800000
generated: 88169 / 800000
generated: 88229 / 800000
generated: 88289 / 800000
generated: 88350 / 800000
generated: 88403 / 800000
generated: 88468 / 800000
generated: 88529 / 800000
generated: 88577 / 800000
generated: 88633 / 800000
generated: 88676 / 800000
generated: 88737 / 800000
generated: 88817 / 800000
generated: 88872 / 800000
generated: 88929 / 800000
generated: 88975 / 800000
generated: 89027 / 800000
generated: 89083 / 800000
generated: 89143 / 800000
generated: 89200 / 800000
generated: 89254 / 800000
generated: 89322 / 800000
generated: 89381 / 800000
generated: 89454 / 800000
generated: 89505 / 800000
generated: 89554 / 800000
generated: 89601 / 800000
generated: 89654 / 800000
generated: 89709 / 800000
generated: 89771 / 800000
generated: 89834 / 800000
generated: 89892 / 800000
generated: 89951 / 800000
generated: 90000 / 800000
generated: 90066 / 800000
generated: 90132 / 800000
generated: 90186 / 800000
generated: 90247 / 800000
generated: 90300 / 800000
generated: 90353 / 800000
generated: 90405 / 800000
generated: 90461 / 800000
generated: 90517 / 800000
generated: 90571 / 800000
generated: 90619 / 800000
generated: 90668 / 800000
generated: 90731 / 800000
generated: 90778 / 800000
generated: 90838 / 800000
generated: 90899 / 800000
generated: 90961 / 800000
generated: 91013 / 800000
generated: 91068 / 800000
generated: 91131 / 800000
generated: 91193 / 800000
generated: 91261 / 800000
generated: 91328 / 800000
generated: 91386 / 800000
generated: 91430 / 800000
generated: 91489 / 800000
generated: 91544 / 800000
generated: 91589 / 800000
generated: 91639 / 800000
generated: 91693 / 800000
generated: 91742 / 800000
generated: 91804 / 800000
generated: 91869 / 800000
generated: 91924 / 800000
generated: 91976 / 800000
generated: 92029 / 800000
generated: 92096 / 800000
generated: 92152 / 800000
generated: 92199 / 800000
generated: 92265 / 800000
generated: 92329 / 800000
generated: 92380 / 800000
generated: 92437 / 800000
generated: 92486 / 800000
generated: 92539 / 800000
generated: 92598 / 800000
generated: 92651 / 800000
generated: 92721 / 800000
generated: 92786 / 800000
generated: 92848 / 800000
generated: 92922 / 800000
generated: 92980 / 800000
generated: 93028 / 800000
generated: 93075 / 800000
generated: 93119 / 800000
generated: 93171 / 800000
generated: 93220 / 800000
generated: 93276 / 800000
generated: 93332 / 800000
generated: 93396 / 800000
generated: 93457 / 800000
generated: 93516 / 800000
generated: 93573 / 800000
generated: 93636 / 800000
generated: 93687 / 800000
generated: 93743 / 800000
generated: 93801 / 800000
generated: 93860 / 800000
generated: 93915 / 800000
generated: 93979 / 800000
generated: 94032 / 800000
generated: 94075 / 800000
generated: 94141 / 800000
generated: 94183 / 800000
generated: 94254 / 800000
generated: 94305 / 800000
generated: 94353 / 800000
generated: 94404 / 800000
generated: 94461 / 800000
generated: 94533 / 800000
generated: 94591 / 800000
generated: 94643 / 800000
generated: 94699 / 800000
generated: 94763 / 800000
generated: 94831 / 800000
generated: 94892 / 800000
generated: 94952 / 800000
generated: 95009 / 800000
generated: 95069 / 800000
generated: 95126 / 800000
generated: 95184 / 800000
generated: 95253 / 800000
generated: 95321 / 800000
generated: 95376 / 800000
generated: 95437 / 800000
generated: 95500 / 800000
generated: 95551 / 800000
generated: 95615 / 800000
generated: 95669 / 800000
generated: 95717 / 800000
generated: 95762 / 800000
generated: 95821 / 800000
generated: 95888 / 800000
generated: 95949 / 800000
generated: 96007 / 800000
generated: 96062 / 800000
generated: 96109 / 800000
generated: 96166 / 800000
generated: 96215 / 800000
generated: 96274 / 800000
generated: 96332 / 800000
generated: 96386 / 800000
generated: 96438 / 800000
generated: 96498 / 800000
generated: 96566 / 800000
generated: 96623 / 800000
generated: 96675 / 800000
generated: 96732 / 800000
generated: 96783 / 800000
generated: 96842 / 800000
generated: 96882 / 800000
generated: 96946 / 800000
generated: 97005 / 800000
generated: 97061 / 800000
generated: 97107 / 800000
generated: 97176 / 800000
generated: 97221 / 800000
generated: 97285 / 800000
generated: 97344 / 800000
generated: 97402 / 800000
generated: 97456 / 800000
generated: 97517 / 800000
generated: 97575 / 800000
generated: 97633 / 800000
generated: 97689 / 800000
generated: 97736 / 800000
generated: 97794 / 800000
generated: 97855 / 800000
generated: 97899 / 800000
generated: 97958 / 800000
generated: 98009 / 800000
generated: 98063 / 800000
generated: 98123 / 800000
generated: 98164 / 800000
generated: 98226 / 800000
generated: 98270 / 800000
generated: 98343 / 800000
generated: 98408 / 800000
generated: 98455 / 800000
generated: 98501 / 800000
generated: 98549 / 800000
generated: 98605 / 800000
generated: 98654 / 800000
generated: 98719 / 800000
generated: 98764 / 800000
generated: 98820 / 800000
generated: 98885 / 800000
generated: 98947 / 800000
generated: 99013 / 800000
generated: 99072 / 800000
generated: 99128 / 800000
generated: 99171 / 800000
generated: 99221 / 800000
generated: 99274 / 800000
generated: 99325 / 800000
generated: 99378 / 800000
generated: 99434 / 800000
generated: 99498 / 800000
generated: 99563 / 800000
generated: 99612 / 800000
generated: 99670 / 800000
generated: 99733 / 800000
generated: 99783 / 800000
generated: 99849 / 800000
generated: 99896 / 800000
generated: 99959 / 800000
generated: 100008 / 800000
generated: 100057 / 800000
generated: 100102 / 800000
generated: 100160 / 800000
generated: 100219 / 800000
generated: 100273 / 800000
generated: 100331 / 800000
generated: 100384 / 800000
generated: 100442 / 800000
generated: 100489 / 800000
generated: 100555 / 800000
generated: 100611 / 800000
generated: 100664 / 800000
generated: 100719 / 800000
generated: 100781 / 800000
generated: 100844 / 800000
generated: 100901 / 800000
generated: 100959 / 800000
generated: 101001 / 800000
generated: 101055 / 800000
generated: 101091 / 800000
generated: 101149 / 800000
generated: 101208 / 800000
generated: 101269 / 800000
generated: 101313 / 800000
generated: 101366 / 800000
generated: 101426 / 800000
generated: 101472 / 800000
generated: 101525 / 800000
generated: 101579 / 800000
generated: 101624 / 800000
generated: 101666 / 800000
generated: 101722 / 800000
generated: 101787 / 800000
generated: 101840 / 800000
generated: 101907 / 800000
generated: 101969 / 800000
generated: 102030 / 800000
generated: 102073 / 800000
generated: 102132 / 800000
generated: 102195 / 800000
generated: 102260 / 800000
generated: 102318 / 800000
generated: 102384 / 800000
generated: 102455 / 800000
generated: 102520 / 800000
generated: 102567 / 800000
generated: 102621 / 800000
generated: 102674 / 800000
generated: 102714 / 800000
generated: 102776 / 800000
generated: 102824 / 800000
generated: 102876 / 800000
generated: 102926 / 800000
generated: 102976 / 800000
generated: 103025 / 800000
generated: 103090 / 800000
generated: 103137 / 800000
generated: 103194 / 800000
generated: 103249 / 800000
generated: 103285 / 800000
generated: 103344 / 800000
generated: 103391 / 800000
generated: 103439 / 800000
generated: 103487 / 800000
generated: 103529 / 800000
generated: 103578 / 800000
generated: 103631 / 800000
generated: 103682 / 800000
generated: 103717 / 800000
generated: 103761 / 800000
generated: 103818 / 800000
generated: 103871 / 800000
generated: 103928 / 800000
generated: 103983 / 800000
generated: 104050 / 800000
generated: 104114 / 800000
generated: 104159 / 800000
generated: 104217 / 800000
generated: 104270 / 800000
generated: 104326 / 800000
generated: 104390 / 800000
generated: 104439 / 800000
generated: 104494 / 800000
generated: 104550 / 800000
generated: 104595 / 800000
generated: 104652 / 800000
generated: 104708 / 800000
generated: 104771 / 800000
generated: 104828 / 800000
generated: 104887 / 800000
generated: 104956 / 800000
generated: 105009 / 800000
generated: 105066 / 800000
generated: 105128 / 800000
generated: 105190 / 800000
generated: 105242 / 800000
generated: 105296 / 800000
generated: 105360 / 800000
generated: 105416 / 800000
generated: 105487 / 800000
generated: 105550 / 800000
generated: 105608 / 800000
generated: 105672 / 800000
generated: 105735 / 800000
generated: 105790 / 800000
generated: 105846 / 800000
generated: 105913 / 800000
generated: 105966 / 800000
generated: 106011 / 800000
generated: 106056 / 800000
generated: 106102 / 800000
generated: 106156 / 800000
generated: 106221 / 800000
generated: 106274 / 800000
generated: 106338 / 800000
generated: 106383 / 800000
generated: 106437 / 800000
generated: 106494 / 800000
generated: 106558 / 800000
generated: 106601 / 800000
generated: 106654 / 800000
generated: 106719 / 800000
generated: 106776 / 800000
generated: 106827 / 800000
generated: 106883 / 800000
generated: 106942 / 800000
generated: 106995 / 800000
generated: 107044 / 800000
generated: 107111 / 800000
generated: 107160 / 800000
generated: 107240 / 800000
generated: 107297 / 800000
generated: 107345 / 800000
generated: 107404 / 800000
generated: 107458 / 800000
generated: 107518 / 800000
generated: 107583 / 800000
generated: 107643 / 800000
generated: 107698 / 800000
generated: 107771 / 800000
generated: 107827 / 800000
generated: 107888 / 800000
generated: 107931 / 800000
generated: 107992 / 800000
generated: 108057 / 800000
generated: 108112 / 800000
generated: 108175 / 800000
generated: 108238 / 800000
generated: 108290 / 800000
generated: 108344 / 800000
generated: 108401 / 800000
generated: 108456 / 800000
generated: 108505 / 800000
generated: 108575 / 800000
generated: 108630 / 800000
generated: 108683 / 800000
generated: 108746 / 800000
generated: 108800 / 800000
generated: 108870 / 800000
generated: 108919 / 800000
generated: 108973 / 800000
generated: 109023 / 800000
generated: 109079 / 800000
generated: 109138 / 800000
generated: 109190 / 800000
generated: 109265 / 800000
generated: 109323 / 800000
generated: 109372 / 800000
generated: 109424 / 800000
generated: 109475 / 800000
generated: 109530 / 800000
generated: 109588 / 800000
generated: 109647 / 800000
generated: 109692 / 800000
generated: 109754 / 800000
generated: 109794 / 800000
generated: 109848 / 800000
generated: 109905 / 800000
generated: 109951 / 800000
generated: 110020 / 800000
generated: 110064 / 800000
generated: 110116 / 800000
generated: 110176 / 800000
generated: 110218 / 800000
generated: 110268 / 800000
generated: 110328 / 800000
generated: 110389 / 800000
generated: 110447 / 800000
generated: 110505 / 800000
generated: 110556 / 800000
generated: 110596 / 800000
generated: 110654 / 800000
generated: 110706 / 800000
generated: 110763 / 800000
generated: 110820 / 800000
generated: 110880 / 800000
generated: 110932 / 800000
generated: 110979 / 800000
generated: 111038 / 800000
generated: 111099 / 800000
generated: 111161 / 800000
generated: 111212 / 800000
generated: 111273 / 800000
generated: 111340 / 800000
generated: 111408 / 800000
generated: 111465 / 800000
generated: 111510 / 800000
generated: 111564 / 800000
generated: 111618 / 800000
generated: 111668 / 800000
generated: 111711 / 800000
generated: 111758 / 800000
generated: 111817 / 800000
generated: 111861 / 800000
generated: 111908 / 800000
generated: 111974 / 800000
generated: 112041 / 800000
generated: 112102 / 800000
generated: 112155 / 800000
generated: 112205 / 800000
generated: 112253 / 800000
generated: 112312 / 800000
generated: 112373 / 800000
generated: 112429 / 800000
generated: 112490 / 800000
generated: 112530 / 800000
generated: 112581 / 800000
generated: 112637 / 800000
generated: 112699 / 800000
generated: 112741 / 800000
generated: 112796 / 800000
generated: 112849 / 800000
generated: 112897 / 800000
generated: 112952 / 800000
generated: 113011 / 800000
generated: 113070 / 800000
generated: 113113 / 800000
generated: 113171 / 800000
generated: 113231 / 800000
generated: 113297 / 800000
generated: 113353 / 800000
generated: 113413 / 800000
generated: 113465 / 800000
generated: 113519 / 800000
generated: 113579 / 800000
generated: 113639 / 800000
generated: 113695 / 800000
generated: 113742 / 800000
generated: 113794 / 800000
generated: 113858 / 800000
generated: 113925 / 800000
generated: 113980 / 800000
generated: 114059 / 800000
generated: 114125 / 800000
generated: 114184 / 800000
generated: 114223 / 800000
generated: 114281 / 800000
generated: 114329 / 800000
generated: 114384 / 800000
generated: 114436 / 800000
generated: 114484 / 800000
generated: 114538 / 800000
generated: 114605 / 800000
generated: 114668 / 800000
generated: 114719 / 800000
generated: 114782 / 800000
generated: 114833 / 800000
generated: 114887 / 800000
generated: 114950 / 800000
generated: 114991 / 800000
generated: 115048 / 800000
generated: 115101 / 800000
generated: 115157 / 800000
generated: 115215 / 800000
generated: 115266 / 800000
generated: 115330 / 800000
generated: 115390 / 800000
generated: 115442 / 800000
generated: 115499 / 800000
generated: 115565 / 800000
generated: 115622 / 800000
generated: 115664 / 800000
generated: 115715 / 800000
generated: 115771 / 800000
generated: 115836 / 800000
generated: 115900 / 800000
generated: 115952 / 800000
generated: 116006 / 800000
generated: 116071 / 800000
generated: 116132 / 800000
generated: 116174 / 800000
generated: 116234 / 800000
generated: 116293 / 800000
generated: 116344 / 800000
generated: 116396 / 800000
generated: 116439 / 800000
generated: 116492 / 800000
generated: 116546 / 800000
generated: 116613 / 800000
generated: 116669 / 800000
generated: 116726 / 800000
generated: 116787 / 800000
generated: 116853 / 800000
generated: 116903 / 800000
generated: 116954 / 800000
generated: 117016 / 800000
generated: 117072 / 800000
generated: 117136 / 800000
generated: 117201 / 800000
generated: 117255 / 800000
generated: 117306 / 800000
generated: 117364 / 800000
generated: 117422 / 800000
generated: 117467 / 800000
generated: 117524 / 800000
generated: 117577 / 800000
generated: 117646 / 800000
generated: 117689 / 800000
generated: 117745 / 800000
generated: 117788 / 800000
generated: 117849 / 800000
generated: 117896 / 800000
generated: 117943 / 800000
generated: 118005 / 800000
generated: 118048 / 800000
generated: 118109 / 800000
generated: 118166 / 800000
generated: 118222 / 800000
generated: 118290 / 800000
generated: 118342 / 800000
generated: 118391 / 800000
generated: 118441 / 800000
generated: 118500 / 800000
generated: 118557 / 800000
generated: 118616 / 800000
generated: 118686 / 800000
generated: 118745 / 800000
generated: 118820 / 800000
generated: 118873 / 800000
generated: 118930 / 800000
generated: 118982 / 800000
generated: 119042 / 800000
generated: 119100 / 800000
generated: 119153 / 800000
generated: 119215 / 800000
generated: 119273 / 800000
generated: 119316 / 800000
generated: 119368 / 800000
generated: 119424 / 800000
generated: 119475 / 800000
generated: 119529 / 800000
generated: 119589 / 800000
generated: 119643 / 800000
generated: 119701 / 800000
generated: 119751 / 800000
generated: 119806 / 800000
generated: 119862 / 800000
generated: 119915 / 800000
generated: 119972 / 800000
generated: 120032 / 800000
generated: 120071 / 800000
generated: 120128 / 800000
generated: 120187 / 800000
generated: 120245 / 800000
generated: 120293 / 800000
generated: 120343 / 800000
generated: 120397 / 800000
generated: 120445 / 800000
generated: 120495 / 800000
generated: 120549 / 800000
generated: 120594 / 800000
generated: 120658 / 800000
generated: 120706 / 800000
generated: 120766 / 800000
generated: 120828 / 800000
generated: 120890 / 800000
generated: 120950 / 800000
generated: 121017 / 800000
generated: 121073 / 800000
generated: 121137 / 800000
generated: 121204 / 800000
generated: 121264 / 800000
generated: 121326 / 800000
generated: 121376 / 800000
generated: 121433 / 800000
generated: 121488 / 800000
generated: 121556 / 800000
generated: 121609 / 800000
generated: 121655 / 800000
generated: 121701 / 800000
generated: 121761 / 800000
generated: 121820 / 800000
generated: 121868 / 800000
generated: 121933 / 800000
generated: 122004 / 800000
generated: 122061 / 800000
generated: 122126 / 800000
generated: 122184 / 800000
generated: 122244 / 800000
generated: 122303 / 800000
generated: 122363 / 800000
generated: 122416 / 800000
generated: 122468 / 800000
generated: 122523 / 800000
generated: 122586 / 800000
generated: 122642 / 800000
generated: 122696 / 800000
generated: 122758 / 800000
generated: 122809 / 800000
generated: 122860 / 800000
generated: 122901 / 800000
generated: 122964 / 800000
generated: 123022 / 800000
generated: 123071 / 800000
generated: 123121 / 800000
generated: 123185 / 800000
generated: 123252 / 800000
generated: 123309 / 800000
generated: 123366 / 800000
generated: 123427 / 800000
generated: 123488 / 800000
generated: 123552 / 800000
generated: 123605 / 800000
generated: 123653 / 800000
generated: 123710 / 800000
generated: 123770 / 800000
generated: 123828 / 800000
generated: 123899 / 800000
generated: 123945 / 800000
generated: 123999 / 800000
generated: 124050 / 800000
generated: 124112 / 800000
generated: 124153 / 800000
generated: 124221 / 800000
generated: 124270 / 800000
generated: 124330 / 800000
generated: 124378 / 800000
generated: 124436 / 800000
generated: 124495 / 800000
generated: 124551 / 800000
generated: 124606 / 800000
generated: 124650 / 800000
generated: 124706 / 800000
generated: 124758 / 800000
generated: 124809 / 800000
generated: 124848 / 800000
generated: 124911 / 800000
generated: 124963 / 800000
generated: 125013 / 800000
generated: 125070 / 800000
generated: 125126 / 800000
generated: 125179 / 800000
generated: 125220 / 800000
generated: 125279 / 800000
generated: 125324 / 800000
generated: 125374 / 800000
generated: 125440 / 800000
generated: 125512 / 800000
generated: 125578 / 800000
generated: 125631 / 800000
generated: 125689 / 800000
generated: 125745 / 800000
generated: 125806 / 800000
generated: 125861 / 800000
generated: 125918 / 800000
generated: 125974 / 800000
generated: 126042 / 800000
generated: 126099 / 800000
generated: 126174 / 800000
generated: 126229 / 800000
generated: 126291 / 800000
generated: 126338 / 800000
generated: 126388 / 800000
generated: 126456 / 800000
generated: 126523 / 800000
generated: 126578 / 800000
generated: 126634 / 800000
generated: 126679 / 800000
generated: 126727 / 800000
generated: 126782 / 800000
generated: 126848 / 800000
generated: 126908 / 800000
generated: 126958 / 800000
generated: 127004 / 800000
generated: 127061 / 800000
generated: 127113 / 800000
generated: 127174 / 800000
generated: 127229 / 800000
generated: 127278 / 800000
generated: 127340 / 800000
generated: 127388 / 800000
generated: 127436 / 800000
generated: 127489 / 800000
generated: 127540 / 800000
generated: 127595 / 800000
generated: 127651 / 800000
generated: 127709 / 800000
generated: 127758 / 800000
generated: 127797 / 800000
generated: 127859 / 800000
generated: 127913 / 800000
generated: 127976 / 800000
generated: 128037 / 800000
generated: 128093 / 800000
generated: 128159 / 800000
generated: 128208 / 800000
generated: 128273 / 800000
generated: 128333 / 800000
generated: 128392 / 800000
generated: 128454 / 800000
generated: 128513 / 800000
generated: 128559 / 800000
generated: 128612 / 800000
generated: 128664 / 800000
generated: 128718 / 800000
generated: 128778 / 800000
generated: 128832 / 800000
generated: 128887 / 800000
generated: 128951 / 800000
generated: 129009 / 800000
generated: 129062 / 800000
generated: 129125 / 800000
generated: 129189 / 800000
generated: 129244 / 800000
generated: 129290 / 800000
generated: 129346 / 800000
generated: 129399 / 800000
generated: 129455 / 800000
generated: 129502 / 800000
generated: 129548 / 800000
generated: 129610 / 800000
generated: 129664 / 800000
generated: 129720 / 800000
generated: 129792 / 800000
generated: 129854 / 800000
generated: 129902 / 800000
generated: 129963 / 800000
generated: 130019 / 800000
generated: 130079 / 800000
generated: 130128 / 800000
generated: 130185 / 800000
generated: 130239 / 800000
generated: 130292 / 800000
generated: 130344 / 800000
generated: 130411 / 800000
generated: 130473 / 800000
generated: 130530 / 800000
generated: 130598 / 800000
generated: 130655 / 800000
generated: 130705 / 800000
generated: 130764 / 800000
generated: 130814 / 800000
generated: 130869 / 800000
generated: 130922 / 800000
generated: 130976 / 800000
generated: 131037 / 800000
generated: 131090 / 800000
generated: 131145 / 800000
generated: 131199 / 800000
generated: 131251 / 800000
generated: 131311 / 800000
generated: 131379 / 800000
generated: 131432 / 800000
generated: 131487 / 800000
generated: 131537 / 800000
generated: 131604 / 800000
generated: 131661 / 800000
generated: 131713 / 800000
generated: 131768 / 800000
generated: 131831 / 800000
generated: 131878 / 800000
generated: 131940 / 800000
generated: 132004 / 800000
generated: 132047 / 800000
generated: 132092 / 800000
generated: 132136 / 800000
generated: 132185 / 800000
generated: 132239 / 800000
generated: 132292 / 800000
generated: 132353 / 800000
generated: 132411 / 800000
generated: 132470 / 800000
generated: 132513 / 800000
generated: 132578 / 800000
generated: 132661 / 800000
generated: 132712 / 800000
generated: 132764 / 800000
generated: 132814 / 800000
generated: 132870 / 800000
generated: 132919 / 800000
generated: 132966 / 800000
generated: 133005 / 800000
generated: 133058 / 800000
generated: 133103 / 800000
generated: 133158 / 800000
generated: 133225 / 800000
generated: 133279 / 800000
generated: 133340 / 800000
generated: 133402 / 800000
generated: 133459 / 800000
generated: 133512 / 800000
generated: 133565 / 800000
generated: 133623 / 800000
generated: 133675 / 800000
generated: 133718 / 800000
generated: 133770 / 800000
generated: 133824 / 800000
generated: 133889 / 800000
generated: 133950 / 800000
generated: 134016 / 800000
generated: 134074 / 800000
generated: 134129 / 800000
generated: 134175 / 800000
generated: 134237 / 800000
generated: 134296 / 800000
generated: 134359 / 800000
generated: 134410 / 800000
generated: 134472 / 800000
generated: 134529 / 800000
generated: 134585 / 800000
generated: 134636 / 800000
generated: 134691 / 800000
generated: 134753 / 800000
generated: 134816 / 800000
generated: 134876 / 800000
generated: 134924 / 800000
generated: 134985 / 800000
generated: 135039 / 800000
generated: 135096 / 800000
generated: 135144 / 800000
generated: 135200 / 800000
generated: 135245 / 800000
generated: 135296 / 800000
generated: 135349 / 800000
generated: 135407 / 800000
generated: 135464 / 800000
generated: 135502 / 800000
generated: 135542 / 800000
generated: 135605 / 800000
generated: 135660 / 800000
generated: 135731 / 800000
generated: 135789 / 800000
generated: 135845 / 800000
generated: 135881 / 800000
generated: 135931 / 800000
generated: 135996 / 800000
generated: 136053 / 800000
generated: 136098 / 800000
generated: 136156 / 800000
generated: 136205 / 800000
generated: 136270 / 800000
generated: 136320 / 800000
generated: 136372 / 800000
generated: 136433 / 800000
generated: 136498 / 800000
generated: 136534 / 800000
generated: 136587 / 800000
generated: 136648 / 800000
generated: 136695 / 800000
generated: 136757 / 800000
generated: 136810 / 800000
generated: 136873 / 800000
generated: 136920 / 800000
generated: 136971 / 800000
generated: 137014 / 800000
generated: 137062 / 800000
generated: 137112 / 800000
generated: 137162 / 800000
generated: 137219 / 800000
generated: 137280 / 800000
generated: 137331 / 800000
generated: 137391 / 800000
generated: 137445 / 800000
generated: 137493 / 800000
generated: 137548 / 800000
generated: 137606 / 800000
generated: 137662 / 800000
generated: 137715 / 800000
generated: 137777 / 800000
generated: 137848 / 800000
generated: 137914 / 800000
generated: 137979 / 800000
generated: 138028 / 800000
generated: 138079 / 800000
generated: 138130 / 800000
generated: 138197 / 800000
generated: 138246 / 800000
generated: 138296 / 800000
generated: 138351 / 800000
generated: 138410 / 800000
generated: 138460 / 800000
generated: 138520 / 800000
generated: 138567 / 800000
generated: 138630 / 800000
generated: 138695 / 800000
generated: 138757 / 800000
generated: 138797 / 800000
generated: 138853 / 800000
generated: 138911 / 800000
generated: 138969 / 800000
generated: 139029 / 800000
generated: 139077 / 800000
generated: 139143 / 800000
generated: 139193 / 800000
generated: 139253 / 800000
generated: 139315 / 800000
generated: 139376 / 800000
generated: 139440 / 800000
generated: 139493 / 800000
generated: 139542 / 800000
generated: 139591 / 800000
generated: 139649 / 800000
generated: 139709 / 800000
generated: 139760 / 800000
generated: 139822 / 800000
generated: 139878 / 800000
generated: 139937 / 800000
generated: 139991 / 800000
generated: 140043 / 800000
generated: 140102 / 800000
generated: 140150 / 800000
generated: 140198 / 800000
generated: 140263 / 800000
generated: 140318 / 800000
generated: 140392 / 800000
generated: 140455 / 800000
generated: 140491 / 800000
generated: 140555 / 800000
generated: 140613 / 800000
generated: 140667 / 800000
generated: 140725 / 800000
generated: 140796 / 800000
generated: 140860 / 800000
generated: 140924 / 800000
generated: 140982 / 800000
generated: 141038 / 800000
generated: 141102 / 800000
generated: 141158 / 800000
generated: 141209 / 800000
generated: 141253 / 800000
generated: 141308 / 800000
generated: 141356 / 800000
generated: 141406 / 800000
generated: 141461 / 800000
generated: 141521 / 800000
generated: 141576 / 800000
generated: 141623 / 800000
generated: 141686 / 800000
generated: 141735 / 800000
generated: 141795 / 800000
generated: 141840 / 800000
generated: 141902 / 800000
generated: 141962 / 800000
generated: 142025 / 800000
generated: 142095 / 800000
generated: 142155 / 800000
generated: 142207 / 800000
generated: 142267 / 800000
generated: 142323 / 800000
generated: 142372 / 800000
generated: 142432 / 800000
generated: 142480 / 800000
generated: 142515 / 800000
generated: 142562 / 800000
generated: 142607 / 800000
generated: 142668 / 800000
generated: 142729 / 800000
generated: 142769 / 800000
generated: 142822 / 800000
generated: 142869 / 800000
generated: 142927 / 800000
generated: 142984 / 800000
generated: 143035 / 800000
generated: 143084 / 800000
generated: 143140 / 800000
generated: 143203 / 800000
generated: 143256 / 800000
generated: 143304 / 800000
generated: 143364 / 800000
generated: 143412 / 800000
generated: 143462 / 800000
generated: 143525 / 800000
generated: 143587 / 800000
generated: 143640 / 800000
generated: 143690 / 800000
generated: 143761 / 800000
generated: 143816 / 800000
generated: 143872 / 800000
generated: 143921 / 800000
generated: 143969 / 800000
generated: 144014 / 800000
generated: 144061 / 800000
generated: 144126 / 800000
generated: 144187 / 800000
generated: 144235 / 800000
generated: 144276 / 800000
generated: 144326 / 800000
generated: 144376 / 800000
generated: 144429 / 800000
generated: 144484 / 800000
generated: 144537 / 800000
generated: 144594 / 800000
generated: 144644 / 800000
generated: 144697 / 800000
generated: 144755 / 800000
generated: 144821 / 800000
generated: 144876 / 800000
generated: 144931 / 800000
generated: 144975 / 800000
generated: 145042 / 800000
generated: 145090 / 800000
generated: 145148 / 800000
generated: 145202 / 800000
generated: 145263 / 800000
generated: 145315 / 800000
generated: 145369 / 800000
generated: 145426 / 800000
generated: 145479 / 800000
generated: 145536 / 800000
generated: 145582 / 800000
generated: 145642 / 800000
generated: 145717 / 800000
generated: 145760 / 800000
generated: 145820 / 800000
generated: 145885 / 800000
generated: 145942 / 800000
generated: 145999 / 800000
generated: 146044 / 800000
generated: 146097 / 800000
generated: 146158 / 800000
generated: 146212 / 800000
generated: 146257 / 800000
generated: 146312 / 800000
generated: 146366 / 800000
generated: 146427 / 800000
generated: 146470 / 800000
generated: 146517 / 800000
generated: 146566 / 800000
generated: 146611 / 800000
generated: 146681 / 800000
generated: 146726 / 800000
generated: 146791 / 800000
generated: 146850 / 800000
generated: 146907 / 800000
generated: 146976 / 800000
generated: 147037 / 800000
generated: 147090 / 800000
generated: 147147 / 800000
generated: 147203 / 800000
generated: 147247 / 800000
generated: 147299 / 800000
generated: 147349 / 800000
generated: 147404 / 800000
generated: 147454 / 800000
generated: 147511 / 800000
generated: 147563 / 800000
generated: 147633 / 800000
generated: 147689 / 800000
generated: 147750 / 800000
generated: 147798 / 800000
generated: 147853 / 800000
generated: 147904 / 800000
generated: 147953 / 800000
generated: 148009 / 800000
generated: 148058 / 800000
generated: 148106 / 800000
generated: 148163 / 800000
generated: 148231 / 800000
generated: 148294 / 800000
generated: 148345 / 800000
generated: 148400 / 800000
generated: 148466 / 800000
generated: 148524 / 800000
generated: 148569 / 800000
generated: 148627 / 800000
generated: 148680 / 800000
generated: 148735 / 800000
generated: 148791 / 800000
generated: 148843 / 800000
generated: 148892 / 800000
generated: 148949 / 800000
generated: 148997 / 800000
generated: 149067 / 800000
generated: 149126 / 800000
generated: 149185 / 800000
generated: 149245 / 800000
generated: 149303 / 800000
generated: 149368 / 800000
generated: 149435 / 800000
generated: 149491 / 800000
generated: 149553 / 800000
generated: 149608 / 800000
generated: 149651 / 800000
generated: 149713 / 800000
generated: 149768 / 800000
generated: 149823 / 800000
generated: 149883 / 800000
generated: 149935 / 800000
generated: 149998 / 800000
generated: 150058 / 800000
generated: 150123 / 800000
generated: 150172 / 800000
generated: 150220 / 800000
generated: 150283 / 800000
generated: 150331 / 800000
generated: 150378 / 800000
generated: 150433 / 800000
generated: 150487 / 800000
generated: 150540 / 800000
generated: 150589 / 800000
generated: 150636 / 800000
generated: 150670 / 800000
generated: 150725 / 800000
generated: 150772 / 800000
generated: 150826 / 800000
generated: 150878 / 800000
generated: 150923 / 800000
generated: 150983 / 800000
generated: 151047 / 800000
generated: 151098 / 800000
generated: 151157 / 800000
generated: 151224 / 800000
generated: 151281 / 800000
generated: 151336 / 800000
generated: 151403 / 800000
generated: 151462 / 800000
generated: 151516 / 800000
generated: 151570 / 800000
generated: 151618 / 800000
generated: 151662 / 800000
generated: 151703 / 800000
generated: 151774 / 800000
generated: 151825 / 800000
generated: 151877 / 800000
generated: 151936 / 800000
generated: 151995 / 800000
generated: 152050 / 800000
generated: 152104 / 800000
generated: 152153 / 800000
generated: 152207 / 800000
generated: 152266 / 800000
generated: 152323 / 800000
generated: 152380 / 800000
generated: 152431 / 800000
generated: 152484 / 800000
generated: 152540 / 800000
generated: 152602 / 800000
generated: 152653 / 800000
generated: 152704 / 800000
generated: 152775 / 800000
generated: 152830 / 800000
generated: 152900 / 800000
generated: 152963 / 800000
generated: 153021 / 800000
generated: 153076 / 800000
generated: 153123 / 800000
generated: 153177 / 800000
generated: 153238 / 800000
generated: 153305 / 800000
generated: 153370 / 800000
generated: 153429 / 800000
generated: 153493 / 800000
generated: 153553 / 800000
generated: 153612 / 800000
generated: 153669 / 800000
generated: 153729 / 800000
generated: 153772 / 800000
generated: 153832 / 800000
generated: 153896 / 800000
generated: 153937 / 800000
generated: 153988 / 800000
generated: 154045 / 800000
generated: 154083 / 800000
generated: 154130 / 800000
generated: 154184 / 800000
generated: 154241 / 800000
generated: 154295 / 800000
generated: 154342 / 800000
generated: 154391 / 800000
generated: 154443 / 800000
generated: 154499 / 800000
generated: 154553 / 800000
generated: 154603 / 800000
generated: 154656 / 800000
generated: 154723 / 800000
generated: 154787 / 800000
generated: 154852 / 800000
generated: 154904 / 800000
generated: 154954 / 800000
generated: 155019 / 800000
generated: 155077 / 800000
generated: 155131 / 800000
generated: 155185 / 800000
generated: 155249 / 800000
generated: 155310 / 800000
generated: 155360 / 800000
generated: 155417 / 800000
generated: 155464 / 800000
generated: 155512 / 800000
generated: 155574 / 800000
generated: 155641 / 800000
generated: 155686 / 800000
generated: 155746 / 800000
generated: 155798 / 800000
generated: 155855 / 800000
generated: 155928 / 800000
generated: 155974 / 800000
generated: 156015 / 800000
generated: 156078 / 800000
generated: 156130 / 800000
generated: 156190 / 800000
generated: 156242 / 800000
generated: 156300 / 800000
generated: 156359 / 800000
generated: 156421 / 800000
generated: 156475 / 800000
generated: 156538 / 800000
generated: 156582 / 800000
generated: 156636 / 800000
generated: 156695 / 800000
generated: 156739 / 800000
generated: 156799 / 800000
generated: 156841 / 800000
generated: 156896 / 800000
generated: 156954 / 800000
generated: 157015 / 800000
generated: 157072 / 800000
generated: 157135 / 800000
generated: 157200 / 800000
generated: 157256 / 800000
generated: 157312 / 800000
generated: 157365 / 800000
generated: 157432 / 800000
generated: 157490 / 800000
generated: 157553 / 800000
generated: 157612 / 800000
generated: 157680 / 800000
generated: 157730 / 800000
generated: 157791 / 800000
generated: 157860 / 800000
generated: 157907 / 800000
generated: 157969 / 800000
generated: 158032 / 800000
generated: 158095 / 800000
generated: 158139 / 800000
generated: 158198 / 800000
generated: 158250 / 800000
generated: 158293 / 800000
generated: 158343 / 800000
generated: 158400 / 800000
generated: 158453 / 800000
generated: 158522 / 800000
generated: 158578 / 800000
generated: 158629 / 800000
generated: 158671 / 800000
generated: 158729 / 800000
generated: 158778 / 800000
generated: 158833 / 800000
generated: 158887 / 800000
generated: 158928 / 800000
generated: 158987 / 800000
generated: 159033 / 800000
generated: 159080 / 800000
generated: 159134 / 800000
generated: 159192 / 800000
generated: 159246 / 800000
generated: 159300 / 800000
generated: 159338 / 800000
generated: 159406 / 800000
generated: 159468 / 800000
generated: 159521 / 800000
generated: 159583 / 800000
generated: 159637 / 800000
generated: 159696 / 800000
generated: 159752 / 800000
generated: 159814 / 800000
generated: 159861 / 800000
generated: 159925 / 800000
generated: 159973 / 800000
generated: 160032 / 800000
generated: 160101 / 800000
generated: 160156 / 800000
generated: 160212 / 800000
generated: 160276 / 800000
generated: 160335 / 800000
generated: 160397 / 800000
generated: 160448 / 800000
generated: 160505 / 800000
generated: 160562 / 800000
generated: 160622 / 800000
generated: 160670 / 800000
generated: 160726 / 800000
generated: 160784 / 800000
generated: 160841 / 800000
generated: 160902 / 800000
generated: 160967 / 800000
generated: 161010 / 800000
generated: 161067 / 800000
generated: 161116 / 800000
generated: 161166 / 800000
generated: 161228 / 800000
generated: 161288 / 800000
generated: 161343 / 800000
generated: 161398 / 800000
generated: 161463 / 800000
generated: 161519 / 800000
generated: 161573 / 800000
generated: 161622 / 800000
generated: 161684 / 800000
generated: 161728 / 800000
generated: 161786 / 800000
generated: 161854 / 800000
generated: 161913 / 800000
generated: 161948 / 800000
generated: 162017 / 800000
generated: 162074 / 800000
generated: 162125 / 800000
generated: 162190 / 800000
generated: 162258 / 800000
generated: 162320 / 800000
generated: 162375 / 800000
generated: 162444 / 800000
generated: 162493 / 800000
generated: 162541 / 800000
generated: 162621 / 800000
generated: 162687 / 800000
generated: 162745 / 800000
generated: 162799 / 800000
generated: 162849 / 800000
generated: 162900 / 800000
generated: 162955 / 800000
generated: 163014 / 800000
generated: 163062 / 800000
generated: 163126 / 800000
generated: 163187 / 800000
generated: 163240 / 800000
generated: 163288 / 800000
generated: 163340 / 800000
generated: 163397 / 800000
generated: 163450 / 800000
generated: 163499 / 800000
generated: 163542 / 800000
generated: 163592 / 800000
generated: 163640 / 800000
generated: 163696 / 800000
generated: 163742 / 800000
generated: 163801 / 800000
generated: 163870 / 800000
generated: 163921 / 800000
generated: 163971 / 800000
generated: 164012 / 800000
generated: 164070 / 800000
generated: 164124 / 800000
generated: 164178 / 800000
generated: 164238 / 800000
generated: 164298 / 800000
generated: 164352 / 800000
generated: 164414 / 800000
generated: 164472 / 800000
generated: 164514 / 800000
generated: 164590 / 800000
generated: 164644 / 800000
generated: 164702 / 800000
generated: 164767 / 800000
generated: 164819 / 800000
generated: 164871 / 800000
generated: 164926 / 800000
generated: 164987 / 800000
generated: 165044 / 800000
generated: 165105 / 800000
generated: 165165 / 800000
generated: 165211 / 800000
generated: 165262 / 800000
generated: 165311 / 800000
generated: 165368 / 800000
generated: 165419 / 800000
generated: 165469 / 800000
generated: 165508 / 800000
generated: 165573 / 800000
generated: 165624 / 800000
generated: 165678 / 800000
generated: 165733 / 800000
generated: 165799 / 800000
generated: 165859 / 800000
generated: 165913 / 800000
generated: 165963 / 800000
generated: 166021 / 800000
generated: 166082 / 800000
generated: 166137 / 800000
generated: 166201 / 800000
generated: 166257 / 800000
generated: 166319 / 800000
generated: 166376 / 800000
generated: 166429 / 800000
generated: 166478 / 800000
generated: 166534 / 800000
generated: 166584 / 800000
generated: 166641 / 800000
generated: 166704 / 800000
generated: 166767 / 800000
generated: 166833 / 800000
generated: 166879 / 800000
generated: 166924 / 800000
generated: 166971 / 800000
generated: 167029 / 800000
generated: 167088 / 800000
generated: 167155 / 800000
generated: 167212 / 800000
generated: 167266 / 800000
generated: 167323 / 800000
generated: 167382 / 800000
generated: 167437 / 800000
generated: 167486 / 800000
generated: 167538 / 800000
generated: 167580 / 800000
generated: 167639 / 800000
generated: 167687 / 800000
generated: 167746 / 800000
generated: 167799 / 800000
generated: 167861 / 800000
generated: 167928 / 800000
generated: 167966 / 800000
generated: 168036 / 800000
generated: 168099 / 800000
generated: 168159 / 800000
generated: 168217 / 800000
generated: 168268 / 800000
generated: 168318 / 800000
generated: 168374 / 800000
generated: 168436 / 800000
generated: 168501 / 800000
generated: 168561 / 800000
generated: 168623 / 800000
generated: 168673 / 800000
generated: 168728 / 800000
generated: 168773 / 800000
generated: 168823 / 800000
generated: 168880 / 800000
generated: 168937 / 800000
generated: 168978 / 800000
generated: 169031 / 800000
generated: 169086 / 800000
generated: 169135 / 800000
generated: 169183 / 800000
generated: 169244 / 800000
generated: 169302 / 800000
generated: 169359 / 800000
generated: 169431 / 800000
generated: 169486 / 800000
generated: 169536 / 800000
generated: 169589 / 800000
generated: 169646 / 800000
generated: 169696 / 800000
generated: 169753 / 800000
generated: 169809 / 800000
generated: 169858 / 800000
generated: 169915 / 800000
generated: 169968 / 800000
generated: 170022 / 800000
generated: 170069 / 800000
generated: 170120 / 800000
generated: 170176 / 800000
generated: 170222 / 800000
generated: 170267 / 800000
generated: 170314 / 800000
generated: 170365 / 800000
generated: 170403 / 800000
generated: 170449 / 800000
generated: 170505 / 800000
generated: 170569 / 800000
generated: 170633 / 800000
generated: 170696 / 800000
generated: 170759 / 800000
generated: 170807 / 800000
generated: 170863 / 800000
generated: 170922 / 800000
generated: 170976 / 800000
generated: 171023 / 800000
generated: 171074 / 800000
generated: 171122 / 800000
generated: 171165 / 800000
generated: 171229 / 800000
generated: 171299 / 800000
generated: 171368 / 800000
generated: 171424 / 800000
generated: 171492 / 800000
generated: 171549 / 800000
generated: 171602 / 800000
generated: 171658 / 800000
generated: 171715 / 800000
generated: 171773 / 800000
generated: 171832 / 800000
generated: 171883 / 800000
generated: 171940 / 800000
generated: 171990 / 800000
generated: 172046 / 800000
generated: 172091 / 800000
generated: 172153 / 800000
generated: 172207 / 800000
generated: 172261 / 800000
generated: 172310 / 800000
generated: 172362 / 800000
generated: 172425 / 800000
generated: 172489 / 800000
generated: 172544 / 800000
generated: 172618 / 800000
generated: 172682 / 800000
generated: 172731 / 800000
generated: 172780 / 800000
generated: 172840 / 800000
generated: 172885 / 800000
generated: 172950 / 800000
generated: 172992 / 800000
generated: 173049 / 800000
generated: 173097 / 800000
generated: 173144 / 800000
generated: 173204 / 800000
generated: 173250 / 800000
generated: 173310 / 800000
generated: 173355 / 800000
generated: 173420 / 800000
generated: 173484 / 800000
generated: 173537 / 800000
generated: 173584 / 800000
generated: 173650 / 800000
generated: 173706 / 800000
generated: 173753 / 800000
generated: 173809 / 800000
generated: 173860 / 800000
generated: 173914 / 800000
generated: 173962 / 800000
generated: 174017 / 800000
generated: 174074 / 800000
generated: 174120 / 800000
generated: 174167 / 800000
generated: 174227 / 800000
generated: 174270 / 800000
generated: 174324 / 800000
generated: 174378 / 800000
generated: 174434 / 800000
generated: 174481 / 800000
generated: 174538 / 800000
generated: 174593 / 800000
generated: 174645 / 800000
generated: 174710 / 800000
generated: 174777 / 800000
generated: 174827 / 800000
generated: 174886 / 800000
generated: 174951 / 800000
generated: 175013 / 800000
generated: 175075 / 800000
generated: 175139 / 800000
generated: 175195 / 800000
generated: 175254 / 800000
generated: 175326 / 800000
generated: 175387 / 800000
generated: 175436 / 800000
generated: 175478 / 800000
generated: 175543 / 800000
generated: 175608 / 800000
generated: 175669 / 800000
generated: 175728 / 800000
generated: 175784 / 800000
generated: 175848 / 800000
generated: 175911 / 800000
generated: 175960 / 800000
generated: 176009 / 800000
generated: 176069 / 800000
generated: 176133 / 800000
generated: 176202 / 800000
generated: 176250 / 800000
generated: 176297 / 800000
generated: 176356 / 800000
generated: 176412 / 800000
generated: 176463 / 800000
generated: 176524 / 800000
generated: 176581 / 800000
generated: 176626 / 800000
generated: 176679 / 800000
generated: 176738 / 800000
generated: 176795 / 800000
generated: 176861 / 800000
generated: 176918 / 800000
generated: 176980 / 800000
generated: 177032 / 800000
generated: 177081 / 800000
generated: 177124 / 800000
generated: 177186 / 800000
generated: 177241 / 800000
generated: 177286 / 800000
generated: 177331 / 800000
generated: 177394 / 800000
generated: 177455 / 800000
generated: 177499 / 800000
generated: 177551 / 800000
generated: 177604 / 800000
generated: 177666 / 800000
generated: 177713 / 800000
generated: 177767 / 800000
generated: 177819 / 800000
generated: 177871 / 800000
generated: 177916 / 800000
generated: 177976 / 800000
generated: 178040 / 800000
generated: 178110 / 800000
generated: 178159 / 800000
generated: 178210 / 800000
generated: 178267 / 800000
generated: 178314 / 800000
generated: 178370 / 800000
generated: 178416 / 800000
generated: 178465 / 800000
generated: 178520 / 800000
generated: 178564 / 800000
generated: 178621 / 800000
generated: 178669 / 800000
generated: 178723 / 800000
generated: 178791 / 800000
generated: 178840 / 800000
generated: 178887 / 800000
generated: 178951 / 800000
generated: 179004 / 800000
generated: 179050 / 800000
generated: 179109 / 800000
generated: 179162 / 800000
generated: 179230 / 800000
generated: 179289 / 800000
generated: 179349 / 800000
generated: 179401 / 800000
generated: 179468 / 800000
generated: 179530 / 800000
generated: 179577 / 800000
generated: 179646 / 800000
generated: 179690 / 800000
generated: 179737 / 800000
generated: 179792 / 800000
generated: 179835 / 800000
generated: 179881 / 800000
generated: 179930 / 800000
generated: 179992 / 800000
generated: 180051 / 800000
generated: 180112 / 800000
generated: 180184 / 800000
generated: 180248 / 800000
generated: 180309 / 800000
generated: 180379 / 800000
generated: 180439 / 800000
generated: 180499 / 800000
generated: 180552 / 800000
generated: 180611 / 800000
generated: 180669 / 800000
generated: 180723 / 800000
generated: 180771 / 800000
generated: 180834 / 800000
generated: 180892 / 800000
generated: 180943 / 800000
generated: 181010 / 800000
generated: 181077 / 800000
generated: 181131 / 800000
generated: 181190 / 800000
generated: 181247 / 800000
generated: 181299 / 800000
generated: 181360 / 800000
generated: 181407 / 800000
generated: 181464 / 800000
generated: 181523 / 800000
generated: 181593 / 800000
generated: 181629 / 800000
generated: 181687 / 800000
generated: 181735 / 800000
generated: 181793 / 800000
generated: 181847 / 800000
generated: 181910 / 800000
generated: 181964 / 800000
generated: 182012 / 800000
generated: 182067 / 800000
generated: 182142 / 800000
generated: 182206 / 800000
generated: 182248 / 800000
generated: 182302 / 800000
generated: 182353 / 800000
generated: 182398 / 800000
generated: 182448 / 800000
generated: 182511 / 800000
generated: 182562 / 800000
generated: 182608 / 800000
generated: 182657 / 800000
generated: 182724 / 800000
generated: 182794 / 800000
generated: 182844 / 800000
generated: 182891 / 800000
generated: 182947 / 800000
generated: 182997 / 800000
generated: 183043 / 800000
generated: 183098 / 800000
generated: 183160 / 800000
generated: 183216 / 800000
generated: 183268 / 800000
generated: 183327 / 800000
generated: 183394 / 800000
generated: 183450 / 800000
generated: 183522 / 800000
generated: 183575 / 800000
generated: 183626 / 800000
generated: 183688 / 800000
generated: 183743 / 800000
generated: 183791 / 800000
generated: 183838 / 800000
generated: 183885 / 800000
generated: 183938 / 800000
generated: 183988 / 800000
generated: 184049 / 800000
generated: 184113 / 800000
generated: 184170 / 800000
generated: 184229 / 800000
generated: 184292 / 800000
generated: 184340 / 800000
generated: 184408 / 800000
generated: 184469 / 800000
generated: 184526 / 800000
generated: 184583 / 800000
generated: 184628 / 800000
generated: 184685 / 800000
generated: 184735 / 800000
generated: 184808 / 800000
generated: 184863 / 800000
generated: 184917 / 800000
generated: 184977 / 800000
generated: 185036 / 800000
generated: 185093 / 800000
generated: 185146 / 800000
generated: 185191 / 800000
generated: 185252 / 800000
generated: 185308 / 800000
generated: 185378 / 800000
generated: 185435 / 800000
generated: 185494 / 800000
generated: 185551 / 800000
generated: 185606 / 800000
generated: 185654 / 800000
generated: 185701 / 800000
generated: 185751 / 800000
generated: 185822 / 800000
generated: 185884 / 800000
generated: 185967 / 800000
generated: 186027 / 800000
generated: 186077 / 800000
generated: 186134 / 800000
generated: 186196 / 800000
generated: 186247 / 800000
generated: 186304 / 800000
generated: 186360 / 800000
generated: 186412 / 800000
generated: 186466 / 800000
generated: 186524 / 800000
generated: 186583 / 800000
generated: 186645 / 800000
generated: 186703 / 800000
generated: 186766 / 800000
generated: 186826 / 800000
generated: 186879 / 800000
generated: 186935 / 800000
generated: 186996 / 800000
generated: 187047 / 800000
generated: 187103 / 800000
generated: 187149 / 800000
generated: 187200 / 800000
generated: 187247 / 800000
generated: 187305 / 800000
generated: 187363 / 800000
generated: 187409 / 800000
generated: 187470 / 800000
generated: 187525 / 800000
generated: 187573 / 800000
generated: 187623 / 800000
generated: 187679 / 800000
generated: 187733 / 800000
generated: 187785 / 800000
generated: 187840 / 800000
generated: 187893 / 800000
generated: 187955 / 800000
generated: 188015 / 800000
generated: 188073 / 800000
generated: 188139 / 800000
generated: 188194 / 800000
generated: 188267 / 800000
generated: 188327 / 800000
generated: 188396 / 800000
generated: 188445 / 800000
generated: 188498 / 800000
generated: 188552 / 800000
generated: 188617 / 800000
generated: 188676 / 800000
generated: 188724 / 800000
generated: 188773 / 800000
generated: 188827 / 800000
generated: 188885 / 800000
generated: 188937 / 800000
generated: 188993 / 800000
generated: 189041 / 800000
generated: 189114 / 800000
generated: 189170 / 800000
generated: 189236 / 800000
generated: 189291 / 800000
generated: 189338 / 800000
generated: 189397 / 800000
generated: 189462 / 800000
generated: 189513 / 800000
generated: 189565 / 800000
generated: 189611 / 800000
generated: 189671 / 800000
generated: 189729 / 800000
generated: 189790 / 800000
generated: 189855 / 800000
generated: 189915 / 800000
generated: 189958 / 800000
generated: 190005 / 800000
generated: 190074 / 800000
generated: 190132 / 800000
generated: 190198 / 800000
generated: 190250 / 800000
generated: 190308 / 800000
generated: 190371 / 800000
generated: 190435 / 800000
generated: 190491 / 800000
generated: 190545 / 800000
generated: 190593 / 800000
generated: 190658 / 800000
generated: 190705 / 800000
generated: 190767 / 800000
generated: 190823 / 800000
generated: 190878 / 800000
generated: 190929 / 800000
generated: 190987 / 800000
generated: 191024 / 800000
generated: 191083 / 800000
generated: 191127 / 800000
generated: 191171 / 800000
generated: 191237 / 800000
generated: 191300 / 800000
generated: 191358 / 800000
generated: 191417 / 800000
generated: 191464 / 800000
generated: 191518 / 800000
generated: 191574 / 800000
generated: 191623 / 800000
generated: 191674 / 800000
generated: 191736 / 800000
generated: 191791 / 800000
generated: 191849 / 800000
generated: 191900 / 800000
generated: 191962 / 800000
generated: 192022 / 800000
generated: 192079 / 800000
generated: 192135 / 800000
generated: 192194 / 800000
generated: 192241 / 800000
generated: 192303 / 800000
generated: 192352 / 800000
generated: 192415 / 800000
generated: 192492 / 800000
generated: 192542 / 800000
generated: 192598 / 800000
generated: 192652 / 800000
generated: 192702 / 800000
generated: 192753 / 800000
generated: 192821 / 800000
generated: 192882 / 800000
generated: 192931 / 800000
generated: 192993 / 800000
generated: 193047 / 800000
generated: 193100 / 800000
generated: 193153 / 800000
generated: 193192 / 800000
generated: 193254 / 800000
generated: 193310 / 800000
generated: 193376 / 800000
generated: 193413 / 800000
generated: 193467 / 800000
generated: 193527 / 800000
generated: 193579 / 800000
generated: 193643 / 800000
generated: 193717 / 800000
generated: 193771 / 800000
generated: 193825 / 800000
generated: 193893 / 800000
generated: 193942 / 800000
generated: 194005 / 800000
generated: 194055 / 800000
generated: 194111 / 800000
generated: 194178 / 800000
generated: 194229 / 800000
generated: 194293 / 800000
generated: 194352 / 800000
generated: 194402 / 800000
generated: 194458 / 800000
generated: 194513 / 800000
generated: 194570 / 800000
generated: 194620 / 800000
generated: 194664 / 800000
generated: 194709 / 800000
generated: 194771 / 800000
generated: 194828 / 800000
generated: 194887 / 800000
generated: 194941 / 800000
generated: 195003 / 800000
generated: 195050 / 800000
generated: 195108 / 800000
generated: 195156 / 800000
generated: 195207 / 800000
generated: 195264 / 800000
generated: 195317 / 800000
generated: 195359 / 800000
generated: 195421 / 800000
generated: 195488 / 800000
generated: 195543 / 800000
generated: 195598 / 800000
generated: 195642 / 800000
generated: 195706 / 800000
generated: 195759 / 800000
generated: 195809 / 800000
generated: 195859 / 800000
generated: 195907 / 800000
generated: 195960 / 800000
generated: 196007 / 800000
generated: 196068 / 800000
generated: 196122 / 800000
generated: 196181 / 800000
generated: 196227 / 800000
generated: 196272 / 800000
generated: 196336 / 800000
generated: 196387 / 800000
generated: 196439 / 800000
generated: 196498 / 800000
generated: 196552 / 800000
generated: 196618 / 800000
generated: 196687 / 800000
generated: 196744 / 800000
generated: 196808 / 800000
generated: 196857 / 800000
generated: 196893 / 800000
generated: 196947 / 800000
generated: 197003 / 800000
generated: 197056 / 800000
generated: 197110 / 800000
generated: 197174 / 800000
generated: 197236 / 800000
generated: 197292 / 800000
generated: 197337 / 800000
generated: 197399 / 800000
generated: 197460 / 800000
generated: 197519 / 800000
generated: 197579 / 800000
generated: 197641 / 800000
generated: 197694 / 800000
generated: 197750 / 800000
generated: 197802 / 800000
generated: 197862 / 800000
generated: 197911 / 800000
generated: 197976 / 800000
generated: 198028 / 800000
generated: 198090 / 800000
generated: 198153 / 800000
generated: 198201 / 800000
generated: 198266 / 800000
generated: 198321 / 800000
generated: 198379 / 800000
generated: 198431 / 800000
generated: 198497 / 800000
generated: 198551 / 800000
generated: 198599 / 800000
generated: 198655 / 800000
generated: 198716 / 800000
generated: 198763 / 800000
generated: 198820 / 800000
generated: 198881 / 800000
generated: 198936 / 800000
generated: 198998 / 800000
generated: 199056 / 800000
generated: 199116 / 800000
generated: 199170 / 800000
generated: 199221 / 800000
generated: 199270 / 800000
generated: 199346 / 800000
generated: 199396 / 800000
generated: 199454 / 800000
generated: 199515 / 800000
generated: 199570 / 800000
generated: 199617 / 800000
generated: 199670 / 800000
generated: 199722 / 800000
generated: 199773 / 800000
generated: 199826 / 800000
generated: 199887 / 800000
generated: 199952 / 800000
generated: 200012 / 800000
generated: 200069 / 800000
generated: 200117 / 800000
generated: 200173 / 800000
generated: 200223 / 800000
generated: 200280 / 800000
generated: 200342 / 800000
generated: 200392 / 800000
generated: 200437 / 800000
generated: 200489 / 800000
generated: 200545 / 800000
generated: 200598 / 800000
generated: 200657 / 800000
generated: 200714 / 800000
generated: 200767 / 800000
generated: 200813 / 800000
generated: 200868 / 800000
generated: 200924 / 800000
generated: 200977 / 800000
generated: 201037 / 800000
generated: 201098 / 800000
generated: 201153 / 800000
generated: 201207 / 800000
generated: 201254 / 800000
generated: 201304 / 800000
generated: 201348 / 800000
generated: 201413 / 800000
generated: 201469 / 800000
generated: 201529 / 800000
generated: 201581 / 800000
generated: 201634 / 800000
generated: 201686 / 800000
generated: 201744 / 800000
generated: 201796 / 800000
generated: 201841 / 800000
generated: 201899 / 800000
generated: 201951 / 800000
generated: 201984 / 800000
generated: 202046 / 800000
generated: 202106 / 800000
generated: 202162 / 800000
generated: 202223 / 800000
generated: 202284 / 800000
generated: 202332 / 800000
generated: 202374 / 800000
generated: 202434 / 800000
generated: 202484 / 800000
generated: 202541 / 800000
generated: 202599 / 800000
generated: 202655 / 800000
generated: 202708 / 800000
generated: 202759 / 800000
generated: 202815 / 800000
generated: 202887 / 800000
generated: 202952 / 800000
generated: 203002 / 800000
generated: 203049 / 800000
generated: 203101 / 800000
generated: 203163 / 800000
generated: 203215 / 800000
generated: 203257 / 800000
generated: 203316 / 800000
generated: 203365 / 800000
generated: 203417 / 800000
generated: 203463 / 800000
generated: 203517 / 800000
generated: 203577 / 800000
generated: 203626 / 800000
generated: 203673 / 800000
generated: 203727 / 800000
generated: 203790 / 800000
generated: 203837 / 800000
generated: 203907 / 800000
generated: 203969 / 800000
generated: 204023 / 800000
generated: 204089 / 800000
generated: 204143 / 800000
generated: 204197 / 800000
generated: 204251 / 800000
generated: 204304 / 800000
generated: 204369 / 800000
generated: 204427 / 800000
generated: 204504 / 800000
generated: 204553 / 800000
generated: 204612 / 800000
generated: 204680 / 800000
generated: 204743 / 800000
generated: 204803 / 800000
generated: 204857 / 800000
generated: 204907 / 800000
generated: 204956 / 800000
generated: 205005 / 800000
generated: 205053 / 800000
generated: 205104 / 800000
generated: 205160 / 800000
generated: 205214 / 800000
generated: 205268 / 800000
generated: 205329 / 800000
generated: 205393 / 800000
generated: 205450 / 800000
generated: 205494 / 800000
generated: 205536 / 800000
generated: 205589 / 800000
generated: 205646 / 800000
generated: 205696 / 800000
generated: 205762 / 800000
generated: 205823 / 800000
generated: 205870 / 800000
generated: 205932 / 800000
generated: 205995 / 800000
generated: 206050 / 800000
generated: 206107 / 800000
generated: 206159 / 800000
generated: 206226 / 800000
generated: 206292 / 800000
generated: 206347 / 800000
generated: 206405 / 800000
generated: 206466 / 800000
generated: 206514 / 800000
generated: 206576 / 800000
generated: 206623 / 800000
generated: 206679 / 800000
generated: 206725 / 800000
generated: 206784 / 800000
generated: 206840 / 800000
generated: 206906 / 800000
generated: 206973 / 800000
generated: 207022 / 800000
generated: 207085 / 800000
generated: 207145 / 800000
generated: 207189 / 800000
generated: 207247 / 800000
generated: 207303 / 800000
generated: 207368 / 800000
generated: 207419 / 800000
generated: 207473 / 800000
generated: 207537 / 800000
generated: 207597 / 800000
generated: 207660 / 800000
generated: 207700 / 800000
generated: 207759 / 800000
generated: 207804 / 800000
generated: 207855 / 800000
generated: 207916 / 800000
generated: 207972 / 800000
generated: 208045 / 800000
generated: 208109 / 800000
generated: 208167 / 800000
generated: 208235 / 800000
generated: 208283 / 800000
generated: 208331 / 800000
generated: 208386 / 800000
generated: 208433 / 800000
generated: 208482 / 800000
generated: 208532 / 800000
generated: 208590 / 800000
generated: 208639 / 800000
generated: 208687 / 800000
generated: 208745 / 800000
generated: 208805 / 800000
generated: 208866 / 800000
generated: 208915 / 800000
generated: 208979 / 800000
generated: 209040 / 800000
generated: 209088 / 800000
generated: 209135 / 800000
generated: 209188 / 800000
generated: 209236 / 800000
generated: 209283 / 800000
generated: 209341 / 800000
generated: 209399 / 800000
generated: 209453 / 800000
generated: 209501 / 800000
generated: 209550 / 800000
generated: 209609 / 800000
generated: 209667 / 800000
generated: 209718 / 800000
generated: 209778 / 800000
generated: 209834 / 800000
generated: 209882 / 800000
generated: 209931 / 800000
generated: 209983 / 800000
generated: 210044 / 800000
generated: 210101 / 800000
generated: 210155 / 800000
generated: 210209 / 800000
generated: 210255 / 800000
generated: 210305 / 800000
generated: 210367 / 800000
generated: 210437 / 800000
generated: 210487 / 800000
generated: 210538 / 800000
generated: 210597 / 800000
generated: 210643 / 800000
generated: 210694 / 800000
generated: 210753 / 800000
generated: 210823 / 800000
generated: 210877 / 800000
generated: 210917 / 800000
generated: 210982 / 800000
generated: 211036 / 800000
generated: 211090 / 800000
generated: 211141 / 800000
generated: 211191 / 800000
generated: 211245 / 800000
generated: 211295 / 800000
generated: 211342 / 800000
generated: 211393 / 800000
generated: 211453 / 800000
generated: 211514 / 800000
generated: 211592 / 800000
generated: 211643 / 800000
generated: 211695 / 800000
generated: 211745 / 800000
generated: 211798 / 800000
generated: 211862 / 800000
generated: 211915 / 800000
generated: 211971 / 800000
generated: 212031 / 800000
generated: 212097 / 800000
generated: 212156 / 800000
generated: 212202 / 800000
generated: 212270 / 800000
generated: 212325 / 800000
generated: 212375 / 800000
generated: 212420 / 800000
generated: 212474 / 800000
generated: 212531 / 800000
generated: 212580 / 800000
generated: 212640 / 800000
generated: 212703 / 800000
generated: 212756 / 800000
generated: 212826 / 800000
generated: 212860 / 800000
generated: 212921 / 800000
generated: 212982 / 800000
generated: 213052 / 800000
generated: 213113 / 800000
generated: 213159 / 800000
generated: 213215 / 800000
generated: 213268 / 800000
generated: 213328 / 800000
generated: 213374 / 800000
generated: 213423 / 800000
generated: 213479 / 800000
generated: 213524 / 800000
generated: 213586 / 800000
generated: 213650 / 800000
generated: 213705 / 800000
generated: 213755 / 800000
generated: 213808 / 800000
generated: 213864 / 800000
generated: 213905 / 800000
generated: 213973 / 800000
generated: 214024 / 800000
generated: 214084 / 800000
generated: 214142 / 800000
generated: 214208 / 800000
generated: 214270 / 800000
generated: 214322 / 800000
generated: 214363 / 800000
generated: 214415 / 800000
generated: 214463 / 800000
generated: 214522 / 800000
generated: 214586 / 800000
generated: 214644 / 800000
generated: 214697 / 800000
generated: 214754 / 800000
generated: 214800 / 800000
generated: 214858 / 800000
generated: 214910 / 800000
generated: 214964 / 800000
generated: 215027 / 800000
generated: 215085 / 800000
generated: 215156 / 800000
generated: 215214 / 800000
generated: 215270 / 800000
generated: 215325 / 800000
generated: 215366 / 800000
generated: 215425 / 800000
generated: 215487 / 800000
generated: 215548 / 800000
generated: 215608 / 800000
generated: 215664 / 800000
generated: 215729 / 800000
generated: 215791 / 800000
generated: 215842 / 800000
generated: 215901 / 800000
generated: 215957 / 800000
generated: 216024 / 800000
generated: 216069 / 800000
generated: 216127 / 800000
generated: 216185 / 800000
generated: 216226 / 800000
generated: 216273 / 800000
generated: 216331 / 800000
generated: 216380 / 800000
generated: 216438 / 800000
generated: 216495 / 800000
generated: 216564 / 800000
generated: 216607 / 800000
generated: 216664 / 800000
generated: 216729 / 800000
generated: 216784 / 800000
generated: 216842 / 800000
generated: 216887 / 800000
generated: 216946 / 800000
generated: 217004 / 800000
generated: 217057 / 800000
generated: 217116 / 800000
generated: 217166 / 800000
generated: 217215 / 800000
generated: 217275 / 800000
generated: 217324 / 800000
generated: 217387 / 800000
generated: 217457 / 800000
generated: 217522 / 800000
generated: 217586 / 800000
generated: 217634 / 800000
generated: 217690 / 800000
generated: 217739 / 800000
generated: 217793 / 800000
generated: 217832 / 800000
generated: 217885 / 800000
generated: 217952 / 800000
generated: 217999 / 800000
generated: 218057 / 800000
generated: 218099 / 800000
generated: 218158 / 800000
generated: 218201 / 800000
generated: 218252 / 800000
generated: 218321 / 800000
generated: 218387 / 800000
generated: 218434 / 800000
generated: 218493 / 800000
generated: 218545 / 800000
generated: 218604 / 800000
generated: 218652 / 800000
generated: 218706 / 800000
generated: 218751 / 800000
generated: 218797 / 800000
generated: 218861 / 800000
generated: 218908 / 800000
generated: 218964 / 800000
generated: 219013 / 800000
generated: 219073 / 800000
generated: 219128 / 800000
generated: 219177 / 800000
generated: 219215 / 800000
generated: 219270 / 800000
generated: 219328 / 800000
generated: 219406 / 800000
generated: 219466 / 800000
generated: 219524 / 800000
generated: 219579 / 800000
generated: 219631 / 800000
generated: 219681 / 800000
generated: 219755 / 800000
generated: 219808 / 800000
generated: 219860 / 800000
generated: 219915 / 800000
generated: 219961 / 800000
generated: 220021 / 800000
generated: 220077 / 800000
generated: 220129 / 800000
generated: 220188 / 800000
generated: 220231 / 800000
generated: 220286 / 800000
generated: 220341 / 800000
generated: 220384 / 800000
generated: 220446 / 800000
generated: 220507 / 800000
generated: 220562 / 800000
generated: 220612 / 800000
generated: 220660 / 800000
generated: 220717 / 800000
generated: 220767 / 800000
generated: 220813 / 800000
generated: 220868 / 800000
generated: 220912 / 800000
generated: 220972 / 800000
generated: 221016 / 800000
generated: 221075 / 800000
generated: 221130 / 800000
generated: 221189 / 800000
generated: 221249 / 800000
generated: 221298 / 800000
generated: 221348 / 800000
generated: 221412 / 800000
generated: 221474 / 800000
generated: 221525 / 800000
generated: 221583 / 800000
generated: 221639 / 800000
generated: 221698 / 800000
generated: 221756 / 800000
generated: 221812 / 800000
generated: 221877 / 800000
generated: 221934 / 800000
generated: 221986 / 800000
generated: 222047 / 800000
generated: 222129 / 800000
generated: 222184 / 800000
generated: 222242 / 800000
generated: 222306 / 800000
generated: 222360 / 800000
generated: 222412 / 800000
generated: 222466 / 800000
generated: 222524 / 800000
generated: 222589 / 800000
generated: 222644 / 800000
generated: 222701 / 800000
generated: 222758 / 800000
generated: 222799 / 800000
generated: 222853 / 800000
generated: 222894 / 800000
generated: 222941 / 800000
generated: 223012 / 800000
generated: 223080 / 800000
generated: 223139 / 800000
generated: 223194 / 800000
generated: 223264 / 800000
generated: 223337 / 800000
generated: 223396 / 800000
generated: 223462 / 800000
generated: 223515 / 800000
generated: 223560 / 800000
generated: 223629 / 800000
generated: 223691 / 800000
generated: 223740 / 800000
generated: 223790 / 800000
generated: 223844 / 800000
generated: 223906 / 800000
generated: 223965 / 800000
generated: 224022 / 800000
generated: 224075 / 800000
generated: 224122 / 800000
generated: 224177 / 800000
generated: 224235 / 800000
generated: 224298 / 800000
generated: 224360 / 800000
generated: 224415 / 800000
generated: 224467 / 800000
generated: 224534 / 800000
generated: 224592 / 800000
generated: 224640 / 800000
generated: 224698 / 800000
generated: 224750 / 800000
generated: 224815 / 800000
generated: 224874 / 800000
generated: 224930 / 800000
generated: 224981 / 800000
generated: 225028 / 800000
generated: 225079 / 800000
generated: 225158 / 800000
generated: 225207 / 800000
generated: 225252 / 800000
generated: 225299 / 800000
generated: 225355 / 800000
generated: 225406 / 800000
generated: 225452 / 800000
generated: 225506 / 800000
generated: 225557 / 800000
generated: 225593 / 800000
generated: 225660 / 800000
generated: 225708 / 800000
generated: 225770 / 800000
generated: 225822 / 800000
generated: 225888 / 800000
generated: 225940 / 800000
generated: 225994 / 800000
generated: 226053 / 800000
generated: 226121 / 800000
generated: 226178 / 800000
generated: 226231 / 800000
generated: 226291 / 800000
generated: 226341 / 800000
generated: 226409 / 800000
generated: 226465 / 800000
generated: 226511 / 800000
generated: 226568 / 800000
generated: 226620 / 800000
generated: 226676 / 800000
generated: 226730 / 800000
generated: 226784 / 800000
generated: 226845 / 800000
generated: 226882 / 800000
generated: 226944 / 800000
generated: 227019 / 800000
generated: 227071 / 800000
generated: 227125 / 800000
generated: 227163 / 800000
generated: 227210 / 800000
generated: 227272 / 800000
generated: 227329 / 800000
generated: 227380 / 800000
generated: 227435 / 800000
generated: 227487 / 800000
generated: 227557 / 800000
generated: 227614 / 800000
generated: 227672 / 800000
generated: 227722 / 800000
generated: 227780 / 800000
generated: 227837 / 800000
generated: 227879 / 800000
generated: 227940 / 800000
generated: 227997 / 800000
generated: 228045 / 800000
generated: 228096 / 800000
generated: 228145 / 800000
generated: 228198 / 800000
generated: 228251 / 800000
generated: 228294 / 800000
generated: 228350 / 800000
generated: 228397 / 800000
generated: 228449 / 800000
generated: 228505 / 800000
generated: 228548 / 800000
generated: 228600 / 800000
generated: 228657 / 800000
generated: 228701 / 800000
generated: 228747 / 800000
generated: 228809 / 800000
generated: 228859 / 800000
generated: 228916 / 800000
generated: 228980 / 800000
generated: 229043 / 800000
generated: 229090 / 800000
generated: 229145 / 800000
generated: 229201 / 800000
generated: 229259 / 800000
generated: 229326 / 800000
generated: 229382 / 800000
generated: 229448 / 800000
generated: 229503 / 800000
generated: 229559 / 800000
generated: 229612 / 800000
generated: 229664 / 800000
generated: 229713 / 800000
generated: 229762 / 800000
generated: 229817 / 800000
generated: 229869 / 800000
generated: 229929 / 800000
generated: 229981 / 800000
generated: 230048 / 800000
generated: 230104 / 800000
generated: 230161 / 800000
generated: 230226 / 800000
generated: 230264 / 800000
generated: 230332 / 800000
generated: 230385 / 800000
generated: 230438 / 800000
generated: 230494 / 800000
generated: 230547 / 800000
generated: 230592 / 800000
generated: 230646 / 800000
generated: 230689 / 800000
generated: 230737 / 800000
generated: 230794 / 800000
generated: 230838 / 800000
generated: 230888 / 800000
generated: 230962 / 800000
generated: 231007 / 800000
generated: 231065 / 800000
generated: 231114 / 800000
generated: 231184 / 800000
generated: 231254 / 800000
generated: 231305 / 800000
generated: 231363 / 800000
generated: 231412 / 800000
generated: 231466 / 800000
generated: 231520 / 800000
generated: 231566 / 800000
generated: 231621 / 800000
generated: 231682 / 800000
generated: 231739 / 800000
generated: 231795 / 800000
generated: 231846 / 800000
generated: 231909 / 800000
generated: 231971 / 800000
generated: 232012 / 800000
generated: 232066 / 800000
generated: 232118 / 800000
generated: 232183 / 800000
generated: 232239 / 800000
generated: 232295 / 800000
generated: 232353 / 800000
generated: 232421 / 800000
generated: 232474 / 800000
generated: 232528 / 800000
generated: 232583 / 800000
generated: 232632 / 800000
generated: 232693 / 800000
generated: 232757 / 800000
generated: 232799 / 800000
generated: 232856 / 800000
generated: 232911 / 800000
generated: 232963 / 800000
generated: 233028 / 800000
generated: 233067 / 800000
generated: 233112 / 800000
generated: 233170 / 800000
generated: 233219 / 800000
generated: 233272 / 800000
generated: 233320 / 800000
generated: 233364 / 800000
generated: 233424 / 800000
generated: 233487 / 800000
generated: 233530 / 800000
generated: 233581 / 800000
generated: 233640 / 800000
generated: 233687 / 800000
generated: 233735 / 800000
generated: 233779 / 800000
generated: 233838 / 800000
generated: 233895 / 800000
generated: 233950 / 800000
generated: 234009 / 800000
generated: 234050 / 800000
generated: 234100 / 800000
generated: 234163 / 800000
generated: 234204 / 800000
generated: 234257 / 800000
generated: 234313 / 800000
generated: 234374 / 800000
generated: 234437 / 800000
generated: 234492 / 800000
generated: 234549 / 800000
generated: 234605 / 800000
generated: 234659 / 800000
generated: 234729 / 800000
generated: 234796 / 800000
generated: 234846 / 800000
generated: 234901 / 800000
generated: 234951 / 800000
generated: 235010 / 800000
generated: 235067 / 800000
generated: 235122 / 800000
generated: 235173 / 800000
generated: 235225 / 800000
generated: 235278 / 800000
generated: 235331 / 800000
generated: 235390 / 800000
generated: 235436 / 800000
generated: 235489 / 800000
generated: 235535 / 800000
generated: 235587 / 800000
generated: 235629 / 800000
generated: 235678 / 800000
generated: 235736 / 800000
generated: 235808 / 800000
generated: 235869 / 800000
generated: 235936 / 800000
generated: 235998 / 800000
generated: 236056 / 800000
generated: 236104 / 800000
generated: 236156 / 800000
generated: 236212 / 800000
generated: 236266 / 800000
generated: 236325 / 800000
generated: 236377 / 800000
generated: 236440 / 800000
generated: 236489 / 800000
generated: 236540 / 800000
generated: 236586 / 800000
generated: 236650 / 800000
generated: 236691 / 800000
generated: 236742 / 800000
generated: 236806 / 800000
generated: 236858 / 800000
generated: 236922 / 800000
generated: 236980 / 800000
generated: 237036 / 800000
generated: 237094 / 800000
generated: 237149 / 800000
generated: 237207 / 800000
generated: 237257 / 800000
generated: 237322 / 800000
generated: 237364 / 800000
generated: 237424 / 800000
generated: 237478 / 800000
generated: 237547 / 800000
generated: 237601 / 800000
generated: 237656 / 800000
generated: 237708 / 800000
generated: 237763 / 800000
generated: 237818 / 800000
generated: 237881 / 800000
generated: 237930 / 800000
generated: 237982 / 800000
generated: 238042 / 800000
generated: 238080 / 800000
generated: 238139 / 800000
generated: 238198 / 800000
generated: 238256 / 800000
generated: 238312 / 800000
generated: 238375 / 800000
generated: 238437 / 800000
generated: 238515 / 800000
generated: 238577 / 800000
generated: 238622 / 800000
generated: 238672 / 800000
generated: 238728 / 800000
generated: 238780 / 800000
generated: 238829 / 800000
generated: 238894 / 800000
generated: 238945 / 800000
generated: 238993 / 800000
generated: 239046 / 800000
generated: 239106 / 800000
generated: 239174 / 800000
generated: 239219 / 800000
generated: 239285 / 800000
generated: 239353 / 800000
generated: 239405 / 800000
generated: 239455 / 800000
generated: 239513 / 800000
generated: 239568 / 800000
generated: 239621 / 800000
generated: 239671 / 800000
generated: 239713 / 800000
generated: 239766 / 800000
generated: 239821 / 800000
generated: 239876 / 800000
generated: 239941 / 800000
generated: 239998 / 800000
generated: 240055 / 800000
generated: 240113 / 800000
generated: 240172 / 800000
generated: 240229 / 800000
generated: 240283 / 800000
generated: 240347 / 800000
generated: 240402 / 800000
generated: 240463 / 800000
generated: 240516 / 800000
generated: 240565 / 800000
generated: 240615 / 800000
generated: 240676 / 800000
generated: 240741 / 800000
generated: 240794 / 800000
generated: 240834 / 800000
generated: 240891 / 800000
generated: 240934 / 800000
generated: 240991 / 800000
generated: 241045 / 800000
generated: 241098 / 800000
generated: 241152 / 800000
generated: 241213 / 800000
generated: 241269 / 800000
generated: 241323 / 800000
generated: 241404 / 800000
generated: 241466 / 800000
generated: 241530 / 800000
generated: 241588 / 800000
generated: 241650 / 800000
generated: 241728 / 800000
generated: 241778 / 800000
generated: 241832 / 800000
generated: 241881 / 800000
generated: 241938 / 800000
generated: 242000 / 800000
generated: 242054 / 800000
generated: 242101 / 800000
generated: 242160 / 800000
generated: 242217 / 800000
generated: 242264 / 800000
generated: 242339 / 800000
generated: 242395 / 800000
generated: 242441 / 800000
generated: 242492 / 800000
generated: 242542 / 800000
generated: 242599 / 800000
generated: 242652 / 800000
generated: 242716 / 800000
generated: 242771 / 800000
generated: 242820 / 800000
generated: 242874 / 800000
generated: 242932 / 800000
generated: 242998 / 800000
generated: 243053 / 800000
generated: 243101 / 800000
generated: 243155 / 800000
generated: 243216 / 800000
generated: 243254 / 800000
generated: 243294 / 800000
generated: 243356 / 800000
generated: 243419 / 800000
generated: 243475 / 800000
generated: 243542 / 800000
generated: 243594 / 800000
generated: 243641 / 800000
generated: 243690 / 800000
generated: 243749 / 800000
generated: 243795 / 800000
generated: 243846 / 800000
generated: 243916 / 800000
generated: 243976 / 800000
generated: 244022 / 800000
generated: 244065 / 800000
generated: 244122 / 800000
generated: 244172 / 800000
generated: 244221 / 800000
generated: 244275 / 800000
generated: 244324 / 800000
generated: 244383 / 800000
generated: 244430 / 800000
generated: 244493 / 800000
generated: 244560 / 800000
generated: 244612 / 800000
generated: 244659 / 800000
generated: 244714 / 800000
generated: 244758 / 800000
generated: 244807 / 800000
generated: 244859 / 800000
generated: 244925 / 800000
generated: 244982 / 800000
generated: 245043 / 800000
generated: 245087 / 800000
generated: 245147 / 800000
generated: 245194 / 800000
generated: 245241 / 800000
generated: 245289 / 800000
generated: 245338 / 800000
generated: 245390 / 800000
generated: 245437 / 800000
generated: 245497 / 800000
generated: 245556 / 800000
generated: 245601 / 800000
generated: 245647 / 800000
generated: 245715 / 800000
generated: 245779 / 800000
generated: 245847 / 800000
generated: 245905 / 800000
generated: 245966 / 800000
generated: 246013 / 800000
generated: 246067 / 800000
generated: 246137 / 800000
generated: 246182 / 800000
generated: 246235 / 800000
generated: 246293 / 800000
generated: 246350 / 800000
generated: 246410 / 800000
generated: 246463 / 800000
generated: 246512 / 800000
generated: 246566 / 800000
generated: 246621 / 800000
generated: 246671 / 800000
generated: 246714 / 800000
generated: 246766 / 800000
generated: 246812 / 800000
generated: 246860 / 800000
generated: 246911 / 800000
generated: 246968 / 800000
generated: 247016 / 800000
generated: 247076 / 800000
generated: 247126 / 800000
generated: 247181 / 800000
generated: 247231 / 800000
generated: 247285 / 800000
generated: 247343 / 800000
generated: 247406 / 800000
generated: 247467 / 800000
generated: 247516 / 800000
generated: 247573 / 800000
generated: 247626 / 800000
generated: 247677 / 800000
generated: 247726 / 800000
generated: 247782 / 800000
generated: 247844 / 800000
generated: 247901 / 800000
generated: 247959 / 800000
generated: 248020 / 800000
generated: 248070 / 800000
generated: 248126 / 800000
generated: 248189 / 800000
generated: 248257 / 800000
generated: 248317 / 800000
generated: 248381 / 800000
generated: 248438 / 800000
generated: 248487 / 800000
generated: 248544 / 800000
generated: 248587 / 800000
generated: 248648 / 800000
generated: 248714 / 800000
generated: 248763 / 800000
generated: 248813 / 800000
generated: 248859 / 800000
generated: 248907 / 800000
generated: 248964 / 800000
generated: 249014 / 800000
generated: 249069 / 800000
generated: 249131 / 800000
generated: 249179 / 800000
generated: 249233 / 800000
generated: 249290 / 800000
generated: 249347 / 800000
generated: 249405 / 800000
generated: 249449 / 800000
generated: 249501 / 800000
generated: 249546 / 800000
generated: 249603 / 800000
generated: 249676 / 800000
generated: 249753 / 800000
generated: 249794 / 800000
generated: 249849 / 800000
generated: 249905 / 800000
generated: 249958 / 800000
generated: 250015 / 800000
generated: 250068 / 800000
generated: 250122 / 800000
generated: 250172 / 800000
generated: 250223 / 800000
generated: 250268 / 800000
generated: 250321 / 800000
generated: 250391 / 800000
generated: 250453 / 800000
generated: 250519 / 800000
generated: 250571 / 800000
generated: 250621 / 800000
generated: 250681 / 800000
generated: 250732 / 800000
generated: 250782 / 800000
generated: 250836 / 800000
generated: 250885 / 800000
generated: 250948 / 800000
generated: 251009 / 800000
generated: 251058 / 800000
generated: 251112 / 800000
generated: 251169 / 800000
generated: 251223 / 800000
generated: 251284 / 800000
generated: 251342 / 800000
generated: 251403 / 800000
generated: 251464 / 800000
generated: 251531 / 800000
generated: 251588 / 800000
generated: 251658 / 800000
generated: 251725 / 800000
generated: 251785 / 800000
generated: 251835 / 800000
generated: 251897 / 800000
generated: 251936 / 800000
generated: 252000 / 800000
generated: 252067 / 800000
generated: 252125 / 800000
generated: 252182 / 800000
generated: 252249 / 800000
generated: 252308 / 800000
generated: 252359 / 800000
generated: 252427 / 800000
generated: 252482 / 800000
generated: 252537 / 800000
generated: 252598 / 800000
generated: 252664 / 800000
generated: 252722 / 800000
generated: 252772 / 800000
generated: 252823 / 800000
generated: 252882 / 800000
generated: 252945 / 800000
generated: 253005 / 800000
generated: 253059 / 800000
generated: 253120 / 800000
generated: 253181 / 800000
generated: 253231 / 800000
generated: 253281 / 800000
generated: 253346 / 800000
generated: 253414 / 800000
generated: 253476 / 800000
generated: 253527 / 800000
generated: 253583 / 800000
generated: 253644 / 800000
generated: 253701 / 800000
generated: 253763 / 800000
generated: 253819 / 800000
generated: 253884 / 800000
generated: 253940 / 800000
generated: 254002 / 800000
generated: 254060 / 800000
generated: 254132 / 800000
generated: 254195 / 800000
generated: 254260 / 800000
generated: 254318 / 800000
generated: 254372 / 800000
generated: 254431 / 800000
generated: 254478 / 800000
generated: 254533 / 800000
generated: 254584 / 800000
generated: 254640 / 800000
generated: 254692 / 800000
generated: 254744 / 800000
generated: 254810 / 800000
generated: 254866 / 800000
generated: 254915 / 800000
generated: 254969 / 800000
generated: 255032 / 800000
generated: 255098 / 800000
generated: 255153 / 800000
generated: 255219 / 800000
generated: 255278 / 800000
generated: 255345 / 800000
generated: 255406 / 800000
generated: 255458 / 800000
generated: 255499 / 800000
generated: 255553 / 800000
generated: 255607 / 800000
generated: 255648 / 800000
generated: 255700 / 800000
generated: 255761 / 800000
generated: 255823 / 800000
generated: 255880 / 800000
generated: 255935 / 800000
generated: 255996 / 800000
generated: 256061 / 800000
generated: 256105 / 800000
generated: 256161 / 800000
generated: 256226 / 800000
generated: 256280 / 800000
generated: 256344 / 800000
generated: 256398 / 800000
generated: 256451 / 800000
generated: 256506 / 800000
generated: 256565 / 800000
generated: 256616 / 800000
generated: 256666 / 800000
generated: 256721 / 800000
generated: 256776 / 800000
generated: 256841 / 800000
generated: 256883 / 800000
generated: 256948 / 800000
generated: 256995 / 800000
generated: 257045 / 800000
generated: 257102 / 800000
generated: 257165 / 800000
generated: 257215 / 800000
generated: 257264 / 800000
generated: 257315 / 800000
generated: 257382 / 800000
generated: 257437 / 800000
generated: 257502 / 800000
generated: 257555 / 800000
generated: 257596 / 800000
generated: 257651 / 800000
generated: 257701 / 800000
generated: 257772 / 800000
generated: 257822 / 800000
generated: 257865 / 800000
generated: 257915 / 800000
generated: 257972 / 800000
generated: 258034 / 800000
generated: 258090 / 800000
generated: 258150 / 800000
generated: 258208 / 800000
generated: 258262 / 800000
generated: 258305 / 800000
generated: 258361 / 800000
generated: 258436 / 800000
generated: 258481 / 800000
generated: 258543 / 800000
generated: 258588 / 800000
generated: 258639 / 800000
generated: 258703 / 800000
generated: 258753 / 800000
generated: 258813 / 800000
generated: 258867 / 800000
generated: 258924 / 800000
generated: 258987 / 800000
generated: 259038 / 800000
generated: 259082 / 800000
generated: 259134 / 800000
generated: 259196 / 800000
generated: 259248 / 800000
generated: 259297 / 800000
generated: 259364 / 800000
generated: 259418 / 800000
generated: 259477 / 800000
generated: 259530 / 800000
generated: 259584 / 800000
generated: 259630 / 800000
generated: 259697 / 800000
generated: 259759 / 800000
generated: 259818 / 800000
generated: 259873 / 800000
generated: 259928 / 800000
generated: 259978 / 800000
generated: 260046 / 800000
generated: 260099 / 800000
generated: 260160 / 800000
generated: 260206 / 800000
generated: 260258 / 800000
generated: 260315 / 800000
generated: 260379 / 800000
generated: 260440 / 800000
generated: 260495 / 800000
generated: 260560 / 800000
generated: 260612 / 800000
generated: 260651 / 800000
generated: 260711 / 800000
generated: 260756 / 800000
generated: 260816 / 800000
generated: 260879 / 800000
generated: 260942 / 800000
generated: 261000 / 800000
generated: 261057 / 800000
generated: 261112 / 800000
generated: 261160 / 800000
generated: 261206 / 800000
generated: 261251 / 800000
generated: 261293 / 800000
generated: 261360 / 800000
generated: 261410 / 800000
generated: 261466 / 800000
generated: 261522 / 800000
generated: 261577 / 800000
generated: 261623 / 800000
generated: 261689 / 800000
generated: 261740 / 800000
generated: 261801 / 800000
generated: 261863 / 800000
generated: 261915 / 800000
generated: 261970 / 800000
generated: 262014 / 800000
generated: 262070 / 800000
generated: 262127 / 800000
generated: 262176 / 800000
generated: 262230 / 800000
generated: 262293 / 800000
generated: 262350 / 800000
generated: 262399 / 800000
generated: 262452 / 800000
generated: 262513 / 800000
generated: 262572 / 800000
generated: 262633 / 800000
generated: 262681 / 800000
generated: 262728 / 800000
generated: 262775 / 800000
generated: 262830 / 800000
generated: 262884 / 800000
generated: 262946 / 800000
generated: 263009 / 800000
generated: 263071 / 800000
generated: 263125 / 800000
generated: 263186 / 800000
generated: 263249 / 800000
generated: 263302 / 800000
generated: 263350 / 800000
generated: 263405 / 800000
generated: 263462 / 800000
generated: 263525 / 800000
generated: 263582 / 800000
generated: 263639 / 800000
generated: 263702 / 800000
generated: 263754 / 800000
generated: 263811 / 800000
generated: 263869 / 800000
generated: 263922 / 800000
generated: 263977 / 800000
generated: 264020 / 800000
generated: 264062 / 800000
generated: 264112 / 800000
generated: 264167 / 800000
generated: 264224 / 800000
generated: 264275 / 800000
generated: 264325 / 800000
generated: 264384 / 800000
generated: 264438 / 800000
generated: 264498 / 800000
generated: 264566 / 800000
generated: 264610 / 800000
generated: 264664 / 800000
generated: 264721 / 800000
generated: 264772 / 800000
generated: 264817 / 800000
generated: 264869 / 800000
generated: 264918 / 800000
generated: 264970 / 800000
generated: 265023 / 800000
generated: 265085 / 800000
generated: 265146 / 800000
generated: 265195 / 800000
generated: 265252 / 800000
generated: 265311 / 800000
generated: 265357 / 800000
generated: 265412 / 800000
generated: 265470 / 800000
generated: 265535 / 800000
generated: 265587 / 800000
generated: 265651 / 800000
generated: 265697 / 800000
generated: 265760 / 800000
generated: 265811 / 800000
generated: 265854 / 800000
generated: 265908 / 800000
generated: 265957 / 800000
generated: 266015 / 800000
generated: 266063 / 800000
generated: 266136 / 800000
generated: 266200 / 800000
generated: 266244 / 800000
generated: 266304 / 800000
generated: 266359 / 800000
generated: 266407 / 800000
generated: 266466 / 800000
generated: 266521 / 800000
generated: 266569 / 800000
generated: 266646 / 800000
generated: 266718 / 800000
generated: 266775 / 800000
generated: 266821 / 800000
generated: 266865 / 800000
generated: 266914 / 800000
generated: 266977 / 800000
generated: 267025 / 800000
generated: 267086 / 800000
generated: 267135 / 800000
generated: 267189 / 800000
generated: 267244 / 800000
generated: 267297 / 800000
generated: 267339 / 800000
generated: 267398 / 800000
generated: 267461 / 800000
generated: 267524 / 800000
generated: 267579 / 800000
generated: 267635 / 800000
generated: 267685 / 800000
generated: 267746 / 800000
generated: 267813 / 800000
generated: 267864 / 800000
generated: 267913 / 800000
generated: 267965 / 800000
generated: 268031 / 800000
generated: 268087 / 800000
generated: 268139 / 800000
generated: 268196 / 800000
generated: 268240 / 800000
generated: 268293 / 800000
generated: 268344 / 800000
generated: 268405 / 800000
generated: 268465 / 800000
generated: 268516 / 800000
generated: 268574 / 800000
generated: 268635 / 800000
generated: 268688 / 800000
generated: 268743 / 800000
generated: 268793 / 800000
generated: 268852 / 800000
generated: 268904 / 800000
generated: 268964 / 800000
generated: 269023 / 800000
generated: 269084 / 800000
generated: 269141 / 800000
generated: 269207 / 800000
generated: 269271 / 800000
generated: 269329 / 800000
generated: 269389 / 800000
generated: 269446 / 800000
generated: 269516 / 800000
generated: 269567 / 800000
generated: 269620 / 800000
generated: 269666 / 800000
generated: 269722 / 800000
generated: 269772 / 800000
generated: 269848 / 800000
generated: 269918 / 800000
generated: 269974 / 800000
generated: 270035 / 800000
generated: 270088 / 800000
generated: 270159 / 800000
generated: 270222 / 800000
generated: 270285 / 800000
generated: 270336 / 800000
generated: 270383 / 800000
generated: 270432 / 800000
generated: 270489 / 800000
generated: 270549 / 800000
generated: 270600 / 800000
generated: 270649 / 800000
generated: 270711 / 800000
generated: 270770 / 800000
generated: 270821 / 800000
generated: 270884 / 800000
generated: 270953 / 800000
generated: 271004 / 800000
generated: 271060 / 800000
generated: 271113 / 800000
generated: 271170 / 800000
generated: 271222 / 800000
generated: 271289 / 800000
generated: 271350 / 800000
generated: 271399 / 800000
generated: 271451 / 800000
generated: 271502 / 800000
generated: 271559 / 800000
generated: 271621 / 800000
generated: 271672 / 800000
generated: 271728 / 800000
generated: 271786 / 800000
generated: 271853 / 800000
generated: 271915 / 800000
generated: 271981 / 800000
generated: 272032 / 800000
generated: 272097 / 800000
generated: 272159 / 800000
generated: 272217 / 800000
generated: 272266 / 800000
generated: 272330 / 800000
generated: 272390 / 800000
generated: 272452 / 800000
generated: 272512 / 800000
generated: 272563 / 800000
generated: 272617 / 800000
generated: 272673 / 800000
generated: 272726 / 800000
generated: 272790 / 800000
generated: 272838 / 800000
generated: 272894 / 800000
generated: 272947 / 800000
generated: 273005 / 800000
generated: 273062 / 800000
generated: 273126 / 800000
generated: 273185 / 800000
generated: 273239 / 800000
generated: 273292 / 800000
generated: 273347 / 800000
generated: 273405 / 800000
generated: 273446 / 800000
generated: 273499 / 800000
generated: 273556 / 800000
generated: 273613 / 800000
generated: 273678 / 800000
generated: 273731 / 800000
generated: 273787 / 800000
generated: 273836 / 800000
generated: 273884 / 800000
generated: 273930 / 800000
generated: 273975 / 800000
generated: 274027 / 800000
generated: 274085 / 800000
generated: 274145 / 800000
generated: 274190 / 800000
generated: 274250 / 800000
generated: 274302 / 800000
generated: 274356 / 800000
generated: 274411 / 800000
generated: 274476 / 800000
generated: 274541 / 800000
generated: 274591 / 800000
generated: 274650 / 800000
generated: 274719 / 800000
generated: 274783 / 800000
generated: 274846 / 800000
generated: 274889 / 800000
generated: 274938 / 800000
generated: 274985 / 800000
generated: 275044 / 800000
generated: 275103 / 800000
generated: 275148 / 800000
generated: 275200 / 800000
generated: 275252 / 800000
generated: 275309 / 800000
generated: 275374 / 800000
generated: 275422 / 800000
generated: 275464 / 800000
generated: 275524 / 800000
generated: 275578 / 800000
generated: 275637 / 800000
generated: 275706 / 800000
generated: 275755 / 800000
generated: 275818 / 800000
generated: 275880 / 800000
generated: 275950 / 800000
generated: 276011 / 800000
generated: 276074 / 800000
generated: 276113 / 800000
generated: 276170 / 800000
generated: 276230 / 800000
generated: 276285 / 800000
generated: 276341 / 800000
generated: 276390 / 800000
generated: 276450 / 800000
generated: 276501 / 800000
generated: 276569 / 800000
generated: 276627 / 800000
generated: 276691 / 800000
generated: 276750 / 800000
generated: 276800 / 800000
generated: 276855 / 800000
generated: 276912 / 800000
generated: 276969 / 800000
generated: 277017 / 800000
generated: 277067 / 800000
generated: 277121 / 800000
generated: 277173 / 800000
generated: 277232 / 800000
generated: 277299 / 800000
generated: 277357 / 800000
generated: 277415 / 800000
generated: 277474 / 800000
generated: 277534 / 800000
generated: 277590 / 800000
generated: 277660 / 800000
generated: 277716 / 800000
generated: 277759 / 800000
generated: 277821 / 800000
generated: 277870 / 800000
generated: 277925 / 800000
generated: 277983 / 800000
generated: 278057 / 800000
generated: 278117 / 800000
generated: 278183 / 800000
generated: 278244 / 800000
generated: 278300 / 800000
generated: 278365 / 800000
generated: 278420 / 800000
generated: 278466 / 800000
generated: 278527 / 800000
generated: 278569 / 800000
generated: 278637 / 800000
generated: 278679 / 800000
generated: 278740 / 800000
generated: 278789 / 800000
generated: 278844 / 800000
generated: 278912 / 800000
generated: 278969 / 800000
generated: 279029 / 800000
generated: 279083 / 800000
generated: 279145 / 800000
generated: 279190 / 800000
generated: 279242 / 800000
generated: 279299 / 800000
generated: 279358 / 800000
generated: 279416 / 800000
generated: 279485 / 800000
generated: 279553 / 800000
generated: 279617 / 800000
generated: 279662 / 800000
generated: 279712 / 800000
generated: 279769 / 800000
generated: 279839 / 800000
generated: 279889 / 800000
generated: 279940 / 800000
generated: 280000 / 800000
generated: 280054 / 800000
generated: 280104 / 800000
generated: 280178 / 800000
generated: 280231 / 800000
generated: 280291 / 800000
generated: 280349 / 800000
generated: 280392 / 800000
generated: 280455 / 800000
generated: 280512 / 800000
generated: 280568 / 800000
generated: 280629 / 800000
generated: 280693 / 800000
generated: 280745 / 800000
generated: 280813 / 800000
generated: 280872 / 800000
generated: 280926 / 800000
generated: 280987 / 800000
generated: 281027 / 800000
generated: 281071 / 800000
generated: 281131 / 800000
generated: 281181 / 800000
generated: 281237 / 800000
generated: 281307 / 800000
generated: 281365 / 800000
generated: 281410 / 800000
generated: 281469 / 800000
generated: 281519 / 800000
generated: 281572 / 800000
generated: 281634 / 800000
generated: 281686 / 800000
generated: 281743 / 800000
generated: 281805 / 800000
generated: 281865 / 800000
generated: 281918 / 800000
generated: 281965 / 800000
generated: 282019 / 800000
generated: 282075 / 800000
generated: 282131 / 800000
generated: 282198 / 800000
generated: 282262 / 800000
generated: 282318 / 800000
generated: 282375 / 800000
generated: 282438 / 800000
generated: 282498 / 800000
generated: 282534 / 800000
generated: 282600 / 800000
generated: 282648 / 800000
generated: 282698 / 800000
generated: 282744 / 800000
generated: 282792 / 800000
generated: 282845 / 800000
generated: 282892 / 800000
generated: 282951 / 800000
generated: 283003 / 800000
generated: 283050 / 800000
generated: 283119 / 800000
generated: 283191 / 800000
generated: 283238 / 800000
generated: 283289 / 800000
generated: 283338 / 800000
generated: 283395 / 800000
generated: 283444 / 800000
generated: 283497 / 800000
generated: 283555 / 800000
generated: 283609 / 800000
generated: 283671 / 800000
generated: 283714 / 800000
generated: 283772 / 800000
generated: 283824 / 800000
generated: 283886 / 800000
generated: 283935 / 800000
generated: 283983 / 800000
generated: 284025 / 800000
generated: 284074 / 800000
generated: 284118 / 800000
generated: 284174 / 800000
generated: 284219 / 800000
generated: 284262 / 800000
generated: 284325 / 800000
generated: 284376 / 800000
generated: 284427 / 800000
generated: 284477 / 800000
generated: 284528 / 800000
generated: 284580 / 800000
generated: 284631 / 800000
generated: 284681 / 800000
generated: 284737 / 800000
generated: 284792 / 800000
generated: 284843 / 800000
generated: 284896 / 800000
generated: 284948 / 800000
generated: 284998 / 800000
generated: 285062 / 800000
generated: 285120 / 800000
generated: 285170 / 800000
generated: 285215 / 800000
generated: 285277 / 800000
generated: 285319 / 800000
generated: 285379 / 800000
generated: 285420 / 800000
generated: 285474 / 800000
generated: 285519 / 800000
generated: 285584 / 800000
generated: 285639 / 800000
generated: 285694 / 800000
generated: 285755 / 800000
generated: 285812 / 800000
generated: 285850 / 800000
generated: 285908 / 800000
generated: 285977 / 800000
generated: 286036 / 800000
generated: 286098 / 800000
generated: 286151 / 800000
generated: 286212 / 800000
generated: 286263 / 800000
generated: 286306 / 800000
generated: 286370 / 800000
generated: 286412 / 800000
generated: 286469 / 800000
generated: 286525 / 800000
generated: 286567 / 800000
generated: 286627 / 800000
generated: 286678 / 800000
generated: 286729 / 800000
generated: 286800 / 800000
generated: 286858 / 800000
generated: 286913 / 800000
generated: 286972 / 800000
generated: 287034 / 800000
generated: 287095 / 800000
generated: 287145 / 800000
generated: 287200 / 800000
generated: 287253 / 800000
generated: 287312 / 800000
generated: 287369 / 800000
generated: 287435 / 800000
generated: 287497 / 800000
generated: 287555 / 800000
generated: 287608 / 800000
generated: 287661 / 800000
generated: 287718 / 800000
generated: 287777 / 800000
generated: 287842 / 800000
generated: 287891 / 800000
generated: 287950 / 800000
generated: 288012 / 800000
generated: 288059 / 800000
generated: 288117 / 800000
generated: 288171 / 800000
generated: 288223 / 800000
generated: 288275 / 800000
generated: 288338 / 800000
generated: 288392 / 800000
generated: 288440 / 800000
generated: 288487 / 800000
generated: 288544 / 800000
generated: 288591 / 800000
generated: 288643 / 800000
generated: 288697 / 800000
generated: 288751 / 800000
generated: 288814 / 800000
generated: 288863 / 800000
generated: 288915 / 800000
generated: 288988 / 800000
generated: 289032 / 800000
generated: 289085 / 800000
generated: 289133 / 800000
generated: 289183 / 800000
generated: 289224 / 800000
generated: 289274 / 800000
generated: 289327 / 800000
generated: 289381 / 800000
generated: 289431 / 800000
generated: 289496 / 800000
generated: 289555 / 800000
generated: 289612 / 800000
generated: 289661 / 800000
generated: 289713 / 800000
generated: 289777 / 800000
generated: 289831 / 800000
generated: 289878 / 800000
generated: 289929 / 800000
generated: 289974 / 800000
generated: 290028 / 800000
generated: 290085 / 800000
generated: 290134 / 800000
generated: 290187 / 800000
generated: 290260 / 800000
generated: 290322 / 800000
generated: 290380 / 800000
generated: 290437 / 800000
generated: 290499 / 800000
generated: 290548 / 800000
generated: 290612 / 800000
generated: 290672 / 800000
generated: 290726 / 800000
generated: 290777 / 800000
generated: 290823 / 800000
generated: 290879 / 800000
generated: 290942 / 800000
generated: 290998 / 800000
generated: 291048 / 800000
generated: 291115 / 800000
generated: 291161 / 800000
generated: 291218 / 800000
generated: 291284 / 800000
generated: 291352 / 800000
generated: 291410 / 800000
generated: 291453 / 800000
generated: 291493 / 800000
generated: 291554 / 800000
generated: 291605 / 800000
generated: 291642 / 800000
generated: 291704 / 800000
generated: 291773 / 800000
generated: 291833 / 800000
generated: 291891 / 800000
generated: 291944 / 800000
generated: 291996 / 800000
generated: 292037 / 800000
generated: 292089 / 800000
generated: 292141 / 800000
generated: 292203 / 800000
generated: 292274 / 800000
generated: 292332 / 800000
generated: 292395 / 800000
generated: 292439 / 800000
generated: 292500 / 800000
generated: 292563 / 800000
generated: 292625 / 800000
generated: 292681 / 800000
generated: 292734 / 800000
generated: 292798 / 800000
generated: 292854 / 800000
generated: 292915 / 800000
generated: 292970 / 800000
generated: 293036 / 800000
generated: 293095 / 800000
generated: 293153 / 800000
generated: 293200 / 800000
generated: 293250 / 800000
generated: 293303 / 800000
generated: 293354 / 800000
generated: 293401 / 800000
generated: 293462 / 800000
generated: 293521 / 800000
generated: 293571 / 800000
generated: 293633 / 800000
generated: 293688 / 800000
generated: 293750 / 800000
generated: 293812 / 800000
generated: 293877 / 800000
generated: 293932 / 800000
generated: 293987 / 800000
generated: 294042 / 800000
generated: 294113 / 800000
generated: 294162 / 800000
generated: 294210 / 800000
generated: 294288 / 800000
generated: 294351 / 800000
generated: 294403 / 800000
generated: 294452 / 800000
generated: 294514 / 800000
generated: 294560 / 800000
generated: 294603 / 800000
generated: 294654 / 800000
generated: 294711 / 800000
generated: 294763 / 800000
generated: 294826 / 800000
generated: 294878 / 800000
generated: 294942 / 800000
generated: 295003 / 800000
generated: 295066 / 800000
generated: 295123 / 800000
generated: 295189 / 800000
generated: 295238 / 800000
generated: 295284 / 800000
generated: 295339 / 800000
generated: 295397 / 800000
generated: 295447 / 800000
generated: 295501 / 800000
generated: 295566 / 800000
generated: 295628 / 800000
generated: 295686 / 800000
generated: 295733 / 800000
generated: 295791 / 800000
generated: 295841 / 800000
generated: 295892 / 800000
generated: 295951 / 800000
generated: 296013 / 800000
generated: 296057 / 800000
generated: 296110 / 800000
generated: 296182 / 800000
generated: 296238 / 800000
generated: 296295 / 800000
generated: 296352 / 800000
generated: 296414 / 800000
generated: 296473 / 800000
generated: 296524 / 800000
generated: 296591 / 800000
generated: 296651 / 800000
generated: 296709 / 800000
generated: 296781 / 800000
generated: 296843 / 800000
generated: 296911 / 800000
generated: 296968 / 800000
generated: 297011 / 800000
generated: 297065 / 800000
generated: 297116 / 800000
generated: 297168 / 800000
generated: 297227 / 800000
generated: 297282 / 800000
generated: 297338 / 800000
generated: 297393 / 800000
generated: 297451 / 800000
generated: 297499 / 800000
generated: 297559 / 800000
generated: 297612 / 800000
generated: 297666 / 800000
generated: 297731 / 800000
generated: 297786 / 800000
generated: 297836 / 800000
generated: 297886 / 800000
generated: 297944 / 800000
generated: 298006 / 800000
generated: 298048 / 800000
generated: 298097 / 800000
generated: 298159 / 800000
generated: 298213 / 800000
generated: 298270 / 800000
generated: 298326 / 800000
generated: 298383 / 800000
generated: 298443 / 800000
generated: 298509 / 800000
generated: 298558 / 800000
generated: 298615 / 800000
generated: 298672 / 800000
generated: 298738 / 800000
generated: 298789 / 800000
generated: 298832 / 800000
generated: 298875 / 800000
generated: 298936 / 800000
generated: 298993 / 800000
generated: 299053 / 800000
generated: 299098 / 800000
generated: 299153 / 800000
generated: 299208 / 800000
generated: 299257 / 800000
generated: 299315 / 800000
generated: 299367 / 800000
generated: 299428 / 800000
generated: 299489 / 800000
generated: 299532 / 800000
generated: 299583 / 800000
generated: 299649 / 800000
generated: 299705 / 800000
generated: 299754 / 800000
generated: 299808 / 800000
generated: 299862 / 800000
generated: 299923 / 800000
generated: 299988 / 800000
generated: 300048 / 800000
generated: 300102 / 800000
generated: 300160 / 800000
generated: 300218 / 800000
generated: 300282 / 800000
generated: 300333 / 800000
generated: 300381 / 800000
generated: 300435 / 800000
generated: 300491 / 800000
generated: 300544 / 800000
generated: 300584 / 800000
generated: 300646 / 800000
generated: 300709 / 800000
generated: 300761 / 800000
generated: 300823 / 800000
generated: 300874 / 800000
generated: 300914 / 800000
generated: 300980 / 800000
generated: 301036 / 800000
generated: 301093 / 800000
generated: 301149 / 800000
generated: 301205 / 800000
generated: 301248 / 800000
generated: 301295 / 800000
generated: 301348 / 800000
generated: 301408 / 800000
generated: 301464 / 800000
generated: 301513 / 800000
generated: 301568 / 800000
generated: 301624 / 800000
generated: 301674 / 800000
generated: 301732 / 800000
generated: 301800 / 800000
generated: 301850 / 800000
generated: 301907 / 800000
generated: 301971 / 800000
generated: 302028 / 800000
generated: 302087 / 800000
generated: 302139 / 800000
generated: 302198 / 800000
generated: 302244 / 800000
generated: 302296 / 800000
generated: 302347 / 800000
generated: 302396 / 800000
generated: 302450 / 800000
generated: 302504 / 800000
generated: 302549 / 800000
generated: 302597 / 800000
generated: 302662 / 800000
generated: 302718 / 800000
generated: 302766 / 800000
generated: 302828 / 800000
generated: 302879 / 800000
generated: 302939 / 800000
generated: 302994 / 800000
generated: 303044 / 800000
generated: 303110 / 800000
generated: 303165 / 800000
generated: 303221 / 800000
generated: 303277 / 800000
generated: 303327 / 800000
generated: 303385 / 800000
generated: 303429 / 800000
generated: 303484 / 800000
generated: 303542 / 800000
generated: 303601 / 800000
generated: 303655 / 800000
generated: 303705 / 800000
generated: 303764 / 800000
generated: 303812 / 800000
generated: 303866 / 800000
generated: 303911 / 800000
generated: 303963 / 800000
generated: 304011 / 800000
generated: 304065 / 800000
generated: 304114 / 800000
generated: 304170 / 800000
generated: 304224 / 800000
generated: 304278 / 800000
generated: 304334 / 800000
generated: 304387 / 800000
generated: 304431 / 800000
generated: 304507 / 800000
generated: 304565 / 800000
generated: 304629 / 800000
generated: 304679 / 800000
generated: 304723 / 800000
generated: 304780 / 800000
generated: 304827 / 800000
generated: 304886 / 800000
generated: 304933 / 800000
generated: 304980 / 800000
generated: 305029 / 800000
generated: 305091 / 800000
generated: 305131 / 800000
generated: 305178 / 800000
generated: 305239 / 800000
generated: 305306 / 800000
generated: 305369 / 800000
generated: 305433 / 800000
generated: 305486 / 800000
generated: 305541 / 800000
generated: 305603 / 800000
generated: 305651 / 800000
generated: 305694 / 800000
generated: 305745 / 800000
generated: 305801 / 800000
generated: 305872 / 800000
generated: 305935 / 800000
generated: 305980 / 800000
generated: 306031 / 800000
generated: 306084 / 800000
generated: 306135 / 800000
generated: 306183 / 800000
generated: 306243 / 800000
generated: 306295 / 800000
generated: 306334 / 800000
generated: 306394 / 800000
generated: 306446 / 800000
generated: 306501 / 800000
generated: 306553 / 800000
generated: 306610 / 800000
generated: 306680 / 800000
generated: 306753 / 800000
generated: 306797 / 800000
generated: 306854 / 800000
generated: 306910 / 800000
generated: 306973 / 800000
generated: 307031 / 800000
generated: 307095 / 800000
generated: 307153 / 800000
generated: 307197 / 800000
generated: 307252 / 800000
generated: 307310 / 800000
generated: 307358 / 800000
generated: 307407 / 800000
generated: 307461 / 800000
generated: 307516 / 800000
generated: 307578 / 800000
generated: 307643 / 800000
generated: 307697 / 800000
generated: 307743 / 800000
generated: 307802 / 800000
generated: 307856 / 800000
generated: 307909 / 800000
generated: 307968 / 800000
generated: 308026 / 800000
generated: 308079 / 800000
generated: 308139 / 800000
generated: 308189 / 800000
generated: 308243 / 800000
generated: 308306 / 800000
generated: 308365 / 800000
generated: 308412 / 800000
generated: 308458 / 800000
generated: 308511 / 800000
generated: 308571 / 800000
generated: 308633 / 800000
generated: 308690 / 800000
generated: 308743 / 800000
generated: 308792 / 800000
generated: 308843 / 800000
generated: 308901 / 800000
generated: 308958 / 800000
generated: 309011 / 800000
generated: 309068 / 800000
generated: 309128 / 800000
generated: 309187 / 800000
generated: 309247 / 800000
generated: 309290 / 800000
generated: 309354 / 800000
generated: 309415 / 800000
generated: 309482 / 800000
generated: 309540 / 800000
generated: 309606 / 800000
generated: 309663 / 800000
generated: 309719 / 800000
generated: 309765 / 800000
generated: 309819 / 800000
generated: 309875 / 800000
generated: 309931 / 800000
generated: 309987 / 800000
generated: 310032 / 800000
generated: 310100 / 800000
generated: 310158 / 800000
generated: 310221 / 800000
generated: 310277 / 800000
generated: 310328 / 800000
generated: 310370 / 800000
generated: 310426 / 800000
generated: 310473 / 800000
generated: 310543 / 800000
generated: 310599 / 800000
generated: 310659 / 800000
generated: 310714 / 800000
generated: 310763 / 800000
generated: 310821 / 800000
generated: 310886 / 800000
generated: 310948 / 800000
generated: 310996 / 800000
generated: 311046 / 800000
generated: 311105 / 800000
generated: 311160 / 800000
generated: 311211 / 800000
generated: 311253 / 800000
generated: 311302 / 800000
generated: 311352 / 800000
generated: 311413 / 800000
generated: 311466 / 800000
generated: 311519 / 800000
generated: 311562 / 800000
generated: 311629 / 800000
generated: 311684 / 800000
generated: 311737 / 800000
generated: 311775 / 800000
generated: 311823 / 800000
generated: 311887 / 800000
generated: 311942 / 800000
generated: 312013 / 800000
generated: 312066 / 800000
generated: 312130 / 800000
generated: 312185 / 800000
generated: 312228 / 800000
generated: 312282 / 800000
generated: 312324 / 800000
generated: 312380 / 800000
generated: 312439 / 800000
generated: 312500 / 800000
generated: 312551 / 800000
generated: 312606 / 800000
generated: 312672 / 800000
generated: 312727 / 800000
generated: 312780 / 800000
generated: 312838 / 800000
generated: 312893 / 800000
generated: 312943 / 800000
generated: 312997 / 800000
generated: 313059 / 800000
generated: 313116 / 800000
generated: 313168 / 800000
generated: 313209 / 800000
generated: 313259 / 800000
generated: 313325 / 800000
generated: 313389 / 800000
generated: 313451 / 800000
generated: 313499 / 800000
generated: 313554 / 800000
generated: 313615 / 800000
generated: 313659 / 800000
generated: 313724 / 800000
generated: 313775 / 800000
generated: 313833 / 800000
generated: 313875 / 800000
generated: 313923 / 800000
generated: 313988 / 800000
generated: 314051 / 800000
generated: 314115 / 800000
generated: 314180 / 800000
generated: 314231 / 800000
generated: 314294 / 800000
generated: 314352 / 800000
generated: 314411 / 800000
generated: 314473 / 800000
generated: 314525 / 800000
generated: 314575 / 800000
generated: 314631 / 800000
generated: 314690 / 800000
generated: 314741 / 800000
generated: 314804 / 800000
generated: 314858 / 800000
generated: 314919 / 800000
generated: 314971 / 800000
generated: 315034 / 800000
generated: 315092 / 800000
generated: 315145 / 800000
generated: 315197 / 800000
generated: 315257 / 800000
generated: 315322 / 800000
generated: 315377 / 800000
generated: 315435 / 800000
generated: 315495 / 800000
generated: 315551 / 800000
generated: 315614 / 800000
generated: 315678 / 800000
generated: 315744 / 800000
generated: 315789 / 800000
generated: 315847 / 800000
generated: 315902 / 800000
generated: 315950 / 800000
generated: 316018 / 800000
generated: 316074 / 800000
generated: 316136 / 800000
generated: 316184 / 800000
generated: 316240 / 800000
generated: 316286 / 800000
generated: 316348 / 800000
generated: 316416 / 800000
generated: 316467 / 800000
generated: 316512 / 800000
generated: 316557 / 800000
generated: 316604 / 800000
generated: 316654 / 800000
generated: 316703 / 800000
generated: 316762 / 800000
generated: 316813 / 800000
generated: 316864 / 800000
generated: 316918 / 800000
generated: 316981 / 800000
generated: 317034 / 800000
generated: 317092 / 800000
generated: 317158 / 800000
generated: 317218 / 800000
generated: 317271 / 800000
generated: 317318 / 800000
generated: 317363 / 800000
generated: 317425 / 800000
generated: 317478 / 800000
generated: 317535 / 800000
generated: 317595 / 800000
generated: 317659 / 800000
generated: 317712 / 800000
generated: 317769 / 800000
generated: 317843 / 800000
generated: 317902 / 800000
generated: 317948 / 800000
generated: 317998 / 800000
generated: 318065 / 800000
generated: 318131 / 800000
generated: 318187 / 800000
generated: 318236 / 800000
generated: 318279 / 800000
generated: 318325 / 800000
generated: 318380 / 800000
generated: 318431 / 800000
generated: 318487 / 800000
generated: 318541 / 800000
generated: 318598 / 800000
generated: 318650 / 800000
generated: 318703 / 800000
generated: 318752 / 800000
generated: 318804 / 800000
generated: 318855 / 800000
generated: 318921 / 800000
generated: 318970 / 800000
generated: 319028 / 800000
generated: 319078 / 800000
generated: 319141 / 800000
generated: 319194 / 800000
generated: 319245 / 800000
generated: 319303 / 800000
generated: 319364 / 800000
generated: 319418 / 800000
generated: 319472 / 800000
generated: 319529 / 800000
generated: 319592 / 800000
generated: 319648 / 800000
generated: 319709 / 800000
generated: 319764 / 800000
generated: 319830 / 800000
generated: 319875 / 800000
generated: 319931 / 800000
generated: 319983 / 800000
generated: 320043 / 800000
generated: 320091 / 800000
generated: 320151 / 800000
generated: 320210 / 800000
generated: 320263 / 800000
generated: 320314 / 800000
generated: 320373 / 800000
generated: 320423 / 800000
generated: 320474 / 800000
generated: 320533 / 800000
generated: 320581 / 800000
generated: 320652 / 800000
generated: 320714 / 800000
generated: 320763 / 800000
generated: 320809 / 800000
generated: 320869 / 800000
generated: 320921 / 800000
generated: 320980 / 800000
generated: 321030 / 800000
generated: 321087 / 800000
generated: 321145 / 800000
generated: 321191 / 800000
generated: 321240 / 800000
generated: 321306 / 800000
generated: 321360 / 800000
generated: 321415 / 800000
generated: 321474 / 800000
generated: 321529 / 800000
generated: 321575 / 800000
generated: 321627 / 800000
generated: 321672 / 800000
generated: 321734 / 800000
generated: 321793 / 800000
generated: 321834 / 800000
generated: 321887 / 800000
generated: 321955 / 800000
generated: 322003 / 800000
generated: 322057 / 800000
generated: 322125 / 800000
generated: 322189 / 800000
generated: 322232 / 800000
generated: 322297 / 800000
generated: 322347 / 800000
generated: 322406 / 800000
generated: 322468 / 800000
generated: 322536 / 800000
generated: 322589 / 800000
generated: 322638 / 800000
generated: 322695 / 800000
generated: 322743 / 800000
generated: 322797 / 800000
generated: 322858 / 800000
generated: 322926 / 800000
generated: 322982 / 800000
generated: 323027 / 800000
generated: 323077 / 800000
generated: 323140 / 800000
generated: 323201 / 800000
generated: 323254 / 800000
generated: 323315 / 800000
generated: 323381 / 800000
generated: 323432 / 800000
generated: 323489 / 800000
generated: 323533 / 800000
generated: 323576 / 800000
generated: 323638 / 800000
generated: 323681 / 800000
generated: 323729 / 800000
generated: 323790 / 800000
generated: 323836 / 800000
generated: 323900 / 800000
generated: 323957 / 800000
generated: 324024 / 800000
generated: 324097 / 800000
generated: 324156 / 800000
generated: 324211 / 800000
generated: 324259 / 800000
generated: 324319 / 800000
generated: 324376 / 800000
generated: 324418 / 800000
generated: 324471 / 800000
generated: 324521 / 800000
generated: 324578 / 800000
generated: 324633 / 800000
generated: 324684 / 800000
generated: 324740 / 800000
generated: 324801 / 800000
generated: 324843 / 800000
generated: 324898 / 800000
generated: 324954 / 800000
generated: 325008 / 800000
generated: 325071 / 800000
generated: 325117 / 800000
generated: 325177 / 800000
generated: 325237 / 800000
generated: 325287 / 800000
generated: 325350 / 800000
generated: 325412 / 800000
generated: 325467 / 800000
generated: 325530 / 800000
generated: 325590 / 800000
generated: 325647 / 800000
generated: 325697 / 800000
generated: 325762 / 800000
generated: 325816 / 800000
generated: 325860 / 800000
generated: 325929 / 800000
generated: 325980 / 800000
generated: 326029 / 800000
generated: 326075 / 800000
generated: 326136 / 800000
generated: 326193 / 800000
generated: 326253 / 800000
generated: 326307 / 800000
generated: 326383 / 800000
generated: 326441 / 800000
generated: 326504 / 800000
generated: 326553 / 800000
generated: 326608 / 800000
generated: 326664 / 800000
generated: 326730 / 800000
generated: 326797 / 800000
generated: 326848 / 800000
generated: 326908 / 800000
generated: 326966 / 800000
generated: 327028 / 800000
generated: 327084 / 800000
generated: 327126 / 800000
generated: 327184 / 800000
generated: 327238 / 800000
generated: 327287 / 800000
generated: 327346 / 800000
generated: 327407 / 800000
generated: 327459 / 800000
generated: 327518 / 800000
generated: 327566 / 800000
generated: 327616 / 800000
generated: 327671 / 800000
generated: 327720 / 800000
generated: 327786 / 800000
generated: 327835 / 800000
generated: 327898 / 800000
generated: 327956 / 800000
generated: 328017 / 800000
generated: 328072 / 800000
generated: 328133 / 800000
generated: 328186 / 800000
generated: 328250 / 800000
generated: 328309 / 800000
generated: 328365 / 800000
generated: 328418 / 800000
generated: 328477 / 800000
generated: 328524 / 800000
generated: 328574 / 800000
generated: 328628 / 800000
generated: 328691 / 800000
generated: 328742 / 800000
generated: 328798 / 800000
generated: 328849 / 800000
generated: 328919 / 800000
generated: 328971 / 800000
generated: 329038 / 800000
generated: 329102 / 800000
generated: 329180 / 800000
generated: 329234 / 800000
generated: 329285 / 800000
generated: 329331 / 800000
generated: 329394 / 800000
generated: 329448 / 800000
generated: 329504 / 800000
generated: 329570 / 800000
generated: 329629 / 800000
generated: 329678 / 800000
generated: 329744 / 800000
generated: 329797 / 800000
generated: 329859 / 800000
generated: 329915 / 800000
generated: 329968 / 800000
generated: 330033 / 800000
generated: 330078 / 800000
generated: 330139 / 800000
generated: 330195 / 800000
generated: 330248 / 800000
generated: 330304 / 800000
generated: 330356 / 800000
generated: 330420 / 800000
generated: 330471 / 800000
generated: 330519 / 800000
generated: 330582 / 800000
generated: 330638 / 800000
generated: 330689 / 800000
generated: 330724 / 800000
generated: 330779 / 800000
generated: 330826 / 800000
generated: 330897 / 800000
generated: 330946 / 800000
generated: 331003 / 800000
generated: 331057 / 800000
generated: 331122 / 800000
generated: 331179 / 800000
generated: 331241 / 800000
generated: 331299 / 800000
generated: 331348 / 800000
generated: 331401 / 800000
generated: 331462 / 800000
generated: 331532 / 800000
generated: 331585 / 800000
generated: 331640 / 800000
generated: 331696 / 800000
generated: 331761 / 800000
generated: 331825 / 800000
generated: 331886 / 800000
generated: 331937 / 800000
generated: 331996 / 800000
generated: 332053 / 800000
generated: 332102 / 800000
generated: 332153 / 800000
generated: 332219 / 800000
generated: 332274 / 800000
generated: 332333 / 800000
generated: 332382 / 800000
generated: 332437 / 800000
generated: 332507 / 800000
generated: 332561 / 800000
generated: 332641 / 800000
generated: 332702 / 800000
generated: 332763 / 800000
generated: 332831 / 800000
generated: 332884 / 800000
generated: 332954 / 800000
generated: 333003 / 800000
generated: 333063 / 800000
generated: 333119 / 800000
generated: 333183 / 800000
generated: 333233 / 800000
generated: 333280 / 800000
generated: 333322 / 800000
generated: 333372 / 800000
generated: 333437 / 800000
generated: 333499 / 800000
generated: 333553 / 800000
generated: 333611 / 800000
generated: 333654 / 800000
generated: 333704 / 800000
generated: 333757 / 800000
generated: 333816 / 800000
generated: 333872 / 800000
generated: 333930 / 800000
generated: 333987 / 800000
generated: 334035 / 800000
generated: 334081 / 800000
generated: 334141 / 800000
generated: 334206 / 800000
generated: 334271 / 800000
generated: 334330 / 800000
generated: 334383 / 800000
generated: 334439 / 800000
generated: 334494 / 800000
generated: 334549 / 800000
generated: 334603 / 800000
generated: 334660 / 800000
generated: 334718 / 800000
generated: 334770 / 800000
generated: 334825 / 800000
generated: 334884 / 800000
generated: 334935 / 800000
generated: 334998 / 800000
generated: 335059 / 800000
generated: 335109 / 800000
generated: 335162 / 800000
generated: 335225 / 800000
generated: 335282 / 800000
generated: 335350 / 800000
generated: 335407 / 800000
generated: 335462 / 800000
generated: 335528 / 800000
generated: 335587 / 800000
generated: 335643 / 800000
generated: 335696 / 800000
generated: 335747 / 800000
generated: 335796 / 800000
generated: 335858 / 800000
generated: 335916 / 800000
generated: 335967 / 800000
generated: 336012 / 800000
generated: 336067 / 800000
generated: 336125 / 800000
generated: 336179 / 800000
generated: 336221 / 800000
generated: 336270 / 800000
generated: 336331 / 800000
generated: 336388 / 800000
generated: 336434 / 800000
generated: 336486 / 800000
generated: 336525 / 800000
generated: 336583 / 800000
generated: 336638 / 800000
generated: 336686 / 800000
generated: 336737 / 800000
generated: 336790 / 800000
generated: 336846 / 800000
generated: 336909 / 800000
generated: 336960 / 800000
generated: 337011 / 800000
generated: 337056 / 800000
generated: 337100 / 800000
generated: 337170 / 800000
generated: 337219 / 800000
generated: 337288 / 800000
generated: 337339 / 800000
generated: 337386 / 800000
generated: 337442 / 800000
generated: 337507 / 800000
generated: 337554 / 800000
generated: 337594 / 800000
generated: 337657 / 800000
generated: 337715 / 800000
generated: 337759 / 800000
generated: 337807 / 800000
generated: 337857 / 800000
generated: 337906 / 800000
generated: 337966 / 800000
generated: 338024 / 800000
generated: 338075 / 800000
generated: 338123 / 800000
generated: 338181 / 800000
generated: 338223 / 800000
generated: 338282 / 800000
generated: 338334 / 800000
generated: 338398 / 800000
generated: 338445 / 800000
generated: 338487 / 800000
generated: 338570 / 800000
generated: 338623 / 800000
generated: 338657 / 800000
generated: 338734 / 800000
generated: 338791 / 800000
generated: 338834 / 800000
generated: 338890 / 800000
generated: 338958 / 800000
generated: 339016 / 800000
generated: 339075 / 800000
generated: 339126 / 800000
generated: 339187 / 800000
generated: 339254 / 800000
generated: 339306 / 800000
generated: 339357 / 800000
generated: 339417 / 800000
generated: 339469 / 800000
generated: 339526 / 800000
generated: 339582 / 800000
generated: 339632 / 800000
generated: 339681 / 800000
generated: 339735 / 800000
generated: 339781 / 800000
generated: 339842 / 800000
generated: 339887 / 800000
generated: 339934 / 800000
generated: 340010 / 800000
generated: 340067 / 800000
generated: 340111 / 800000
generated: 340169 / 800000
generated: 340225 / 800000
generated: 340277 / 800000
generated: 340339 / 800000
generated: 340400 / 800000
generated: 340455 / 800000
generated: 340495 / 800000
generated: 340554 / 800000
generated: 340606 / 800000
generated: 340671 / 800000
generated: 340726 / 800000
generated: 340764 / 800000
generated: 340827 / 800000
generated: 340879 / 800000
generated: 340943 / 800000
generated: 340988 / 800000
generated: 341050 / 800000
generated: 341117 / 800000
generated: 341172 / 800000
generated: 341233 / 800000
generated: 341286 / 800000
generated: 341348 / 800000
generated: 341409 / 800000
generated: 341491 / 800000
generated: 341542 / 800000
generated: 341598 / 800000
generated: 341651 / 800000
generated: 341700 / 800000
generated: 341767 / 800000
generated: 341837 / 800000
generated: 341887 / 800000
generated: 341943 / 800000
generated: 342001 / 800000
generated: 342070 / 800000
generated: 342125 / 800000
generated: 342183 / 800000
generated: 342241 / 800000
generated: 342308 / 800000
generated: 342358 / 800000
generated: 342411 / 800000
generated: 342469 / 800000
generated: 342522 / 800000
generated: 342588 / 800000
generated: 342653 / 800000
generated: 342719 / 800000
generated: 342769 / 800000
generated: 342819 / 800000
generated: 342867 / 800000
generated: 342923 / 800000
generated: 342965 / 800000
generated: 343017 / 800000
generated: 343078 / 800000
generated: 343131 / 800000
generated: 343196 / 800000
generated: 343248 / 800000
generated: 343319 / 800000
generated: 343373 / 800000
generated: 343435 / 800000
generated: 343481 / 800000
generated: 343542 / 800000
generated: 343595 / 800000
generated: 343653 / 800000
generated: 343727 / 800000
generated: 343773 / 800000
generated: 343833 / 800000
generated: 343886 / 800000
generated: 343938 / 800000
generated: 343981 / 800000
generated: 344042 / 800000
generated: 344099 / 800000
generated: 344148 / 800000
generated: 344200 / 800000
generated: 344267 / 800000
generated: 344321 / 800000
generated: 344380 / 800000
generated: 344448 / 800000
generated: 344510 / 800000
generated: 344553 / 800000
generated: 344612 / 800000
generated: 344670 / 800000
generated: 344731 / 800000
generated: 344800 / 800000
generated: 344855 / 800000
generated: 344915 / 800000
generated: 344993 / 800000
generated: 345045 / 800000
generated: 345087 / 800000
generated: 345135 / 800000
generated: 345195 / 800000
generated: 345264 / 800000
generated: 345319 / 800000
generated: 345367 / 800000
generated: 345419 / 800000
generated: 345480 / 800000
generated: 345542 / 800000
generated: 345597 / 800000
generated: 345644 / 800000
generated: 345697 / 800000
generated: 345748 / 800000
generated: 345802 / 800000
generated: 345855 / 800000
generated: 345914 / 800000
generated: 345974 / 800000
generated: 346024 / 800000
generated: 346080 / 800000
generated: 346135 / 800000
generated: 346188 / 800000
generated: 346242 / 800000
generated: 346290 / 800000
generated: 346336 / 800000
generated: 346387 / 800000
generated: 346447 / 800000
generated: 346503 / 800000
generated: 346567 / 800000
generated: 346627 / 800000
generated: 346698 / 800000
generated: 346755 / 800000
generated: 346805 / 800000
generated: 346861 / 800000
generated: 346922 / 800000
generated: 346971 / 800000
generated: 347028 / 800000
generated: 347083 / 800000
generated: 347143 / 800000
generated: 347203 / 800000
generated: 347263 / 800000
generated: 347322 / 800000
generated: 347385 / 800000
generated: 347438 / 800000
generated: 347495 / 800000
generated: 347552 / 800000
generated: 347603 / 800000
generated: 347655 / 800000
generated: 347714 / 800000
generated: 347773 / 800000
generated: 347825 / 800000
generated: 347879 / 800000
generated: 347938 / 800000
generated: 348008 / 800000
generated: 348065 / 800000
generated: 348103 / 800000
generated: 348165 / 800000
generated: 348222 / 800000
generated: 348265 / 800000
generated: 348339 / 800000
generated: 348392 / 800000
generated: 348453 / 800000
generated: 348517 / 800000
generated: 348563 / 800000
generated: 348616 / 800000
generated: 348679 / 800000
generated: 348740 / 800000
generated: 348805 / 800000
generated: 348848 / 800000
generated: 348910 / 800000
generated: 348968 / 800000
generated: 349027 / 800000
generated: 349092 / 800000
generated: 349141 / 800000
generated: 349196 / 800000
generated: 349258 / 800000
generated: 349303 / 800000
generated: 349364 / 800000
generated: 349425 / 800000
generated: 349480 / 800000
generated: 349542 / 800000
generated: 349601 / 800000
generated: 349651 / 800000
generated: 349713 / 800000
generated: 349764 / 800000
generated: 349812 / 800000
generated: 349868 / 800000
generated: 349916 / 800000
generated: 349962 / 800000
generated: 350021 / 800000
generated: 350075 / 800000
generated: 350130 / 800000
generated: 350192 / 800000
generated: 350254 / 800000
generated: 350317 / 800000
generated: 350376 / 800000
generated: 350438 / 800000
generated: 350480 / 800000
generated: 350550 / 800000
generated: 350612 / 800000
generated: 350673 / 800000
generated: 350726 / 800000
generated: 350792 / 800000
generated: 350837 / 800000
generated: 350889 / 800000
generated: 350950 / 800000
generated: 351004 / 800000
generated: 351064 / 800000
generated: 351112 / 800000
generated: 351170 / 800000
generated: 351223 / 800000
generated: 351289 / 800000
generated: 351340 / 800000
generated: 351397 / 800000
generated: 351440 / 800000
generated: 351501 / 800000
generated: 351575 / 800000
generated: 351627 / 800000
generated: 351683 / 800000
generated: 351741 / 800000
generated: 351806 / 800000
generated: 351857 / 800000
generated: 351907 / 800000
generated: 351972 / 800000
generated: 352029 / 800000
generated: 352097 / 800000
generated: 352141 / 800000
generated: 352211 / 800000
generated: 352277 / 800000
generated: 352337 / 800000
generated: 352391 / 800000
generated: 352448 / 800000
generated: 352500 / 800000
generated: 352548 / 800000
generated: 352600 / 800000
generated: 352665 / 800000
generated: 352729 / 800000
generated: 352771 / 800000
generated: 352820 / 800000
generated: 352880 / 800000
generated: 352939 / 800000
generated: 353011 / 800000
generated: 353061 / 800000
generated: 353108 / 800000
generated: 353154 / 800000
generated: 353208 / 800000
generated: 353262 / 800000
generated: 353315 / 800000
generated: 353382 / 800000
generated: 353441 / 800000
generated: 353493 / 800000
generated: 353552 / 800000
generated: 353601 / 800000
generated: 353653 / 800000
generated: 353706 / 800000
generated: 353760 / 800000
generated: 353797 / 800000
generated: 353864 / 800000
generated: 353914 / 800000
generated: 353964 / 800000
generated: 354015 / 800000
generated: 354063 / 800000
generated: 354119 / 800000
generated: 354169 / 800000
generated: 354225 / 800000
generated: 354281 / 800000
generated: 354345 / 800000
generated: 354397 / 800000
generated: 354456 / 800000
generated: 354518 / 800000
generated: 354577 / 800000
generated: 354646 / 800000
generated: 354708 / 800000
generated: 354761 / 800000
generated: 354817 / 800000
generated: 354876 / 800000
generated: 354930 / 800000
generated: 354982 / 800000
generated: 355038 / 800000
generated: 355086 / 800000
generated: 355124 / 800000
generated: 355189 / 800000
generated: 355257 / 800000
generated: 355304 / 800000
generated: 355363 / 800000
generated: 355410 / 800000
generated: 355455 / 800000
generated: 355505 / 800000
generated: 355572 / 800000
generated: 355621 / 800000
generated: 355675 / 800000
generated: 355727 / 800000
generated: 355784 / 800000
generated: 355825 / 800000
generated: 355882 / 800000
generated: 355929 / 800000
generated: 355987 / 800000
generated: 356043 / 800000
generated: 356102 / 800000
generated: 356144 / 800000
generated: 356194 / 800000
generated: 356252 / 800000
generated: 356310 / 800000
generated: 356373 / 800000
generated: 356423 / 800000
generated: 356472 / 800000
generated: 356514 / 800000
generated: 356564 / 800000
generated: 356623 / 800000
generated: 356683 / 800000
generated: 356733 / 800000
generated: 356787 / 800000
generated: 356846 / 800000
generated: 356914 / 800000
generated: 356962 / 800000
generated: 357011 / 800000
generated: 357070 / 800000
generated: 357124 / 800000
generated: 357176 / 800000
generated: 357218 / 800000
generated: 357282 / 800000
generated: 357327 / 800000
generated: 357379 / 800000
generated: 357449 / 800000
generated: 357504 / 800000
generated: 357560 / 800000
generated: 357614 / 800000
generated: 357664 / 800000
generated: 357715 / 800000
generated: 357771 / 800000
generated: 357834 / 800000
generated: 357892 / 800000
generated: 357957 / 800000
generated: 358003 / 800000
generated: 358063 / 800000
generated: 358112 / 800000
generated: 358164 / 800000
generated: 358213 / 800000
generated: 358273 / 800000
generated: 358329 / 800000
generated: 358387 / 800000
generated: 358437 / 800000
generated: 358498 / 800000
generated: 358550 / 800000
generated: 358603 / 800000
generated: 358659 / 800000
generated: 358710 / 800000
generated: 358757 / 800000
generated: 358801 / 800000
generated: 358851 / 800000
generated: 358910 / 800000
generated: 358973 / 800000
generated: 359033 / 800000
generated: 359080 / 800000
generated: 359139 / 800000
generated: 359195 / 800000
generated: 359251 / 800000
generated: 359312 / 800000
generated: 359371 / 800000
generated: 359429 / 800000
generated: 359464 / 800000
generated: 359512 / 800000
generated: 359566 / 800000
generated: 359618 / 800000
generated: 359672 / 800000
generated: 359731 / 800000
generated: 359802 / 800000
generated: 359860 / 800000
generated: 359913 / 800000
generated: 359973 / 800000
generated: 360042 / 800000
generated: 360095 / 800000
generated: 360158 / 800000
generated: 360221 / 800000
generated: 360265 / 800000
generated: 360322 / 800000
generated: 360376 / 800000
generated: 360432 / 800000
generated: 360501 / 800000
generated: 360566 / 800000
generated: 360631 / 800000
generated: 360689 / 800000
generated: 360737 / 800000
generated: 360811 / 800000
generated: 360859 / 800000
generated: 360919 / 800000
generated: 360982 / 800000
generated: 361046 / 800000
generated: 361100 / 800000
generated: 361146 / 800000
generated: 361203 / 800000
generated: 361275 / 800000
generated: 361339 / 800000
generated: 361397 / 800000
generated: 361461 / 800000
generated: 361505 / 800000
generated: 361552 / 800000
generated: 361622 / 800000
generated: 361674 / 800000
generated: 361746 / 800000
generated: 361811 / 800000
generated: 361865 / 800000
generated: 361920 / 800000
generated: 361970 / 800000
generated: 362024 / 800000
generated: 362079 / 800000
generated: 362130 / 800000
generated: 362173 / 800000
generated: 362220 / 800000
generated: 362281 / 800000
generated: 362341 / 800000
generated: 362395 / 800000
generated: 362454 / 800000
generated: 362513 / 800000
generated: 362567 / 800000
generated: 362623 / 800000
generated: 362674 / 800000
generated: 362729 / 800000
generated: 362789 / 800000
generated: 362851 / 800000
generated: 362898 / 800000
generated: 362943 / 800000
generated: 363000 / 800000
generated: 363058 / 800000
generated: 363125 / 800000
generated: 363188 / 800000
generated: 363247 / 800000
generated: 363306 / 800000
generated: 363368 / 800000
generated: 363430 / 800000
generated: 363477 / 800000
generated: 363534 / 800000
generated: 363577 / 800000
generated: 363628 / 800000
generated: 363685 / 800000
generated: 363744 / 800000
generated: 363795 / 800000
generated: 363859 / 800000
generated: 363915 / 800000
generated: 363977 / 800000
generated: 364028 / 800000
generated: 364082 / 800000
generated: 364127 / 800000
generated: 364169 / 800000
generated: 364213 / 800000
generated: 364270 / 800000
generated: 364337 / 800000
generated: 364390 / 800000
generated: 364440 / 800000
generated: 364493 / 800000
generated: 364547 / 800000
generated: 364606 / 800000
generated: 364658 / 800000
generated: 364710 / 800000
generated: 364759 / 800000
generated: 364814 / 800000
generated: 364877 / 800000
generated: 364939 / 800000
generated: 364990 / 800000
generated: 365052 / 800000
generated: 365106 / 800000
generated: 365158 / 800000
generated: 365209 / 800000
generated: 365260 / 800000
generated: 365325 / 800000
generated: 365381 / 800000
generated: 365445 / 800000
generated: 365502 / 800000
generated: 365555 / 800000
generated: 365613 / 800000
generated: 365661 / 800000
generated: 365717 / 800000
generated: 365779 / 800000
generated: 365841 / 800000
generated: 365902 / 800000
generated: 365954 / 800000
generated: 366010 / 800000
generated: 366059 / 800000
generated: 366116 / 800000
generated: 366167 / 800000
generated: 366215 / 800000
generated: 366276 / 800000
generated: 366333 / 800000
generated: 366402 / 800000
generated: 366450 / 800000
generated: 366501 / 800000
generated: 366563 / 800000
generated: 366622 / 800000
generated: 366679 / 800000
generated: 366746 / 800000
generated: 366802 / 800000
generated: 366853 / 800000
generated: 366920 / 800000
generated: 366971 / 800000
generated: 367034 / 800000
generated: 367100 / 800000
generated: 367156 / 800000
generated: 367202 / 800000
generated: 367256 / 800000
generated: 367310 / 800000
generated: 367358 / 800000
generated: 367432 / 800000
generated: 367484 / 800000
generated: 367538 / 800000
generated: 367593 / 800000
generated: 367655 / 800000
generated: 367706 / 800000
generated: 367768 / 800000
generated: 367820 / 800000
generated: 367873 / 800000
generated: 367931 / 800000
generated: 367982 / 800000
generated: 368030 / 800000
generated: 368094 / 800000
generated: 368148 / 800000
generated: 368201 / 800000
generated: 368264 / 800000
generated: 368325 / 800000
generated: 368372 / 800000
generated: 368428 / 800000
generated: 368481 / 800000
generated: 368528 / 800000
generated: 368592 / 800000
generated: 368655 / 800000
generated: 368718 / 800000
generated: 368774 / 800000
generated: 368837 / 800000
generated: 368888 / 800000
generated: 368939 / 800000
generated: 368981 / 800000
generated: 369038 / 800000
generated: 369110 / 800000
generated: 369167 / 800000
generated: 369223 / 800000
generated: 369276 / 800000
generated: 369344 / 800000
generated: 369393 / 800000
generated: 369436 / 800000
generated: 369480 / 800000
generated: 369553 / 800000
generated: 369602 / 800000
generated: 369649 / 800000
generated: 369697 / 800000
generated: 369742 / 800000
generated: 369806 / 800000
generated: 369864 / 800000
generated: 369933 / 800000
generated: 369990 / 800000
generated: 370040 / 800000
generated: 370099 / 800000
generated: 370152 / 800000
generated: 370201 / 800000
generated: 370267 / 800000
generated: 370330 / 800000
generated: 370383 / 800000
generated: 370439 / 800000
generated: 370482 / 800000
generated: 370531 / 800000
generated: 370587 / 800000
generated: 370642 / 800000
generated: 370706 / 800000
generated: 370764 / 800000
generated: 370813 / 800000
generated: 370861 / 800000
generated: 370918 / 800000
generated: 370979 / 800000
generated: 371045 / 800000
generated: 371106 / 800000
generated: 371162 / 800000
generated: 371229 / 800000
generated: 371287 / 800000
generated: 371359 / 800000
generated: 371413 / 800000
generated: 371468 / 800000
generated: 371523 / 800000
generated: 371565 / 800000
generated: 371623 / 800000
generated: 371679 / 800000
generated: 371736 / 800000
generated: 371803 / 800000
generated: 371856 / 800000
generated: 371919 / 800000
generated: 371985 / 800000
generated: 372031 / 800000
generated: 372081 / 800000
generated: 372126 / 800000
generated: 372175 / 800000
generated: 372225 / 800000
generated: 372289 / 800000
generated: 372345 / 800000
generated: 372401 / 800000
generated: 372455 / 800000
generated: 372499 / 800000
generated: 372570 / 800000
generated: 372632 / 800000
generated: 372694 / 800000
generated: 372758 / 800000
generated: 372815 / 800000
generated: 372863 / 800000
generated: 372918 / 800000
generated: 372973 / 800000
generated: 373028 / 800000
generated: 373088 / 800000
generated: 373155 / 800000
generated: 373215 / 800000
generated: 373265 / 800000
generated: 373311 / 800000
generated: 373359 / 800000
generated: 373418 / 800000
generated: 373477 / 800000
generated: 373528 / 800000
generated: 373574 / 800000
generated: 373621 / 800000
generated: 373686 / 800000
generated: 373750 / 800000
generated: 373807 / 800000
generated: 373863 / 800000
generated: 373919 / 800000
generated: 373983 / 800000
generated: 374047 / 800000
generated: 374104 / 800000
generated: 374164 / 800000
generated: 374222 / 800000
generated: 374281 / 800000
generated: 374327 / 800000
generated: 374377 / 800000
generated: 374429 / 800000
generated: 374481 / 800000
generated: 374550 / 800000
generated: 374608 / 800000
generated: 374662 / 800000
generated: 374733 / 800000
generated: 374794 / 800000
generated: 374843 / 800000
generated: 374891 / 800000
generated: 374940 / 800000
generated: 375011 / 800000
generated: 375072 / 800000
generated: 375131 / 800000
generated: 375190 / 800000
generated: 375243 / 800000
generated: 375295 / 800000
generated: 375341 / 800000
generated: 375390 / 800000
generated: 375446 / 800000
generated: 375495 / 800000
generated: 375556 / 800000
generated: 375613 / 800000
generated: 375679 / 800000
generated: 375743 / 800000
generated: 375799 / 800000
generated: 375870 / 800000
generated: 375930 / 800000
generated: 376003 / 800000
generated: 376065 / 800000
generated: 376114 / 800000
generated: 376158 / 800000
generated: 376219 / 800000
generated: 376262 / 800000
generated: 376321 / 800000
generated: 376385 / 800000
generated: 376440 / 800000
generated: 376480 / 800000
generated: 376543 / 800000
generated: 376597 / 800000
generated: 376654 / 800000
generated: 376717 / 800000
generated: 376778 / 800000
generated: 376829 / 800000
generated: 376881 / 800000
generated: 376940 / 800000
generated: 376998 / 800000
generated: 377055 / 800000
generated: 377105 / 800000
generated: 377163 / 800000
generated: 377217 / 800000
generated: 377282 / 800000
generated: 377340 / 800000
generated: 377397 / 800000
generated: 377452 / 800000
generated: 377510 / 800000
generated: 377563 / 800000
generated: 377621 / 800000
generated: 377680 / 800000
generated: 377727 / 800000
generated: 377783 / 800000
generated: 377831 / 800000
generated: 377890 / 800000
generated: 377943 / 800000
generated: 377983 / 800000
generated: 378022 / 800000
generated: 378087 / 800000
generated: 378133 / 800000
generated: 378182 / 800000
generated: 378224 / 800000
generated: 378290 / 800000
generated: 378355 / 800000
generated: 378416 / 800000
generated: 378466 / 800000
generated: 378515 / 800000
generated: 378565 / 800000
generated: 378623 / 800000
generated: 378682 / 800000
generated: 378741 / 800000
generated: 378790 / 800000
generated: 378839 / 800000
generated: 378887 / 800000
generated: 378940 / 800000
generated: 378998 / 800000
generated: 379063 / 800000
generated: 379109 / 800000
generated: 379175 / 800000
generated: 379228 / 800000
generated: 379274 / 800000
generated: 379327 / 800000
generated: 379385 / 800000
generated: 379423 / 800000
generated: 379466 / 800000
generated: 379533 / 800000
generated: 379596 / 800000
generated: 379661 / 800000
generated: 379711 / 800000
generated: 379771 / 800000
generated: 379827 / 800000
generated: 379879 / 800000
generated: 379941 / 800000
generated: 379994 / 800000
generated: 380043 / 800000
generated: 380092 / 800000
generated: 380155 / 800000
generated: 380200 / 800000
generated: 380256 / 800000
generated: 380316 / 800000
generated: 380365 / 800000
generated: 380422 / 800000
generated: 380488 / 800000
generated: 380542 / 800000
generated: 380601 / 800000
generated: 380652 / 800000
generated: 380703 / 800000
generated: 380757 / 800000
generated: 380825 / 800000
generated: 380872 / 800000
generated: 380933 / 800000
generated: 381005 / 800000
generated: 381071 / 800000
generated: 381132 / 800000
generated: 381184 / 800000
generated: 381240 / 800000
generated: 381302 / 800000
generated: 381356 / 800000
generated: 381426 / 800000
generated: 381490 / 800000
generated: 381562 / 800000
generated: 381611 / 800000
generated: 381673 / 800000
generated: 381721 / 800000
generated: 381764 / 800000
generated: 381814 / 800000
generated: 381868 / 800000
generated: 381921 / 800000
generated: 381998 / 800000
generated: 382053 / 800000
generated: 382102 / 800000
generated: 382152 / 800000
generated: 382205 / 800000
generated: 382250 / 800000
generated: 382313 / 800000
generated: 382362 / 800000
generated: 382424 / 800000
generated: 382472 / 800000
generated: 382518 / 800000
generated: 382574 / 800000
generated: 382622 / 800000
generated: 382679 / 800000
generated: 382740 / 800000
generated: 382797 / 800000
generated: 382848 / 800000
generated: 382910 / 800000
generated: 382965 / 800000
generated: 383016 / 800000
generated: 383077 / 800000
generated: 383132 / 800000
generated: 383184 / 800000
generated: 383260 / 800000
generated: 383299 / 800000
generated: 383354 / 800000
generated: 383409 / 800000
generated: 383464 / 800000
generated: 383535 / 800000
generated: 383600 / 800000
generated: 383666 / 800000
generated: 383718 / 800000
generated: 383779 / 800000
generated: 383840 / 800000
generated: 383900 / 800000
generated: 383959 / 800000
generated: 384002 / 800000
generated: 384063 / 800000
generated: 384121 / 800000
generated: 384178 / 800000
generated: 384234 / 800000
generated: 384302 / 800000
generated: 384355 / 800000
generated: 384400 / 800000
generated: 384445 / 800000
generated: 384503 / 800000
generated: 384561 / 800000
generated: 384610 / 800000
generated: 384670 / 800000
generated: 384737 / 800000
generated: 384796 / 800000
generated: 384841 / 800000
generated: 384906 / 800000
generated: 384957 / 800000
generated: 385010 / 800000
generated: 385064 / 800000
generated: 385130 / 800000
generated: 385182 / 800000
generated: 385232 / 800000
generated: 385294 / 800000
generated: 385357 / 800000
generated: 385421 / 800000
generated: 385466 / 800000
generated: 385517 / 800000
generated: 385564 / 800000
generated: 385634 / 800000
generated: 385686 / 800000
generated: 385742 / 800000
generated: 385802 / 800000
generated: 385868 / 800000
generated: 385915 / 800000
generated: 385969 / 800000
generated: 386025 / 800000
generated: 386076 / 800000
generated: 386131 / 800000
generated: 386178 / 800000
generated: 386242 / 800000
generated: 386308 / 800000
generated: 386372 / 800000
generated: 386420 / 800000
generated: 386470 / 800000
generated: 386532 / 800000
generated: 386597 / 800000
generated: 386648 / 800000
generated: 386700 / 800000
generated: 386754 / 800000
generated: 386812 / 800000
generated: 386866 / 800000
generated: 386915 / 800000
generated: 386961 / 800000
generated: 387014 / 800000
generated: 387074 / 800000
generated: 387123 / 800000
generated: 387187 / 800000
generated: 387245 / 800000
generated: 387294 / 800000
generated: 387334 / 800000
generated: 387392 / 800000
generated: 387445 / 800000
generated: 387502 / 800000
generated: 387560 / 800000
generated: 387603 / 800000
generated: 387657 / 800000
generated: 387716 / 800000
generated: 387781 / 800000
generated: 387852 / 800000
generated: 387898 / 800000
generated: 387953 / 800000
generated: 387994 / 800000
generated: 388047 / 800000
generated: 388101 / 800000
generated: 388158 / 800000
generated: 388215 / 800000
generated: 388273 / 800000
generated: 388337 / 800000
generated: 388386 / 800000
generated: 388436 / 800000
generated: 388488 / 800000
generated: 388558 / 800000
generated: 388616 / 800000
generated: 388677 / 800000
generated: 388746 / 800000
generated: 388802 / 800000
generated: 388862 / 800000
generated: 388924 / 800000
generated: 388974 / 800000
generated: 389024 / 800000
generated: 389077 / 800000
generated: 389129 / 800000
generated: 389181 / 800000
generated: 389235 / 800000
generated: 389279 / 800000
generated: 389341 / 800000
generated: 389407 / 800000
generated: 389458 / 800000
generated: 389521 / 800000
generated: 389567 / 800000
generated: 389619 / 800000
generated: 389658 / 800000
generated: 389716 / 800000
generated: 389769 / 800000
generated: 389819 / 800000
generated: 389877 / 800000
generated: 389938 / 800000
generated: 389991 / 800000
generated: 390059 / 800000
generated: 390128 / 800000
generated: 390184 / 800000
generated: 390223 / 800000
generated: 390272 / 800000
generated: 390339 / 800000
generated: 390400 / 800000
generated: 390449 / 800000
generated: 390494 / 800000
generated: 390549 / 800000
generated: 390601 / 800000
generated: 390650 / 800000
generated: 390705 / 800000
generated: 390755 / 800000
generated: 390803 / 800000
generated: 390872 / 800000
generated: 390922 / 800000
generated: 390969 / 800000
generated: 391039 / 800000
generated: 391089 / 800000
generated: 391149 / 800000
generated: 391214 / 800000
generated: 391267 / 800000
generated: 391326 / 800000
generated: 391388 / 800000
generated: 391441 / 800000
generated: 391494 / 800000
generated: 391537 / 800000
generated: 391594 / 800000
generated: 391661 / 800000
generated: 391705 / 800000
generated: 391771 / 800000
generated: 391819 / 800000
generated: 391887 / 800000
generated: 391942 / 800000
generated: 391998 / 800000
generated: 392058 / 800000
generated: 392115 / 800000
generated: 392179 / 800000
generated: 392229 / 800000
generated: 392287 / 800000
generated: 392336 / 800000
generated: 392398 / 800000
generated: 392459 / 800000
generated: 392503 / 800000
generated: 392555 / 800000
generated: 392611 / 800000
generated: 392669 / 800000
generated: 392734 / 800000
generated: 392791 / 800000
generated: 392837 / 800000
generated: 392902 / 800000
generated: 392949 / 800000
generated: 393003 / 800000
generated: 393050 / 800000
generated: 393106 / 800000
generated: 393164 / 800000
generated: 393218 / 800000
generated: 393275 / 800000
generated: 393329 / 800000
generated: 393383 / 800000
generated: 393429 / 800000
generated: 393493 / 800000
generated: 393543 / 800000
generated: 393609 / 800000
generated: 393669 / 800000
generated: 393726 / 800000
generated: 393779 / 800000
generated: 393843 / 800000
generated: 393896 / 800000
generated: 393956 / 800000
generated: 394011 / 800000
generated: 394069 / 800000
generated: 394142 / 800000
generated: 394200 / 800000
generated: 394250 / 800000
generated: 394316 / 800000
generated: 394373 / 800000
generated: 394416 / 800000
generated: 394471 / 800000
generated: 394523 / 800000
generated: 394574 / 800000
generated: 394643 / 800000
generated: 394692 / 800000
generated: 394739 / 800000
generated: 394779 / 800000
generated: 394835 / 800000
generated: 394887 / 800000
generated: 394944 / 800000
generated: 395012 / 800000
generated: 395068 / 800000
generated: 395126 / 800000
generated: 395175 / 800000
generated: 395229 / 800000
generated: 395293 / 800000
generated: 395352 / 800000
generated: 395401 / 800000
generated: 395472 / 800000
generated: 395522 / 800000
generated: 395567 / 800000
generated: 395609 / 800000
generated: 395663 / 800000
generated: 395706 / 800000
generated: 395752 / 800000
generated: 395807 / 800000
generated: 395858 / 800000
generated: 395907 / 800000
generated: 395964 / 800000
generated: 396024 / 800000
generated: 396066 / 800000
generated: 396126 / 800000
generated: 396192 / 800000
generated: 396256 / 800000
generated: 396306 / 800000
generated: 396362 / 800000
generated: 396413 / 800000
generated: 396462 / 800000
generated: 396522 / 800000
generated: 396558 / 800000
generated: 396626 / 800000
generated: 396693 / 800000
generated: 396745 / 800000
generated: 396809 / 800000
generated: 396861 / 800000
generated: 396920 / 800000
generated: 396973 / 800000
generated: 397029 / 800000
generated: 397079 / 800000
generated: 397144 / 800000
generated: 397187 / 800000
generated: 397254 / 800000
generated: 397304 / 800000
generated: 397356 / 800000
generated: 397414 / 800000
generated: 397473 / 800000
generated: 397528 / 800000
generated: 397573 / 800000
generated: 397648 / 800000
generated: 397715 / 800000
generated: 397769 / 800000
generated: 397838 / 800000
generated: 397898 / 800000
generated: 397942 / 800000
generated: 397998 / 800000
generated: 398056 / 800000
generated: 398101 / 800000
generated: 398158 / 800000
generated: 398204 / 800000
generated: 398264 / 800000
generated: 398315 / 800000
generated: 398366 / 800000
generated: 398426 / 800000
generated: 398476 / 800000
generated: 398527 / 800000
generated: 398575 / 800000
generated: 398633 / 800000
generated: 398691 / 800000
generated: 398751 / 800000
generated: 398808 / 800000
generated: 398873 / 800000
generated: 398925 / 800000
generated: 398978 / 800000
generated: 399028 / 800000
generated: 399087 / 800000
generated: 399152 / 800000
generated: 399212 / 800000
generated: 399269 / 800000
generated: 399319 / 800000
generated: 399379 / 800000
generated: 399441 / 800000
generated: 399494 / 800000
generated: 399548 / 800000
generated: 399605 / 800000
generated: 399655 / 800000
generated: 399712 / 800000
generated: 399762 / 800000
generated: 399828 / 800000
generated: 399874 / 800000
generated: 399924 / 800000
generated: 399982 / 800000
generated: 400035 / 800000
generated: 400086 / 800000
generated: 400150 / 800000
generated: 400205 / 800000
generated: 400250 / 800000
generated: 400302 / 800000
generated: 400359 / 800000
generated: 400414 / 800000
generated: 400467 / 800000
generated: 400537 / 800000
generated: 400585 / 800000
generated: 400646 / 800000
generated: 400697 / 800000
generated: 400747 / 800000
generated: 400806 / 800000
generated: 400862 / 800000
generated: 400928 / 800000
generated: 400974 / 800000
generated: 401032 / 800000
generated: 401083 / 800000
generated: 401140 / 800000
generated: 401191 / 800000
generated: 401249 / 800000
generated: 401315 / 800000
generated: 401372 / 800000
generated: 401432 / 800000
generated: 401493 / 800000
generated: 401547 / 800000
generated: 401603 / 800000
generated: 401651 / 800000
generated: 401708 / 800000
generated: 401781 / 800000
generated: 401835 / 800000
generated: 401894 / 800000
generated: 401958 / 800000
generated: 402012 / 800000
generated: 402081 / 800000
generated: 402141 / 800000
generated: 402210 / 800000
generated: 402260 / 800000
generated: 402319 / 800000
generated: 402381 / 800000
generated: 402434 / 800000
generated: 402488 / 800000
generated: 402554 / 800000
generated: 402610 / 800000
generated: 402665 / 800000
generated: 402717 / 800000
generated: 402766 / 800000
generated: 402824 / 800000
generated: 402876 / 800000
generated: 402933 / 800000
generated: 402989 / 800000
generated: 403038 / 800000
generated: 403085 / 800000
generated: 403142 / 800000
generated: 403202 / 800000
generated: 403249 / 800000
generated: 403303 / 800000
generated: 403358 / 800000
generated: 403422 / 800000
generated: 403481 / 800000
generated: 403529 / 800000
generated: 403592 / 800000
generated: 403640 / 800000
generated: 403698 / 800000
generated: 403746 / 800000
generated: 403803 / 800000
generated: 403868 / 800000
generated: 403917 / 800000
generated: 403969 / 800000
generated: 404020 / 800000
generated: 404082 / 800000
generated: 404142 / 800000
generated: 404194 / 800000
generated: 404248 / 800000
generated: 404307 / 800000
generated: 404366 / 800000
generated: 404416 / 800000
generated: 404478 / 800000
generated: 404532 / 800000
generated: 404595 / 800000
generated: 404647 / 800000
generated: 404706 / 800000
generated: 404761 / 800000
generated: 404818 / 800000
generated: 404876 / 800000
generated: 404937 / 800000
generated: 404984 / 800000
generated: 405026 / 800000
generated: 405078 / 800000
generated: 405133 / 800000
generated: 405201 / 800000
generated: 405255 / 800000
generated: 405309 / 800000
generated: 405359 / 800000
generated: 405412 / 800000
generated: 405479 / 800000
generated: 405532 / 800000
generated: 405590 / 800000
generated: 405645 / 800000
generated: 405697 / 800000
generated: 405747 / 800000
generated: 405795 / 800000
generated: 405845 / 800000
generated: 405906 / 800000
generated: 405969 / 800000
generated: 406024 / 800000
generated: 406076 / 800000
generated: 406131 / 800000
generated: 406183 / 800000
generated: 406235 / 800000
generated: 406286 / 800000
generated: 406339 / 800000
generated: 406389 / 800000
generated: 406441 / 800000
generated: 406499 / 800000
generated: 406558 / 800000
generated: 406617 / 800000
generated: 406672 / 800000
generated: 406715 / 800000
generated: 406768 / 800000
generated: 406823 / 800000
generated: 406891 / 800000
generated: 406969 / 800000
generated: 407020 / 800000
generated: 407075 / 800000
generated: 407136 / 800000
generated: 407190 / 800000
generated: 407244 / 800000
generated: 407312 / 800000
generated: 407368 / 800000
generated: 407426 / 800000
generated: 407481 / 800000
generated: 407540 / 800000
generated: 407593 / 800000
generated: 407647 / 800000
generated: 407716 / 800000
generated: 407768 / 800000
generated: 407815 / 800000
generated: 407865 / 800000
generated: 407919 / 800000
generated: 407979 / 800000
generated: 408035 / 800000
generated: 408075 / 800000
generated: 408138 / 800000
generated: 408195 / 800000
generated: 408263 / 800000
generated: 408321 / 800000
generated: 408382 / 800000
generated: 408439 / 800000
generated: 408498 / 800000
generated: 408552 / 800000
generated: 408603 / 800000
generated: 408655 / 800000
generated: 408718 / 800000
generated: 408774 / 800000
generated: 408837 / 800000
generated: 408887 / 800000
generated: 408938 / 800000
generated: 408996 / 800000
generated: 409049 / 800000
generated: 409108 / 800000
generated: 409151 / 800000
generated: 409210 / 800000
generated: 409263 / 800000
generated: 409320 / 800000
generated: 409365 / 800000
generated: 409430 / 800000
generated: 409483 / 800000
generated: 409542 / 800000
generated: 409595 / 800000
generated: 409646 / 800000
generated: 409714 / 800000
generated: 409754 / 800000
generated: 409807 / 800000
generated: 409861 / 800000
generated: 409921 / 800000
generated: 409983 / 800000
generated: 410041 / 800000
generated: 410091 / 800000
generated: 410151 / 800000
generated: 410212 / 800000
generated: 410268 / 800000
generated: 410324 / 800000
generated: 410391 / 800000
generated: 410437 / 800000
generated: 410500 / 800000
generated: 410542 / 800000
generated: 410596 / 800000
generated: 410657 / 800000
generated: 410698 / 800000
generated: 410748 / 800000
generated: 410802 / 800000
generated: 410864 / 800000
generated: 410927 / 800000
generated: 410963 / 800000
generated: 411018 / 800000
generated: 411072 / 800000
generated: 411125 / 800000
generated: 411175 / 800000
generated: 411231 / 800000
generated: 411281 / 800000
generated: 411343 / 800000
generated: 411399 / 800000
generated: 411455 / 800000
generated: 411514 / 800000
generated: 411570 / 800000
generated: 411623 / 800000
generated: 411681 / 800000
generated: 411743 / 800000
generated: 411789 / 800000
generated: 411844 / 800000
generated: 411891 / 800000
generated: 411961 / 800000
generated: 412016 / 800000
generated: 412071 / 800000
generated: 412129 / 800000
generated: 412175 / 800000
generated: 412238 / 800000
generated: 412294 / 800000
generated: 412348 / 800000
generated: 412408 / 800000
generated: 412475 / 800000
generated: 412525 / 800000
generated: 412575 / 800000
generated: 412639 / 800000
generated: 412692 / 800000
generated: 412749 / 800000
generated: 412806 / 800000
generated: 412864 / 800000
generated: 412908 / 800000
generated: 412968 / 800000
generated: 413020 / 800000
generated: 413065 / 800000
generated: 413128 / 800000
generated: 413186 / 800000
generated: 413254 / 800000
generated: 413309 / 800000
generated: 413360 / 800000
generated: 413404 / 800000
generated: 413468 / 800000
generated: 413520 / 800000
generated: 413581 / 800000
generated: 413627 / 800000
generated: 413688 / 800000
generated: 413747 / 800000
generated: 413801 / 800000
generated: 413862 / 800000
generated: 413911 / 800000
generated: 413955 / 800000
generated: 414012 / 800000
generated: 414063 / 800000
generated: 414118 / 800000
generated: 414183 / 800000
generated: 414243 / 800000
generated: 414308 / 800000
generated: 414359 / 800000
generated: 414421 / 800000
generated: 414481 / 800000
generated: 414534 / 800000
generated: 414581 / 800000
generated: 414640 / 800000
generated: 414699 / 800000
generated: 414751 / 800000
generated: 414796 / 800000
generated: 414855 / 800000
generated: 414909 / 800000
generated: 414958 / 800000
generated: 415014 / 800000
generated: 415075 / 800000
generated: 415127 / 800000
generated: 415185 / 800000
generated: 415240 / 800000
generated: 415297 / 800000
generated: 415347 / 800000
generated: 415403 / 800000
generated: 415467 / 800000
generated: 415514 / 800000
generated: 415560 / 800000
generated: 415609 / 800000
generated: 415667 / 800000
generated: 415724 / 800000
generated: 415784 / 800000
generated: 415848 / 800000
generated: 415910 / 800000
generated: 415965 / 800000
generated: 416014 / 800000
generated: 416079 / 800000
generated: 416130 / 800000
generated: 416182 / 800000
generated: 416250 / 800000
generated: 416297 / 800000
generated: 416355 / 800000
generated: 416421 / 800000
generated: 416466 / 800000
generated: 416527 / 800000
generated: 416580 / 800000
generated: 416640 / 800000
generated: 416702 / 800000
generated: 416756 / 800000
generated: 416821 / 800000
generated: 416876 / 800000
generated: 416930 / 800000
generated: 416996 / 800000
generated: 417041 / 800000
generated: 417107 / 800000
generated: 417176 / 800000
generated: 417228 / 800000
generated: 417274 / 800000
generated: 417328 / 800000
generated: 417393 / 800000
generated: 417453 / 800000
generated: 417502 / 800000
generated: 417563 / 800000
generated: 417606 / 800000
generated: 417651 / 800000
generated: 417719 / 800000
generated: 417765 / 800000
generated: 417817 / 800000
generated: 417879 / 800000
generated: 417931 / 800000
generated: 417986 / 800000
generated: 418035 / 800000
generated: 418104 / 800000
generated: 418152 / 800000
generated: 418200 / 800000
generated: 418255 / 800000
generated: 418307 / 800000
generated: 418357 / 800000
generated: 418422 / 800000
generated: 418482 / 800000
generated: 418532 / 800000
generated: 418600 / 800000
generated: 418663 / 800000
generated: 418714 / 800000
generated: 418768 / 800000
generated: 418811 / 800000
generated: 418876 / 800000
generated: 418931 / 800000
generated: 418981 / 800000
generated: 419034 / 800000
generated: 419089 / 800000
generated: 419140 / 800000
generated: 419187 / 800000
generated: 419240 / 800000
generated: 419302 / 800000
generated: 419351 / 800000
generated: 419408 / 800000
generated: 419456 / 800000
generated: 419512 / 800000
generated: 419569 / 800000
generated: 419626 / 800000
generated: 419678 / 800000
generated: 419738 / 800000
generated: 419795 / 800000
generated: 419846 / 800000
generated: 419898 / 800000
generated: 419953 / 800000
generated: 420007 / 800000
generated: 420061 / 800000
generated: 420118 / 800000
generated: 420169 / 800000
generated: 420219 / 800000
generated: 420278 / 800000
generated: 420335 / 800000
generated: 420390 / 800000
generated: 420442 / 800000
generated: 420509 / 800000
generated: 420569 / 800000
generated: 420618 / 800000
generated: 420666 / 800000
generated: 420730 / 800000
generated: 420775 / 800000
generated: 420831 / 800000
generated: 420883 / 800000
generated: 420949 / 800000
generated: 421007 / 800000
generated: 421066 / 800000
generated: 421126 / 800000
generated: 421200 / 800000
generated: 421261 / 800000
generated: 421318 / 800000
generated: 421368 / 800000
generated: 421421 / 800000
generated: 421470 / 800000
generated: 421527 / 800000
generated: 421590 / 800000
generated: 421649 / 800000
generated: 421689 / 800000
generated: 421747 / 800000
generated: 421803 / 800000
generated: 421861 / 800000
generated: 421924 / 800000
generated: 421974 / 800000
generated: 422031 / 800000
generated: 422079 / 800000
generated: 422151 / 800000
generated: 422205 / 800000
generated: 422254 / 800000
generated: 422306 / 800000
generated: 422358 / 800000
generated: 422424 / 800000
generated: 422491 / 800000
generated: 422535 / 800000
generated: 422584 / 800000
generated: 422654 / 800000
generated: 422702 / 800000
generated: 422755 / 800000
generated: 422806 / 800000
generated: 422863 / 800000
generated: 422924 / 800000
generated: 422973 / 800000
generated: 423019 / 800000
generated: 423073 / 800000
generated: 423135 / 800000
generated: 423209 / 800000
generated: 423270 / 800000
generated: 423328 / 800000
generated: 423379 / 800000
generated: 423451 / 800000
generated: 423507 / 800000
generated: 423572 / 800000
generated: 423628 / 800000
generated: 423681 / 800000
generated: 423742 / 800000
generated: 423802 / 800000
generated: 423858 / 800000
generated: 423908 / 800000
generated: 423972 / 800000
generated: 424024 / 800000
generated: 424085 / 800000
generated: 424137 / 800000
generated: 424197 / 800000
generated: 424255 / 800000
generated: 424308 / 800000
generated: 424360 / 800000
generated: 424414 / 800000
generated: 424480 / 800000
generated: 424526 / 800000
generated: 424592 / 800000
generated: 424641 / 800000
generated: 424691 / 800000
generated: 424767 / 800000
generated: 424817 / 800000
generated: 424869 / 800000
generated: 424923 / 800000
generated: 424973 / 800000
generated: 425034 / 800000
generated: 425093 / 800000
generated: 425152 / 800000
generated: 425215 / 800000
generated: 425269 / 800000
generated: 425322 / 800000
generated: 425385 / 800000
generated: 425449 / 800000
generated: 425505 / 800000
generated: 425567 / 800000
generated: 425621 / 800000
generated: 425683 / 800000
generated: 425749 / 800000
generated: 425809 / 800000
generated: 425868 / 800000
generated: 425931 / 800000
generated: 425977 / 800000
generated: 426030 / 800000
generated: 426082 / 800000
generated: 426137 / 800000
generated: 426193 / 800000
generated: 426241 / 800000
generated: 426309 / 800000
generated: 426352 / 800000
generated: 426411 / 800000
generated: 426465 / 800000
generated: 426520 / 800000
generated: 426584 / 800000
generated: 426646 / 800000
generated: 426704 / 800000
generated: 426748 / 800000
generated: 426803 / 800000
generated: 426855 / 800000
generated: 426896 / 800000
generated: 426943 / 800000
generated: 427009 / 800000
generated: 427051 / 800000
generated: 427123 / 800000
generated: 427185 / 800000
generated: 427244 / 800000
generated: 427297 / 800000
generated: 427359 / 800000
generated: 427416 / 800000
generated: 427478 / 800000
generated: 427527 / 800000
generated: 427587 / 800000
generated: 427631 / 800000
generated: 427687 / 800000
generated: 427737 / 800000
generated: 427788 / 800000
generated: 427852 / 800000
generated: 427902 / 800000
generated: 427954 / 800000
generated: 428002 / 800000
generated: 428052 / 800000
generated: 428108 / 800000
generated: 428162 / 800000
generated: 428225 / 800000
generated: 428283 / 800000
generated: 428337 / 800000
generated: 428391 / 800000
generated: 428462 / 800000
generated: 428514 / 800000
generated: 428568 / 800000
generated: 428637 / 800000
generated: 428694 / 800000
generated: 428748 / 800000
generated: 428801 / 800000
generated: 428857 / 800000
generated: 428900 / 800000
generated: 428953 / 800000
generated: 429009 / 800000
generated: 429057 / 800000
generated: 429107 / 800000
generated: 429168 / 800000
generated: 429226 / 800000
generated: 429282 / 800000
generated: 429342 / 800000
generated: 429385 / 800000
generated: 429450 / 800000
generated: 429495 / 800000
generated: 429554 / 800000
generated: 429601 / 800000
generated: 429664 / 800000
generated: 429724 / 800000
generated: 429787 / 800000
generated: 429843 / 800000
generated: 429899 / 800000
generated: 429949 / 800000
generated: 430005 / 800000
generated: 430052 / 800000
generated: 430107 / 800000
generated: 430155 / 800000
generated: 430207 / 800000
generated: 430271 / 800000
generated: 430320 / 800000
generated: 430368 / 800000
generated: 430436 / 800000
generated: 430499 / 800000
generated: 430556 / 800000
generated: 430608 / 800000
generated: 430655 / 800000
generated: 430721 / 800000
generated: 430773 / 800000
generated: 430818 / 800000
generated: 430872 / 800000
generated: 430914 / 800000
generated: 430972 / 800000
generated: 431020 / 800000
generated: 431085 / 800000
generated: 431149 / 800000
generated: 431196 / 800000
generated: 431256 / 800000
generated: 431317 / 800000
generated: 431367 / 800000
generated: 431415 / 800000
generated: 431474 / 800000
generated: 431529 / 800000
generated: 431586 / 800000
generated: 431644 / 800000
generated: 431705 / 800000
generated: 431767 / 800000
generated: 431816 / 800000
generated: 431864 / 800000
generated: 431922 / 800000
generated: 431976 / 800000
generated: 432037 / 800000
generated: 432078 / 800000
generated: 432125 / 800000
generated: 432179 / 800000
generated: 432235 / 800000
generated: 432285 / 800000
generated: 432345 / 800000
generated: 432413 / 800000
generated: 432476 / 800000
generated: 432535 / 800000
generated: 432592 / 800000
generated: 432637 / 800000
generated: 432695 / 800000
generated: 432738 / 800000
generated: 432793 / 800000
generated: 432872 / 800000
generated: 432934 / 800000
generated: 432976 / 800000
generated: 433034 / 800000
generated: 433097 / 800000
generated: 433148 / 800000
generated: 433203 / 800000
generated: 433255 / 800000
generated: 433309 / 800000
generated: 433364 / 800000
generated: 433403 / 800000
generated: 433459 / 800000
generated: 433516 / 800000
generated: 433580 / 800000
generated: 433635 / 800000
generated: 433693 / 800000
generated: 433748 / 800000
generated: 433807 / 800000
generated: 433855 / 800000
generated: 433908 / 800000
generated: 433959 / 800000
generated: 434011 / 800000
generated: 434085 / 800000
generated: 434150 / 800000
generated: 434196 / 800000
generated: 434248 / 800000
generated: 434319 / 800000
generated: 434374 / 800000
generated: 434443 / 800000
generated: 434491 / 800000
generated: 434545 / 800000
generated: 434607 / 800000
generated: 434659 / 800000
generated: 434721 / 800000
generated: 434776 / 800000
generated: 434821 / 800000
generated: 434869 / 800000
generated: 434932 / 800000
generated: 434982 / 800000
generated: 435040 / 800000
generated: 435095 / 800000
generated: 435150 / 800000
generated: 435202 / 800000
generated: 435266 / 800000
generated: 435322 / 800000
generated: 435365 / 800000
generated: 435422 / 800000
generated: 435471 / 800000
generated: 435532 / 800000
generated: 435584 / 800000
generated: 435637 / 800000
generated: 435704 / 800000
generated: 435763 / 800000
generated: 435813 / 800000
generated: 435876 / 800000
generated: 435924 / 800000
generated: 435979 / 800000
generated: 436016 / 800000
generated: 436077 / 800000
generated: 436140 / 800000
generated: 436194 / 800000
generated: 436248 / 800000
generated: 436306 / 800000
generated: 436373 / 800000
generated: 436425 / 800000
generated: 436483 / 800000
generated: 436534 / 800000
generated: 436587 / 800000
generated: 436641 / 800000
generated: 436694 / 800000
generated: 436753 / 800000
generated: 436806 / 800000
generated: 436871 / 800000
generated: 436931 / 800000
generated: 436984 / 800000
generated: 437037 / 800000
generated: 437092 / 800000
generated: 437143 / 800000
generated: 437191 / 800000
generated: 437243 / 800000
generated: 437301 / 800000
generated: 437365 / 800000
generated: 437422 / 800000
generated: 437484 / 800000
generated: 437545 / 800000
generated: 437592 / 800000
generated: 437650 / 800000
generated: 437706 / 800000
generated: 437757 / 800000
generated: 437808 / 800000
generated: 437868 / 800000
generated: 437932 / 800000
generated: 437987 / 800000
generated: 438038 / 800000
generated: 438090 / 800000
generated: 438134 / 800000
generated: 438181 / 800000
generated: 438236 / 800000
generated: 438292 / 800000
generated: 438358 / 800000
generated: 438408 / 800000
generated: 438461 / 800000
generated: 438508 / 800000
generated: 438560 / 800000
generated: 438615 / 800000
generated: 438663 / 800000
generated: 438722 / 800000
generated: 438775 / 800000
generated: 438826 / 800000
generated: 438896 / 800000
generated: 438951 / 800000
generated: 439007 / 800000
generated: 439070 / 800000
generated: 439126 / 800000
generated: 439172 / 800000
generated: 439240 / 800000
generated: 439282 / 800000
generated: 439335 / 800000
generated: 439393 / 800000
generated: 439462 / 800000
generated: 439514 / 800000
generated: 439566 / 800000
generated: 439615 / 800000
generated: 439668 / 800000
generated: 439716 / 800000
generated: 439783 / 800000
generated: 439832 / 800000
generated: 439879 / 800000
generated: 439919 / 800000
generated: 439981 / 800000
generated: 440025 / 800000
generated: 440076 / 800000
generated: 440134 / 800000
generated: 440185 / 800000
generated: 440239 / 800000
generated: 440301 / 800000
generated: 440363 / 800000
generated: 440428 / 800000
generated: 440474 / 800000
generated: 440533 / 800000
generated: 440590 / 800000
generated: 440653 / 800000
generated: 440710 / 800000
generated: 440750 / 800000
generated: 440798 / 800000
generated: 440862 / 800000
generated: 440924 / 800000
generated: 440980 / 800000
generated: 441031 / 800000
generated: 441086 / 800000
generated: 441150 / 800000
generated: 441217 / 800000
generated: 441264 / 800000
generated: 441317 / 800000
generated: 441374 / 800000
generated: 441422 / 800000
generated: 441477 / 800000
generated: 441532 / 800000
generated: 441590 / 800000
generated: 441654 / 800000
generated: 441719 / 800000
generated: 441765 / 800000
generated: 441814 / 800000
generated: 441876 / 800000
generated: 441930 / 800000
generated: 441998 / 800000
generated: 442065 / 800000
generated: 442121 / 800000
generated: 442184 / 800000
generated: 442236 / 800000
generated: 442295 / 800000
generated: 442351 / 800000
generated: 442401 / 800000
generated: 442460 / 800000
generated: 442524 / 800000
generated: 442582 / 800000
generated: 442629 / 800000
generated: 442695 / 800000
generated: 442750 / 800000
generated: 442793 / 800000
generated: 442853 / 800000
generated: 442910 / 800000
generated: 442961 / 800000
generated: 443021 / 800000
generated: 443079 / 800000
generated: 443124 / 800000
generated: 443182 / 800000
generated: 443238 / 800000
generated: 443299 / 800000
generated: 443344 / 800000
generated: 443404 / 800000
generated: 443469 / 800000
generated: 443530 / 800000
generated: 443564 / 800000
generated: 443617 / 800000
generated: 443664 / 800000
generated: 443708 / 800000
generated: 443757 / 800000
generated: 443805 / 800000
generated: 443868 / 800000
generated: 443923 / 800000
generated: 443986 / 800000
generated: 444042 / 800000
generated: 444096 / 800000
generated: 444168 / 800000
generated: 444235 / 800000
generated: 444286 / 800000
generated: 444330 / 800000
generated: 444383 / 800000
generated: 444443 / 800000
generated: 444496 / 800000
generated: 444548 / 800000
generated: 444593 / 800000
generated: 444651 / 800000
generated: 444709 / 800000
generated: 444768 / 800000
generated: 444825 / 800000
generated: 444882 / 800000
generated: 444939 / 800000
generated: 444986 / 800000
generated: 445037 / 800000
generated: 445092 / 800000
generated: 445145 / 800000
generated: 445198 / 800000
generated: 445249 / 800000
generated: 445305 / 800000
generated: 445362 / 800000
generated: 445416 / 800000
generated: 445478 / 800000
generated: 445532 / 800000
generated: 445589 / 800000
generated: 445638 / 800000
generated: 445694 / 800000
generated: 445748 / 800000
generated: 445800 / 800000
generated: 445856 / 800000
generated: 445926 / 800000
generated: 445980 / 800000
generated: 446035 / 800000
generated: 446100 / 800000
generated: 446163 / 800000
generated: 446218 / 800000
generated: 446276 / 800000
generated: 446331 / 800000
generated: 446375 / 800000
generated: 446434 / 800000
generated: 446502 / 800000
generated: 446547 / 800000
generated: 446604 / 800000
generated: 446663 / 800000
generated: 446727 / 800000
generated: 446786 / 800000
generated: 446845 / 800000
generated: 446900 / 800000
generated: 446959 / 800000
generated: 447015 / 800000
generated: 447064 / 800000
generated: 447119 / 800000
generated: 447171 / 800000
generated: 447230 / 800000
generated: 447290 / 800000
generated: 447339 / 800000
generated: 447373 / 800000
generated: 447423 / 800000
generated: 447476 / 800000
generated: 447532 / 800000
generated: 447582 / 800000
generated: 447639 / 800000
generated: 447693 / 800000
generated: 447752 / 800000
generated: 447802 / 800000
generated: 447861 / 800000
generated: 447911 / 800000
generated: 447978 / 800000
generated: 448027 / 800000
generated: 448086 / 800000
generated: 448143 / 800000
generated: 448199 / 800000
generated: 448247 / 800000
generated: 448307 / 800000
generated: 448357 / 800000
generated: 448401 / 800000
generated: 448459 / 800000
generated: 448523 / 800000
generated: 448580 / 800000
generated: 448625 / 800000
generated: 448668 / 800000
generated: 448724 / 800000
generated: 448783 / 800000
generated: 448824 / 800000
generated: 448889 / 800000
generated: 448952 / 800000
generated: 449010 / 800000
generated: 449071 / 800000
generated: 449126 / 800000
generated: 449194 / 800000
generated: 449275 / 800000
generated: 449329 / 800000
generated: 449393 / 800000
generated: 449453 / 800000
generated: 449514 / 800000
generated: 449568 / 800000
generated: 449627 / 800000
generated: 449685 / 800000
generated: 449743 / 800000
generated: 449794 / 800000
generated: 449847 / 800000
generated: 449898 / 800000
generated: 449944 / 800000
generated: 450003 / 800000
generated: 450057 / 800000
generated: 450108 / 800000
generated: 450158 / 800000
generated: 450218 / 800000
generated: 450273 / 800000
generated: 450327 / 800000
generated: 450386 / 800000
generated: 450441 / 800000
generated: 450512 / 800000
generated: 450574 / 800000
generated: 450624 / 800000
generated: 450677 / 800000
generated: 450729 / 800000
generated: 450789 / 800000
generated: 450841 / 800000
generated: 450896 / 800000
generated: 450949 / 800000
generated: 451010 / 800000
generated: 451072 / 800000
generated: 451128 / 800000
generated: 451189 / 800000
generated: 451249 / 800000
generated: 451308 / 800000
generated: 451355 / 800000
generated: 451415 / 800000
generated: 451469 / 800000
generated: 451525 / 800000
generated: 451578 / 800000
generated: 451622 / 800000
generated: 451678 / 800000
generated: 451732 / 800000
generated: 451790 / 800000
generated: 451844 / 800000
generated: 451902 / 800000
generated: 451969 / 800000
generated: 452024 / 800000
generated: 452071 / 800000
generated: 452123 / 800000
generated: 452177 / 800000
generated: 452218 / 800000
generated: 452274 / 800000
generated: 452343 / 800000
generated: 452389 / 800000
generated: 452444 / 800000
generated: 452507 / 800000
generated: 452561 / 800000
generated: 452608 / 800000
generated: 452663 / 800000
generated: 452715 / 800000
generated: 452767 / 800000
generated: 452844 / 800000
generated: 452892 / 800000
generated: 452952 / 800000
generated: 453023 / 800000
generated: 453090 / 800000
generated: 453146 / 800000
generated: 453192 / 800000
generated: 453232 / 800000
generated: 453295 / 800000
generated: 453358 / 800000
generated: 453410 / 800000
generated: 453470 / 800000
generated: 453522 / 800000
generated: 453574 / 800000
generated: 453625 / 800000
generated: 453676 / 800000
generated: 453740 / 800000
generated: 453809 / 800000
generated: 453852 / 800000
generated: 453909 / 800000
generated: 453973 / 800000
generated: 454031 / 800000
generated: 454098 / 800000
generated: 454143 / 800000
generated: 454193 / 800000
generated: 454238 / 800000
generated: 454304 / 800000
generated: 454372 / 800000
generated: 454434 / 800000
generated: 454478 / 800000
generated: 454536 / 800000
generated: 454596 / 800000
generated: 454669 / 800000
generated: 454736 / 800000
generated: 454797 / 800000
generated: 454862 / 800000
generated: 454914 / 800000
generated: 454975 / 800000
generated: 455028 / 800000
generated: 455092 / 800000
generated: 455142 / 800000
generated: 455190 / 800000
generated: 455251 / 800000
generated: 455306 / 800000
generated: 455353 / 800000
generated: 455417 / 800000
generated: 455470 / 800000
generated: 455524 / 800000
generated: 455572 / 800000
generated: 455630 / 800000
generated: 455681 / 800000
generated: 455743 / 800000
generated: 455795 / 800000
generated: 455848 / 800000
generated: 455903 / 800000
generated: 455954 / 800000
generated: 456019 / 800000
generated: 456074 / 800000
generated: 456127 / 800000
generated: 456170 / 800000
generated: 456228 / 800000
generated: 456282 / 800000
generated: 456327 / 800000
generated: 456384 / 800000
generated: 456435 / 800000
generated: 456478 / 800000
generated: 456555 / 800000
generated: 456599 / 800000
generated: 456650 / 800000
generated: 456712 / 800000
generated: 456768 / 800000
generated: 456815 / 800000
generated: 456882 / 800000
generated: 456928 / 800000
generated: 456992 / 800000
generated: 457043 / 800000
generated: 457116 / 800000
generated: 457168 / 800000
generated: 457230 / 800000
generated: 457271 / 800000
generated: 457321 / 800000
generated: 457377 / 800000
generated: 457430 / 800000
generated: 457490 / 800000
generated: 457552 / 800000
generated: 457610 / 800000
generated: 457665 / 800000
generated: 457710 / 800000
generated: 457771 / 800000
generated: 457818 / 800000
generated: 457859 / 800000
generated: 457916 / 800000
generated: 457978 / 800000
generated: 458038 / 800000
generated: 458097 / 800000
generated: 458157 / 800000
generated: 458221 / 800000
generated: 458271 / 800000
generated: 458313 / 800000
generated: 458358 / 800000
generated: 458411 / 800000
generated: 458462 / 800000
generated: 458520 / 800000
generated: 458576 / 800000
generated: 458619 / 800000
generated: 458683 / 800000
generated: 458741 / 800000
generated: 458789 / 800000
generated: 458838 / 800000
generated: 458899 / 800000
generated: 458943 / 800000
generated: 458998 / 800000
generated: 459064 / 800000
generated: 459137 / 800000
generated: 459195 / 800000
generated: 459241 / 800000
generated: 459282 / 800000
generated: 459332 / 800000
generated: 459385 / 800000
generated: 459440 / 800000
generated: 459485 / 800000
generated: 459553 / 800000
generated: 459615 / 800000
generated: 459667 / 800000
generated: 459719 / 800000
generated: 459773 / 800000
generated: 459829 / 800000
generated: 459887 / 800000
generated: 459948 / 800000
generated: 459997 / 800000
generated: 460067 / 800000
generated: 460121 / 800000
generated: 460167 / 800000
generated: 460231 / 800000
generated: 460282 / 800000
generated: 460326 / 800000
generated: 460375 / 800000
generated: 460429 / 800000
generated: 460488 / 800000
generated: 460549 / 800000
generated: 460606 / 800000
generated: 460685 / 800000
generated: 460745 / 800000
generated: 460803 / 800000
generated: 460846 / 800000
generated: 460889 / 800000
generated: 460953 / 800000
generated: 461001 / 800000
generated: 461066 / 800000
generated: 461119 / 800000
generated: 461173 / 800000
generated: 461228 / 800000
generated: 461284 / 800000
generated: 461352 / 800000
generated: 461417 / 800000
generated: 461467 / 800000
generated: 461515 / 800000
generated: 461558 / 800000
generated: 461603 / 800000
generated: 461651 / 800000
generated: 461716 / 800000
generated: 461768 / 800000
generated: 461835 / 800000
generated: 461889 / 800000
generated: 461943 / 800000
generated: 461995 / 800000
generated: 462036 / 800000
generated: 462085 / 800000
generated: 462132 / 800000
generated: 462174 / 800000
generated: 462231 / 800000
generated: 462300 / 800000
generated: 462360 / 800000
generated: 462413 / 800000
generated: 462463 / 800000
generated: 462535 / 800000
generated: 462602 / 800000
generated: 462668 / 800000
generated: 462718 / 800000
generated: 462769 / 800000
generated: 462824 / 800000
generated: 462898 / 800000
generated: 462944 / 800000
generated: 462983 / 800000
generated: 463041 / 800000
generated: 463097 / 800000
generated: 463151 / 800000
generated: 463205 / 800000
generated: 463268 / 800000
generated: 463334 / 800000
generated: 463386 / 800000
generated: 463443 / 800000
generated: 463508 / 800000
generated: 463565 / 800000
generated: 463628 / 800000
generated: 463685 / 800000
generated: 463730 / 800000
generated: 463785 / 800000
generated: 463842 / 800000
generated: 463902 / 800000
generated: 463955 / 800000
generated: 464002 / 800000
generated: 464054 / 800000
generated: 464112 / 800000
generated: 464169 / 800000
generated: 464226 / 800000
generated: 464287 / 800000
generated: 464338 / 800000
generated: 464390 / 800000
generated: 464449 / 800000
generated: 464520 / 800000
generated: 464570 / 800000
generated: 464623 / 800000
generated: 464676 / 800000
generated: 464731 / 800000
generated: 464795 / 800000
generated: 464853 / 800000
generated: 464931 / 800000
generated: 464982 / 800000
generated: 465039 / 800000
generated: 465097 / 800000
generated: 465166 / 800000
generated: 465220 / 800000
generated: 465288 / 800000
generated: 465342 / 800000
generated: 465395 / 800000
generated: 465452 / 800000
generated: 465515 / 800000
generated: 465574 / 800000
generated: 465619 / 800000
generated: 465669 / 800000
generated: 465728 / 800000
generated: 465790 / 800000
generated: 465848 / 800000
generated: 465902 / 800000
generated: 465946 / 800000
generated: 465990 / 800000
generated: 466038 / 800000
generated: 466097 / 800000
generated: 466150 / 800000
generated: 466202 / 800000
generated: 466256 / 800000
generated: 466311 / 800000
generated: 466388 / 800000
generated: 466427 / 800000
generated: 466496 / 800000
generated: 466552 / 800000
generated: 466602 / 800000
generated: 466660 / 800000
generated: 466706 / 800000
generated: 466762 / 800000
generated: 466824 / 800000
generated: 466877 / 800000
generated: 466943 / 800000
generated: 466993 / 800000
generated: 467042 / 800000
generated: 467090 / 800000
generated: 467145 / 800000
generated: 467201 / 800000
generated: 467262 / 800000
generated: 467312 / 800000
generated: 467382 / 800000
generated: 467435 / 800000
generated: 467476 / 800000
generated: 467541 / 800000
generated: 467600 / 800000
generated: 467652 / 800000
generated: 467706 / 800000
generated: 467759 / 800000
generated: 467805 / 800000
generated: 467857 / 800000
generated: 467915 / 800000
generated: 467972 / 800000
generated: 468015 / 800000
generated: 468070 / 800000
generated: 468126 / 800000
generated: 468190 / 800000
generated: 468251 / 800000
generated: 468316 / 800000
generated: 468376 / 800000
generated: 468426 / 800000
generated: 468474 / 800000
generated: 468530 / 800000
generated: 468581 / 800000
generated: 468635 / 800000
generated: 468687 / 800000
generated: 468738 / 800000
generated: 468789 / 800000
generated: 468836 / 800000
generated: 468887 / 800000
generated: 468952 / 800000
generated: 468996 / 800000
generated: 469057 / 800000
generated: 469112 / 800000
generated: 469168 / 800000
generated: 469229 / 800000
generated: 469282 / 800000
generated: 469349 / 800000
generated: 469404 / 800000
generated: 469453 / 800000
generated: 469512 / 800000
generated: 469555 / 800000
generated: 469604 / 800000
generated: 469647 / 800000
generated: 469694 / 800000
generated: 469736 / 800000
generated: 469802 / 800000
generated: 469864 / 800000
generated: 469922 / 800000
generated: 469968 / 800000
generated: 470009 / 800000
generated: 470066 / 800000
generated: 470108 / 800000
generated: 470164 / 800000
generated: 470213 / 800000
generated: 470275 / 800000
generated: 470331 / 800000
generated: 470393 / 800000
generated: 470446 / 800000
generated: 470492 / 800000
generated: 470547 / 800000
generated: 470611 / 800000
generated: 470665 / 800000
generated: 470725 / 800000
generated: 470785 / 800000
generated: 470828 / 800000
generated: 470885 / 800000
generated: 470944 / 800000
generated: 471004 / 800000
generated: 471046 / 800000
generated: 471108 / 800000
generated: 471166 / 800000
generated: 471211 / 800000
generated: 471257 / 800000
generated: 471318 / 800000
generated: 471383 / 800000
generated: 471442 / 800000
generated: 471502 / 800000
generated: 471555 / 800000
generated: 471616 / 800000
generated: 471678 / 800000
generated: 471736 / 800000
generated: 471782 / 800000
generated: 471838 / 800000
generated: 471898 / 800000
generated: 471953 / 800000
generated: 472000 / 800000
generated: 472049 / 800000
generated: 472105 / 800000
generated: 472157 / 800000
generated: 472216 / 800000
generated: 472272 / 800000
generated: 472327 / 800000
generated: 472392 / 800000
generated: 472449 / 800000
generated: 472501 / 800000
generated: 472562 / 800000
generated: 472607 / 800000
generated: 472663 / 800000
generated: 472716 / 800000
generated: 472767 / 800000
generated: 472816 / 800000
generated: 472859 / 800000
generated: 472928 / 800000
generated: 472985 / 800000
generated: 473047 / 800000
generated: 473104 / 800000
generated: 473164 / 800000
generated: 473223 / 800000
generated: 473286 / 800000
generated: 473333 / 800000
generated: 473401 / 800000
generated: 473472 / 800000
generated: 473523 / 800000
generated: 473577 / 800000
generated: 473633 / 800000
generated: 473669 / 800000
generated: 473721 / 800000
generated: 473767 / 800000
generated: 473816 / 800000
generated: 473874 / 800000
generated: 473930 / 800000
generated: 473981 / 800000
generated: 474049 / 800000
generated: 474105 / 800000
generated: 474163 / 800000
generated: 474220 / 800000
generated: 474277 / 800000
generated: 474331 / 800000
generated: 474394 / 800000
generated: 474458 / 800000
generated: 474505 / 800000
generated: 474566 / 800000
generated: 474622 / 800000
generated: 474663 / 800000
generated: 474722 / 800000
generated: 474771 / 800000
generated: 474817 / 800000
generated: 474872 / 800000
generated: 474932 / 800000
generated: 474981 / 800000
generated: 475021 / 800000
generated: 475081 / 800000
generated: 475129 / 800000
generated: 475165 / 800000
generated: 475210 / 800000
generated: 475282 / 800000
generated: 475328 / 800000
generated: 475373 / 800000
generated: 475435 / 800000
generated: 475491 / 800000
generated: 475558 / 800000
generated: 475620 / 800000
generated: 475692 / 800000
generated: 475761 / 800000
generated: 475811 / 800000
generated: 475871 / 800000
generated: 475922 / 800000
generated: 475972 / 800000
generated: 476035 / 800000
generated: 476081 / 800000
generated: 476135 / 800000
generated: 476185 / 800000
generated: 476246 / 800000
generated: 476308 / 800000
generated: 476367 / 800000
generated: 476418 / 800000
generated: 476470 / 800000
generated: 476521 / 800000
generated: 476575 / 800000
generated: 476620 / 800000
generated: 476677 / 800000
generated: 476731 / 800000
generated: 476785 / 800000
generated: 476843 / 800000
generated: 476887 / 800000
generated: 476949 / 800000
generated: 476988 / 800000
generated: 477035 / 800000
generated: 477084 / 800000
generated: 477145 / 800000
generated: 477205 / 800000
generated: 477269 / 800000
generated: 477312 / 800000
generated: 477370 / 800000
generated: 477423 / 800000
generated: 477480 / 800000
generated: 477534 / 800000
generated: 477592 / 800000
generated: 477653 / 800000
generated: 477706 / 800000
generated: 477760 / 800000
generated: 477809 / 800000
generated: 477868 / 800000
generated: 477933 / 800000
generated: 477981 / 800000
generated: 478042 / 800000
generated: 478111 / 800000
generated: 478155 / 800000
generated: 478204 / 800000
generated: 478249 / 800000
generated: 478307 / 800000
generated: 478359 / 800000
generated: 478410 / 800000
generated: 478459 / 800000
generated: 478517 / 800000
generated: 478560 / 800000
generated: 478602 / 800000
generated: 478654 / 800000
generated: 478711 / 800000
generated: 478764 / 800000
generated: 478816 / 800000
generated: 478883 / 800000
generated: 478936 / 800000
generated: 478992 / 800000
generated: 479043 / 800000
generated: 479096 / 800000
generated: 479145 / 800000
generated: 479204 / 800000
generated: 479255 / 800000
generated: 479314 / 800000
generated: 479368 / 800000
generated: 479409 / 800000
generated: 479450 / 800000
generated: 479499 / 800000
generated: 479538 / 800000
generated: 479595 / 800000
generated: 479639 / 800000
generated: 479699 / 800000
generated: 479753 / 800000
generated: 479819 / 800000
generated: 479883 / 800000
generated: 479932 / 800000
generated: 479992 / 800000
generated: 480057 / 800000
generated: 480100 / 800000
generated: 480157 / 800000
generated: 480213 / 800000
generated: 480263 / 800000
generated: 480313 / 800000
generated: 480370 / 800000
generated: 480431 / 800000
generated: 480488 / 800000
generated: 480544 / 800000
generated: 480617 / 800000
generated: 480665 / 800000
generated: 480718 / 800000
generated: 480783 / 800000
generated: 480835 / 800000
generated: 480889 / 800000
generated: 480942 / 800000
generated: 480999 / 800000
generated: 481054 / 800000
generated: 481110 / 800000
generated: 481165 / 800000
generated: 481229 / 800000
generated: 481292 / 800000
generated: 481351 / 800000
generated: 481396 / 800000
generated: 481446 / 800000
generated: 481503 / 800000
generated: 481554 / 800000
generated: 481605 / 800000
generated: 481661 / 800000
generated: 481713 / 800000
generated: 481785 / 800000
generated: 481837 / 800000
generated: 481897 / 800000
generated: 481960 / 800000
generated: 482034 / 800000
generated: 482082 / 800000
generated: 482134 / 800000
generated: 482200 / 800000
generated: 482252 / 800000
generated: 482331 / 800000
generated: 482385 / 800000
generated: 482438 / 800000
generated: 482487 / 800000
generated: 482529 / 800000
generated: 482589 / 800000
generated: 482652 / 800000
generated: 482708 / 800000
generated: 482761 / 800000
generated: 482832 / 800000
generated: 482909 / 800000
generated: 482972 / 800000
generated: 483031 / 800000
generated: 483089 / 800000
generated: 483153 / 800000
generated: 483211 / 800000
generated: 483259 / 800000
generated: 483308 / 800000
generated: 483351 / 800000
generated: 483414 / 800000
generated: 483463 / 800000
generated: 483520 / 800000
generated: 483567 / 800000
generated: 483616 / 800000
generated: 483667 / 800000
generated: 483736 / 800000
generated: 483787 / 800000
generated: 483835 / 800000
generated: 483889 / 800000
generated: 483944 / 800000
generated: 484003 / 800000
generated: 484050 / 800000
generated: 484095 / 800000
generated: 484136 / 800000
generated: 484196 / 800000
generated: 484258 / 800000
generated: 484305 / 800000
generated: 484361 / 800000
generated: 484419 / 800000
generated: 484465 / 800000
generated: 484522 / 800000
generated: 484568 / 800000
generated: 484619 / 800000
generated: 484674 / 800000
generated: 484731 / 800000
generated: 484792 / 800000
generated: 484861 / 800000
generated: 484910 / 800000
generated: 484979 / 800000
generated: 485041 / 800000
generated: 485093 / 800000
generated: 485157 / 800000
generated: 485205 / 800000
generated: 485263 / 800000
generated: 485332 / 800000
generated: 485385 / 800000
generated: 485443 / 800000
generated: 485507 / 800000
generated: 485555 / 800000
generated: 485614 / 800000
generated: 485660 / 800000
generated: 485717 / 800000
generated: 485772 / 800000
generated: 485828 / 800000
generated: 485885 / 800000
generated: 485943 / 800000
generated: 485994 / 800000
generated: 486059 / 800000
generated: 486116 / 800000
generated: 486192 / 800000
generated: 486259 / 800000
generated: 486316 / 800000
generated: 486368 / 800000
generated: 486423 / 800000
generated: 486482 / 800000
generated: 486542 / 800000
generated: 486609 / 800000
generated: 486661 / 800000
generated: 486725 / 800000
generated: 486770 / 800000
generated: 486825 / 800000
generated: 486886 / 800000
generated: 486940 / 800000
generated: 486996 / 800000
generated: 487073 / 800000
generated: 487121 / 800000
generated: 487178 / 800000
generated: 487232 / 800000
generated: 487282 / 800000
generated: 487332 / 800000
generated: 487389 / 800000
generated: 487447 / 800000
generated: 487500 / 800000
generated: 487549 / 800000
generated: 487611 / 800000
generated: 487667 / 800000
generated: 487732 / 800000
generated: 487789 / 800000
generated: 487858 / 800000
generated: 487923 / 800000
generated: 487970 / 800000
generated: 488026 / 800000
generated: 488082 / 800000
generated: 488130 / 800000
generated: 488200 / 800000
generated: 488261 / 800000
generated: 488323 / 800000
generated: 488385 / 800000
generated: 488447 / 800000
generated: 488490 / 800000
generated: 488555 / 800000
generated: 488608 / 800000
generated: 488654 / 800000
generated: 488718 / 800000
generated: 488766 / 800000
generated: 488824 / 800000
generated: 488885 / 800000
generated: 488949 / 800000
generated: 488996 / 800000
generated: 489051 / 800000
generated: 489115 / 800000
generated: 489169 / 800000
generated: 489229 / 800000
generated: 489276 / 800000
generated: 489327 / 800000
generated: 489381 / 800000
generated: 489437 / 800000
generated: 489485 / 800000
generated: 489532 / 800000
generated: 489602 / 800000
generated: 489642 / 800000
generated: 489702 / 800000
generated: 489765 / 800000
generated: 489808 / 800000
generated: 489876 / 800000
generated: 489938 / 800000
generated: 490000 / 800000
generated: 490058 / 800000
generated: 490099 / 800000
generated: 490137 / 800000
generated: 490190 / 800000
generated: 490248 / 800000
generated: 490310 / 800000
generated: 490363 / 800000
generated: 490408 / 800000
generated: 490458 / 800000
generated: 490523 / 800000
generated: 490579 / 800000
generated: 490640 / 800000
generated: 490698 / 800000
generated: 490749 / 800000
generated: 490808 / 800000
generated: 490855 / 800000
generated: 490906 / 800000
generated: 490959 / 800000
generated: 491009 / 800000
generated: 491074 / 800000
generated: 491127 / 800000
generated: 491189 / 800000
generated: 491236 / 800000
generated: 491292 / 800000
generated: 491349 / 800000
generated: 491405 / 800000
generated: 491464 / 800000
generated: 491531 / 800000
generated: 491589 / 800000
generated: 491643 / 800000
generated: 491687 / 800000
generated: 491743 / 800000
generated: 491794 / 800000
generated: 491857 / 800000
generated: 491908 / 800000
generated: 491972 / 800000
generated: 492015 / 800000
generated: 492075 / 800000
generated: 492138 / 800000
generated: 492195 / 800000
generated: 492255 / 800000
generated: 492301 / 800000
generated: 492364 / 800000
generated: 492413 / 800000
generated: 492494 / 800000
generated: 492552 / 800000
generated: 492605 / 800000
generated: 492663 / 800000
generated: 492728 / 800000
generated: 492771 / 800000
generated: 492837 / 800000
generated: 492905 / 800000
generated: 492961 / 800000
generated: 493011 / 800000
generated: 493066 / 800000
generated: 493109 / 800000
generated: 493169 / 800000
generated: 493240 / 800000
generated: 493302 / 800000
generated: 493354 / 800000
generated: 493399 / 800000
generated: 493457 / 800000
generated: 493517 / 800000
generated: 493577 / 800000
generated: 493646 / 800000
generated: 493701 / 800000
generated: 493758 / 800000
generated: 493812 / 800000
generated: 493853 / 800000
generated: 493908 / 800000
generated: 493964 / 800000
generated: 494009 / 800000
generated: 494064 / 800000
generated: 494109 / 800000
generated: 494166 / 800000
generated: 494239 / 800000
generated: 494298 / 800000
generated: 494354 / 800000
generated: 494401 / 800000
generated: 494467 / 800000
generated: 494515 / 800000
generated: 494558 / 800000
generated: 494618 / 800000
generated: 494668 / 800000
generated: 494717 / 800000
generated: 494784 / 800000
generated: 494846 / 800000
generated: 494904 / 800000
generated: 494957 / 800000
generated: 495029 / 800000
generated: 495081 / 800000
generated: 495129 / 800000
generated: 495189 / 800000
generated: 495248 / 800000
generated: 495310 / 800000
generated: 495353 / 800000
generated: 495397 / 800000
generated: 495458 / 800000
generated: 495516 / 800000
generated: 495566 / 800000
generated: 495614 / 800000
generated: 495653 / 800000
generated: 495708 / 800000
generated: 495759 / 800000
generated: 495807 / 800000
generated: 495870 / 800000
generated: 495924 / 800000
generated: 495975 / 800000
generated: 496033 / 800000
generated: 496087 / 800000
generated: 496143 / 800000
generated: 496196 / 800000
generated: 496254 / 800000
generated: 496306 / 800000
generated: 496357 / 800000
generated: 496410 / 800000
generated: 496462 / 800000
generated: 496509 / 800000
generated: 496559 / 800000
generated: 496604 / 800000
generated: 496662 / 800000
generated: 496716 / 800000
generated: 496774 / 800000
generated: 496827 / 800000
generated: 496876 / 800000
generated: 496927 / 800000
generated: 496977 / 800000
generated: 497038 / 800000
generated: 497096 / 800000
generated: 497158 / 800000
generated: 497212 / 800000
generated: 497273 / 800000
generated: 497329 / 800000
generated: 497381 / 800000
generated: 497430 / 800000
generated: 497493 / 800000
generated: 497540 / 800000
generated: 497589 / 800000
generated: 497646 / 800000
generated: 497714 / 800000
generated: 497756 / 800000
generated: 497821 / 800000
generated: 497884 / 800000
generated: 497936 / 800000
generated: 497979 / 800000
generated: 498053 / 800000
generated: 498100 / 800000
generated: 498153 / 800000
generated: 498211 / 800000
generated: 498267 / 800000
generated: 498315 / 800000
generated: 498372 / 800000
generated: 498433 / 800000
generated: 498481 / 800000
generated: 498546 / 800000
generated: 498611 / 800000
generated: 498675 / 800000
generated: 498729 / 800000
generated: 498781 / 800000
generated: 498816 / 800000
generated: 498854 / 800000
generated: 498904 / 800000
generated: 498964 / 800000
generated: 499015 / 800000
generated: 499085 / 800000
generated: 499142 / 800000
generated: 499196 / 800000
generated: 499247 / 800000
generated: 499302 / 800000
generated: 499355 / 800000
generated: 499409 / 800000
generated: 499473 / 800000
generated: 499528 / 800000
generated: 499590 / 800000
generated: 499640 / 800000
generated: 499692 / 800000
generated: 499754 / 800000
generated: 499801 / 800000
generated: 499855 / 800000
generated: 499904 / 800000
generated: 499957 / 800000
generated: 500019 / 800000
generated: 500067 / 800000
generated: 500122 / 800000
generated: 500184 / 800000
generated: 500248 / 800000
generated: 500310 / 800000
generated: 500368 / 800000
generated: 500408 / 800000
generated: 500473 / 800000
generated: 500536 / 800000
generated: 500598 / 800000
generated: 500668 / 800000
generated: 500722 / 800000
generated: 500768 / 800000
generated: 500826 / 800000
generated: 500883 / 800000
generated: 500939 / 800000
generated: 500992 / 800000
generated: 501042 / 800000
generated: 501101 / 800000
generated: 501161 / 800000
generated: 501217 / 800000
generated: 501278 / 800000
generated: 501346 / 800000
generated: 501408 / 800000
generated: 501457 / 800000
generated: 501512 / 800000
generated: 501566 / 800000
generated: 501606 / 800000
generated: 501658 / 800000
generated: 501728 / 800000
generated: 501791 / 800000
generated: 501842 / 800000
generated: 501897 / 800000
generated: 501943 / 800000
generated: 502000 / 800000
generated: 502061 / 800000
generated: 502109 / 800000
generated: 502176 / 800000
generated: 502242 / 800000
generated: 502297 / 800000
generated: 502345 / 800000
generated: 502403 / 800000
generated: 502454 / 800000
generated: 502500 / 800000
generated: 502557 / 800000
generated: 502612 / 800000
generated: 502671 / 800000
generated: 502713 / 800000
generated: 502760 / 800000
generated: 502813 / 800000
generated: 502864 / 800000
generated: 502906 / 800000
generated: 502967 / 800000
generated: 503016 / 800000
generated: 503073 / 800000
generated: 503130 / 800000
generated: 503192 / 800000
generated: 503237 / 800000
generated: 503290 / 800000
generated: 503347 / 800000
generated: 503401 / 800000
generated: 503457 / 800000
generated: 503518 / 800000
generated: 503567 / 800000
generated: 503628 / 800000
generated: 503687 / 800000
generated: 503739 / 800000
generated: 503786 / 800000
generated: 503843 / 800000
generated: 503905 / 800000
generated: 503965 / 800000
generated: 504015 / 800000
generated: 504068 / 800000
generated: 504112 / 800000
generated: 504159 / 800000
generated: 504217 / 800000
generated: 504273 / 800000
generated: 504334 / 800000
generated: 504382 / 800000
generated: 504442 / 800000
generated: 504492 / 800000
generated: 504552 / 800000
generated: 504614 / 800000
generated: 504671 / 800000
generated: 504726 / 800000
generated: 504773 / 800000
generated: 504822 / 800000
generated: 504863 / 800000
generated: 504919 / 800000
generated: 504973 / 800000
generated: 505030 / 800000
generated: 505084 / 800000
generated: 505132 / 800000
generated: 505189 / 800000
generated: 505240 / 800000
generated: 505298 / 800000
generated: 505354 / 800000
generated: 505405 / 800000
generated: 505469 / 800000
generated: 505515 / 800000
generated: 505576 / 800000
generated: 505625 / 800000
generated: 505671 / 800000
generated: 505731 / 800000
generated: 505783 / 800000
generated: 505830 / 800000
generated: 505893 / 800000
generated: 505951 / 800000
generated: 506004 / 800000
generated: 506059 / 800000
generated: 506125 / 800000
generated: 506180 / 800000
generated: 506231 / 800000
generated: 506280 / 800000
generated: 506352 / 800000
generated: 506415 / 800000
generated: 506469 / 800000
generated: 506524 / 800000
generated: 506585 / 800000
generated: 506624 / 800000
generated: 506684 / 800000
generated: 506754 / 800000
generated: 506817 / 800000
generated: 506859 / 800000
generated: 506924 / 800000
generated: 506967 / 800000
generated: 507014 / 800000
generated: 507069 / 800000
generated: 507117 / 800000
generated: 507170 / 800000
generated: 507229 / 800000
generated: 507291 / 800000
generated: 507347 / 800000
generated: 507411 / 800000
generated: 507460 / 800000
generated: 507532 / 800000
generated: 507587 / 800000
generated: 507646 / 800000
generated: 507702 / 800000
generated: 507764 / 800000
generated: 507827 / 800000
generated: 507893 / 800000
generated: 507946 / 800000
generated: 508011 / 800000
generated: 508067 / 800000
generated: 508102 / 800000
generated: 508147 / 800000
generated: 508217 / 800000
generated: 508290 / 800000
generated: 508339 / 800000
generated: 508388 / 800000
generated: 508438 / 800000
generated: 508499 / 800000
generated: 508555 / 800000
generated: 508596 / 800000
generated: 508643 / 800000
generated: 508700 / 800000
generated: 508756 / 800000
generated: 508811 / 800000
generated: 508868 / 800000
generated: 508922 / 800000
generated: 508981 / 800000
generated: 509035 / 800000
generated: 509083 / 800000
generated: 509142 / 800000
generated: 509201 / 800000
generated: 509251 / 800000
generated: 509318 / 800000
generated: 509359 / 800000
generated: 509413 / 800000
generated: 509474 / 800000
generated: 509537 / 800000
generated: 509608 / 800000
generated: 509660 / 800000
generated: 509730 / 800000
generated: 509777 / 800000
generated: 509841 / 800000
generated: 509896 / 800000
generated: 509944 / 800000
generated: 510007 / 800000
generated: 510063 / 800000
generated: 510116 / 800000
generated: 510168 / 800000
generated: 510224 / 800000
generated: 510283 / 800000
generated: 510335 / 800000
generated: 510405 / 800000
generated: 510444 / 800000
generated: 510483 / 800000
generated: 510545 / 800000
generated: 510589 / 800000
generated: 510645 / 800000
generated: 510696 / 800000
generated: 510753 / 800000
generated: 510810 / 800000
generated: 510884 / 800000
generated: 510939 / 800000
generated: 510989 / 800000
generated: 511045 / 800000
generated: 511107 / 800000
generated: 511161 / 800000
generated: 511214 / 800000
generated: 511278 / 800000
generated: 511335 / 800000
generated: 511386 / 800000
generated: 511440 / 800000
generated: 511503 / 800000
generated: 511543 / 800000
generated: 511599 / 800000
generated: 511648 / 800000
generated: 511711 / 800000
generated: 511758 / 800000
generated: 511818 / 800000
generated: 511874 / 800000
generated: 511927 / 800000
generated: 511995 / 800000
generated: 512055 / 800000
generated: 512111 / 800000
generated: 512163 / 800000
generated: 512221 / 800000
generated: 512274 / 800000
generated: 512329 / 800000
generated: 512375 / 800000
generated: 512426 / 800000
generated: 512487 / 800000
generated: 512532 / 800000
generated: 512590 / 800000
generated: 512643 / 800000
generated: 512709 / 800000
generated: 512769 / 800000
generated: 512811 / 800000
generated: 512870 / 800000
generated: 512929 / 800000
generated: 512980 / 800000
generated: 513049 / 800000
generated: 513098 / 800000
generated: 513160 / 800000
generated: 513211 / 800000
generated: 513272 / 800000
generated: 513314 / 800000
generated: 513367 / 800000
generated: 513417 / 800000
generated: 513472 / 800000
generated: 513528 / 800000
generated: 513581 / 800000
generated: 513652 / 800000
generated: 513708 / 800000
generated: 513764 / 800000
generated: 513803 / 800000
generated: 513871 / 800000
generated: 513929 / 800000
generated: 513983 / 800000
generated: 514045 / 800000
generated: 514112 / 800000
generated: 514174 / 800000
generated: 514232 / 800000
generated: 514293 / 800000
generated: 514345 / 800000
generated: 514397 / 800000
generated: 514460 / 800000
generated: 514512 / 800000
generated: 514574 / 800000
generated: 514632 / 800000
generated: 514682 / 800000
generated: 514731 / 800000
generated: 514785 / 800000
generated: 514845 / 800000
generated: 514902 / 800000
generated: 514953 / 800000
generated: 515014 / 800000
generated: 515070 / 800000
generated: 515129 / 800000
generated: 515192 / 800000
generated: 515251 / 800000
generated: 515309 / 800000
generated: 515359 / 800000
generated: 515413 / 800000
generated: 515469 / 800000
generated: 515529 / 800000
generated: 515598 / 800000
generated: 515658 / 800000
generated: 515707 / 800000
generated: 515760 / 800000
generated: 515812 / 800000
generated: 515867 / 800000
generated: 515915 / 800000
generated: 515970 / 800000
generated: 516034 / 800000
generated: 516080 / 800000
generated: 516145 / 800000
generated: 516190 / 800000
generated: 516250 / 800000
generated: 516300 / 800000
generated: 516355 / 800000
generated: 516406 / 800000
generated: 516464 / 800000
generated: 516526 / 800000
generated: 516577 / 800000
generated: 516638 / 800000
generated: 516701 / 800000
generated: 516752 / 800000
generated: 516801 / 800000
generated: 516862 / 800000
generated: 516913 / 800000
generated: 516961 / 800000
generated: 517023 / 800000
generated: 517078 / 800000
generated: 517139 / 800000
generated: 517202 / 800000
generated: 517256 / 800000
generated: 517315 / 800000
generated: 517368 / 800000
generated: 517432 / 800000
generated: 517481 / 800000
generated: 517544 / 800000
generated: 517609 / 800000
generated: 517666 / 800000
generated: 517731 / 800000
generated: 517783 / 800000
generated: 517826 / 800000
generated: 517888 / 800000
generated: 517940 / 800000
generated: 517985 / 800000
generated: 518041 / 800000
generated: 518092 / 800000
generated: 518145 / 800000
generated: 518212 / 800000
generated: 518261 / 800000
generated: 518323 / 800000
generated: 518379 / 800000
generated: 518438 / 800000
generated: 518499 / 800000
generated: 518554 / 800000
generated: 518610 / 800000
generated: 518663 / 800000
generated: 518734 / 800000
generated: 518792 / 800000
generated: 518853 / 800000
generated: 518912 / 800000
generated: 518970 / 800000
generated: 519027 / 800000
generated: 519086 / 800000
generated: 519147 / 800000
generated: 519190 / 800000
generated: 519246 / 800000
generated: 519322 / 800000
generated: 519373 / 800000
generated: 519424 / 800000
generated: 519477 / 800000
generated: 519532 / 800000
generated: 519587 / 800000
generated: 519632 / 800000
generated: 519682 / 800000
generated: 519743 / 800000
generated: 519806 / 800000
generated: 519861 / 800000
generated: 519919 / 800000
generated: 519977 / 800000
generated: 520039 / 800000
generated: 520081 / 800000
generated: 520140 / 800000
generated: 520197 / 800000
generated: 520253 / 800000
generated: 520315 / 800000
generated: 520370 / 800000
generated: 520432 / 800000
generated: 520493 / 800000
generated: 520549 / 800000
generated: 520618 / 800000
generated: 520665 / 800000
generated: 520718 / 800000
generated: 520775 / 800000
generated: 520834 / 800000
generated: 520898 / 800000
generated: 520951 / 800000
generated: 520996 / 800000
generated: 521056 / 800000
generated: 521112 / 800000
generated: 521177 / 800000
generated: 521236 / 800000
generated: 521285 / 800000
generated: 521329 / 800000
generated: 521374 / 800000
generated: 521421 / 800000
generated: 521472 / 800000
generated: 521539 / 800000
generated: 521592 / 800000
generated: 521656 / 800000
generated: 521717 / 800000
generated: 521778 / 800000
generated: 521829 / 800000
generated: 521875 / 800000
generated: 521939 / 800000
generated: 521994 / 800000
generated: 522038 / 800000
generated: 522099 / 800000
generated: 522158 / 800000
generated: 522209 / 800000
generated: 522261 / 800000
generated: 522317 / 800000
generated: 522367 / 800000
generated: 522431 / 800000
generated: 522499 / 800000
generated: 522550 / 800000
generated: 522602 / 800000
generated: 522658 / 800000
generated: 522710 / 800000
generated: 522758 / 800000
generated: 522810 / 800000
generated: 522854 / 800000
generated: 522904 / 800000
generated: 522958 / 800000
generated: 523012 / 800000
generated: 523064 / 800000
generated: 523116 / 800000
generated: 523173 / 800000
generated: 523231 / 800000
generated: 523294 / 800000
generated: 523346 / 800000
generated: 523407 / 800000
generated: 523458 / 800000
generated: 523518 / 800000
generated: 523577 / 800000
generated: 523629 / 800000
generated: 523687 / 800000
generated: 523740 / 800000
generated: 523795 / 800000
generated: 523852 / 800000
generated: 523908 / 800000
generated: 523961 / 800000
generated: 524022 / 800000
generated: 524061 / 800000
generated: 524126 / 800000
generated: 524192 / 800000
generated: 524248 / 800000
generated: 524303 / 800000
generated: 524340 / 800000
generated: 524413 / 800000
generated: 524464 / 800000
generated: 524527 / 800000
generated: 524595 / 800000
generated: 524652 / 800000
generated: 524699 / 800000
generated: 524751 / 800000
generated: 524808 / 800000
generated: 524873 / 800000
generated: 524933 / 800000
generated: 524977 / 800000
generated: 525028 / 800000
generated: 525085 / 800000
generated: 525138 / 800000
generated: 525188 / 800000
generated: 525237 / 800000
generated: 525282 / 800000
generated: 525344 / 800000
generated: 525400 / 800000
generated: 525452 / 800000
generated: 525498 / 800000
generated: 525550 / 800000
generated: 525609 / 800000
generated: 525666 / 800000
generated: 525743 / 800000
generated: 525791 / 800000
generated: 525840 / 800000
generated: 525888 / 800000
generated: 525943 / 800000
generated: 526006 / 800000
generated: 526066 / 800000
generated: 526143 / 800000
generated: 526206 / 800000
generated: 526274 / 800000
generated: 526331 / 800000
generated: 526386 / 800000
generated: 526439 / 800000
generated: 526488 / 800000
generated: 526543 / 800000
generated: 526598 / 800000
generated: 526637 / 800000
generated: 526690 / 800000
generated: 526744 / 800000
generated: 526800 / 800000
generated: 526855 / 800000
generated: 526917 / 800000
generated: 526977 / 800000
generated: 527041 / 800000
generated: 527094 / 800000
generated: 527131 / 800000
generated: 527195 / 800000
generated: 527258 / 800000
generated: 527312 / 800000
generated: 527359 / 800000
generated: 527426 / 800000
generated: 527479 / 800000
generated: 527540 / 800000
generated: 527592 / 800000
generated: 527647 / 800000
generated: 527704 / 800000
generated: 527762 / 800000
generated: 527820 / 800000
generated: 527873 / 800000
generated: 527930 / 800000
generated: 527984 / 800000
generated: 528038 / 800000
generated: 528096 / 800000
generated: 528149 / 800000
generated: 528220 / 800000
generated: 528289 / 800000
generated: 528346 / 800000
generated: 528394 / 800000
generated: 528452 / 800000
generated: 528509 / 800000
generated: 528544 / 800000
generated: 528597 / 800000
generated: 528651 / 800000
generated: 528701 / 800000
generated: 528769 / 800000
generated: 528825 / 800000
generated: 528876 / 800000
generated: 528931 / 800000
generated: 528985 / 800000
generated: 529043 / 800000
generated: 529088 / 800000
generated: 529146 / 800000
generated: 529210 / 800000
generated: 529264 / 800000
generated: 529322 / 800000
generated: 529385 / 800000
generated: 529430 / 800000
generated: 529483 / 800000
generated: 529537 / 800000
generated: 529588 / 800000
generated: 529650 / 800000
generated: 529705 / 800000
generated: 529747 / 800000
generated: 529813 / 800000
generated: 529878 / 800000
generated: 529935 / 800000
generated: 529993 / 800000
generated: 530043 / 800000
generated: 530099 / 800000
generated: 530155 / 800000
generated: 530214 / 800000
generated: 530260 / 800000
generated: 530330 / 800000
generated: 530391 / 800000
generated: 530447 / 800000
generated: 530491 / 800000
generated: 530551 / 800000
generated: 530609 / 800000
generated: 530660 / 800000
generated: 530719 / 800000
generated: 530789 / 800000
generated: 530839 / 800000
generated: 530896 / 800000
generated: 530957 / 800000
generated: 531014 / 800000
generated: 531088 / 800000
generated: 531136 / 800000
generated: 531193 / 800000
generated: 531255 / 800000
generated: 531304 / 800000
generated: 531353 / 800000
generated: 531406 / 800000
generated: 531462 / 800000
generated: 531514 / 800000
generated: 531578 / 800000
generated: 531635 / 800000
generated: 531696 / 800000
generated: 531759 / 800000
generated: 531808 / 800000
generated: 531859 / 800000
generated: 531898 / 800000
generated: 531962 / 800000
generated: 532016 / 800000
generated: 532071 / 800000
generated: 532123 / 800000
generated: 532178 / 800000
generated: 532228 / 800000
generated: 532289 / 800000
generated: 532339 / 800000
generated: 532388 / 800000
generated: 532441 / 800000
generated: 532489 / 800000
generated: 532541 / 800000
generated: 532593 / 800000
generated: 532647 / 800000
generated: 532706 / 800000
generated: 532771 / 800000
generated: 532822 / 800000
generated: 532873 / 800000
generated: 532934 / 800000
generated: 532981 / 800000
generated: 533019 / 800000
generated: 533069 / 800000
generated: 533125 / 800000
generated: 533188 / 800000
generated: 533240 / 800000
generated: 533304 / 800000
generated: 533360 / 800000
generated: 533412 / 800000
generated: 533464 / 800000
generated: 533518 / 800000
generated: 533577 / 800000
generated: 533627 / 800000
generated: 533679 / 800000
generated: 533741 / 800000
generated: 533789 / 800000
generated: 533849 / 800000
generated: 533899 / 800000
generated: 533951 / 800000
generated: 534004 / 800000
generated: 534068 / 800000
generated: 534117 / 800000
generated: 534181 / 800000
generated: 534237 / 800000
generated: 534292 / 800000
generated: 534350 / 800000
generated: 534404 / 800000
generated: 534459 / 800000
generated: 534515 / 800000
generated: 534570 / 800000
generated: 534618 / 800000
generated: 534676 / 800000
generated: 534730 / 800000
generated: 534784 / 800000
generated: 534827 / 800000
generated: 534892 / 800000
generated: 534940 / 800000
generated: 534991 / 800000
generated: 535045 / 800000
generated: 535096 / 800000
generated: 535148 / 800000
generated: 535195 / 800000
generated: 535263 / 800000
generated: 535307 / 800000
generated: 535374 / 800000
generated: 535439 / 800000
generated: 535489 / 800000
generated: 535552 / 800000
generated: 535599 / 800000
generated: 535645 / 800000
generated: 535711 / 800000
generated: 535761 / 800000
generated: 535821 / 800000
generated: 535884 / 800000
generated: 535935 / 800000
generated: 535986 / 800000
generated: 536042 / 800000
generated: 536103 / 800000
generated: 536152 / 800000
generated: 536206 / 800000
generated: 536257 / 800000
generated: 536308 / 800000
generated: 536363 / 800000
generated: 536417 / 800000
generated: 536467 / 800000
generated: 536537 / 800000
generated: 536573 / 800000
generated: 536625 / 800000
generated: 536674 / 800000
generated: 536733 / 800000
generated: 536796 / 800000
generated: 536852 / 800000
generated: 536901 / 800000
generated: 536957 / 800000
generated: 537007 / 800000
generated: 537045 / 800000
generated: 537093 / 800000
generated: 537141 / 800000
generated: 537191 / 800000
generated: 537246 / 800000
generated: 537297 / 800000
generated: 537362 / 800000
generated: 537421 / 800000
generated: 537470 / 800000
generated: 537512 / 800000
generated: 537559 / 800000
generated: 537620 / 800000
generated: 537674 / 800000
generated: 537734 / 800000
generated: 537786 / 800000
generated: 537844 / 800000
generated: 537903 / 800000
generated: 537958 / 800000
generated: 538014 / 800000
generated: 538068 / 800000
generated: 538128 / 800000
generated: 538174 / 800000
generated: 538218 / 800000
generated: 538278 / 800000
generated: 538334 / 800000
generated: 538393 / 800000
generated: 538462 / 800000
generated: 538518 / 800000
generated: 538570 / 800000
generated: 538619 / 800000
generated: 538674 / 800000
generated: 538727 / 800000
generated: 538784 / 800000
generated: 538841 / 800000
generated: 538911 / 800000
generated: 538966 / 800000
generated: 539020 / 800000
generated: 539085 / 800000
generated: 539145 / 800000
generated: 539198 / 800000
generated: 539255 / 800000
generated: 539316 / 800000
generated: 539382 / 800000
generated: 539435 / 800000
generated: 539496 / 800000
generated: 539542 / 800000
generated: 539605 / 800000
generated: 539670 / 800000
generated: 539733 / 800000
generated: 539785 / 800000
generated: 539849 / 800000
generated: 539904 / 800000
generated: 539967 / 800000
generated: 540029 / 800000
generated: 540085 / 800000
generated: 540157 / 800000
generated: 540207 / 800000
generated: 540261 / 800000
generated: 540317 / 800000
generated: 540364 / 800000
generated: 540431 / 800000
generated: 540489 / 800000
generated: 540546 / 800000
generated: 540603 / 800000
generated: 540667 / 800000
generated: 540718 / 800000
generated: 540773 / 800000
generated: 540834 / 800000
generated: 540891 / 800000
generated: 540947 / 800000
generated: 541010 / 800000
generated: 541063 / 800000
generated: 541129 / 800000
generated: 541178 / 800000
generated: 541238 / 800000
generated: 541286 / 800000
generated: 541333 / 800000
generated: 541400 / 800000
generated: 541452 / 800000
generated: 541510 / 800000
generated: 541575 / 800000
generated: 541624 / 800000
generated: 541676 / 800000
generated: 541722 / 800000
generated: 541777 / 800000
generated: 541827 / 800000
generated: 541879 / 800000
generated: 541932 / 800000
generated: 541981 / 800000
generated: 542039 / 800000
generated: 542097 / 800000
generated: 542146 / 800000
generated: 542204 / 800000
generated: 542254 / 800000
generated: 542311 / 800000
generated: 542379 / 800000
generated: 542429 / 800000
generated: 542481 / 800000
generated: 542536 / 800000
generated: 542587 / 800000
generated: 542634 / 800000
generated: 542679 / 800000
generated: 542733 / 800000
generated: 542794 / 800000
generated: 542857 / 800000
generated: 542908 / 800000
generated: 542964 / 800000
generated: 543024 / 800000
generated: 543080 / 800000
generated: 543138 / 800000
generated: 543192 / 800000
generated: 543239 / 800000
generated: 543285 / 800000
generated: 543338 / 800000
generated: 543388 / 800000
generated: 543459 / 800000
generated: 543519 / 800000
generated: 543578 / 800000
generated: 543636 / 800000
generated: 543695 / 800000
generated: 543753 / 800000
generated: 543812 / 800000
generated: 543867 / 800000
generated: 543927 / 800000
generated: 543977 / 800000
generated: 544023 / 800000
generated: 544099 / 800000
generated: 544158 / 800000
generated: 544211 / 800000
generated: 544281 / 800000
generated: 544342 / 800000
generated: 544401 / 800000
generated: 544453 / 800000
generated: 544511 / 800000
generated: 544563 / 800000
generated: 544626 / 800000
generated: 544667 / 800000
generated: 544715 / 800000
generated: 544782 / 800000
generated: 544835 / 800000
generated: 544890 / 800000
generated: 544947 / 800000
generated: 545004 / 800000
generated: 545064 / 800000
generated: 545123 / 800000
generated: 545180 / 800000
generated: 545233 / 800000
generated: 545288 / 800000
generated: 545349 / 800000
generated: 545409 / 800000
generated: 545452 / 800000
generated: 545498 / 800000
generated: 545537 / 800000
generated: 545586 / 800000
generated: 545657 / 800000
generated: 545711 / 800000
generated: 545747 / 800000
generated: 545794 / 800000
generated: 545852 / 800000
generated: 545912 / 800000
generated: 545964 / 800000
generated: 546022 / 800000
generated: 546080 / 800000
generated: 546138 / 800000
generated: 546189 / 800000
generated: 546253 / 800000
generated: 546314 / 800000
generated: 546364 / 800000
generated: 546420 / 800000
generated: 546475 / 800000
generated: 546529 / 800000
generated: 546591 / 800000
generated: 546647 / 800000
generated: 546705 / 800000
generated: 546755 / 800000
generated: 546804 / 800000
generated: 546853 / 800000
generated: 546901 / 800000
generated: 546966 / 800000
generated: 547019 / 800000
generated: 547073 / 800000
generated: 547122 / 800000
generated: 547172 / 800000
generated: 547224 / 800000
generated: 547283 / 800000
generated: 547331 / 800000
generated: 547386 / 800000
generated: 547444 / 800000
generated: 547494 / 800000
generated: 547564 / 800000
generated: 547623 / 800000
generated: 547676 / 800000
generated: 547734 / 800000
generated: 547789 / 800000
generated: 547826 / 800000
generated: 547874 / 800000
generated: 547928 / 800000
generated: 547968 / 800000
generated: 548013 / 800000
generated: 548079 / 800000
generated: 548131 / 800000
generated: 548173 / 800000
generated: 548226 / 800000
generated: 548272 / 800000
generated: 548351 / 800000
generated: 548410 / 800000
generated: 548463 / 800000
generated: 548524 / 800000
generated: 548571 / 800000
generated: 548618 / 800000
generated: 548677 / 800000
generated: 548728 / 800000
generated: 548789 / 800000
generated: 548841 / 800000
generated: 548886 / 800000
generated: 548940 / 800000
generated: 549002 / 800000
generated: 549063 / 800000
generated: 549104 / 800000
generated: 549158 / 800000
generated: 549213 / 800000
generated: 549281 / 800000
generated: 549332 / 800000
generated: 549394 / 800000
generated: 549447 / 800000
generated: 549504 / 800000
generated: 549558 / 800000
generated: 549617 / 800000
generated: 549677 / 800000
generated: 549738 / 800000
generated: 549781 / 800000
generated: 549841 / 800000
generated: 549900 / 800000
generated: 549952 / 800000
generated: 550000 / 800000
generated: 550063 / 800000
generated: 550124 / 800000
generated: 550182 / 800000
generated: 550245 / 800000
generated: 550305 / 800000
generated: 550359 / 800000
generated: 550420 / 800000
generated: 550487 / 800000
generated: 550559 / 800000
generated: 550616 / 800000
generated: 550660 / 800000
generated: 550712 / 800000
generated: 550763 / 800000
generated: 550820 / 800000
generated: 550874 / 800000
generated: 550930 / 800000
generated: 550988 / 800000
generated: 551044 / 800000
generated: 551104 / 800000
generated: 551160 / 800000
generated: 551224 / 800000
generated: 551273 / 800000
generated: 551323 / 800000
generated: 551392 / 800000
generated: 551432 / 800000
generated: 551487 / 800000
generated: 551538 / 800000
generated: 551603 / 800000
generated: 551660 / 800000
generated: 551716 / 800000
generated: 551791 / 800000
generated: 551849 / 800000
generated: 551900 / 800000
generated: 551971 / 800000
generated: 552032 / 800000
generated: 552089 / 800000
generated: 552148 / 800000
generated: 552194 / 800000
generated: 552254 / 800000
generated: 552305 / 800000
generated: 552363 / 800000
generated: 552427 / 800000
generated: 552470 / 800000
generated: 552517 / 800000
generated: 552572 / 800000
generated: 552628 / 800000
generated: 552694 / 800000
generated: 552749 / 800000
generated: 552821 / 800000
generated: 552866 / 800000
generated: 552918 / 800000
generated: 552971 / 800000
generated: 553029 / 800000
generated: 553093 / 800000
generated: 553159 / 800000
generated: 553223 / 800000
generated: 553286 / 800000
generated: 553334 / 800000
generated: 553385 / 800000
generated: 553432 / 800000
generated: 553485 / 800000
generated: 553544 / 800000
generated: 553594 / 800000
generated: 553639 / 800000
generated: 553702 / 800000
generated: 553757 / 800000
generated: 553814 / 800000
generated: 553870 / 800000
generated: 553920 / 800000
generated: 553969 / 800000
generated: 554027 / 800000
generated: 554074 / 800000
generated: 554135 / 800000
generated: 554188 / 800000
generated: 554241 / 800000
generated: 554302 / 800000
generated: 554348 / 800000
generated: 554400 / 800000
generated: 554448 / 800000
generated: 554492 / 800000
generated: 554531 / 800000
generated: 554598 / 800000
generated: 554657 / 800000
generated: 554717 / 800000
generated: 554772 / 800000
generated: 554831 / 800000
generated: 554898 / 800000
generated: 554971 / 800000
generated: 555044 / 800000
generated: 555103 / 800000
generated: 555154 / 800000
generated: 555210 / 800000
generated: 555259 / 800000
generated: 555311 / 800000
generated: 555359 / 800000
generated: 555416 / 800000
generated: 555459 / 800000
generated: 555522 / 800000
generated: 555570 / 800000
generated: 555624 / 800000
generated: 555682 / 800000
generated: 555735 / 800000
generated: 555788 / 800000
generated: 555838 / 800000
generated: 555886 / 800000
generated: 555939 / 800000
generated: 555995 / 800000
generated: 556052 / 800000
generated: 556109 / 800000
generated: 556173 / 800000
generated: 556230 / 800000
generated: 556293 / 800000
generated: 556358 / 800000
generated: 556404 / 800000
generated: 556455 / 800000
generated: 556498 / 800000
generated: 556560 / 800000
generated: 556614 / 800000
generated: 556672 / 800000
generated: 556720 / 800000
generated: 556785 / 800000
generated: 556838 / 800000
generated: 556903 / 800000
generated: 556959 / 800000
generated: 557009 / 800000
generated: 557057 / 800000
generated: 557110 / 800000
generated: 557154 / 800000
generated: 557214 / 800000
generated: 557274 / 800000
generated: 557328 / 800000
generated: 557388 / 800000
generated: 557443 / 800000
generated: 557496 / 800000
generated: 557552 / 800000
generated: 557611 / 800000
generated: 557670 / 800000
generated: 557711 / 800000
generated: 557762 / 800000
generated: 557813 / 800000
generated: 557858 / 800000
generated: 557922 / 800000
generated: 557976 / 800000
generated: 558030 / 800000
generated: 558102 / 800000
generated: 558149 / 800000
generated: 558199 / 800000
generated: 558262 / 800000
generated: 558335 / 800000
generated: 558398 / 800000
generated: 558459 / 800000
generated: 558518 / 800000
generated: 558564 / 800000
generated: 558607 / 800000
generated: 558660 / 800000
generated: 558717 / 800000
generated: 558766 / 800000
generated: 558816 / 800000
generated: 558871 / 800000
generated: 558925 / 800000
generated: 558974 / 800000
generated: 559018 / 800000
generated: 559072 / 800000
generated: 559129 / 800000
generated: 559181 / 800000
generated: 559244 / 800000
generated: 559299 / 800000
generated: 559352 / 800000
generated: 559408 / 800000
generated: 559474 / 800000
generated: 559527 / 800000
generated: 559565 / 800000
generated: 559624 / 800000
generated: 559686 / 800000
generated: 559746 / 800000
generated: 559797 / 800000
generated: 559854 / 800000
generated: 559917 / 800000
generated: 559980 / 800000
generated: 560029 / 800000
generated: 560084 / 800000
generated: 560145 / 800000
generated: 560208 / 800000
generated: 560255 / 800000
generated: 560320 / 800000
generated: 560383 / 800000
generated: 560445 / 800000
generated: 560501 / 800000
generated: 560563 / 800000
generated: 560613 / 800000
generated: 560680 / 800000
generated: 560736 / 800000
generated: 560781 / 800000
generated: 560830 / 800000
generated: 560886 / 800000
generated: 560948 / 800000
generated: 561007 / 800000
generated: 561066 / 800000
generated: 561126 / 800000
generated: 561196 / 800000
generated: 561242 / 800000
generated: 561309 / 800000
generated: 561355 / 800000
generated: 561394 / 800000
generated: 561457 / 800000
generated: 561502 / 800000
generated: 561564 / 800000
generated: 561616 / 800000
generated: 561676 / 800000
generated: 561740 / 800000
generated: 561799 / 800000
generated: 561855 / 800000
generated: 561907 / 800000
generated: 561969 / 800000
generated: 562030 / 800000
generated: 562081 / 800000
generated: 562129 / 800000
generated: 562190 / 800000
generated: 562243 / 800000
generated: 562287 / 800000
generated: 562356 / 800000
generated: 562405 / 800000
generated: 562464 / 800000
generated: 562516 / 800000
generated: 562573 / 800000
generated: 562647 / 800000
generated: 562707 / 800000
generated: 562758 / 800000
generated: 562812 / 800000
generated: 562865 / 800000
generated: 562921 / 800000
generated: 562967 / 800000
generated: 563018 / 800000
generated: 563069 / 800000
generated: 563123 / 800000
generated: 563187 / 800000
generated: 563244 / 800000
generated: 563292 / 800000
generated: 563353 / 800000
generated: 563426 / 800000
generated: 563483 / 800000
generated: 563541 / 800000
generated: 563607 / 800000
generated: 563666 / 800000
generated: 563729 / 800000
generated: 563782 / 800000
generated: 563838 / 800000
generated: 563894 / 800000
generated: 563938 / 800000
generated: 563991 / 800000
generated: 564044 / 800000
generated: 564096 / 800000
generated: 564147 / 800000
generated: 564199 / 800000
generated: 564247 / 800000
generated: 564302 / 800000
generated: 564366 / 800000
generated: 564417 / 800000
generated: 564469 / 800000
generated: 564528 / 800000
generated: 564571 / 800000
generated: 564630 / 800000
generated: 564690 / 800000
generated: 564746 / 800000
generated: 564787 / 800000
generated: 564841 / 800000
generated: 564889 / 800000
generated: 564941 / 800000
generated: 565000 / 800000
generated: 565053 / 800000
generated: 565101 / 800000
generated: 565173 / 800000
generated: 565227 / 800000
generated: 565284 / 800000
generated: 565333 / 800000
generated: 565385 / 800000
generated: 565447 / 800000
generated: 565495 / 800000
generated: 565544 / 800000
generated: 565593 / 800000
generated: 565637 / 800000
generated: 565693 / 800000
generated: 565756 / 800000
generated: 565805 / 800000
generated: 565857 / 800000
generated: 565926 / 800000
generated: 565979 / 800000
generated: 566030 / 800000
generated: 566087 / 800000
generated: 566149 / 800000
generated: 566193 / 800000
generated: 566247 / 800000
generated: 566317 / 800000
generated: 566369 / 800000
generated: 566418 / 800000
generated: 566470 / 800000
generated: 566519 / 800000
generated: 566572 / 800000
generated: 566615 / 800000
generated: 566669 / 800000
generated: 566720 / 800000
generated: 566789 / 800000
generated: 566851 / 800000
generated: 566899 / 800000
generated: 566944 / 800000
generated: 566995 / 800000
generated: 567063 / 800000
generated: 567112 / 800000
generated: 567151 / 800000
generated: 567209 / 800000
generated: 567262 / 800000
generated: 567308 / 800000
generated: 567358 / 800000
generated: 567430 / 800000
generated: 567486 / 800000
generated: 567556 / 800000
generated: 567610 / 800000
generated: 567654 / 800000
generated: 567717 / 800000
generated: 567771 / 800000
generated: 567826 / 800000
generated: 567876 / 800000
generated: 567931 / 800000
generated: 567994 / 800000
generated: 568038 / 800000
generated: 568093 / 800000
generated: 568146 / 800000
generated: 568202 / 800000
generated: 568257 / 800000
generated: 568327 / 800000
generated: 568381 / 800000
generated: 568427 / 800000
generated: 568469 / 800000
generated: 568530 / 800000
generated: 568591 / 800000
generated: 568641 / 800000
generated: 568695 / 800000
generated: 568757 / 800000
generated: 568812 / 800000
generated: 568854 / 800000
generated: 568902 / 800000
generated: 568951 / 800000
generated: 569011 / 800000
generated: 569067 / 800000
generated: 569122 / 800000
generated: 569168 / 800000
generated: 569224 / 800000
generated: 569271 / 800000
generated: 569329 / 800000
generated: 569382 / 800000
generated: 569444 / 800000
generated: 569497 / 800000
generated: 569546 / 800000
generated: 569601 / 800000
generated: 569639 / 800000
generated: 569692 / 800000
generated: 569749 / 800000
generated: 569804 / 800000
generated: 569859 / 800000
generated: 569917 / 800000
generated: 569978 / 800000
generated: 570044 / 800000
generated: 570098 / 800000
generated: 570152 / 800000
generated: 570208 / 800000
generated: 570254 / 800000
generated: 570306 / 800000
generated: 570359 / 800000
generated: 570421 / 800000
generated: 570483 / 800000
generated: 570535 / 800000
generated: 570594 / 800000
generated: 570657 / 800000
generated: 570709 / 800000
generated: 570763 / 800000
generated: 570818 / 800000
generated: 570864 / 800000
generated: 570914 / 800000
generated: 570979 / 800000
generated: 571032 / 800000
generated: 571090 / 800000
generated: 571135 / 800000
generated: 571183 / 800000
generated: 571233 / 800000
generated: 571295 / 800000
generated: 571356 / 800000
generated: 571413 / 800000
generated: 571476 / 800000
generated: 571547 / 800000
generated: 571584 / 800000
generated: 571634 / 800000
generated: 571680 / 800000
generated: 571729 / 800000
generated: 571792 / 800000
generated: 571842 / 800000
generated: 571906 / 800000
generated: 571972 / 800000
generated: 572033 / 800000
generated: 572073 / 800000
generated: 572123 / 800000
generated: 572176 / 800000
generated: 572227 / 800000
generated: 572286 / 800000
generated: 572333 / 800000
generated: 572390 / 800000
generated: 572441 / 800000
generated: 572498 / 800000
generated: 572548 / 800000
generated: 572605 / 800000
generated: 572666 / 800000
generated: 572714 / 800000
generated: 572776 / 800000
generated: 572823 / 800000
generated: 572866 / 800000
generated: 572915 / 800000
generated: 572978 / 800000
generated: 573029 / 800000
generated: 573087 / 800000
generated: 573131 / 800000
generated: 573186 / 800000
generated: 573231 / 800000
generated: 573272 / 800000
generated: 573333 / 800000
generated: 573392 / 800000
generated: 573440 / 800000
generated: 573489 / 800000
generated: 573534 / 800000
generated: 573588 / 800000
generated: 573650 / 800000
generated: 573704 / 800000
generated: 573767 / 800000
generated: 573815 / 800000
generated: 573882 / 800000
generated: 573934 / 800000
generated: 573988 / 800000
generated: 574045 / 800000
generated: 574107 / 800000
generated: 574168 / 800000
generated: 574217 / 800000
generated: 574277 / 800000
generated: 574332 / 800000
generated: 574391 / 800000
generated: 574457 / 800000
generated: 574517 / 800000
generated: 574566 / 800000
generated: 574611 / 800000
generated: 574670 / 800000
generated: 574725 / 800000
generated: 574781 / 800000
generated: 574836 / 800000
generated: 574892 / 800000
generated: 574952 / 800000
generated: 575015 / 800000
generated: 575075 / 800000
generated: 575126 / 800000
generated: 575183 / 800000
generated: 575233 / 800000
generated: 575288 / 800000
generated: 575348 / 800000
generated: 575407 / 800000
generated: 575463 / 800000
generated: 575526 / 800000
generated: 575594 / 800000
generated: 575654 / 800000
generated: 575709 / 800000
generated: 575756 / 800000
generated: 575806 / 800000
generated: 575864 / 800000
generated: 575920 / 800000
generated: 575972 / 800000
generated: 576021 / 800000
generated: 576085 / 800000
generated: 576153 / 800000
generated: 576207 / 800000
generated: 576268 / 800000
generated: 576314 / 800000
generated: 576371 / 800000
generated: 576420 / 800000
generated: 576478 / 800000
generated: 576543 / 800000
generated: 576589 / 800000
generated: 576644 / 800000
generated: 576703 / 800000
generated: 576769 / 800000
generated: 576836 / 800000
generated: 576892 / 800000
generated: 576954 / 800000
generated: 577003 / 800000
generated: 577076 / 800000
generated: 577137 / 800000
generated: 577199 / 800000
generated: 577263 / 800000
generated: 577309 / 800000
generated: 577361 / 800000
generated: 577408 / 800000
generated: 577458 / 800000
generated: 577510 / 800000
generated: 577554 / 800000
generated: 577622 / 800000
generated: 577666 / 800000
generated: 577732 / 800000
generated: 577797 / 800000
generated: 577861 / 800000
generated: 577911 / 800000
generated: 577964 / 800000
generated: 578031 / 800000
generated: 578085 / 800000
generated: 578135 / 800000
generated: 578195 / 800000
generated: 578254 / 800000
generated: 578330 / 800000
generated: 578388 / 800000
generated: 578434 / 800000
generated: 578478 / 800000
generated: 578528 / 800000
generated: 578596 / 800000
generated: 578649 / 800000
generated: 578701 / 800000
generated: 578758 / 800000
generated: 578807 / 800000
generated: 578862 / 800000
generated: 578915 / 800000
generated: 578971 / 800000
generated: 579034 / 800000
generated: 579089 / 800000
generated: 579152 / 800000
generated: 579212 / 800000
generated: 579276 / 800000
generated: 579329 / 800000
generated: 579381 / 800000
generated: 579444 / 800000
generated: 579499 / 800000
generated: 579550 / 800000
generated: 579615 / 800000
generated: 579681 / 800000
generated: 579726 / 800000
generated: 579771 / 800000
generated: 579829 / 800000
generated: 579889 / 800000
generated: 579935 / 800000
generated: 579982 / 800000
generated: 580040 / 800000
generated: 580098 / 800000
generated: 580155 / 800000
generated: 580213 / 800000
generated: 580268 / 800000
generated: 580316 / 800000
generated: 580357 / 800000
generated: 580413 / 800000
generated: 580469 / 800000
generated: 580520 / 800000
generated: 580580 / 800000
generated: 580638 / 800000
generated: 580676 / 800000
generated: 580721 / 800000
generated: 580780 / 800000
generated: 580838 / 800000
generated: 580911 / 800000
generated: 580959 / 800000
generated: 581012 / 800000
generated: 581062 / 800000
generated: 581125 / 800000
generated: 581193 / 800000
generated: 581246 / 800000
generated: 581310 / 800000
generated: 581355 / 800000
generated: 581415 / 800000
generated: 581465 / 800000
generated: 581526 / 800000
generated: 581592 / 800000
generated: 581658 / 800000
generated: 581719 / 800000
generated: 581779 / 800000
generated: 581841 / 800000
generated: 581912 / 800000
generated: 581972 / 800000
generated: 582032 / 800000
generated: 582088 / 800000
generated: 582135 / 800000
generated: 582185 / 800000
generated: 582235 / 800000
generated: 582283 / 800000
generated: 582334 / 800000
generated: 582386 / 800000
generated: 582441 / 800000
generated: 582496 / 800000
generated: 582554 / 800000
generated: 582611 / 800000
generated: 582670 / 800000
generated: 582734 / 800000
generated: 582791 / 800000
generated: 582838 / 800000
generated: 582898 / 800000
generated: 582972 / 800000
generated: 583038 / 800000
generated: 583081 / 800000
generated: 583134 / 800000
generated: 583186 / 800000
generated: 583232 / 800000
generated: 583280 / 800000
generated: 583346 / 800000
generated: 583399 / 800000
generated: 583447 / 800000
generated: 583502 / 800000
generated: 583558 / 800000
generated: 583611 / 800000
generated: 583664 / 800000
generated: 583729 / 800000
generated: 583794 / 800000
generated: 583847 / 800000
generated: 583900 / 800000
generated: 583943 / 800000
generated: 584006 / 800000
generated: 584060 / 800000
generated: 584119 / 800000
generated: 584180 / 800000
generated: 584239 / 800000
generated: 584292 / 800000
generated: 584344 / 800000
generated: 584398 / 800000
generated: 584435 / 800000
generated: 584487 / 800000
generated: 584556 / 800000
generated: 584615 / 800000
generated: 584683 / 800000
generated: 584737 / 800000
generated: 584793 / 800000
generated: 584856 / 800000
generated: 584906 / 800000
generated: 584957 / 800000
generated: 585002 / 800000
generated: 585064 / 800000
generated: 585120 / 800000
generated: 585168 / 800000
generated: 585225 / 800000
generated: 585279 / 800000
generated: 585329 / 800000
generated: 585378 / 800000
generated: 585437 / 800000
generated: 585499 / 800000
generated: 585541 / 800000
generated: 585594 / 800000
generated: 585645 / 800000
generated: 585715 / 800000
generated: 585771 / 800000
generated: 585831 / 800000
generated: 585885 / 800000
generated: 585946 / 800000
generated: 586000 / 800000
generated: 586056 / 800000
generated: 586105 / 800000
generated: 586160 / 800000
generated: 586216 / 800000
generated: 586270 / 800000
generated: 586331 / 800000
generated: 586396 / 800000
generated: 586444 / 800000
generated: 586503 / 800000
generated: 586562 / 800000
generated: 586619 / 800000
generated: 586685 / 800000
generated: 586733 / 800000
generated: 586785 / 800000
generated: 586833 / 800000
generated: 586887 / 800000
generated: 586941 / 800000
generated: 587015 / 800000
generated: 587066 / 800000
generated: 587108 / 800000
generated: 587170 / 800000
generated: 587225 / 800000
generated: 587274 / 800000
generated: 587340 / 800000
generated: 587401 / 800000
generated: 587464 / 800000
generated: 587512 / 800000
generated: 587568 / 800000
generated: 587626 / 800000
generated: 587672 / 800000
generated: 587731 / 800000
generated: 587783 / 800000
generated: 587851 / 800000
generated: 587909 / 800000
generated: 587965 / 800000
generated: 588009 / 800000
generated: 588069 / 800000
generated: 588125 / 800000
generated: 588178 / 800000
generated: 588243 / 800000
generated: 588296 / 800000
generated: 588357 / 800000
generated: 588425 / 800000
generated: 588489 / 800000
generated: 588550 / 800000
generated: 588601 / 800000
generated: 588651 / 800000
generated: 588698 / 800000
generated: 588749 / 800000
generated: 588802 / 800000
generated: 588846 / 800000
generated: 588911 / 800000
generated: 588958 / 800000
generated: 589011 / 800000
generated: 589067 / 800000
generated: 589120 / 800000
generated: 589167 / 800000
generated: 589234 / 800000
generated: 589291 / 800000
generated: 589351 / 800000
generated: 589413 / 800000
generated: 589482 / 800000
generated: 589542 / 800000
generated: 589585 / 800000
generated: 589640 / 800000
generated: 589695 / 800000
generated: 589746 / 800000
generated: 589818 / 800000
generated: 589872 / 800000
generated: 589923 / 800000
generated: 589982 / 800000
generated: 590038 / 800000
generated: 590101 / 800000
generated: 590161 / 800000
generated: 590220 / 800000
generated: 590274 / 800000
generated: 590336 / 800000
generated: 590387 / 800000
generated: 590442 / 800000
generated: 590493 / 800000
generated: 590551 / 800000
generated: 590605 / 800000
generated: 590666 / 800000
generated: 590715 / 800000
generated: 590777 / 800000
generated: 590830 / 800000
generated: 590880 / 800000
generated: 590927 / 800000
generated: 590979 / 800000
generated: 591046 / 800000
generated: 591107 / 800000
generated: 591174 / 800000
generated: 591227 / 800000
generated: 591280 / 800000
generated: 591329 / 800000
generated: 591388 / 800000
generated: 591442 / 800000
generated: 591498 / 800000
generated: 591559 / 800000
generated: 591611 / 800000
generated: 591661 / 800000
generated: 591725 / 800000
generated: 591779 / 800000
generated: 591829 / 800000
generated: 591885 / 800000
generated: 591943 / 800000
generated: 592001 / 800000
generated: 592054 / 800000
generated: 592097 / 800000
generated: 592166 / 800000
generated: 592223 / 800000
generated: 592281 / 800000
generated: 592336 / 800000
generated: 592393 / 800000
generated: 592462 / 800000
generated: 592513 / 800000
generated: 592565 / 800000
generated: 592624 / 800000
generated: 592663 / 800000
generated: 592714 / 800000
generated: 592766 / 800000
generated: 592828 / 800000
generated: 592887 / 800000
generated: 592940 / 800000
generated: 592998 / 800000
generated: 593056 / 800000
generated: 593105 / 800000
generated: 593162 / 800000
generated: 593217 / 800000
generated: 593265 / 800000
generated: 593329 / 800000
generated: 593381 / 800000
generated: 593445 / 800000
generated: 593499 / 800000
generated: 593557 / 800000
generated: 593607 / 800000
generated: 593644 / 800000
generated: 593695 / 800000
generated: 593762 / 800000
generated: 593827 / 800000
generated: 593887 / 800000
generated: 593942 / 800000
generated: 594010 / 800000
generated: 594069 / 800000
generated: 594126 / 800000
generated: 594187 / 800000
generated: 594235 / 800000
generated: 594286 / 800000
generated: 594347 / 800000
generated: 594395 / 800000
generated: 594451 / 800000
generated: 594501 / 800000
generated: 594558 / 800000
generated: 594625 / 800000
generated: 594691 / 800000
generated: 594748 / 800000
generated: 594805 / 800000
generated: 594865 / 800000
generated: 594920 / 800000
generated: 594973 / 800000
generated: 595024 / 800000
generated: 595069 / 800000
generated: 595132 / 800000
generated: 595193 / 800000
generated: 595251 / 800000
generated: 595314 / 800000
generated: 595374 / 800000
generated: 595432 / 800000
generated: 595477 / 800000
generated: 595532 / 800000
generated: 595586 / 800000
generated: 595644 / 800000
generated: 595711 / 800000
generated: 595761 / 800000
generated: 595827 / 800000
generated: 595889 / 800000
generated: 595943 / 800000
generated: 595994 / 800000
generated: 596039 / 800000
generated: 596087 / 800000
generated: 596134 / 800000
generated: 596195 / 800000
generated: 596252 / 800000
generated: 596305 / 800000
generated: 596355 / 800000
generated: 596423 / 800000
generated: 596479 / 800000
generated: 596533 / 800000
generated: 596588 / 800000
generated: 596637 / 800000
generated: 596696 / 800000
generated: 596748 / 800000
generated: 596804 / 800000
generated: 596866 / 800000
generated: 596928 / 800000
generated: 596986 / 800000
generated: 597046 / 800000
generated: 597101 / 800000
generated: 597157 / 800000
generated: 597217 / 800000
generated: 597274 / 800000
generated: 597330 / 800000
generated: 597379 / 800000
generated: 597431 / 800000
generated: 597483 / 800000
generated: 597535 / 800000
generated: 597592 / 800000
generated: 597644 / 800000
generated: 597696 / 800000
generated: 597756 / 800000
generated: 597801 / 800000
generated: 597855 / 800000
generated: 597902 / 800000
generated: 597960 / 800000
generated: 598014 / 800000
generated: 598073 / 800000
generated: 598130 / 800000
generated: 598181 / 800000
generated: 598249 / 800000
generated: 598298 / 800000
generated: 598348 / 800000
generated: 598412 / 800000
generated: 598450 / 800000
generated: 598503 / 800000
generated: 598559 / 800000
generated: 598617 / 800000
generated: 598678 / 800000
generated: 598735 / 800000
generated: 598791 / 800000
generated: 598837 / 800000
generated: 598904 / 800000
generated: 598960 / 800000
generated: 599008 / 800000
generated: 599071 / 800000
generated: 599124 / 800000
generated: 599178 / 800000
generated: 599234 / 800000
generated: 599282 / 800000
generated: 599331 / 800000
generated: 599377 / 800000
generated: 599437 / 800000
generated: 599485 / 800000
generated: 599544 / 800000
generated: 599580 / 800000
generated: 599643 / 800000
generated: 599713 / 800000
generated: 599778 / 800000
generated: 599838 / 800000
generated: 599905 / 800000
generated: 599951 / 800000
generated: 600013 / 800000
generated: 600072 / 800000
generated: 600126 / 800000
generated: 600181 / 800000
generated: 600228 / 800000
generated: 600296 / 800000
generated: 600359 / 800000
generated: 600422 / 800000
generated: 600479 / 800000
generated: 600549 / 800000
generated: 600605 / 800000
generated: 600653 / 800000
generated: 600707 / 800000
generated: 600757 / 800000
generated: 600824 / 800000
generated: 600874 / 800000
generated: 600939 / 800000
generated: 601000 / 800000
generated: 601062 / 800000
generated: 601124 / 800000
generated: 601177 / 800000
generated: 601229 / 800000
generated: 601283 / 800000
generated: 601343 / 800000
generated: 601405 / 800000
generated: 601462 / 800000
generated: 601521 / 800000
generated: 601587 / 800000
generated: 601633 / 800000
generated: 601693 / 800000
generated: 601749 / 800000
generated: 601815 / 800000
generated: 601879 / 800000
generated: 601924 / 800000
generated: 601972 / 800000
generated: 602029 / 800000
generated: 602082 / 800000
generated: 602138 / 800000
generated: 602197 / 800000
generated: 602269 / 800000
generated: 602328 / 800000
generated: 602373 / 800000
generated: 602438 / 800000
generated: 602499 / 800000
generated: 602557 / 800000
generated: 602609 / 800000
generated: 602666 / 800000
generated: 602736 / 800000
generated: 602782 / 800000
generated: 602839 / 800000
generated: 602888 / 800000
generated: 602958 / 800000
generated: 603018 / 800000
generated: 603074 / 800000
generated: 603117 / 800000
generated: 603167 / 800000
generated: 603230 / 800000
generated: 603283 / 800000
generated: 603343 / 800000
generated: 603386 / 800000
generated: 603445 / 800000
generated: 603510 / 800000
generated: 603558 / 800000
generated: 603626 / 800000
generated: 603694 / 800000
generated: 603757 / 800000
generated: 603818 / 800000
generated: 603870 / 800000
generated: 603928 / 800000
generated: 603981 / 800000
generated: 604039 / 800000
generated: 604096 / 800000
generated: 604163 / 800000
generated: 604223 / 800000
generated: 604280 / 800000
generated: 604323 / 800000
generated: 604383 / 800000
generated: 604452 / 800000
generated: 604501 / 800000
generated: 604553 / 800000
generated: 604607 / 800000
generated: 604666 / 800000
generated: 604711 / 800000
generated: 604770 / 800000
generated: 604833 / 800000
generated: 604882 / 800000
generated: 604949 / 800000
generated: 605000 / 800000
generated: 605065 / 800000
generated: 605115 / 800000
generated: 605162 / 800000
generated: 605206 / 800000
generated: 605265 / 800000
generated: 605335 / 800000
generated: 605384 / 800000
generated: 605441 / 800000
generated: 605507 / 800000
generated: 605565 / 800000
generated: 605626 / 800000
generated: 605675 / 800000
generated: 605740 / 800000
generated: 605789 / 800000
generated: 605842 / 800000
generated: 605914 / 800000
generated: 605971 / 800000
generated: 606031 / 800000
generated: 606084 / 800000
generated: 606137 / 800000
generated: 606189 / 800000
generated: 606233 / 800000
generated: 606282 / 800000
generated: 606346 / 800000
generated: 606394 / 800000
generated: 606444 / 800000
generated: 606497 / 800000
generated: 606548 / 800000
generated: 606594 / 800000
generated: 606648 / 800000
generated: 606707 / 800000
generated: 606761 / 800000
generated: 606822 / 800000
generated: 606876 / 800000
generated: 606941 / 800000
generated: 606998 / 800000
generated: 607043 / 800000
generated: 607103 / 800000
generated: 607163 / 800000
generated: 607223 / 800000
generated: 607266 / 800000
generated: 607338 / 800000
generated: 607394 / 800000
generated: 607453 / 800000
generated: 607503 / 800000
generated: 607565 / 800000
generated: 607624 / 800000
generated: 607666 / 800000
generated: 607727 / 800000
generated: 607782 / 800000
generated: 607827 / 800000
generated: 607869 / 800000
generated: 607920 / 800000
generated: 607982 / 800000
generated: 608034 / 800000
generated: 608079 / 800000
generated: 608145 / 800000
generated: 608192 / 800000
generated: 608235 / 800000
generated: 608280 / 800000
generated: 608336 / 800000
generated: 608390 / 800000
generated: 608454 / 800000
generated: 608506 / 800000
generated: 608565 / 800000
generated: 608623 / 800000
generated: 608678 / 800000
generated: 608743 / 800000
generated: 608800 / 800000
generated: 608850 / 800000
generated: 608913 / 800000
generated: 608958 / 800000
generated: 609015 / 800000
generated: 609072 / 800000
generated: 609117 / 800000
generated: 609176 / 800000
generated: 609237 / 800000
generated: 609294 / 800000
generated: 609355 / 800000
generated: 609401 / 800000
generated: 609464 / 800000
generated: 609518 / 800000
generated: 609559 / 800000
generated: 609615 / 800000
generated: 609663 / 800000
generated: 609704 / 800000
generated: 609749 / 800000
generated: 609787 / 800000
generated: 609844 / 800000
generated: 609888 / 800000
generated: 609947 / 800000
generated: 610010 / 800000
generated: 610065 / 800000
generated: 610124 / 800000
generated: 610194 / 800000
generated: 610242 / 800000
generated: 610292 / 800000
generated: 610354 / 800000
generated: 610405 / 800000
generated: 610452 / 800000
generated: 610508 / 800000
generated: 610560 / 800000
generated: 610608 / 800000
generated: 610661 / 800000
generated: 610723 / 800000
generated: 610774 / 800000
generated: 610832 / 800000
generated: 610888 / 800000
generated: 610940 / 800000
generated: 611004 / 800000
generated: 611051 / 800000
generated: 611108 / 800000
generated: 611162 / 800000
generated: 611231 / 800000
generated: 611291 / 800000
generated: 611349 / 800000
generated: 611410 / 800000
generated: 611475 / 800000
generated: 611518 / 800000
generated: 611583 / 800000
generated: 611634 / 800000
generated: 611696 / 800000
generated: 611742 / 800000
generated: 611798 / 800000
generated: 611862 / 800000
generated: 611918 / 800000
generated: 611973 / 800000
generated: 612029 / 800000
generated: 612083 / 800000
generated: 612143 / 800000
generated: 612200 / 800000
generated: 612258 / 800000
generated: 612316 / 800000
generated: 612367 / 800000
generated: 612432 / 800000
generated: 612496 / 800000
generated: 612553 / 800000
generated: 612613 / 800000
generated: 612674 / 800000
generated: 612727 / 800000
generated: 612787 / 800000
generated: 612832 / 800000
generated: 612877 / 800000
generated: 612925 / 800000
generated: 612980 / 800000
generated: 613028 / 800000
generated: 613085 / 800000
generated: 613136 / 800000
generated: 613203 / 800000
generated: 613248 / 800000
generated: 613312 / 800000
generated: 613357 / 800000
generated: 613409 / 800000
generated: 613466 / 800000
generated: 613524 / 800000
generated: 613581 / 800000
generated: 613630 / 800000
generated: 613680 / 800000
generated: 613728 / 800000
generated: 613774 / 800000
generated: 613825 / 800000
generated: 613881 / 800000
generated: 613929 / 800000
generated: 613980 / 800000
generated: 614031 / 800000
generated: 614079 / 800000
generated: 614143 / 800000
generated: 614199 / 800000
generated: 614277 / 800000
generated: 614320 / 800000
generated: 614366 / 800000
generated: 614423 / 800000
generated: 614484 / 800000
generated: 614540 / 800000
generated: 614604 / 800000
generated: 614668 / 800000
generated: 614725 / 800000
generated: 614777 / 800000
generated: 614831 / 800000
generated: 614883 / 800000
generated: 614933 / 800000
generated: 614987 / 800000
generated: 615043 / 800000
generated: 615106 / 800000
generated: 615173 / 800000
generated: 615232 / 800000
generated: 615283 / 800000
generated: 615337 / 800000
generated: 615394 / 800000
generated: 615449 / 800000
generated: 615496 / 800000
generated: 615550 / 800000
generated: 615611 / 800000
generated: 615666 / 800000
generated: 615720 / 800000
generated: 615777 / 800000
generated: 615832 / 800000
generated: 615881 / 800000
generated: 615934 / 800000
generated: 615978 / 800000
generated: 616039 / 800000
generated: 616097 / 800000
generated: 616151 / 800000
generated: 616204 / 800000
generated: 616257 / 800000
generated: 616310 / 800000
generated: 616380 / 800000
generated: 616430 / 800000
generated: 616481 / 800000
generated: 616537 / 800000
generated: 616589 / 800000
generated: 616648 / 800000
generated: 616702 / 800000
generated: 616757 / 800000
generated: 616815 / 800000
generated: 616876 / 800000
generated: 616935 / 800000
generated: 616999 / 800000
generated: 617062 / 800000
generated: 617115 / 800000
generated: 617165 / 800000
generated: 617230 / 800000
generated: 617286 / 800000
generated: 617343 / 800000
generated: 617388 / 800000
generated: 617442 / 800000
generated: 617503 / 800000
generated: 617560 / 800000
generated: 617621 / 800000
generated: 617671 / 800000
generated: 617748 / 800000
generated: 617812 / 800000
generated: 617874 / 800000
generated: 617935 / 800000
generated: 617986 / 800000
generated: 618041 / 800000
generated: 618080 / 800000
generated: 618117 / 800000
generated: 618172 / 800000
generated: 618230 / 800000
generated: 618281 / 800000
generated: 618327 / 800000
generated: 618389 / 800000
generated: 618453 / 800000
generated: 618516 / 800000
generated: 618569 / 800000
generated: 618640 / 800000
generated: 618688 / 800000
generated: 618734 / 800000
generated: 618787 / 800000
generated: 618844 / 800000
generated: 618887 / 800000
generated: 618944 / 800000
generated: 618998 / 800000
generated: 619065 / 800000
generated: 619116 / 800000
generated: 619168 / 800000
generated: 619228 / 800000
generated: 619282 / 800000
generated: 619343 / 800000
generated: 619398 / 800000
generated: 619453 / 800000
generated: 619509 / 800000
generated: 619575 / 800000
generated: 619630 / 800000
generated: 619694 / 800000
generated: 619749 / 800000
generated: 619815 / 800000
generated: 619868 / 800000
generated: 619913 / 800000
generated: 619971 / 800000
generated: 620027 / 800000
generated: 620080 / 800000
generated: 620140 / 800000
generated: 620187 / 800000
generated: 620236 / 800000
generated: 620288 / 800000
generated: 620345 / 800000
generated: 620410 / 800000
generated: 620464 / 800000
generated: 620520 / 800000
generated: 620571 / 800000
generated: 620625 / 800000
generated: 620693 / 800000
generated: 620755 / 800000
generated: 620819 / 800000
generated: 620864 / 800000
generated: 620924 / 800000
generated: 620985 / 800000
generated: 621040 / 800000
generated: 621097 / 800000
generated: 621136 / 800000
generated: 621183 / 800000
generated: 621244 / 800000
generated: 621294 / 800000
generated: 621347 / 800000
generated: 621406 / 800000
generated: 621456 / 800000
generated: 621510 / 800000
generated: 621570 / 800000
generated: 621620 / 800000
generated: 621667 / 800000
generated: 621716 / 800000
generated: 621769 / 800000
generated: 621826 / 800000
generated: 621885 / 800000
generated: 621939 / 800000
generated: 621992 / 800000
generated: 622040 / 800000
generated: 622084 / 800000
generated: 622146 / 800000
generated: 622215 / 800000
generated: 622261 / 800000
generated: 622316 / 800000
generated: 622367 / 800000
generated: 622424 / 800000
generated: 622484 / 800000
generated: 622535 / 800000
generated: 622599 / 800000
generated: 622640 / 800000
generated: 622694 / 800000
generated: 622748 / 800000
generated: 622793 / 800000
generated: 622863 / 800000
generated: 622927 / 800000
generated: 622981 / 800000
generated: 623033 / 800000
generated: 623088 / 800000
generated: 623142 / 800000
generated: 623186 / 800000
generated: 623236 / 800000
generated: 623276 / 800000
generated: 623328 / 800000
generated: 623378 / 800000
generated: 623441 / 800000
generated: 623496 / 800000
generated: 623559 / 800000
generated: 623621 / 800000
generated: 623670 / 800000
generated: 623723 / 800000
generated: 623775 / 800000
generated: 623831 / 800000
generated: 623890 / 800000
generated: 623954 / 800000
generated: 624001 / 800000
generated: 624058 / 800000
generated: 624125 / 800000
generated: 624192 / 800000
generated: 624247 / 800000
generated: 624305 / 800000
generated: 624373 / 800000
generated: 624434 / 800000
generated: 624478 / 800000
generated: 624537 / 800000
generated: 624603 / 800000
generated: 624642 / 800000
generated: 624693 / 800000
generated: 624748 / 800000
generated: 624791 / 800000
generated: 624851 / 800000
generated: 624898 / 800000
generated: 624950 / 800000
generated: 625017 / 800000
generated: 625072 / 800000
generated: 625134 / 800000
generated: 625183 / 800000
generated: 625234 / 800000
generated: 625285 / 800000
generated: 625346 / 800000
generated: 625412 / 800000
generated: 625478 / 800000
generated: 625529 / 800000
generated: 625576 / 800000
generated: 625630 / 800000
generated: 625694 / 800000
generated: 625738 / 800000
generated: 625786 / 800000
generated: 625843 / 800000
generated: 625895 / 800000
generated: 625974 / 800000
generated: 626024 / 800000
generated: 626089 / 800000
generated: 626138 / 800000
generated: 626188 / 800000
generated: 626238 / 800000
generated: 626302 / 800000
generated: 626357 / 800000
generated: 626421 / 800000
generated: 626476 / 800000
generated: 626535 / 800000
generated: 626591 / 800000
generated: 626657 / 800000
generated: 626709 / 800000
generated: 626761 / 800000
generated: 626829 / 800000
generated: 626892 / 800000
generated: 626950 / 800000
generated: 627003 / 800000
generated: 627049 / 800000
generated: 627115 / 800000
generated: 627177 / 800000
generated: 627224 / 800000
generated: 627266 / 800000
generated: 627314 / 800000
generated: 627383 / 800000
generated: 627442 / 800000
generated: 627490 / 800000
generated: 627542 / 800000
generated: 627596 / 800000
generated: 627644 / 800000
generated: 627707 / 800000
generated: 627766 / 800000
generated: 627820 / 800000
generated: 627874 / 800000
generated: 627931 / 800000
generated: 627988 / 800000
generated: 628041 / 800000
generated: 628093 / 800000
generated: 628153 / 800000
generated: 628212 / 800000
generated: 628254 / 800000
generated: 628310 / 800000
generated: 628370 / 800000
generated: 628427 / 800000
generated: 628494 / 800000
generated: 628552 / 800000
generated: 628602 / 800000
generated: 628656 / 800000
generated: 628712 / 800000
generated: 628764 / 800000
generated: 628818 / 800000
generated: 628882 / 800000
generated: 628926 / 800000
generated: 628980 / 800000
generated: 629034 / 800000
generated: 629091 / 800000
generated: 629154 / 800000
generated: 629203 / 800000
generated: 629264 / 800000
generated: 629315 / 800000
generated: 629377 / 800000
generated: 629425 / 800000
generated: 629485 / 800000
generated: 629531 / 800000
generated: 629594 / 800000
generated: 629664 / 800000
generated: 629716 / 800000
generated: 629774 / 800000
generated: 629835 / 800000
generated: 629892 / 800000
generated: 629950 / 800000
generated: 630008 / 800000
generated: 630065 / 800000
generated: 630115 / 800000
generated: 630169 / 800000
generated: 630213 / 800000
generated: 630272 / 800000
generated: 630328 / 800000
generated: 630383 / 800000
generated: 630432 / 800000
generated: 630482 / 800000
generated: 630537 / 800000
generated: 630581 / 800000
generated: 630633 / 800000
generated: 630691 / 800000
generated: 630742 / 800000
generated: 630804 / 800000
generated: 630868 / 800000
generated: 630917 / 800000
generated: 630977 / 800000
generated: 631033 / 800000
generated: 631090 / 800000
generated: 631149 / 800000
generated: 631203 / 800000
generated: 631265 / 800000
generated: 631330 / 800000
generated: 631376 / 800000
generated: 631425 / 800000
generated: 631489 / 800000
generated: 631553 / 800000
generated: 631620 / 800000
generated: 631680 / 800000
generated: 631757 / 800000
generated: 631805 / 800000
generated: 631864 / 800000
generated: 631921 / 800000
generated: 631969 / 800000
generated: 632025 / 800000
generated: 632076 / 800000
generated: 632123 / 800000
generated: 632179 / 800000
generated: 632232 / 800000
generated: 632300 / 800000
generated: 632364 / 800000
generated: 632425 / 800000
generated: 632485 / 800000
generated: 632529 / 800000
generated: 632592 / 800000
generated: 632640 / 800000
generated: 632693 / 800000
generated: 632746 / 800000
generated: 632805 / 800000
generated: 632850 / 800000
generated: 632908 / 800000
generated: 632966 / 800000
generated: 633033 / 800000
generated: 633084 / 800000
generated: 633152 / 800000
generated: 633199 / 800000
generated: 633256 / 800000
generated: 633317 / 800000
generated: 633364 / 800000
generated: 633420 / 800000
generated: 633470 / 800000
generated: 633506 / 800000
generated: 633562 / 800000
generated: 633614 / 800000
generated: 633676 / 800000
generated: 633740 / 800000
generated: 633803 / 800000
generated: 633852 / 800000
generated: 633907 / 800000
generated: 633954 / 800000
generated: 633997 / 800000
generated: 634049 / 800000
generated: 634107 / 800000
generated: 634168 / 800000
generated: 634221 / 800000
generated: 634292 / 800000
generated: 634353 / 800000
generated: 634390 / 800000
generated: 634450 / 800000
generated: 634505 / 800000
generated: 634557 / 800000
generated: 634620 / 800000
generated: 634675 / 800000
generated: 634738 / 800000
generated: 634791 / 800000
generated: 634835 / 800000
generated: 634888 / 800000
generated: 634947 / 800000
generated: 634995 / 800000
generated: 635065 / 800000
generated: 635113 / 800000
generated: 635161 / 800000
generated: 635221 / 800000
generated: 635283 / 800000
generated: 635338 / 800000
generated: 635404 / 800000
generated: 635458 / 800000
generated: 635513 / 800000
generated: 635575 / 800000
generated: 635634 / 800000
generated: 635695 / 800000
generated: 635751 / 800000
generated: 635813 / 800000
generated: 635872 / 800000
generated: 635906 / 800000
generated: 635963 / 800000
generated: 636031 / 800000
generated: 636091 / 800000
generated: 636149 / 800000
generated: 636195 / 800000
generated: 636254 / 800000
generated: 636312 / 800000
generated: 636380 / 800000
generated: 636441 / 800000
generated: 636498 / 800000
generated: 636540 / 800000
generated: 636587 / 800000
generated: 636642 / 800000
generated: 636697 / 800000
generated: 636746 / 800000
generated: 636800 / 800000
generated: 636864 / 800000
generated: 636919 / 800000
generated: 636981 / 800000
generated: 637044 / 800000
generated: 637091 / 800000
generated: 637144 / 800000
generated: 637204 / 800000
generated: 637264 / 800000
generated: 637327 / 800000
generated: 637382 / 800000
generated: 637425 / 800000
generated: 637487 / 800000
generated: 637541 / 800000
generated: 637594 / 800000
generated: 637661 / 800000
generated: 637713 / 800000
generated: 637761 / 800000
generated: 637815 / 800000
generated: 637865 / 800000
generated: 637922 / 800000
generated: 637975 / 800000
generated: 638028 / 800000
generated: 638083 / 800000
generated: 638145 / 800000
generated: 638209 / 800000
generated: 638260 / 800000
generated: 638305 / 800000
generated: 638365 / 800000
generated: 638417 / 800000
generated: 638485 / 800000
generated: 638541 / 800000
generated: 638587 / 800000
generated: 638651 / 800000
generated: 638716 / 800000
generated: 638771 / 800000
generated: 638823 / 800000
generated: 638884 / 800000
generated: 638948 / 800000
generated: 639013 / 800000
generated: 639080 / 800000
generated: 639137 / 800000
generated: 639193 / 800000
generated: 639264 / 800000
generated: 639313 / 800000
generated: 639360 / 800000
generated: 639406 / 800000
generated: 639464 / 800000
generated: 639507 / 800000
generated: 639561 / 800000
generated: 639624 / 800000
generated: 639675 / 800000
generated: 639730 / 800000
generated: 639777 / 800000
generated: 639831 / 800000
generated: 639884 / 800000
generated: 639940 / 800000
generated: 639996 / 800000
generated: 640050 / 800000
generated: 640102 / 800000
generated: 640147 / 800000
generated: 640209 / 800000
generated: 640273 / 800000
generated: 640331 / 800000
generated: 640381 / 800000
generated: 640443 / 800000
generated: 640495 / 800000
generated: 640557 / 800000
generated: 640619 / 800000
generated: 640671 / 800000
generated: 640715 / 800000
generated: 640773 / 800000
generated: 640839 / 800000
generated: 640888 / 800000
generated: 640967 / 800000
generated: 641026 / 800000
generated: 641078 / 800000
generated: 641143 / 800000
generated: 641199 / 800000
generated: 641256 / 800000
generated: 641307 / 800000
generated: 641362 / 800000
generated: 641419 / 800000
generated: 641467 / 800000
generated: 641526 / 800000
generated: 641584 / 800000
generated: 641629 / 800000
generated: 641679 / 800000
generated: 641727 / 800000
generated: 641800 / 800000
generated: 641856 / 800000
generated: 641910 / 800000
generated: 641963 / 800000
generated: 642016 / 800000
generated: 642079 / 800000
generated: 642150 / 800000
generated: 642213 / 800000
generated: 642283 / 800000
generated: 642334 / 800000
generated: 642392 / 800000
generated: 642440 / 800000
generated: 642504 / 800000
generated: 642558 / 800000
generated: 642610 / 800000
generated: 642666 / 800000
generated: 642717 / 800000
generated: 642783 / 800000
generated: 642837 / 800000
generated: 642884 / 800000
generated: 642939 / 800000
generated: 642994 / 800000
generated: 643037 / 800000
generated: 643091 / 800000
generated: 643149 / 800000
generated: 643203 / 800000
generated: 643251 / 800000
generated: 643305 / 800000
generated: 643353 / 800000
generated: 643409 / 800000
generated: 643464 / 800000
generated: 643534 / 800000
generated: 643589 / 800000
generated: 643640 / 800000
generated: 643698 / 800000
generated: 643743 / 800000
generated: 643795 / 800000
generated: 643861 / 800000
generated: 643925 / 800000
generated: 643986 / 800000
generated: 644044 / 800000
generated: 644100 / 800000
generated: 644150 / 800000
generated: 644206 / 800000
generated: 644263 / 800000
generated: 644324 / 800000
generated: 644379 / 800000
generated: 644438 / 800000
generated: 644482 / 800000
generated: 644537 / 800000
generated: 644596 / 800000
generated: 644658 / 800000
generated: 644717 / 800000
generated: 644782 / 800000
generated: 644833 / 800000
generated: 644889 / 800000
generated: 644937 / 800000
generated: 645008 / 800000
generated: 645064 / 800000
generated: 645120 / 800000
generated: 645179 / 800000
generated: 645232 / 800000
generated: 645300 / 800000
generated: 645352 / 800000
generated: 645405 / 800000
generated: 645475 / 800000
generated: 645537 / 800000
generated: 645579 / 800000
generated: 645626 / 800000
generated: 645688 / 800000
generated: 645745 / 800000
generated: 645802 / 800000
generated: 645845 / 800000
generated: 645915 / 800000
generated: 645972 / 800000
generated: 646024 / 800000
generated: 646082 / 800000
generated: 646140 / 800000
generated: 646199 / 800000
generated: 646265 / 800000
generated: 646313 / 800000
generated: 646381 / 800000
generated: 646431 / 800000
generated: 646487 / 800000
generated: 646547 / 800000
generated: 646593 / 800000
generated: 646645 / 800000
generated: 646695 / 800000
generated: 646758 / 800000
generated: 646818 / 800000
generated: 646872 / 800000
generated: 646928 / 800000
generated: 646989 / 800000
generated: 647040 / 800000
generated: 647088 / 800000
generated: 647134 / 800000
generated: 647190 / 800000
generated: 647234 / 800000
generated: 647293 / 800000
generated: 647333 / 800000
generated: 647392 / 800000
generated: 647436 / 800000
generated: 647482 / 800000
generated: 647544 / 800000
generated: 647588 / 800000
generated: 647630 / 800000
generated: 647690 / 800000
generated: 647751 / 800000
generated: 647803 / 800000
generated: 647859 / 800000
generated: 647912 / 800000
generated: 647968 / 800000
generated: 648023 / 800000
generated: 648083 / 800000
generated: 648155 / 800000
generated: 648209 / 800000
generated: 648260 / 800000
generated: 648319 / 800000
generated: 648376 / 800000
generated: 648433 / 800000
generated: 648487 / 800000
generated: 648536 / 800000
generated: 648592 / 800000
generated: 648647 / 800000
generated: 648700 / 800000
generated: 648762 / 800000
generated: 648804 / 800000
generated: 648873 / 800000
generated: 648948 / 800000
generated: 648990 / 800000
generated: 649043 / 800000
generated: 649100 / 800000
generated: 649162 / 800000
generated: 649212 / 800000
generated: 649271 / 800000
generated: 649326 / 800000
generated: 649395 / 800000
generated: 649463 / 800000
generated: 649511 / 800000
generated: 649568 / 800000
generated: 649625 / 800000
generated: 649669 / 800000
generated: 649721 / 800000
generated: 649779 / 800000
generated: 649823 / 800000
generated: 649896 / 800000
generated: 649955 / 800000
generated: 650015 / 800000
generated: 650064 / 800000
generated: 650115 / 800000
generated: 650176 / 800000
generated: 650227 / 800000
generated: 650293 / 800000
generated: 650357 / 800000
generated: 650404 / 800000
generated: 650463 / 800000
generated: 650518 / 800000
generated: 650582 / 800000
generated: 650640 / 800000
generated: 650694 / 800000
generated: 650750 / 800000
generated: 650804 / 800000
generated: 650861 / 800000
generated: 650927 / 800000
generated: 650977 / 800000
generated: 651019 / 800000
generated: 651080 / 800000
generated: 651127 / 800000
generated: 651185 / 800000
generated: 651235 / 800000
generated: 651298 / 800000
generated: 651344 / 800000
generated: 651391 / 800000
generated: 651447 / 800000
generated: 651504 / 800000
generated: 651556 / 800000
generated: 651614 / 800000
generated: 651676 / 800000
generated: 651736 / 800000
generated: 651780 / 800000
generated: 651829 / 800000
generated: 651880 / 800000
generated: 651953 / 800000
generated: 652012 / 800000
generated: 652059 / 800000
generated: 652123 / 800000
generated: 652181 / 800000
generated: 652236 / 800000
generated: 652286 / 800000
generated: 652340 / 800000
generated: 652403 / 800000
generated: 652458 / 800000
generated: 652508 / 800000
generated: 652579 / 800000
generated: 652641 / 800000
generated: 652710 / 800000
generated: 652772 / 800000
generated: 652834 / 800000
generated: 652894 / 800000
generated: 652950 / 800000
generated: 652999 / 800000
generated: 653053 / 800000
generated: 653127 / 800000
generated: 653193 / 800000
generated: 653248 / 800000
generated: 653298 / 800000
generated: 653354 / 800000
generated: 653420 / 800000
generated: 653469 / 800000
generated: 653519 / 800000
generated: 653574 / 800000
generated: 653628 / 800000
generated: 653669 / 800000
generated: 653739 / 800000
generated: 653792 / 800000
generated: 653836 / 800000
generated: 653883 / 800000
generated: 653947 / 800000
generated: 654003 / 800000
generated: 654061 / 800000
generated: 654101 / 800000
generated: 654158 / 800000
generated: 654214 / 800000
generated: 654267 / 800000
generated: 654317 / 800000
generated: 654362 / 800000
generated: 654418 / 800000
generated: 654478 / 800000
generated: 654542 / 800000
generated: 654587 / 800000
generated: 654649 / 800000
generated: 654712 / 800000
generated: 654761 / 800000
generated: 654811 / 800000
generated: 654855 / 800000
generated: 654909 / 800000
generated: 654961 / 800000
generated: 655015 / 800000
generated: 655061 / 800000
generated: 655125 / 800000
generated: 655181 / 800000
generated: 655245 / 800000
generated: 655301 / 800000
generated: 655350 / 800000
generated: 655414 / 800000
generated: 655472 / 800000
generated: 655534 / 800000
generated: 655601 / 800000
generated: 655663 / 800000
generated: 655720 / 800000
generated: 655768 / 800000
generated: 655821 / 800000
generated: 655886 / 800000
generated: 655944 / 800000
generated: 655998 / 800000
generated: 656049 / 800000
generated: 656100 / 800000
generated: 656160 / 800000
generated: 656225 / 800000
generated: 656278 / 800000
generated: 656322 / 800000
generated: 656392 / 800000
generated: 656447 / 800000
generated: 656519 / 800000
generated: 656581 / 800000
generated: 656625 / 800000
generated: 656685 / 800000
generated: 656743 / 800000
generated: 656800 / 800000
generated: 656849 / 800000
generated: 656889 / 800000
generated: 656948 / 800000
generated: 657016 / 800000
generated: 657078 / 800000
generated: 657139 / 800000
generated: 657192 / 800000
generated: 657241 / 800000
generated: 657299 / 800000
generated: 657348 / 800000
generated: 657400 / 800000
generated: 657452 / 800000
generated: 657489 / 800000
generated: 657552 / 800000
generated: 657598 / 800000
generated: 657651 / 800000
generated: 657710 / 800000
generated: 657764 / 800000
generated: 657806 / 800000
generated: 657854 / 800000
generated: 657911 / 800000
generated: 657960 / 800000
generated: 658025 / 800000
generated: 658082 / 800000
generated: 658154 / 800000
generated: 658206 / 800000
generated: 658268 / 800000
generated: 658319 / 800000
generated: 658393 / 800000
generated: 658449 / 800000
generated: 658503 / 800000
generated: 658567 / 800000
generated: 658621 / 800000
generated: 658678 / 800000
generated: 658722 / 800000
generated: 658788 / 800000
generated: 658848 / 800000
generated: 658881 / 800000
generated: 658935 / 800000
generated: 659003 / 800000
generated: 659067 / 800000
generated: 659121 / 800000
generated: 659163 / 800000
generated: 659211 / 800000
generated: 659272 / 800000
generated: 659331 / 800000
generated: 659398 / 800000
generated: 659458 / 800000
generated: 659506 / 800000
generated: 659559 / 800000
generated: 659612 / 800000
generated: 659662 / 800000
generated: 659724 / 800000
generated: 659776 / 800000
generated: 659824 / 800000
generated: 659886 / 800000
generated: 659944 / 800000
generated: 660011 / 800000
generated: 660060 / 800000
generated: 660101 / 800000
generated: 660156 / 800000
generated: 660224 / 800000
generated: 660284 / 800000
generated: 660349 / 800000
generated: 660396 / 800000
generated: 660452 / 800000
generated: 660517 / 800000
generated: 660573 / 800000
generated: 660638 / 800000
generated: 660693 / 800000
generated: 660748 / 800000
generated: 660806 / 800000
generated: 660851 / 800000
generated: 660915 / 800000
generated: 660968 / 800000
generated: 661042 / 800000
generated: 661087 / 800000
generated: 661134 / 800000
generated: 661201 / 800000
generated: 661255 / 800000
generated: 661302 / 800000
generated: 661356 / 800000
generated: 661411 / 800000
generated: 661460 / 800000
generated: 661517 / 800000
generated: 661569 / 800000
generated: 661620 / 800000
generated: 661674 / 800000
generated: 661726 / 800000
generated: 661784 / 800000
generated: 661841 / 800000
generated: 661896 / 800000
generated: 661951 / 800000
generated: 662004 / 800000
generated: 662072 / 800000
generated: 662116 / 800000
generated: 662186 / 800000
generated: 662235 / 800000
generated: 662296 / 800000
generated: 662370 / 800000
generated: 662415 / 800000
generated: 662468 / 800000
generated: 662508 / 800000
generated: 662561 / 800000
generated: 662609 / 800000
generated: 662661 / 800000
generated: 662712 / 800000
generated: 662788 / 800000
generated: 662845 / 800000
generated: 662900 / 800000
generated: 662960 / 800000
generated: 663018 / 800000
generated: 663065 / 800000
generated: 663112 / 800000
generated: 663166 / 800000
generated: 663216 / 800000
generated: 663281 / 800000
generated: 663337 / 800000
generated: 663393 / 800000
generated: 663456 / 800000
generated: 663522 / 800000
generated: 663581 / 800000
generated: 663633 / 800000
generated: 663685 / 800000
generated: 663737 / 800000
generated: 663799 / 800000
generated: 663858 / 800000
generated: 663916 / 800000
generated: 663968 / 800000
generated: 664019 / 800000
generated: 664070 / 800000
generated: 664120 / 800000
generated: 664186 / 800000
generated: 664242 / 800000
generated: 664294 / 800000
generated: 664349 / 800000
generated: 664404 / 800000
generated: 664451 / 800000
generated: 664516 / 800000
generated: 664573 / 800000
generated: 664608 / 800000
generated: 664669 / 800000
generated: 664736 / 800000
generated: 664800 / 800000
generated: 664854 / 800000
generated: 664905 / 800000
generated: 664954 / 800000
generated: 664997 / 800000
generated: 665070 / 800000
generated: 665132 / 800000
generated: 665200 / 800000
generated: 665256 / 800000
generated: 665315 / 800000
generated: 665373 / 800000
generated: 665423 / 800000
generated: 665484 / 800000
generated: 665545 / 800000
generated: 665610 / 800000
generated: 665669 / 800000
generated: 665721 / 800000
generated: 665787 / 800000
generated: 665825 / 800000
generated: 665875 / 800000
generated: 665919 / 800000
generated: 665972 / 800000
generated: 666025 / 800000
generated: 666084 / 800000
generated: 666147 / 800000
generated: 666204 / 800000
generated: 666274 / 800000
generated: 666332 / 800000
generated: 666385 / 800000
generated: 666436 / 800000
generated: 666495 / 800000
generated: 666556 / 800000
generated: 666612 / 800000
generated: 666670 / 800000
generated: 666726 / 800000
generated: 666764 / 800000
generated: 666821 / 800000
generated: 666894 / 800000
generated: 666958 / 800000
generated: 667023 / 800000
generated: 667080 / 800000
generated: 667146 / 800000
generated: 667201 / 800000
generated: 667245 / 800000
generated: 667297 / 800000
generated: 667349 / 800000
generated: 667406 / 800000
generated: 667466 / 800000
generated: 667528 / 800000
generated: 667568 / 800000
generated: 667611 / 800000
generated: 667666 / 800000
generated: 667713 / 800000
generated: 667768 / 800000
generated: 667824 / 800000
generated: 667879 / 800000
generated: 667934 / 800000
generated: 667982 / 800000
generated: 668040 / 800000
generated: 668084 / 800000
generated: 668144 / 800000
generated: 668194 / 800000
generated: 668242 / 800000
generated: 668291 / 800000
generated: 668347 / 800000
generated: 668400 / 800000
generated: 668443 / 800000
generated: 668494 / 800000
generated: 668562 / 800000
generated: 668626 / 800000
generated: 668684 / 800000
generated: 668738 / 800000
generated: 668800 / 800000
generated: 668851 / 800000
generated: 668912 / 800000
generated: 668968 / 800000
generated: 669014 / 800000
generated: 669067 / 800000
generated: 669129 / 800000
generated: 669170 / 800000
generated: 669221 / 800000
generated: 669280 / 800000
generated: 669340 / 800000
generated: 669389 / 800000
generated: 669437 / 800000
generated: 669479 / 800000
generated: 669531 / 800000
generated: 669574 / 800000
generated: 669629 / 800000
generated: 669675 / 800000
generated: 669731 / 800000
generated: 669788 / 800000
generated: 669840 / 800000
generated: 669875 / 800000
generated: 669935 / 800000
generated: 669984 / 800000
generated: 670047 / 800000
generated: 670102 / 800000
generated: 670154 / 800000
generated: 670215 / 800000
generated: 670271 / 800000
generated: 670328 / 800000
generated: 670387 / 800000
generated: 670446 / 800000
generated: 670518 / 800000
generated: 670574 / 800000
generated: 670611 / 800000
generated: 670673 / 800000
generated: 670728 / 800000
generated: 670792 / 800000
generated: 670847 / 800000
generated: 670919 / 800000
generated: 670974 / 800000
generated: 671027 / 800000
generated: 671086 / 800000
generated: 671135 / 800000
generated: 671193 / 800000
generated: 671247 / 800000
generated: 671313 / 800000
generated: 671371 / 800000
generated: 671436 / 800000
generated: 671480 / 800000
generated: 671542 / 800000
generated: 671592 / 800000
generated: 671656 / 800000
generated: 671714 / 800000
generated: 671770 / 800000
generated: 671829 / 800000
generated: 671881 / 800000
generated: 671935 / 800000
generated: 671982 / 800000
generated: 672036 / 800000
generated: 672085 / 800000
generated: 672139 / 800000
generated: 672194 / 800000
generated: 672233 / 800000
generated: 672274 / 800000
generated: 672331 / 800000
generated: 672383 / 800000
generated: 672434 / 800000
generated: 672496 / 800000
generated: 672561 / 800000
generated: 672624 / 800000
generated: 672663 / 800000
generated: 672714 / 800000
generated: 672773 / 800000
generated: 672835 / 800000
generated: 672890 / 800000
generated: 672950 / 800000
generated: 672996 / 800000
generated: 673054 / 800000
generated: 673119 / 800000
generated: 673174 / 800000
generated: 673217 / 800000
generated: 673267 / 800000
generated: 673325 / 800000
generated: 673384 / 800000
generated: 673423 / 800000
generated: 673484 / 800000
generated: 673528 / 800000
generated: 673578 / 800000
generated: 673629 / 800000
generated: 673694 / 800000
generated: 673747 / 800000
generated: 673806 / 800000
generated: 673857 / 800000
generated: 673910 / 800000
generated: 673965 / 800000
generated: 674024 / 800000
generated: 674091 / 800000
generated: 674154 / 800000
generated: 674214 / 800000
generated: 674265 / 800000
generated: 674313 / 800000
generated: 674373 / 800000
generated: 674424 / 800000
generated: 674473 / 800000
generated: 674513 / 800000
generated: 674575 / 800000
generated: 674626 / 800000
generated: 674682 / 800000
generated: 674738 / 800000
generated: 674795 / 800000
generated: 674850 / 800000
generated: 674913 / 800000
generated: 674972 / 800000
generated: 675031 / 800000
generated: 675090 / 800000
generated: 675150 / 800000
generated: 675206 / 800000
generated: 675261 / 800000
generated: 675316 / 800000
generated: 675365 / 800000
generated: 675413 / 800000
generated: 675468 / 800000
generated: 675539 / 800000
generated: 675604 / 800000
generated: 675673 / 800000
generated: 675725 / 800000
generated: 675786 / 800000
generated: 675838 / 800000
generated: 675898 / 800000
generated: 675948 / 800000
generated: 676005 / 800000
generated: 676057 / 800000
generated: 676115 / 800000
generated: 676164 / 800000
generated: 676211 / 800000
generated: 676272 / 800000
generated: 676321 / 800000
generated: 676371 / 800000
generated: 676417 / 800000
generated: 676471 / 800000
generated: 676522 / 800000
generated: 676570 / 800000
generated: 676634 / 800000
generated: 676680 / 800000
generated: 676733 / 800000
generated: 676786 / 800000
generated: 676840 / 800000
generated: 676891 / 800000
generated: 676945 / 800000
generated: 677002 / 800000
generated: 677056 / 800000
generated: 677105 / 800000
generated: 677151 / 800000
generated: 677204 / 800000
generated: 677254 / 800000
generated: 677303 / 800000
generated: 677359 / 800000
generated: 677418 / 800000
generated: 677472 / 800000
generated: 677527 / 800000
generated: 677579 / 800000
generated: 677642 / 800000
generated: 677687 / 800000
generated: 677743 / 800000
generated: 677797 / 800000
generated: 677847 / 800000
generated: 677905 / 800000
generated: 677961 / 800000
generated: 678009 / 800000
generated: 678074 / 800000
generated: 678121 / 800000
generated: 678178 / 800000
generated: 678224 / 800000
generated: 678282 / 800000
generated: 678341 / 800000
generated: 678391 / 800000
generated: 678452 / 800000
generated: 678525 / 800000
generated: 678582 / 800000
generated: 678636 / 800000
generated: 678683 / 800000
generated: 678733 / 800000
generated: 678783 / 800000
generated: 678844 / 800000
generated: 678902 / 800000
generated: 678968 / 800000
generated: 679033 / 800000
generated: 679086 / 800000
generated: 679132 / 800000
generated: 679195 / 800000
generated: 679243 / 800000
generated: 679309 / 800000
generated: 679361 / 800000
generated: 679422 / 800000
generated: 679468 / 800000
generated: 679526 / 800000
generated: 679592 / 800000
generated: 679649 / 800000
generated: 679707 / 800000
generated: 679755 / 800000
generated: 679804 / 800000
generated: 679856 / 800000
generated: 679905 / 800000
generated: 679951 / 800000
generated: 679997 / 800000
generated: 680062 / 800000
generated: 680116 / 800000
generated: 680184 / 800000
generated: 680249 / 800000
generated: 680299 / 800000
generated: 680364 / 800000
generated: 680435 / 800000
generated: 680500 / 800000
generated: 680560 / 800000
generated: 680608 / 800000
generated: 680664 / 800000
generated: 680725 / 800000
generated: 680781 / 800000
generated: 680852 / 800000
generated: 680910 / 800000
generated: 680978 / 800000
generated: 681018 / 800000
generated: 681086 / 800000
generated: 681138 / 800000
generated: 681190 / 800000
generated: 681242 / 800000
generated: 681306 / 800000
generated: 681370 / 800000
generated: 681428 / 800000
generated: 681473 / 800000
generated: 681536 / 800000
generated: 681593 / 800000
generated: 681648 / 800000
generated: 681710 / 800000
generated: 681757 / 800000
generated: 681822 / 800000
generated: 681871 / 800000
generated: 681924 / 800000
generated: 681983 / 800000
generated: 682035 / 800000
generated: 682095 / 800000
generated: 682148 / 800000
generated: 682199 / 800000
generated: 682265 / 800000
generated: 682330 / 800000
generated: 682377 / 800000
generated: 682435 / 800000
generated: 682492 / 800000
generated: 682538 / 800000
generated: 682587 / 800000
generated: 682644 / 800000
generated: 682698 / 800000
generated: 682757 / 800000
generated: 682810 / 800000
generated: 682880 / 800000
generated: 682944 / 800000
generated: 683008 / 800000
generated: 683060 / 800000
generated: 683127 / 800000
generated: 683181 / 800000
generated: 683237 / 800000
generated: 683289 / 800000
generated: 683336 / 800000
generated: 683387 / 800000
generated: 683432 / 800000
generated: 683491 / 800000
generated: 683544 / 800000
generated: 683608 / 800000
generated: 683659 / 800000
generated: 683710 / 800000
generated: 683760 / 800000
generated: 683826 / 800000
generated: 683897 / 800000
generated: 683947 / 800000
generated: 684001 / 800000
generated: 684061 / 800000
generated: 684106 / 800000
generated: 684166 / 800000
generated: 684214 / 800000
generated: 684261 / 800000
generated: 684317 / 800000
generated: 684374 / 800000
generated: 684440 / 800000
generated: 684481 / 800000
generated: 684547 / 800000
generated: 684598 / 800000
generated: 684656 / 800000
generated: 684716 / 800000
generated: 684771 / 800000
generated: 684823 / 800000
generated: 684889 / 800000
generated: 684941 / 800000
generated: 684996 / 800000
generated: 685055 / 800000
generated: 685134 / 800000
generated: 685186 / 800000
generated: 685243 / 800000
generated: 685298 / 800000
generated: 685347 / 800000
generated: 685400 / 800000
generated: 685447 / 800000
generated: 685502 / 800000
generated: 685556 / 800000
generated: 685610 / 800000
generated: 685661 / 800000
generated: 685715 / 800000
generated: 685774 / 800000
generated: 685833 / 800000
generated: 685880 / 800000
generated: 685927 / 800000
generated: 685995 / 800000
generated: 686055 / 800000
generated: 686106 / 800000
generated: 686154 / 800000
generated: 686211 / 800000
generated: 686271 / 800000
generated: 686328 / 800000
generated: 686386 / 800000
generated: 686439 / 800000
generated: 686497 / 800000
generated: 686563 / 800000
generated: 686622 / 800000
generated: 686679 / 800000
generated: 686729 / 800000
generated: 686793 / 800000
generated: 686849 / 800000
generated: 686916 / 800000
generated: 686964 / 800000
generated: 687017 / 800000
generated: 687069 / 800000
generated: 687138 / 800000
generated: 687198 / 800000
generated: 687257 / 800000
generated: 687301 / 800000
generated: 687348 / 800000
generated: 687400 / 800000
generated: 687447 / 800000
generated: 687507 / 800000
generated: 687562 / 800000
generated: 687613 / 800000
generated: 687667 / 800000
generated: 687733 / 800000
generated: 687779 / 800000
generated: 687822 / 800000
generated: 687900 / 800000
generated: 687960 / 800000
generated: 688017 / 800000
generated: 688065 / 800000
generated: 688118 / 800000
generated: 688158 / 800000
generated: 688218 / 800000
generated: 688272 / 800000
generated: 688319 / 800000
generated: 688380 / 800000
generated: 688443 / 800000
generated: 688492 / 800000
generated: 688545 / 800000
generated: 688611 / 800000
generated: 688663 / 800000
generated: 688724 / 800000
generated: 688777 / 800000
generated: 688827 / 800000
generated: 688878 / 800000
generated: 688929 / 800000
generated: 688975 / 800000
generated: 689030 / 800000
generated: 689092 / 800000
generated: 689163 / 800000
generated: 689211 / 800000
generated: 689287 / 800000
generated: 689351 / 800000
generated: 689397 / 800000
generated: 689449 / 800000
generated: 689497 / 800000
generated: 689566 / 800000
generated: 689627 / 800000
generated: 689673 / 800000
generated: 689723 / 800000
generated: 689767 / 800000
generated: 689812 / 800000
generated: 689888 / 800000
generated: 689947 / 800000
generated: 689995 / 800000
generated: 690044 / 800000
generated: 690100 / 800000
generated: 690161 / 800000
generated: 690221 / 800000
generated: 690273 / 800000
generated: 690321 / 800000
generated: 690371 / 800000
generated: 690436 / 800000
generated: 690500 / 800000
generated: 690554 / 800000
generated: 690608 / 800000
generated: 690671 / 800000
generated: 690746 / 800000
generated: 690805 / 800000
generated: 690872 / 800000
generated: 690933 / 800000
generated: 690993 / 800000
generated: 691041 / 800000
generated: 691097 / 800000
generated: 691159 / 800000
generated: 691209 / 800000
generated: 691258 / 800000
generated: 691311 / 800000
generated: 691355 / 800000
generated: 691399 / 800000
generated: 691455 / 800000
generated: 691514 / 800000
generated: 691574 / 800000
generated: 691626 / 800000
generated: 691676 / 800000
generated: 691731 / 800000
generated: 691797 / 800000
generated: 691870 / 800000
generated: 691921 / 800000
generated: 691981 / 800000
generated: 692032 / 800000
generated: 692084 / 800000
generated: 692141 / 800000
generated: 692197 / 800000
generated: 692237 / 800000
generated: 692285 / 800000
generated: 692342 / 800000
generated: 692395 / 800000
generated: 692455 / 800000
generated: 692521 / 800000
generated: 692572 / 800000
generated: 692638 / 800000
generated: 692687 / 800000
generated: 692748 / 800000
generated: 692795 / 800000
generated: 692863 / 800000
generated: 692921 / 800000
generated: 692967 / 800000
generated: 693027 / 800000
generated: 693086 / 800000
generated: 693139 / 800000
generated: 693182 / 800000
generated: 693234 / 800000
generated: 693286 / 800000
generated: 693346 / 800000
generated: 693401 / 800000
generated: 693442 / 800000
generated: 693492 / 800000
generated: 693551 / 800000
generated: 693617 / 800000
generated: 693679 / 800000
generated: 693733 / 800000
generated: 693791 / 800000
generated: 693850 / 800000
generated: 693906 / 800000
generated: 693948 / 800000
generated: 693999 / 800000
generated: 694053 / 800000
generated: 694098 / 800000
generated: 694148 / 800000
generated: 694197 / 800000
generated: 694253 / 800000
generated: 694311 / 800000
generated: 694373 / 800000
generated: 694435 / 800000
generated: 694495 / 800000
generated: 694544 / 800000
generated: 694603 / 800000
generated: 694654 / 800000
generated: 694711 / 800000
generated: 694761 / 800000
generated: 694816 / 800000
generated: 694864 / 800000
generated: 694921 / 800000
generated: 694961 / 800000
generated: 695016 / 800000
generated: 695071 / 800000
generated: 695122 / 800000
generated: 695180 / 800000
generated: 695220 / 800000
generated: 695278 / 800000
generated: 695346 / 800000
generated: 695402 / 800000
generated: 695448 / 800000
generated: 695505 / 800000
generated: 695555 / 800000
generated: 695608 / 800000
generated: 695659 / 800000
generated: 695713 / 800000
generated: 695767 / 800000
generated: 695828 / 800000
generated: 695889 / 800000
generated: 695943 / 800000
generated: 695996 / 800000
generated: 696039 / 800000
generated: 696093 / 800000
generated: 696157 / 800000
generated: 696214 / 800000
generated: 696274 / 800000
generated: 696339 / 800000
generated: 696401 / 800000
generated: 696456 / 800000
generated: 696525 / 800000
generated: 696568 / 800000
generated: 696616 / 800000
generated: 696668 / 800000
generated: 696727 / 800000
generated: 696773 / 800000
generated: 696829 / 800000
generated: 696891 / 800000
generated: 696948 / 800000
generated: 696990 / 800000
generated: 697043 / 800000
generated: 697096 / 800000
generated: 697154 / 800000
generated: 697213 / 800000
generated: 697273 / 800000
generated: 697328 / 800000
generated: 697377 / 800000
generated: 697433 / 800000
generated: 697480 / 800000
generated: 697532 / 800000
generated: 697574 / 800000
generated: 697646 / 800000
generated: 697695 / 800000
generated: 697763 / 800000
generated: 697817 / 800000
generated: 697874 / 800000
generated: 697931 / 800000
generated: 697982 / 800000
generated: 698026 / 800000
generated: 698070 / 800000
generated: 698132 / 800000
generated: 698194 / 800000
generated: 698253 / 800000
generated: 698298 / 800000
generated: 698370 / 800000
generated: 698427 / 800000
generated: 698481 / 800000
generated: 698545 / 800000
generated: 698604 / 800000
generated: 698657 / 800000
generated: 698713 / 800000
generated: 698753 / 800000
generated: 698804 / 800000
generated: 698859 / 800000
generated: 698903 / 800000
generated: 698943 / 800000
generated: 699002 / 800000
generated: 699067 / 800000
generated: 699123 / 800000
generated: 699175 / 800000
generated: 699228 / 800000
generated: 699291 / 800000
generated: 699365 / 800000
generated: 699423 / 800000
generated: 699479 / 800000
generated: 699538 / 800000
generated: 699590 / 800000
generated: 699648 / 800000
generated: 699714 / 800000
generated: 699783 / 800000
generated: 699839 / 800000
generated: 699896 / 800000
generated: 699953 / 800000
generated: 700004 / 800000
generated: 700056 / 800000
generated: 700113 / 800000
generated: 700166 / 800000
generated: 700229 / 800000
generated: 700291 / 800000
generated: 700358 / 800000
generated: 700410 / 800000
generated: 700462 / 800000
generated: 700498 / 800000
generated: 700555 / 800000
generated: 700603 / 800000
generated: 700653 / 800000
generated: 700709 / 800000
generated: 700755 / 800000
generated: 700811 / 800000
generated: 700878 / 800000
generated: 700935 / 800000
generated: 701006 / 800000
generated: 701074 / 800000
generated: 701124 / 800000
generated: 701178 / 800000
generated: 701214 / 800000
generated: 701268 / 800000
generated: 701309 / 800000
generated: 701369 / 800000
generated: 701433 / 800000
generated: 701491 / 800000
generated: 701540 / 800000
generated: 701606 / 800000
generated: 701667 / 800000
generated: 701735 / 800000
generated: 701798 / 800000
generated: 701853 / 800000
generated: 701908 / 800000
generated: 701962 / 800000
generated: 702017 / 800000
generated: 702079 / 800000
generated: 702129 / 800000
generated: 702189 / 800000
generated: 702239 / 800000
generated: 702303 / 800000
generated: 702362 / 800000
generated: 702428 / 800000
generated: 702489 / 800000
generated: 702541 / 800000
generated: 702600 / 800000
generated: 702653 / 800000
generated: 702711 / 800000
generated: 702767 / 800000
generated: 702827 / 800000
generated: 702882 / 800000
generated: 702934 / 800000
generated: 702984 / 800000
generated: 703022 / 800000
generated: 703081 / 800000
generated: 703138 / 800000
generated: 703198 / 800000
generated: 703264 / 800000
generated: 703317 / 800000
generated: 703368 / 800000
generated: 703433 / 800000
generated: 703481 / 800000
generated: 703522 / 800000
generated: 703582 / 800000
generated: 703639 / 800000
generated: 703686 / 800000
generated: 703740 / 800000
generated: 703803 / 800000
generated: 703859 / 800000
generated: 703913 / 800000
generated: 703977 / 800000
generated: 704037 / 800000
generated: 704099 / 800000
generated: 704153 / 800000
generated: 704206 / 800000
generated: 704259 / 800000
generated: 704317 / 800000
generated: 704370 / 800000
generated: 704420 / 800000
generated: 704486 / 800000
generated: 704536 / 800000
generated: 704593 / 800000
generated: 704639 / 800000
generated: 704694 / 800000
generated: 704745 / 800000
generated: 704812 / 800000
generated: 704869 / 800000
generated: 704922 / 800000
generated: 704979 / 800000
generated: 705026 / 800000
generated: 705077 / 800000
generated: 705135 / 800000
generated: 705182 / 800000
generated: 705244 / 800000
generated: 705295 / 800000
generated: 705351 / 800000
generated: 705397 / 800000
generated: 705466 / 800000
generated: 705519 / 800000
generated: 705581 / 800000
generated: 705637 / 800000
generated: 705696 / 800000
generated: 705758 / 800000
generated: 705808 / 800000
generated: 705881 / 800000
generated: 705935 / 800000
generated: 705987 / 800000
generated: 706048 / 800000
generated: 706099 / 800000
generated: 706149 / 800000
generated: 706204 / 800000
generated: 706254 / 800000
generated: 706314 / 800000
generated: 706359 / 800000
generated: 706406 / 800000
generated: 706466 / 800000
generated: 706538 / 800000
generated: 706592 / 800000
generated: 706644 / 800000
generated: 706707 / 800000
generated: 706763 / 800000
generated: 706813 / 800000
generated: 706867 / 800000
generated: 706932 / 800000
generated: 706994 / 800000
generated: 707051 / 800000
generated: 707099 / 800000
generated: 707170 / 800000
generated: 707226 / 800000
generated: 707274 / 800000
generated: 707332 / 800000
generated: 707379 / 800000
generated: 707440 / 800000
generated: 707497 / 800000
generated: 707564 / 800000
generated: 707622 / 800000
generated: 707666 / 800000
generated: 707717 / 800000
generated: 707779 / 800000
generated: 707835 / 800000
generated: 707887 / 800000
generated: 707947 / 800000
generated: 708011 / 800000
generated: 708062 / 800000
generated: 708131 / 800000
generated: 708189 / 800000
generated: 708248 / 800000
generated: 708309 / 800000
generated: 708367 / 800000
generated: 708420 / 800000
generated: 708473 / 800000
generated: 708528 / 800000
generated: 708581 / 800000
generated: 708635 / 800000
generated: 708703 / 800000
generated: 708766 / 800000
generated: 708823 / 800000
generated: 708874 / 800000
generated: 708928 / 800000
generated: 708984 / 800000
generated: 709047 / 800000
generated: 709102 / 800000
generated: 709160 / 800000
generated: 709219 / 800000
generated: 709267 / 800000
generated: 709315 / 800000
generated: 709370 / 800000
generated: 709427 / 800000
generated: 709489 / 800000
generated: 709547 / 800000
generated: 709602 / 800000
generated: 709650 / 800000
generated: 709696 / 800000
generated: 709757 / 800000
generated: 709818 / 800000
generated: 709877 / 800000
generated: 709936 / 800000
generated: 709983 / 800000
generated: 710043 / 800000
generated: 710084 / 800000
generated: 710131 / 800000
generated: 710191 / 800000
generated: 710249 / 800000
generated: 710299 / 800000
generated: 710356 / 800000
generated: 710402 / 800000
generated: 710453 / 800000
generated: 710504 / 800000
generated: 710561 / 800000
generated: 710637 / 800000
generated: 710682 / 800000
generated: 710744 / 800000
generated: 710811 / 800000
generated: 710867 / 800000
generated: 710908 / 800000
generated: 710963 / 800000
generated: 711016 / 800000
generated: 711071 / 800000
generated: 711141 / 800000
generated: 711201 / 800000
generated: 711248 / 800000
generated: 711283 / 800000
generated: 711344 / 800000
generated: 711388 / 800000
generated: 711440 / 800000
generated: 711487 / 800000
generated: 711547 / 800000
generated: 711598 / 800000
generated: 711655 / 800000
generated: 711712 / 800000
generated: 711781 / 800000
generated: 711840 / 800000
generated: 711890 / 800000
generated: 711945 / 800000
generated: 711995 / 800000
generated: 712041 / 800000
generated: 712110 / 800000
generated: 712162 / 800000
generated: 712206 / 800000
generated: 712247 / 800000
generated: 712302 / 800000
generated: 712357 / 800000
generated: 712413 / 800000
generated: 712475 / 800000
generated: 712540 / 800000
generated: 712599 / 800000
generated: 712655 / 800000
generated: 712714 / 800000
generated: 712757 / 800000
generated: 712820 / 800000
generated: 712873 / 800000
generated: 712913 / 800000
generated: 712967 / 800000
generated: 713022 / 800000
generated: 713082 / 800000
generated: 713145 / 800000
generated: 713205 / 800000
generated: 713254 / 800000
generated: 713310 / 800000
generated: 713373 / 800000
generated: 713431 / 800000
generated: 713490 / 800000
generated: 713549 / 800000
generated: 713594 / 800000
generated: 713650 / 800000
generated: 713689 / 800000
generated: 713742 / 800000
generated: 713801 / 800000
generated: 713853 / 800000
generated: 713909 / 800000
generated: 713968 / 800000
generated: 714027 / 800000
generated: 714082 / 800000
generated: 714139 / 800000
generated: 714186 / 800000
generated: 714252 / 800000
generated: 714309 / 800000
generated: 714358 / 800000
generated: 714419 / 800000
generated: 714480 / 800000
generated: 714534 / 800000
generated: 714597 / 800000
generated: 714664 / 800000
generated: 714722 / 800000
generated: 714779 / 800000
generated: 714826 / 800000
generated: 714880 / 800000
generated: 714941 / 800000
generated: 715002 / 800000
generated: 715049 / 800000
generated: 715107 / 800000
generated: 715171 / 800000
generated: 715225 / 800000
generated: 715267 / 800000
generated: 715325 / 800000
generated: 715386 / 800000
generated: 715437 / 800000
generated: 715481 / 800000
generated: 715561 / 800000
generated: 715602 / 800000
generated: 715656 / 800000
generated: 715727 / 800000
generated: 715792 / 800000
generated: 715850 / 800000
generated: 715904 / 800000
generated: 715965 / 800000
generated: 716012 / 800000
generated: 716068 / 800000
generated: 716123 / 800000
generated: 716176 / 800000
generated: 716242 / 800000
generated: 716300 / 800000
generated: 716361 / 800000
generated: 716424 / 800000
generated: 716456 / 800000
generated: 716504 / 800000
generated: 716545 / 800000
generated: 716607 / 800000
generated: 716664 / 800000
generated: 716715 / 800000
generated: 716782 / 800000
generated: 716836 / 800000
generated: 716901 / 800000
generated: 716956 / 800000
generated: 717010 / 800000
generated: 717064 / 800000
generated: 717135 / 800000
generated: 717184 / 800000
generated: 717240 / 800000
generated: 717294 / 800000
generated: 717350 / 800000
generated: 717416 / 800000
generated: 717475 / 800000
generated: 717527 / 800000
generated: 717583 / 800000
generated: 717637 / 800000
generated: 717689 / 800000
generated: 717752 / 800000
generated: 717820 / 800000
generated: 717877 / 800000
generated: 717926 / 800000
generated: 717970 / 800000
generated: 718030 / 800000
generated: 718071 / 800000
generated: 718125 / 800000
generated: 718181 / 800000
generated: 718233 / 800000
generated: 718292 / 800000
generated: 718342 / 800000
generated: 718391 / 800000
generated: 718448 / 800000
generated: 718495 / 800000
generated: 718550 / 800000
generated: 718617 / 800000
generated: 718667 / 800000
generated: 718723 / 800000
generated: 718782 / 800000
generated: 718841 / 800000
generated: 718888 / 800000
generated: 718945 / 800000
generated: 719000 / 800000
generated: 719053 / 800000
generated: 719098 / 800000
generated: 719155 / 800000
generated: 719216 / 800000
generated: 719276 / 800000
generated: 719322 / 800000
generated: 719381 / 800000
generated: 719436 / 800000
generated: 719496 / 800000
generated: 719559 / 800000
generated: 719614 / 800000
generated: 719661 / 800000
generated: 719716 / 800000
generated: 719764 / 800000
generated: 719817 / 800000
generated: 719872 / 800000
generated: 719915 / 800000
generated: 719978 / 800000
generated: 720035 / 800000
generated: 720093 / 800000
generated: 720143 / 800000
generated: 720186 / 800000
generated: 720244 / 800000
generated: 720292 / 800000
generated: 720348 / 800000
generated: 720408 / 800000
generated: 720456 / 800000
generated: 720504 / 800000
generated: 720567 / 800000
generated: 720622 / 800000
generated: 720662 / 800000
generated: 720730 / 800000
generated: 720791 / 800000
generated: 720843 / 800000
generated: 720898 / 800000
generated: 720966 / 800000
generated: 721023 / 800000
generated: 721080 / 800000
generated: 721136 / 800000
generated: 721198 / 800000
generated: 721243 / 800000
generated: 721293 / 800000
generated: 721359 / 800000
generated: 721402 / 800000
generated: 721461 / 800000
generated: 721517 / 800000
generated: 721562 / 800000
generated: 721615 / 800000
generated: 721672 / 800000
generated: 721723 / 800000
generated: 721775 / 800000
generated: 721838 / 800000
generated: 721898 / 800000
generated: 721960 / 800000
generated: 722032 / 800000
generated: 722087 / 800000
generated: 722152 / 800000
generated: 722210 / 800000
generated: 722266 / 800000
generated: 722327 / 800000
generated: 722364 / 800000
generated: 722435 / 800000
generated: 722483 / 800000
generated: 722536 / 800000
generated: 722605 / 800000
generated: 722656 / 800000
generated: 722712 / 800000
generated: 722767 / 800000
generated: 722825 / 800000
generated: 722881 / 800000
generated: 722950 / 800000
generated: 722988 / 800000
generated: 723034 / 800000
generated: 723083 / 800000
generated: 723138 / 800000
generated: 723191 / 800000
generated: 723239 / 800000
generated: 723295 / 800000
generated: 723340 / 800000
generated: 723393 / 800000
generated: 723444 / 800000
generated: 723490 / 800000
generated: 723555 / 800000
generated: 723612 / 800000
generated: 723670 / 800000
generated: 723737 / 800000
generated: 723786 / 800000
generated: 723840 / 800000
generated: 723899 / 800000
generated: 723948 / 800000
generated: 724006 / 800000
generated: 724047 / 800000
generated: 724112 / 800000
generated: 724166 / 800000
generated: 724221 / 800000
generated: 724283 / 800000
generated: 724339 / 800000
generated: 724393 / 800000
generated: 724453 / 800000
generated: 724512 / 800000
generated: 724572 / 800000
generated: 724632 / 800000
generated: 724684 / 800000
generated: 724740 / 800000
generated: 724792 / 800000
generated: 724855 / 800000
generated: 724904 / 800000
generated: 724961 / 800000
generated: 725017 / 800000
generated: 725066 / 800000
generated: 725115 / 800000
generated: 725154 / 800000
generated: 725211 / 800000
generated: 725264 / 800000
generated: 725335 / 800000
generated: 725391 / 800000
generated: 725441 / 800000
generated: 725493 / 800000
generated: 725551 / 800000
generated: 725598 / 800000
generated: 725656 / 800000
generated: 725695 / 800000
generated: 725749 / 800000
generated: 725807 / 800000
generated: 725872 / 800000
generated: 725921 / 800000
generated: 725981 / 800000
generated: 726028 / 800000
generated: 726092 / 800000
generated: 726148 / 800000
generated: 726205 / 800000
generated: 726279 / 800000
generated: 726345 / 800000
generated: 726420 / 800000
generated: 726486 / 800000
generated: 726548 / 800000
generated: 726605 / 800000
generated: 726666 / 800000
generated: 726720 / 800000
generated: 726781 / 800000
generated: 726836 / 800000
generated: 726892 / 800000
generated: 726950 / 800000
generated: 727007 / 800000
generated: 727075 / 800000
generated: 727135 / 800000
generated: 727193 / 800000
generated: 727259 / 800000
generated: 727308 / 800000
generated: 727360 / 800000
generated: 727432 / 800000
generated: 727482 / 800000
generated: 727531 / 800000
generated: 727581 / 800000
generated: 727637 / 800000
generated: 727686 / 800000
generated: 727725 / 800000
generated: 727778 / 800000
generated: 727839 / 800000
generated: 727898 / 800000
generated: 727948 / 800000
generated: 727996 / 800000
generated: 728053 / 800000
generated: 728132 / 800000
generated: 728191 / 800000
generated: 728239 / 800000
generated: 728306 / 800000
generated: 728361 / 800000
generated: 728410 / 800000
generated: 728455 / 800000
generated: 728510 / 800000
generated: 728562 / 800000
generated: 728625 / 800000
generated: 728677 / 800000
generated: 728725 / 800000
generated: 728787 / 800000
generated: 728838 / 800000
generated: 728886 / 800000
generated: 728934 / 800000
generated: 729001 / 800000
generated: 729065 / 800000
generated: 729129 / 800000
generated: 729176 / 800000
generated: 729235 / 800000
generated: 729290 / 800000
generated: 729356 / 800000
generated: 729418 / 800000
generated: 729476 / 800000
generated: 729528 / 800000
generated: 729585 / 800000
generated: 729647 / 800000
generated: 729705 / 800000
generated: 729750 / 800000
generated: 729805 / 800000
generated: 729870 / 800000
generated: 729929 / 800000
generated: 729987 / 800000
generated: 730039 / 800000
generated: 730089 / 800000
generated: 730146 / 800000
generated: 730212 / 800000
generated: 730266 / 800000
generated: 730345 / 800000
generated: 730399 / 800000
generated: 730441 / 800000
generated: 730478 / 800000
generated: 730530 / 800000
generated: 730590 / 800000
generated: 730655 / 800000
generated: 730700 / 800000
generated: 730755 / 800000
generated: 730820 / 800000
generated: 730890 / 800000
generated: 730935 / 800000
generated: 730997 / 800000
generated: 731052 / 800000
generated: 731107 / 800000
generated: 731175 / 800000
generated: 731226 / 800000
generated: 731287 / 800000
generated: 731339 / 800000
generated: 731397 / 800000
generated: 731461 / 800000
generated: 731517 / 800000
generated: 731567 / 800000
generated: 731616 / 800000
generated: 731675 / 800000
generated: 731724 / 800000
generated: 731787 / 800000
generated: 731842 / 800000
generated: 731890 / 800000
generated: 731944 / 800000
generated: 731991 / 800000
generated: 732054 / 800000
generated: 732105 / 800000
generated: 732158 / 800000
generated: 732203 / 800000
generated: 732252 / 800000
generated: 732307 / 800000
generated: 732378 / 800000
generated: 732443 / 800000
generated: 732492 / 800000
generated: 732563 / 800000
generated: 732614 / 800000
generated: 732682 / 800000
generated: 732735 / 800000
generated: 732795 / 800000
generated: 732854 / 800000
generated: 732910 / 800000
generated: 732966 / 800000
generated: 733022 / 800000
generated: 733081 / 800000
generated: 733120 / 800000
generated: 733185 / 800000
generated: 733242 / 800000
generated: 733293 / 800000
generated: 733341 / 800000
generated: 733413 / 800000
generated: 733475 / 800000
generated: 733525 / 800000
generated: 733581 / 800000
generated: 733629 / 800000
generated: 733685 / 800000
generated: 733738 / 800000
generated: 733791 / 800000
generated: 733860 / 800000
generated: 733920 / 800000
generated: 733971 / 800000
generated: 734030 / 800000
generated: 734089 / 800000
generated: 734142 / 800000
generated: 734202 / 800000
generated: 734252 / 800000
generated: 734311 / 800000
generated: 734355 / 800000
generated: 734410 / 800000
generated: 734463 / 800000
generated: 734508 / 800000
generated: 734555 / 800000
generated: 734610 / 800000
generated: 734680 / 800000
generated: 734731 / 800000
generated: 734775 / 800000
generated: 734814 / 800000
generated: 734862 / 800000
generated: 734906 / 800000
generated: 734958 / 800000
generated: 735012 / 800000
generated: 735069 / 800000
generated: 735124 / 800000
generated: 735188 / 800000
generated: 735257 / 800000
generated: 735316 / 800000
generated: 735357 / 800000
generated: 735423 / 800000
generated: 735483 / 800000
generated: 735540 / 800000
generated: 735605 / 800000
generated: 735659 / 800000
generated: 735714 / 800000
generated: 735762 / 800000
generated: 735811 / 800000
generated: 735861 / 800000
generated: 735919 / 800000
generated: 735966 / 800000
generated: 736025 / 800000
generated: 736074 / 800000
generated: 736122 / 800000
generated: 736176 / 800000
generated: 736224 / 800000
generated: 736273 / 800000
generated: 736325 / 800000
generated: 736393 / 800000
generated: 736459 / 800000
generated: 736504 / 800000
generated: 736559 / 800000
generated: 736617 / 800000
generated: 736670 / 800000
generated: 736716 / 800000
generated: 736763 / 800000
generated: 736810 / 800000
generated: 736857 / 800000
generated: 736920 / 800000
generated: 736975 / 800000
generated: 737028 / 800000
generated: 737081 / 800000
generated: 737133 / 800000
generated: 737192 / 800000
generated: 737236 / 800000
generated: 737295 / 800000
generated: 737345 / 800000
generated: 737391 / 800000
generated: 737440 / 800000
generated: 737484 / 800000
generated: 737543 / 800000
generated: 737604 / 800000
generated: 737668 / 800000
generated: 737735 / 800000
generated: 737811 / 800000
generated: 737855 / 800000
generated: 737909 / 800000
generated: 737956 / 800000
generated: 738010 / 800000
generated: 738065 / 800000
generated: 738130 / 800000
generated: 738179 / 800000
generated: 738244 / 800000
generated: 738297 / 800000
generated: 738361 / 800000
generated: 738435 / 800000
generated: 738497 / 800000
generated: 738552 / 800000
generated: 738601 / 800000
generated: 738664 / 800000
generated: 738725 / 800000
generated: 738778 / 800000
generated: 738829 / 800000
generated: 738888 / 800000
generated: 738940 / 800000
generated: 739001 / 800000
generated: 739059 / 800000
generated: 739120 / 800000
generated: 739177 / 800000
generated: 739242 / 800000
generated: 739288 / 800000
generated: 739337 / 800000
generated: 739399 / 800000
generated: 739445 / 800000
generated: 739488 / 800000
generated: 739544 / 800000
generated: 739609 / 800000
generated: 739653 / 800000
generated: 739716 / 800000
generated: 739777 / 800000
generated: 739829 / 800000
generated: 739881 / 800000
generated: 739952 / 800000
generated: 739997 / 800000
generated: 740065 / 800000
generated: 740124 / 800000
generated: 740190 / 800000
generated: 740260 / 800000
generated: 740314 / 800000
generated: 740367 / 800000
generated: 740438 / 800000
generated: 740501 / 800000
generated: 740556 / 800000
generated: 740614 / 800000
generated: 740668 / 800000
generated: 740719 / 800000
generated: 740780 / 800000
generated: 740833 / 800000
generated: 740888 / 800000
generated: 740956 / 800000
generated: 741014 / 800000
generated: 741063 / 800000
generated: 741117 / 800000
generated: 741174 / 800000
generated: 741230 / 800000
generated: 741279 / 800000
generated: 741340 / 800000
generated: 741403 / 800000
generated: 741459 / 800000
generated: 741519 / 800000
generated: 741567 / 800000
generated: 741624 / 800000
generated: 741676 / 800000
generated: 741741 / 800000
generated: 741802 / 800000
generated: 741855 / 800000
generated: 741910 / 800000
generated: 741963 / 800000
generated: 742017 / 800000
generated: 742075 / 800000
generated: 742133 / 800000
generated: 742182 / 800000
generated: 742230 / 800000
generated: 742296 / 800000
generated: 742352 / 800000
generated: 742409 / 800000
generated: 742460 / 800000
generated: 742511 / 800000
generated: 742567 / 800000
generated: 742621 / 800000
generated: 742680 / 800000
generated: 742752 / 800000
generated: 742802 / 800000
generated: 742847 / 800000
generated: 742902 / 800000
generated: 742952 / 800000
generated: 743011 / 800000
generated: 743073 / 800000
generated: 743122 / 800000
generated: 743183 / 800000
generated: 743235 / 800000
generated: 743287 / 800000
generated: 743325 / 800000
generated: 743385 / 800000
generated: 743445 / 800000
generated: 743503 / 800000
generated: 743557 / 800000
generated: 743607 / 800000
generated: 743657 / 800000
generated: 743700 / 800000
generated: 743744 / 800000
generated: 743802 / 800000
generated: 743853 / 800000
generated: 743922 / 800000
generated: 743983 / 800000
generated: 744043 / 800000
generated: 744089 / 800000
generated: 744133 / 800000
generated: 744190 / 800000
generated: 744256 / 800000
generated: 744311 / 800000
generated: 744367 / 800000
generated: 744409 / 800000
generated: 744461 / 800000
generated: 744504 / 800000
generated: 744535 / 800000
generated: 744589 / 800000
generated: 744630 / 800000
generated: 744676 / 800000
generated: 744732 / 800000
generated: 744791 / 800000
generated: 744850 / 800000
generated: 744902 / 800000
generated: 744967 / 800000
generated: 745014 / 800000
generated: 745066 / 800000
generated: 745113 / 800000
generated: 745173 / 800000
generated: 745223 / 800000
generated: 745299 / 800000
generated: 745353 / 800000
generated: 745409 / 800000
generated: 745458 / 800000
generated: 745514 / 800000
generated: 745581 / 800000
generated: 745647 / 800000
generated: 745688 / 800000
generated: 745738 / 800000
generated: 745801 / 800000
generated: 745855 / 800000
generated: 745915 / 800000
generated: 745978 / 800000
generated: 746028 / 800000
generated: 746087 / 800000
generated: 746135 / 800000
generated: 746190 / 800000
generated: 746235 / 800000
generated: 746290 / 800000
generated: 746345 / 800000
generated: 746409 / 800000
generated: 746464 / 800000
generated: 746506 / 800000
generated: 746562 / 800000
generated: 746610 / 800000
generated: 746665 / 800000
generated: 746730 / 800000
generated: 746790 / 800000
generated: 746845 / 800000
generated: 746896 / 800000
generated: 746957 / 800000
generated: 747015 / 800000
generated: 747074 / 800000
generated: 747128 / 800000
generated: 747176 / 800000
generated: 747242 / 800000
generated: 747309 / 800000
generated: 747363 / 800000
generated: 747418 / 800000
generated: 747476 / 800000
generated: 747528 / 800000
generated: 747581 / 800000
generated: 747645 / 800000
generated: 747691 / 800000
generated: 747746 / 800000
generated: 747811 / 800000
generated: 747876 / 800000
generated: 747932 / 800000
generated: 747989 / 800000
generated: 748051 / 800000
generated: 748110 / 800000
generated: 748153 / 800000
generated: 748203 / 800000
generated: 748254 / 800000
generated: 748309 / 800000
generated: 748363 / 800000
generated: 748415 / 800000
generated: 748461 / 800000
generated: 748527 / 800000
generated: 748584 / 800000
generated: 748624 / 800000
generated: 748678 / 800000
generated: 748738 / 800000
generated: 748797 / 800000
generated: 748864 / 800000
generated: 748921 / 800000
generated: 748963 / 800000
generated: 749027 / 800000
generated: 749081 / 800000
generated: 749135 / 800000
generated: 749182 / 800000
generated: 749253 / 800000
generated: 749308 / 800000
generated: 749349 / 800000
generated: 749413 / 800000
generated: 749466 / 800000
generated: 749524 / 800000
generated: 749579 / 800000
generated: 749632 / 800000
generated: 749677 / 800000
generated: 749729 / 800000
generated: 749789 / 800000
generated: 749839 / 800000
generated: 749897 / 800000
generated: 749944 / 800000
generated: 750005 / 800000
generated: 750066 / 800000
generated: 750123 / 800000
generated: 750173 / 800000
generated: 750224 / 800000
generated: 750279 / 800000
generated: 750339 / 800000
generated: 750406 / 800000
generated: 750455 / 800000
generated: 750514 / 800000
generated: 750563 / 800000
generated: 750606 / 800000
generated: 750663 / 800000
generated: 750714 / 800000
generated: 750766 / 800000
generated: 750815 / 800000
generated: 750866 / 800000
generated: 750922 / 800000
generated: 750984 / 800000
generated: 751037 / 800000
generated: 751090 / 800000
generated: 751142 / 800000
generated: 751199 / 800000
generated: 751249 / 800000
generated: 751299 / 800000
generated: 751359 / 800000
generated: 751416 / 800000
generated: 751460 / 800000
generated: 751515 / 800000
generated: 751566 / 800000
generated: 751624 / 800000
generated: 751688 / 800000
generated: 751753 / 800000
generated: 751804 / 800000
generated: 751849 / 800000
generated: 751901 / 800000
generated: 751968 / 800000
generated: 752027 / 800000
generated: 752087 / 800000
generated: 752147 / 800000
generated: 752210 / 800000
generated: 752265 / 800000
generated: 752321 / 800000
generated: 752369 / 800000
generated: 752427 / 800000
generated: 752489 / 800000
generated: 752550 / 800000
generated: 752614 / 800000
generated: 752659 / 800000
generated: 752720 / 800000
generated: 752777 / 800000
generated: 752828 / 800000
generated: 752882 / 800000
generated: 752928 / 800000
generated: 752997 / 800000
generated: 753062 / 800000
generated: 753116 / 800000
generated: 753173 / 800000
generated: 753222 / 800000
generated: 753270 / 800000
generated: 753324 / 800000
generated: 753379 / 800000
generated: 753439 / 800000
generated: 753491 / 800000
generated: 753549 / 800000
generated: 753597 / 800000
generated: 753647 / 800000
generated: 753702 / 800000
generated: 753765 / 800000
generated: 753819 / 800000
generated: 753873 / 800000
generated: 753947 / 800000
generated: 753997 / 800000
generated: 754051 / 800000
generated: 754116 / 800000
generated: 754173 / 800000
generated: 754228 / 800000
generated: 754287 / 800000
generated: 754349 / 800000
generated: 754395 / 800000
generated: 754455 / 800000
generated: 754504 / 800000
generated: 754568 / 800000
generated: 754625 / 800000
generated: 754682 / 800000
generated: 754735 / 800000
generated: 754797 / 800000
generated: 754852 / 800000
generated: 754911 / 800000
generated: 754962 / 800000
generated: 755006 / 800000
generated: 755061 / 800000
generated: 755108 / 800000
generated: 755161 / 800000
generated: 755216 / 800000
generated: 755261 / 800000
generated: 755303 / 800000
generated: 755368 / 800000
generated: 755424 / 800000
generated: 755478 / 800000
generated: 755535 / 800000
generated: 755586 / 800000
generated: 755638 / 800000
generated: 755686 / 800000
generated: 755730 / 800000
generated: 755785 / 800000
generated: 755830 / 800000
generated: 755881 / 800000
generated: 755937 / 800000
generated: 755984 / 800000
generated: 756033 / 800000
generated: 756092 / 800000
generated: 756144 / 800000
generated: 756198 / 800000
generated: 756257 / 800000
generated: 756311 / 800000
generated: 756369 / 800000
generated: 756425 / 800000
generated: 756491 / 800000
generated: 756547 / 800000
generated: 756608 / 800000
generated: 756671 / 800000
generated: 756725 / 800000
generated: 756779 / 800000
generated: 756843 / 800000
generated: 756899 / 800000
generated: 756967 / 800000
generated: 757014 / 800000
generated: 757063 / 800000
generated: 757117 / 800000
generated: 757160 / 800000
generated: 757212 / 800000
generated: 757263 / 800000
generated: 757323 / 800000
generated: 757371 / 800000
generated: 757430 / 800000
generated: 757482 / 800000
generated: 757539 / 800000
generated: 757602 / 800000
generated: 757680 / 800000
generated: 757730 / 800000
generated: 757782 / 800000
generated: 757824 / 800000
generated: 757885 / 800000
generated: 757946 / 800000
generated: 757991 / 800000
generated: 758056 / 800000
generated: 758114 / 800000
generated: 758164 / 800000
generated: 758222 / 800000
generated: 758284 / 800000
generated: 758337 / 800000
generated: 758393 / 800000
generated: 758459 / 800000
generated: 758510 / 800000
generated: 758566 / 800000
generated: 758628 / 800000
generated: 758676 / 800000
generated: 758730 / 800000
generated: 758781 / 800000
generated: 758843 / 800000
generated: 758896 / 800000
generated: 758952 / 800000
generated: 759012 / 800000
generated: 759086 / 800000
generated: 759146 / 800000
generated: 759187 / 800000
generated: 759253 / 800000
generated: 759304 / 800000
generated: 759353 / 800000
generated: 759410 / 800000
generated: 759472 / 800000
generated: 759521 / 800000
generated: 759575 / 800000
generated: 759631 / 800000
generated: 759681 / 800000
generated: 759727 / 800000
generated: 759784 / 800000
generated: 759840 / 800000
generated: 759898 / 800000
generated: 759947 / 800000
generated: 759994 / 800000
generated: 760052 / 800000
generated: 760119 / 800000
generated: 760184 / 800000
generated: 760227 / 800000
generated: 760287 / 800000
generated: 760349 / 800000
generated: 760406 / 800000
generated: 760461 / 800000
generated: 760511 / 800000
generated: 760572 / 800000
generated: 760624 / 800000
generated: 760685 / 800000
generated: 760744 / 800000
generated: 760800 / 800000
generated: 760851 / 800000
generated: 760912 / 800000
generated: 760963 / 800000
generated: 761022 / 800000
generated: 761077 / 800000
generated: 761124 / 800000
generated: 761175 / 800000
generated: 761221 / 800000
generated: 761273 / 800000
generated: 761330 / 800000
generated: 761389 / 800000
generated: 761449 / 800000
generated: 761512 / 800000
generated: 761556 / 800000
generated: 761624 / 800000
generated: 761673 / 800000
generated: 761724 / 800000
generated: 761785 / 800000
generated: 761833 / 800000
generated: 761876 / 800000
generated: 761927 / 800000
generated: 761976 / 800000
generated: 762024 / 800000
generated: 762077 / 800000
generated: 762126 / 800000
generated: 762180 / 800000
generated: 762236 / 800000
generated: 762282 / 800000
generated: 762345 / 800000
generated: 762402 / 800000
generated: 762462 / 800000
generated: 762519 / 800000
generated: 762568 / 800000
generated: 762629 / 800000
generated: 762673 / 800000
generated: 762744 / 800000
generated: 762799 / 800000
generated: 762863 / 800000
generated: 762914 / 800000
generated: 762969 / 800000
generated: 763027 / 800000
generated: 763081 / 800000
generated: 763138 / 800000
generated: 763190 / 800000
generated: 763256 / 800000
generated: 763305 / 800000
generated: 763359 / 800000
generated: 763407 / 800000
generated: 763458 / 800000
generated: 763517 / 800000
generated: 763568 / 800000
generated: 763631 / 800000
generated: 763681 / 800000
generated: 763731 / 800000
generated: 763797 / 800000
generated: 763851 / 800000
generated: 763907 / 800000
generated: 763963 / 800000
generated: 764023 / 800000
generated: 764081 / 800000
generated: 764144 / 800000
generated: 764202 / 800000
generated: 764261 / 800000
generated: 764326 / 800000
generated: 764390 / 800000
generated: 764448 / 800000
generated: 764498 / 800000
generated: 764552 / 800000
generated: 764609 / 800000
generated: 764672 / 800000
generated: 764729 / 800000
generated: 764781 / 800000
generated: 764835 / 800000
generated: 764899 / 800000
generated: 764956 / 800000
generated: 765005 / 800000
generated: 765066 / 800000
generated: 765113 / 800000
generated: 765164 / 800000
generated: 765226 / 800000
generated: 765285 / 800000
generated: 765336 / 800000
generated: 765393 / 800000
generated: 765450 / 800000
generated: 765520 / 800000
generated: 765575 / 800000
generated: 765624 / 800000
generated: 765685 / 800000
generated: 765732 / 800000
generated: 765781 / 800000
generated: 765843 / 800000
generated: 765892 / 800000
generated: 765946 / 800000
generated: 766003 / 800000
generated: 766062 / 800000
generated: 766115 / 800000
generated: 766181 / 800000
generated: 766249 / 800000
generated: 766296 / 800000
generated: 766349 / 800000
generated: 766415 / 800000
generated: 766483 / 800000
generated: 766534 / 800000
generated: 766585 / 800000
generated: 766637 / 800000
generated: 766690 / 800000
generated: 766768 / 800000
generated: 766826 / 800000
generated: 766893 / 800000
generated: 766947 / 800000
generated: 767015 / 800000
generated: 767060 / 800000
generated: 767114 / 800000
generated: 767175 / 800000
generated: 767232 / 800000
generated: 767294 / 800000
generated: 767339 / 800000
generated: 767395 / 800000
generated: 767442 / 800000
generated: 767495 / 800000
generated: 767559 / 800000
generated: 767614 / 800000
generated: 767669 / 800000
generated: 767720 / 800000
generated: 767781 / 800000
generated: 767848 / 800000
generated: 767910 / 800000
generated: 767962 / 800000
generated: 768026 / 800000
generated: 768076 / 800000
generated: 768118 / 800000
generated: 768171 / 800000
generated: 768222 / 800000
generated: 768283 / 800000
generated: 768335 / 800000
generated: 768375 / 800000
generated: 768420 / 800000
generated: 768478 / 800000
generated: 768533 / 800000
generated: 768582 / 800000
generated: 768638 / 800000
generated: 768701 / 800000
generated: 768752 / 800000
generated: 768818 / 800000
generated: 768871 / 800000
generated: 768916 / 800000
generated: 768976 / 800000
generated: 769022 / 800000
generated: 769087 / 800000
generated: 769146 / 800000
generated: 769195 / 800000
generated: 769253 / 800000
generated: 769302 / 800000
generated: 769350 / 800000
generated: 769407 / 800000
generated: 769452 / 800000
generated: 769516 / 800000
generated: 769567 / 800000
generated: 769627 / 800000
generated: 769690 / 800000
generated: 769738 / 800000
generated: 769788 / 800000
generated: 769842 / 800000
generated: 769891 / 800000
generated: 769959 / 800000
generated: 770023 / 800000
generated: 770079 / 800000
generated: 770131 / 800000
generated: 770175 / 800000
generated: 770237 / 800000
generated: 770280 / 800000
generated: 770330 / 800000
generated: 770378 / 800000
generated: 770432 / 800000
generated: 770487 / 800000
generated: 770538 / 800000
generated: 770593 / 800000
generated: 770643 / 800000
generated: 770699 / 800000
generated: 770748 / 800000
generated: 770819 / 800000
generated: 770869 / 800000
generated: 770927 / 800000
generated: 770974 / 800000
generated: 771022 / 800000
generated: 771075 / 800000
generated: 771136 / 800000
generated: 771190 / 800000
generated: 771242 / 800000
generated: 771297 / 800000
generated: 771368 / 800000
generated: 771414 / 800000
generated: 771478 / 800000
generated: 771540 / 800000
generated: 771597 / 800000
generated: 771655 / 800000
generated: 771712 / 800000
generated: 771769 / 800000
generated: 771819 / 800000
generated: 771862 / 800000
generated: 771905 / 800000
generated: 771953 / 800000
generated: 772013 / 800000
generated: 772059 / 800000
generated: 772124 / 800000
generated: 772193 / 800000
generated: 772240 / 800000
generated: 772290 / 800000
generated: 772345 / 800000
generated: 772388 / 800000
generated: 772440 / 800000
generated: 772487 / 800000
generated: 772535 / 800000
generated: 772592 / 800000
generated: 772657 / 800000
generated: 772716 / 800000
generated: 772770 / 800000
generated: 772821 / 800000
generated: 772872 / 800000
generated: 772933 / 800000
generated: 772994 / 800000
generated: 773044 / 800000
generated: 773108 / 800000
generated: 773157 / 800000
generated: 773223 / 800000
generated: 773266 / 800000
generated: 773322 / 800000
generated: 773368 / 800000
generated: 773432 / 800000
generated: 773485 / 800000
generated: 773543 / 800000
generated: 773602 / 800000
generated: 773660 / 800000
generated: 773718 / 800000
generated: 773775 / 800000
generated: 773852 / 800000
generated: 773919 / 800000
generated: 773969 / 800000
generated: 774033 / 800000
generated: 774097 / 800000
generated: 774155 / 800000
generated: 774203 / 800000
generated: 774250 / 800000
generated: 774305 / 800000
generated: 774351 / 800000
generated: 774401 / 800000
generated: 774459 / 800000
generated: 774525 / 800000
generated: 774590 / 800000
generated: 774636 / 800000
generated: 774702 / 800000
generated: 774762 / 800000
generated: 774812 / 800000
generated: 774876 / 800000
generated: 774933 / 800000
generated: 774980 / 800000
generated: 775033 / 800000
generated: 775079 / 800000
generated: 775141 / 800000
generated: 775195 / 800000
generated: 775257 / 800000
generated: 775314 / 800000
generated: 775357 / 800000
generated: 775413 / 800000
generated: 775471 / 800000
generated: 775523 / 800000
generated: 775586 / 800000
generated: 775625 / 800000
generated: 775682 / 800000
generated: 775744 / 800000
generated: 775810 / 800000
generated: 775876 / 800000
generated: 775928 / 800000
generated: 775990 / 800000
generated: 776052 / 800000
generated: 776104 / 800000
generated: 776161 / 800000
generated: 776225 / 800000
generated: 776284 / 800000
generated: 776338 / 800000
generated: 776396 / 800000
generated: 776445 / 800000
generated: 776516 / 800000
generated: 776572 / 800000
generated: 776617 / 800000
generated: 776675 / 800000
generated: 776719 / 800000
generated: 776773 / 800000
generated: 776835 / 800000
generated: 776886 / 800000
generated: 776946 / 800000
generated: 777016 / 800000
generated: 777073 / 800000
generated: 777132 / 800000
generated: 777190 / 800000
generated: 777258 / 800000
generated: 777322 / 800000
generated: 777374 / 800000
generated: 777436 / 800000
generated: 777498 / 800000
generated: 777563 / 800000
generated: 777612 / 800000
generated: 777666 / 800000
generated: 777710 / 800000
generated: 777753 / 800000
generated: 777807 / 800000
generated: 777858 / 800000
generated: 777911 / 800000
generated: 777967 / 800000
generated: 778026 / 800000
generated: 778072 / 800000
generated: 778132 / 800000
generated: 778189 / 800000
generated: 778251 / 800000
generated: 778306 / 800000
generated: 778371 / 800000
generated: 778434 / 800000
generated: 778497 / 800000
generated: 778559 / 800000
generated: 778602 / 800000
generated: 778653 / 800000
generated: 778718 / 800000
generated: 778777 / 800000
generated: 778840 / 800000
generated: 778907 / 800000
generated: 778971 / 800000
generated: 779047 / 800000
generated: 779122 / 800000
generated: 779169 / 800000
generated: 779223 / 800000
generated: 779271 / 800000
generated: 779327 / 800000
generated: 779377 / 800000
generated: 779436 / 800000
generated: 779498 / 800000
generated: 779556 / 800000
generated: 779614 / 800000
generated: 779665 / 800000
generated: 779721 / 800000
generated: 779783 / 800000
generated: 779832 / 800000
generated: 779886 / 800000
generated: 779932 / 800000
generated: 779989 / 800000
generated: 780055 / 800000
generated: 780094 / 800000
generated: 780148 / 800000
generated: 780191 / 800000
generated: 780229 / 800000
generated: 780288 / 800000
generated: 780344 / 800000
generated: 780381 / 800000
generated: 780424 / 800000
generated: 780475 / 800000
generated: 780529 / 800000
generated: 780584 / 800000
generated: 780632 / 800000
generated: 780690 / 800000
generated: 780749 / 800000
generated: 780796 / 800000
generated: 780845 / 800000
generated: 780898 / 800000
generated: 780955 / 800000
generated: 781007 / 800000
generated: 781067 / 800000
generated: 781119 / 800000
generated: 781189 / 800000
generated: 781244 / 800000
generated: 781304 / 800000
generated: 781354 / 800000
generated: 781417 / 800000
generated: 781466 / 800000
generated: 781520 / 800000
generated: 781561 / 800000
generated: 781619 / 800000
generated: 781672 / 800000
generated: 781729 / 800000
generated: 781779 / 800000
generated: 781833 / 800000
generated: 781892 / 800000
generated: 781938 / 800000
generated: 781991 / 800000
generated: 782036 / 800000
generated: 782083 / 800000
generated: 782159 / 800000
generated: 782221 / 800000
generated: 782257 / 800000
generated: 782301 / 800000
generated: 782355 / 800000
generated: 782418 / 800000
generated: 782476 / 800000
generated: 782528 / 800000
generated: 782580 / 800000
generated: 782644 / 800000
generated: 782714 / 800000
generated: 782783 / 800000
generated: 782850 / 800000
generated: 782916 / 800000
generated: 782962 / 800000
generated: 783014 / 800000
generated: 783068 / 800000
generated: 783127 / 800000
generated: 783189 / 800000
generated: 783238 / 800000
generated: 783303 / 800000
generated: 783351 / 800000
generated: 783409 / 800000
generated: 783469 / 800000
generated: 783533 / 800000
generated: 783601 / 800000
generated: 783658 / 800000
generated: 783713 / 800000
generated: 783772 / 800000
generated: 783830 / 800000
generated: 783878 / 800000
generated: 783928 / 800000
generated: 783972 / 800000
generated: 784020 / 800000
generated: 784069 / 800000
generated: 784122 / 800000
generated: 784179 / 800000
generated: 784227 / 800000
generated: 784280 / 800000
generated: 784339 / 800000
generated: 784401 / 800000
generated: 784459 / 800000
generated: 784513 / 800000
generated: 784562 / 800000
generated: 784603 / 800000
generated: 784653 / 800000
generated: 784698 / 800000
generated: 784751 / 800000
generated: 784797 / 800000
generated: 784852 / 800000
generated: 784909 / 800000
generated: 784962 / 800000
generated: 785023 / 800000
generated: 785070 / 800000
generated: 785117 / 800000
generated: 785169 / 800000
generated: 785226 / 800000
generated: 785281 / 800000
generated: 785343 / 800000
generated: 785404 / 800000
generated: 785457 / 800000
generated: 785519 / 800000
generated: 785566 / 800000
generated: 785618 / 800000
generated: 785678 / 800000
generated: 785743 / 800000
generated: 785793 / 800000
generated: 785865 / 800000
generated: 785913 / 800000
generated: 785968 / 800000
generated: 786022 / 800000
generated: 786070 / 800000
generated: 786124 / 800000
generated: 786177 / 800000
generated: 786236 / 800000
generated: 786295 / 800000
generated: 786338 / 800000
generated: 786386 / 800000
generated: 786418 / 800000
generated: 786479 / 800000
generated: 786540 / 800000
generated: 786608 / 800000
generated: 786674 / 800000
generated: 786724 / 800000
generated: 786774 / 800000
generated: 786819 / 800000
generated: 786882 / 800000
generated: 786926 / 800000
generated: 787001 / 800000
generated: 787065 / 800000
generated: 787119 / 800000
generated: 787194 / 800000
generated: 787254 / 800000
generated: 787319 / 800000
generated: 787369 / 800000
generated: 787433 / 800000
generated: 787498 / 800000
generated: 787564 / 800000
generated: 787617 / 800000
generated: 787676 / 800000
generated: 787730 / 800000
generated: 787774 / 800000
generated: 787823 / 800000
generated: 787892 / 800000
generated: 787926 / 800000
generated: 787984 / 800000
generated: 788045 / 800000
generated: 788120 / 800000
generated: 788169 / 800000
generated: 788234 / 800000
generated: 788289 / 800000
generated: 788345 / 800000
generated: 788406 / 800000
generated: 788472 / 800000
generated: 788528 / 800000
generated: 788587 / 800000
generated: 788644 / 800000
generated: 788710 / 800000
generated: 788754 / 800000
generated: 788801 / 800000
generated: 788849 / 800000
generated: 788902 / 800000
generated: 788964 / 800000
generated: 789016 / 800000
generated: 789077 / 800000
generated: 789128 / 800000
generated: 789181 / 800000
generated: 789241 / 800000
generated: 789295 / 800000
generated: 789347 / 800000
generated: 789392 / 800000
generated: 789461 / 800000
generated: 789517 / 800000
generated: 789582 / 800000
generated: 789640 / 800000
generated: 789702 / 800000
generated: 789754 / 800000
generated: 789807 / 800000
generated: 789875 / 800000
generated: 789929 / 800000
generated: 789974 / 800000
generated: 790026 / 800000
generated: 790079 / 800000
generated: 790117 / 800000
generated: 790174 / 800000
generated: 790232 / 800000
generated: 790293 / 800000
generated: 790343 / 800000
generated: 790408 / 800000
generated: 790473 / 800000
generated: 790516 / 800000
generated: 790569 / 800000
generated: 790627 / 800000
generated: 790698 / 800000
generated: 790741 / 800000
generated: 790794 / 800000
generated: 790838 / 800000
generated: 790892 / 800000
generated: 790953 / 800000
generated: 791008 / 800000
generated: 791064 / 800000
generated: 791115 / 800000
generated: 791163 / 800000
generated: 791221 / 800000
generated: 791279 / 800000
generated: 791350 / 800000
generated: 791403 / 800000
generated: 791461 / 800000
generated: 791527 / 800000
generated: 791575 / 800000
generated: 791624 / 800000
generated: 791680 / 800000
generated: 791740 / 800000
generated: 791794 / 800000
generated: 791862 / 800000
generated: 791914 / 800000
generated: 791965 / 800000
generated: 792014 / 800000
generated: 792071 / 800000
generated: 792136 / 800000
generated: 792191 / 800000
generated: 792245 / 800000
generated: 792299 / 800000
generated: 792354 / 800000
generated: 792413 / 800000
generated: 792460 / 800000
generated: 792514 / 800000
generated: 792567 / 800000
generated: 792614 / 800000
generated: 792671 / 800000
generated: 792730 / 800000
generated: 792791 / 800000
generated: 792844 / 800000
generated: 792904 / 800000
generated: 792953 / 800000
generated: 793017 / 800000
generated: 793062 / 800000
generated: 793119 / 800000
generated: 793177 / 800000
generated: 793243 / 800000
generated: 793309 / 800000
generated: 793356 / 800000
generated: 793407 / 800000
generated: 793457 / 800000
generated: 793519 / 800000
generated: 793571 / 800000
generated: 793629 / 800000
generated: 793684 / 800000
generated: 793745 / 800000
generated: 793807 / 800000
generated: 793863 / 800000
generated: 793926 / 800000
generated: 793985 / 800000
generated: 794040 / 800000
generated: 794093 / 800000
generated: 794154 / 800000
generated: 794216 / 800000
generated: 794277 / 800000
generated: 794337 / 800000
generated: 794387 / 800000
generated: 794444 / 800000
generated: 794505 / 800000
generated: 794554 / 800000
generated: 794631 / 800000
generated: 794682 / 800000
generated: 794735 / 800000
generated: 794797 / 800000
generated: 794861 / 800000
generated: 794915 / 800000
generated: 794971 / 800000
generated: 795033 / 800000
generated: 795087 / 800000
generated: 795148 / 800000
generated: 795203 / 800000
generated: 795264 / 800000
generated: 795320 / 800000
generated: 795367 / 800000
generated: 795423 / 800000
generated: 795492 / 800000
generated: 795550 / 800000
generated: 795609 / 800000
generated: 795652 / 800000
generated: 795693 / 800000
generated: 795745 / 800000
generated: 795800 / 800000
generated: 795856 / 800000
generated: 795903 / 800000
generated: 795959 / 800000
generated: 796026 / 800000
generated: 796083 / 800000
generated: 796139 / 800000
generated: 796196 / 800000
generated: 796243 / 800000
generated: 796299 / 800000
generated: 796358 / 800000
generated: 796412 / 800000
generated: 796474 / 800000
generated: 796530 / 800000
generated: 796595 / 800000
generated: 796653 / 800000
generated: 796703 / 800000
generated: 796768 / 800000
generated: 796823 / 800000
generated: 796872 / 800000
generated: 796933 / 800000
generated: 796983 / 800000
generated: 797044 / 800000
generated: 797094 / 800000
generated: 797142 / 800000
generated: 797196 / 800000
generated: 797263 / 800000
generated: 797329 / 800000
generated: 797376 / 800000
generated: 797431 / 800000
generated: 797486 / 800000
generated: 797539 / 800000
generated: 797599 / 800000
generated: 797653 / 800000
generated: 797715 / 800000
generated: 797766 / 800000
generated: 797805 / 800000
generated: 797860 / 800000
generated: 797915 / 800000
generated: 797977 / 800000
generated: 798035 / 800000
generated: 798091 / 800000
generated: 798146 / 800000
generated: 798205 / 800000
generated: 798256 / 800000
generated: 798308 / 800000
generated: 798364 / 800000
generated: 798434 / 800000
generated: 798501 / 800000
generated: 798553 / 800000
generated: 798600 / 800000
generated: 798657 / 800000
generated: 798703 / 800000
generated: 798765 / 800000
generated: 798814 / 800000
generated: 798876 / 800000
generated: 798923 / 800000
generated: 798972 / 800000
generated: 799024 / 800000
generated: 799083 / 800000
generated: 799142 / 800000
generated: 799207 / 800000
generated: 799269 / 800000
generated: 799323 / 800000
generated: 799378 / 800000
generated: 799443 / 800000
generated: 799495 / 800000
generated: 799550 / 800000
generated: 799605 / 800000
generated: 799655 / 800000
generated: 799708 / 800000
generated: 799762 / 800000
generated: 799808 / 800000
generated: 799869 / 800000
generated: 799923 / 800000
generated: 799987 / 800000
generated: 800000 / 800000
Sampling done in 1281.1s
Saved sample visualization: datasets/3dshape/rectangle_2denv3/sampled_placements.html
Saved speed distribution: datasets/3dshape/rectangle_2denv3/speed_distribution.html
Saved speed_angles distribution: datasets/3dshape/rectangle_2denv3/speed_angles_distribution.html
Saved speed_dists distribution: datasets/3dshape/rectangle_2denv3/speed_dists_distribution.html
x0 pos    : x=[-0.463,0.463]  y=[-0.463,0.463]  z=[0.000,0.000]
speed x0  : [0.010, 1.000]   (band [0.020, 1.0])
speed x1  : [0.010, 1.000]
Wrote 800000 training pairs to datasets/3dshape/rectangle_2denv3
  sampled_points.npy (800000, 12)
  speed.npy          (800000, 2)
  normal.npy         (800000, 12)
  trans_n.npy        (800000, 12)
  rot_n.npy          (800000, 12)
  env.npy            (10000, 3)
[load_obj] 'datasets/3dshape/2denv3_zup.obj': 6 objects/groups
  [0] 'Body8'  (32 triangles)
  [1] 'Body14'  (12 triangles)
  [2] 'Body15'  (12 triangles)
  [3] 'Body17'  (12 triangles)
  [4] 'Body20'  (12 triangles)
  [5] 'Body21'  (12 triangles)
[--2d] environment flattened onto z=0
[load_obj] 'datasets/3dshape/rectangle_zup.obj': 1 objects/groups
  [0] 'Body1'  (12 triangles)
[--2d] shape z extent 0.0286 -> 0.0100 (env-normalized units)
Delaunizing vertices...
Delaunay seconds:  0.000117
Creating surface mesh ...
Surface mesh seconds:  4.3e-05
Recovering boundaries...
Boundary recovery seconds:  0.012423
Removing exterior tetrahedra ...
Exterior tets removal seconds:  1.8e-05
Suppressing Steiner points ...
Steiner suppression seconds:  4e-06
Recovering Delaunayness...
Delaunay recovery seconds:  0.00011
Refining mesh...
  11 insertions, added 1 points, 7 tetrahedra in queue.
  3 insertions, added 0 points, 4 tetrahedra in queue.
  4 insertions, added 0 points, 0 tetrahedra in queue.
  5 insertions, added 0 points, 0 tetrahedra in queue.
  7 insertions, added 1 points, 6 tetrahedra in queue.
  9 insertions, added 0 points, 0 tetrahedra in queue.
Refinement seconds:  0.000144
Smoothing vertices...
Mesh smoothing seconds:  0.000452
Improving mesh...
Mesh improvement seconds:  2.5e-05

Writing nodes.
Writing elements.
Writing faces.
Writing edges.

Output seconds:  2.5e-05
Total running seconds:  0.013526

Statistics:

  Input points: 8
  Input facets: 12
  Input segments: 18
  Input holes: 0
  Input regions: 0

  Mesh points: 11
  Mesh tetrahedra: 20
  Mesh faces: 46
  Mesh faces on exterior boundary: 12
  Mesh faces on input facets: 12
  Mesh edges on input segments: 18
  Steiner points inside domain: 3

Tetrahedralized shape: 20 tets, 12 boundary triangles, 11 verts
Sampling 1000 (x0, x1) pairs [TESTING (independent collision-free pairs) | PLANAR 2-D (z=0, rotation about z only)]   margin=0.05  offset=0.02  ...
generated: 203 / 1000
generated: 415 / 1000
generated: 625 / 1000
generated: 837 / 1000
generated: 1000 / 1000
Sampling done in 1.4s
Saved sample visualization: testing_data/3dshape/rectangle_2denv3/sampled_placements.html
Saved speed distribution: testing_data/3dshape/rectangle_2denv3/speed_distribution.html
Saved speed_angles distribution: testing_data/3dshape/rectangle_2denv3/speed_angles_distribution.html
Saved speed_dists distribution: testing_data/3dshape/rectangle_2denv3/speed_dists_distribution.html
x0 pos    : x=[-0.441,0.437]  y=[-0.432,0.440]  z=[0.000,0.000]
speed x0  : [0.245, 1.000]   (band [0.400, 1.0])
speed x1  : [0.243, 1.000]
Wrote 1000 training pairs to testing_data/3dshape/rectangle_2denv3
  sampled_points.npy (1000, 12)
  speed.npy          (1000, 2)
  normal.npy         (1000, 12)
  trans_n.npy        (1000, 12)
  rot_n.npy          (1000, 12)
  env.npy            (10000, 3)
