[load_obj] 'datasets/3dshape/2denv3_zup.obj': 6 objects/groups
  [0] 'Body8'  (32 triangles)
  [1] 'Body14'  (12 triangles)
  [2] 'Body15'  (12 triangles)
  [3] 'Body17'  (12 triangles)
  [4] 'Body20'  (12 triangles)
  [5] 'Body21'  (12 triangles)
[--2d] environment flattened onto z=0
[load_obj] 'datasets/3dshape/Tshape3d_zup.obj': 1 objects/groups
  [0] 'Body1'  (28 triangles)
[--2d] shape z extent 0.0286 -> 0.0100 (env-normalized units)
Delaunizing vertices...
Delaunay seconds:  0.001846
Creating surface mesh ...
Surface mesh seconds:  4.4e-05
Recovering boundaries...
Boundary recovery seconds:  0.004314
Removing exterior tetrahedra ...
Exterior tets removal seconds:  2.4e-05
Suppressing Steiner points ...
Steiner suppression seconds:  4e-06
Recovering Delaunayness...
Delaunay recovery seconds:  0.000253
Refining mesh...
  22 insertions, added 1 points, 8 tetrahedra in queue.
  7 insertions, added 0 points, 0 tetrahedra in queue.
  9 insertions, added 1 points, 6 tetrahedra in queue.
  12 insertions, added 0 points, 3 tetrahedra in queue.
Refinement seconds:  0.000705
Smoothing vertices...
Mesh smoothing seconds:  0.002366
Improving mesh...
Mesh improvement seconds:  2.1e-05

Writing nodes.
Writing elements.
Writing faces.
Writing edges.

Output seconds:  2.7e-05
Total running seconds:  0.063096

Statistics:

  Input points: 16
  Input facets: 28
  Input segments: 42
  Input holes: 0
  Input regions: 0

  Mesh points: 19
  Mesh tetrahedra: 32
  Mesh faces: 78
  Mesh faces on exterior boundary: 28
  Mesh faces on input facets: 28
  Mesh edges on input segments: 42
  Steiner points inside domain: 3

Tetrahedralized shape: 32 tets, 28 boundary triangles, 19 verts
Sampling 800000 (x0, x1) pairs [TRAINING (narrow-band correlated pairs) | PLANAR 2-D (z=0, rotation about z only)]   margin=0.05  offset=0.001  ...
generated: 55 / 800000
generated: 96 / 800000
generated: 137 / 800000
generated: 183 / 800000
generated: 228 / 800000
generated: 272 / 800000
generated: 318 / 800000
generated: 381 / 800000
generated: 425 / 800000
generated: 467 / 800000
generated: 515 / 800000
generated: 555 / 800000
generated: 594 / 800000
generated: 627 / 800000
generated: 662 / 800000
generated: 720 / 800000
generated: 752 / 800000
generated: 793 / 800000
generated: 829 / 800000
generated: 878 / 800000
generated: 927 / 800000
generated: 972 / 800000
generated: 1017 / 800000
generated: 1053 / 800000
generated: 1095 / 800000
generated: 1127 / 800000
generated: 1169 / 800000
generated: 1214 / 800000
generated: 1256 / 800000
generated: 1299 / 800000
generated: 1345 / 800000
generated: 1383 / 800000
generated: 1425 / 800000
generated: 1474 / 800000
generated: 1521 / 800000
generated: 1553 / 800000
generated: 1603 / 800000
generated: 1640 / 800000
generated: 1673 / 800000
generated: 1705 / 800000
generated: 1748 / 800000
generated: 1794 / 800000
generated: 1840 / 800000
generated: 1881 / 800000
generated: 1920 / 800000
generated: 1968 / 800000
generated: 2017 / 800000
generated: 2057 / 800000
generated: 2093 / 800000
generated: 2141 / 800000
generated: 2176 / 800000
generated: 2213 / 800000
generated: 2242 / 800000
generated: 2275 / 800000
generated: 2330 / 800000
generated: 2375 / 800000
generated: 2411 / 800000
generated: 2460 / 800000
generated: 2505 / 800000
generated: 2558 / 800000
generated: 2616 / 800000
generated: 2671 / 800000
generated: 2714 / 800000
generated: 2755 / 800000
generated: 2791 / 800000
generated: 2830 / 800000
generated: 2879 / 800000
generated: 2918 / 800000
generated: 2956 / 800000
generated: 2996 / 800000
generated: 3044 / 800000
generated: 3089 / 800000
generated: 3130 / 800000
generated: 3168 / 800000
generated: 3211 / 800000
generated: 3258 / 800000
generated: 3310 / 800000
generated: 3356 / 800000
generated: 3393 / 800000
generated: 3441 / 800000
generated: 3489 / 800000
generated: 3525 / 800000
generated: 3573 / 800000
generated: 3617 / 800000
generated: 3654 / 800000
generated: 3698 / 800000
generated: 3745 / 800000
generated: 3792 / 800000
generated: 3821 / 800000
generated: 3871 / 800000
generated: 3919 / 800000
generated: 3976 / 800000
generated: 4027 / 800000
generated: 4066 / 800000
generated: 4107 / 800000
generated: 4144 / 800000
generated: 4195 / 800000
generated: 4229 / 800000
generated: 4280 / 800000
generated: 4345 / 800000
generated: 4390 / 800000
generated: 4429 / 800000
generated: 4472 / 800000
generated: 4517 / 800000
generated: 4573 / 800000
generated: 4627 / 800000
generated: 4664 / 800000
generated: 4705 / 800000
generated: 4744 / 800000
generated: 4796 / 800000
generated: 4829 / 800000
generated: 4869 / 800000
generated: 4923 / 800000
generated: 4970 / 800000
generated: 5009 / 800000
generated: 5049 / 800000
generated: 5095 / 800000
generated: 5148 / 800000
generated: 5191 / 800000
generated: 5239 / 800000
generated: 5278 / 800000
generated: 5328 / 800000
generated: 5370 / 800000
generated: 5406 / 800000
generated: 5460 / 800000
generated: 5505 / 800000
generated: 5552 / 800000
generated: 5606 / 800000
generated: 5654 / 800000
generated: 5687 / 800000
generated: 5733 / 800000
generated: 5772 / 800000
generated: 5821 / 800000
generated: 5868 / 800000
generated: 5910 / 800000
generated: 5958 / 800000
generated: 6006 / 800000
generated: 6045 / 800000
generated: 6095 / 800000
generated: 6143 / 800000
generated: 6190 / 800000
generated: 6232 / 800000
generated: 6270 / 800000
generated: 6323 / 800000
generated: 6367 / 800000
generated: 6401 / 800000
generated: 6449 / 800000
generated: 6501 / 800000
generated: 6542 / 800000
generated: 6591 / 800000
generated: 6640 / 800000
generated: 6689 / 800000
generated: 6732 / 800000
generated: 6781 / 800000
generated: 6824 / 800000
generated: 6869 / 800000
generated: 6903 / 800000
generated: 6940 / 800000
generated: 6984 / 800000
generated: 7030 / 800000
generated: 7066 / 800000
generated: 7105 / 800000
generated: 7149 / 800000
generated: 7188 / 800000
generated: 7233 / 800000
generated: 7277 / 800000
generated: 7321 / 800000
generated: 7365 / 800000
generated: 7412 / 800000
generated: 7452 / 800000
generated: 7504 / 800000
generated: 7551 / 800000
generated: 7596 / 800000
generated: 7633 / 800000
generated: 7674 / 800000
generated: 7724 / 800000
generated: 7772 / 800000
generated: 7821 / 800000
generated: 7854 / 800000
generated: 7901 / 800000
generated: 7948 / 800000
generated: 7999 / 800000
generated: 8041 / 800000
generated: 8076 / 800000
generated: 8122 / 800000
generated: 8163 / 800000
generated: 8209 / 800000
generated: 8250 / 800000
generated: 8290 / 800000
generated: 8339 / 800000
generated: 8388 / 800000
generated: 8431 / 800000
generated: 8485 / 800000
generated: 8525 / 800000
generated: 8567 / 800000
generated: 8616 / 800000
generated: 8671 / 800000
generated: 8724 / 800000
generated: 8765 / 800000
generated: 8807 / 800000
generated: 8850 / 800000
generated: 8887 / 800000
generated: 8926 / 800000
generated: 8955 / 800000
generated: 9005 / 800000
generated: 9049 / 800000
generated: 9094 / 800000
generated: 9140 / 800000
generated: 9181 / 800000
generated: 9227 / 800000
generated: 9266 / 800000
generated: 9315 / 800000
generated: 9351 / 800000
generated: 9383 / 800000
generated: 9425 / 800000
generated: 9472 / 800000
generated: 9513 / 800000
generated: 9556 / 800000
generated: 9600 / 800000
generated: 9637 / 800000
generated: 9673 / 800000
generated: 9721 / 800000
generated: 9764 / 800000
generated: 9810 / 800000
generated: 9857 / 800000
generated: 9898 / 800000
generated: 9943 / 800000
generated: 9993 / 800000
generated: 10037 / 800000
generated: 10074 / 800000
generated: 10120 / 800000
generated: 10174 / 800000
generated: 10217 / 800000
generated: 10271 / 800000
generated: 10317 / 800000
generated: 10365 / 800000
generated: 10415 / 800000
generated: 10473 / 800000
generated: 10529 / 800000
generated: 10575 / 800000
generated: 10609 / 800000
generated: 10651 / 800000
generated: 10692 / 800000
generated: 10734 / 800000
generated: 10777 / 800000
generated: 10811 / 800000
generated: 10845 / 800000
generated: 10888 / 800000
generated: 10924 / 800000
generated: 10974 / 800000
generated: 11020 / 800000
generated: 11063 / 800000
generated: 11109 / 800000
generated: 11146 / 800000
generated: 11182 / 800000
generated: 11231 / 800000
generated: 11275 / 800000
generated: 11323 / 800000
generated: 11366 / 800000
generated: 11414 / 800000
generated: 11460 / 800000
generated: 11505 / 800000
generated: 11554 / 800000
generated: 11604 / 800000
generated: 11647 / 800000
generated: 11690 / 800000
generated: 11738 / 800000
generated: 11777 / 800000
generated: 11824 / 800000
generated: 11870 / 800000
generated: 11907 / 800000
generated: 11959 / 800000
generated: 12012 / 800000
generated: 12063 / 800000
generated: 12109 / 800000
generated: 12161 / 800000
generated: 12199 / 800000
generated: 12231 / 800000
generated: 12275 / 800000
generated: 12327 / 800000
generated: 12378 / 800000
generated: 12423 / 800000
generated: 12467 / 800000
generated: 12523 / 800000
generated: 12572 / 800000
generated: 12603 / 800000
generated: 12646 / 800000
generated: 12701 / 800000
generated: 12746 / 800000
generated: 12808 / 800000
generated: 12848 / 800000
generated: 12890 / 800000
generated: 12941 / 800000
generated: 12979 / 800000
generated: 13033 / 800000
generated: 13078 / 800000
generated: 13115 / 800000
generated: 13171 / 800000
generated: 13227 / 800000
generated: 13286 / 800000
generated: 13338 / 800000
generated: 13403 / 800000
generated: 13450 / 800000
generated: 13493 / 800000
generated: 13541 / 800000
generated: 13595 / 800000
generated: 13643 / 800000
generated: 13686 / 800000
generated: 13733 / 800000
generated: 13780 / 800000
generated: 13823 / 800000
generated: 13871 / 800000
generated: 13914 / 800000
generated: 13954 / 800000
generated: 13981 / 800000
generated: 14042 / 800000
generated: 14087 / 800000
generated: 14128 / 800000
generated: 14167 / 800000
generated: 14214 / 800000
generated: 14260 / 800000
generated: 14306 / 800000
generated: 14359 / 800000
generated: 14388 / 800000
generated: 14431 / 800000
generated: 14476 / 800000
generated: 14507 / 800000
generated: 14549 / 800000
generated: 14591 / 800000
generated: 14632 / 800000
generated: 14671 / 800000
generated: 14707 / 800000
generated: 14740 / 800000
generated: 14778 / 800000
generated: 14821 / 800000
generated: 14876 / 800000
generated: 14917 / 800000
generated: 14965 / 800000
generated: 15015 / 800000
generated: 15060 / 800000
generated: 15107 / 800000
generated: 15149 / 800000
generated: 15190 / 800000
generated: 15236 / 800000
generated: 15288 / 800000
generated: 15331 / 800000
generated: 15371 / 800000
generated: 15408 / 800000
generated: 15449 / 800000
generated: 15486 / 800000
generated: 15537 / 800000
generated: 15586 / 800000
generated: 15629 / 800000
generated: 15680 / 800000
generated: 15726 / 800000
generated: 15763 / 800000
generated: 15803 / 800000
generated: 15839 / 800000
generated: 15881 / 800000
generated: 15915 / 800000
generated: 15960 / 800000
generated: 16007 / 800000
generated: 16048 / 800000
generated: 16094 / 800000
generated: 16143 / 800000
generated: 16192 / 800000
generated: 16237 / 800000
generated: 16285 / 800000
generated: 16324 / 800000
generated: 16364 / 800000
generated: 16418 / 800000
generated: 16459 / 800000
generated: 16511 / 800000
generated: 16562 / 800000
generated: 16608 / 800000
generated: 16650 / 800000
generated: 16694 / 800000
generated: 16741 / 800000
generated: 16778 / 800000
generated: 16816 / 800000
generated: 16860 / 800000
generated: 16911 / 800000
generated: 16957 / 800000
generated: 16999 / 800000
generated: 17033 / 800000
generated: 17085 / 800000
generated: 17135 / 800000
generated: 17174 / 800000
generated: 17214 / 800000
generated: 17261 / 800000
generated: 17310 / 800000
generated: 17362 / 800000
generated: 17408 / 800000
generated: 17453 / 800000
generated: 17499 / 800000
generated: 17545 / 800000
generated: 17593 / 800000
generated: 17637 / 800000
generated: 17671 / 800000
generated: 17718 / 800000
generated: 17754 / 800000
generated: 17796 / 800000
generated: 17847 / 800000
generated: 17884 / 800000
generated: 17927 / 800000
generated: 17983 / 800000
generated: 18046 / 800000
generated: 18093 / 800000
generated: 18126 / 800000
generated: 18169 / 800000
generated: 18213 / 800000
generated: 18248 / 800000
generated: 18290 / 800000
generated: 18354 / 800000
generated: 18402 / 800000
generated: 18443 / 800000
generated: 18487 / 800000
generated: 18542 / 800000
generated: 18578 / 800000
generated: 18625 / 800000
generated: 18674 / 800000
generated: 18724 / 800000
generated: 18770 / 800000
generated: 18828 / 800000
generated: 18869 / 800000
generated: 18911 / 800000
generated: 18949 / 800000
generated: 18990 / 800000
generated: 19038 / 800000
generated: 19091 / 800000
generated: 19143 / 800000
generated: 19179 / 800000
generated: 19234 / 800000
generated: 19293 / 800000
generated: 19337 / 800000
generated: 19375 / 800000
generated: 19410 / 800000
generated: 19462 / 800000
generated: 19509 / 800000
generated: 19551 / 800000
generated: 19596 / 800000
generated: 19640 / 800000
generated: 19693 / 800000
generated: 19739 / 800000
generated: 19788 / 800000
generated: 19836 / 800000
generated: 19882 / 800000
generated: 19910 / 800000
generated: 19954 / 800000
generated: 19992 / 800000
generated: 20036 / 800000
generated: 20071 / 800000
generated: 20119 / 800000
generated: 20169 / 800000
generated: 20194 / 800000
generated: 20241 / 800000
generated: 20286 / 800000
generated: 20342 / 800000
generated: 20387 / 800000
generated: 20433 / 800000
generated: 20474 / 800000
generated: 20513 / 800000
generated: 20564 / 800000
generated: 20605 / 800000
generated: 20653 / 800000
generated: 20697 / 800000
generated: 20741 / 800000
generated: 20797 / 800000
generated: 20845 / 800000
generated: 20892 / 800000
generated: 20935 / 800000
generated: 20974 / 800000
generated: 21026 / 800000
generated: 21066 / 800000
generated: 21106 / 800000
generated: 21139 / 800000
generated: 21184 / 800000
generated: 21228 / 800000
generated: 21273 / 800000
generated: 21324 / 800000
generated: 21369 / 800000
generated: 21414 / 800000
generated: 21457 / 800000
generated: 21496 / 800000
generated: 21538 / 800000
generated: 21584 / 800000
generated: 21628 / 800000
generated: 21671 / 800000
generated: 21721 / 800000
generated: 21769 / 800000
generated: 21817 / 800000
generated: 21866 / 800000
generated: 21915 / 800000
generated: 21963 / 800000
generated: 22000 / 800000
generated: 22042 / 800000
generated: 22091 / 800000
generated: 22122 / 800000
generated: 22161 / 800000
generated: 22214 / 800000
generated: 22261 / 800000
generated: 22314 / 800000
generated: 22371 / 800000
generated: 22413 / 800000
generated: 22452 / 800000
generated: 22500 / 800000
generated: 22537 / 800000
generated: 22591 / 800000
generated: 22631 / 800000
generated: 22679 / 800000
generated: 22724 / 800000
generated: 22766 / 800000
generated: 22812 / 800000
generated: 22854 / 800000
generated: 22899 / 800000
generated: 22939 / 800000
generated: 22986 / 800000
generated: 23025 / 800000
generated: 23069 / 800000
generated: 23113 / 800000
generated: 23162 / 800000
generated: 23201 / 800000
generated: 23247 / 800000
generated: 23292 / 800000
generated: 23322 / 800000
generated: 23377 / 800000
generated: 23416 / 800000
generated: 23472 / 800000
generated: 23524 / 800000
generated: 23569 / 800000
generated: 23613 / 800000
generated: 23664 / 800000
generated: 23714 / 800000
generated: 23766 / 800000
generated: 23819 / 800000
generated: 23865 / 800000
generated: 23913 / 800000
generated: 23960 / 800000
generated: 24008 / 800000
generated: 24044 / 800000
generated: 24082 / 800000
generated: 24121 / 800000
generated: 24161 / 800000
generated: 24193 / 800000
generated: 24235 / 800000
generated: 24281 / 800000
generated: 24319 / 800000
generated: 24353 / 800000
generated: 24410 / 800000
generated: 24463 / 800000
generated: 24508 / 800000
generated: 24554 / 800000
generated: 24600 / 800000
generated: 24656 / 800000
generated: 24694 / 800000
generated: 24743 / 800000
generated: 24785 / 800000
generated: 24835 / 800000
generated: 24870 / 800000
generated: 24918 / 800000
generated: 24959 / 800000
generated: 25003 / 800000
generated: 25050 / 800000
generated: 25097 / 800000
generated: 25131 / 800000
generated: 25175 / 800000
generated: 25208 / 800000
generated: 25257 / 800000
generated: 25298 / 800000
generated: 25344 / 800000
generated: 25395 / 800000
generated: 25437 / 800000
generated: 25484 / 800000
generated: 25533 / 800000
generated: 25573 / 800000
generated: 25619 / 800000
generated: 25666 / 800000
generated: 25701 / 800000
generated: 25754 / 800000
generated: 25799 / 800000
generated: 25838 / 800000
generated: 25880 / 800000
generated: 25912 / 800000
generated: 25950 / 800000
generated: 26002 / 800000
generated: 26029 / 800000
generated: 26064 / 800000
generated: 26109 / 800000
generated: 26149 / 800000
generated: 26193 / 800000
generated: 26241 / 800000
generated: 26277 / 800000
generated: 26326 / 800000
generated: 26381 / 800000
generated: 26434 / 800000
generated: 26478 / 800000
generated: 26529 / 800000
generated: 26564 / 800000
generated: 26610 / 800000
generated: 26648 / 800000
generated: 26703 / 800000
generated: 26755 / 800000
generated: 26791 / 800000
generated: 26833 / 800000
generated: 26870 / 800000
generated: 26917 / 800000
generated: 26961 / 800000
generated: 27011 / 800000
generated: 27055 / 800000
generated: 27114 / 800000
generated: 27162 / 800000
generated: 27216 / 800000
generated: 27258 / 800000
generated: 27299 / 800000
generated: 27336 / 800000
generated: 27383 / 800000
generated: 27421 / 800000
generated: 27464 / 800000
generated: 27509 / 800000
generated: 27550 / 800000
generated: 27591 / 800000
generated: 27634 / 800000
generated: 27678 / 800000
generated: 27731 / 800000
generated: 27780 / 800000
generated: 27829 / 800000
generated: 27868 / 800000
generated: 27905 / 800000
generated: 27961 / 800000
generated: 28001 / 800000
generated: 28059 / 800000
generated: 28097 / 800000
generated: 28152 / 800000
generated: 28202 / 800000
generated: 28252 / 800000
generated: 28305 / 800000
generated: 28345 / 800000
generated: 28384 / 800000
generated: 28436 / 800000
generated: 28478 / 800000
generated: 28528 / 800000
generated: 28569 / 800000
generated: 28606 / 800000
generated: 28642 / 800000
generated: 28687 / 800000
generated: 28730 / 800000
generated: 28772 / 800000
generated: 28815 / 800000
generated: 28853 / 800000
generated: 28897 / 800000
generated: 28940 / 800000
generated: 28982 / 800000
generated: 29029 / 800000
generated: 29087 / 800000
generated: 29130 / 800000
generated: 29191 / 800000
generated: 29235 / 800000
generated: 29288 / 800000
generated: 29322 / 800000
generated: 29362 / 800000
generated: 29406 / 800000
generated: 29464 / 800000
generated: 29503 / 800000
generated: 29551 / 800000
generated: 29598 / 800000
generated: 29643 / 800000
generated: 29693 / 800000
generated: 29733 / 800000
generated: 29774 / 800000
generated: 29827 / 800000
generated: 29882 / 800000
generated: 29923 / 800000
generated: 29967 / 800000
generated: 30013 / 800000
generated: 30061 / 800000
generated: 30109 / 800000
generated: 30150 / 800000
generated: 30199 / 800000
generated: 30245 / 800000
generated: 30290 / 800000
generated: 30340 / 800000
generated: 30395 / 800000
generated: 30443 / 800000
generated: 30477 / 800000
generated: 30518 / 800000
generated: 30557 / 800000
generated: 30602 / 800000
generated: 30644 / 800000
generated: 30688 / 800000
generated: 30737 / 800000
generated: 30783 / 800000
generated: 30823 / 800000
generated: 30866 / 800000
generated: 30907 / 800000
generated: 30953 / 800000
generated: 30985 / 800000
generated: 31020 / 800000
generated: 31070 / 800000
generated: 31110 / 800000
generated: 31167 / 800000
generated: 31221 / 800000
generated: 31268 / 800000
generated: 31320 / 800000
generated: 31352 / 800000
generated: 31395 / 800000
generated: 31441 / 800000
generated: 31478 / 800000
generated: 31518 / 800000
generated: 31572 / 800000
generated: 31618 / 800000
generated: 31653 / 800000
generated: 31699 / 800000
generated: 31747 / 800000
generated: 31802 / 800000
generated: 31848 / 800000
generated: 31890 / 800000
generated: 31943 / 800000
generated: 31987 / 800000
generated: 32020 / 800000
generated: 32065 / 800000
generated: 32107 / 800000
generated: 32150 / 800000
generated: 32206 / 800000
generated: 32250 / 800000
generated: 32282 / 800000
generated: 32330 / 800000
generated: 32382 / 800000
generated: 32419 / 800000
generated: 32456 / 800000
generated: 32493 / 800000
generated: 32537 / 800000
generated: 32571 / 800000
generated: 32612 / 800000
generated: 32659 / 800000
generated: 32698 / 800000
generated: 32748 / 800000
generated: 32791 / 800000
generated: 32830 / 800000
generated: 32875 / 800000
generated: 32920 / 800000
generated: 32969 / 800000
generated: 33019 / 800000
generated: 33080 / 800000
generated: 33136 / 800000
generated: 33192 / 800000
generated: 33239 / 800000
generated: 33287 / 800000
generated: 33330 / 800000
generated: 33372 / 800000
generated: 33421 / 800000
generated: 33467 / 800000
generated: 33521 / 800000
generated: 33583 / 800000
generated: 33621 / 800000
generated: 33660 / 800000
generated: 33724 / 800000
generated: 33772 / 800000
generated: 33819 / 800000
generated: 33855 / 800000
generated: 33883 / 800000
generated: 33927 / 800000
generated: 33977 / 800000
generated: 34027 / 800000
generated: 34070 / 800000
generated: 34117 / 800000
generated: 34163 / 800000
generated: 34193 / 800000
generated: 34251 / 800000
generated: 34297 / 800000
generated: 34353 / 800000
generated: 34394 / 800000
generated: 34437 / 800000
generated: 34487 / 800000
generated: 34532 / 800000
generated: 34585 / 800000
generated: 34630 / 800000
generated: 34674 / 800000
generated: 34711 / 800000
generated: 34757 / 800000
generated: 34793 / 800000
generated: 34831 / 800000
generated: 34871 / 800000
generated: 34912 / 800000
generated: 34968 / 800000
generated: 35017 / 800000
generated: 35067 / 800000
generated: 35108 / 800000
generated: 35161 / 800000
generated: 35199 / 800000
generated: 35243 / 800000
generated: 35284 / 800000
generated: 35339 / 800000
generated: 35386 / 800000
generated: 35429 / 800000
generated: 35475 / 800000
generated: 35521 / 800000
generated: 35587 / 800000
generated: 35629 / 800000
generated: 35677 / 800000
generated: 35724 / 800000
generated: 35775 / 800000
generated: 35820 / 800000
generated: 35871 / 800000
generated: 35918 / 800000
generated: 35958 / 800000
generated: 35997 / 800000
generated: 36040 / 800000
generated: 36091 / 800000
generated: 36133 / 800000
generated: 36184 / 800000
generated: 36216 / 800000
generated: 36263 / 800000
generated: 36317 / 800000
generated: 36361 / 800000
generated: 36412 / 800000
generated: 36457 / 800000
generated: 36506 / 800000
generated: 36556 / 800000
generated: 36609 / 800000
generated: 36652 / 800000
generated: 36690 / 800000
generated: 36755 / 800000
generated: 36796 / 800000
generated: 36831 / 800000
generated: 36876 / 800000
generated: 36917 / 800000
generated: 36961 / 800000
generated: 37003 / 800000
generated: 37042 / 800000
generated: 37097 / 800000
generated: 37143 / 800000
generated: 37189 / 800000
generated: 37234 / 800000
generated: 37263 / 800000
generated: 37315 / 800000
generated: 37359 / 800000
generated: 37394 / 800000
generated: 37431 / 800000
generated: 37479 / 800000
generated: 37523 / 800000
generated: 37571 / 800000
generated: 37607 / 800000
generated: 37649 / 800000
generated: 37703 / 800000
generated: 37745 / 800000
generated: 37793 / 800000
generated: 37827 / 800000
generated: 37864 / 800000
generated: 37916 / 800000
generated: 37961 / 800000
generated: 38002 / 800000
generated: 38043 / 800000
generated: 38088 / 800000
generated: 38137 / 800000
generated: 38173 / 800000
generated: 38223 / 800000
generated: 38265 / 800000
generated: 38312 / 800000
generated: 38358 / 800000
generated: 38404 / 800000
generated: 38444 / 800000
generated: 38495 / 800000
generated: 38543 / 800000
generated: 38585 / 800000
generated: 38633 / 800000
generated: 38673 / 800000
generated: 38708 / 800000
generated: 38753 / 800000
generated: 38799 / 800000
generated: 38845 / 800000
generated: 38893 / 800000
generated: 38937 / 800000
generated: 38985 / 800000
generated: 39038 / 800000
generated: 39079 / 800000
generated: 39112 / 800000
generated: 39146 / 800000
generated: 39210 / 800000
generated: 39265 / 800000
generated: 39312 / 800000
generated: 39359 / 800000
generated: 39389 / 800000
generated: 39427 / 800000
generated: 39469 / 800000
generated: 39509 / 800000
generated: 39573 / 800000
generated: 39626 / 800000
generated: 39658 / 800000
generated: 39692 / 800000
generated: 39731 / 800000
generated: 39771 / 800000
generated: 39816 / 800000
generated: 39858 / 800000
generated: 39892 / 800000
generated: 39942 / 800000
generated: 39986 / 800000
generated: 40030 / 800000
generated: 40078 / 800000
generated: 40126 / 800000
generated: 40161 / 800000
generated: 40208 / 800000
generated: 40268 / 800000
generated: 40323 / 800000
generated: 40367 / 800000
generated: 40407 / 800000
generated: 40436 / 800000
generated: 40482 / 800000
generated: 40526 / 800000
generated: 40575 / 800000
generated: 40619 / 800000
generated: 40653 / 800000
generated: 40703 / 800000
generated: 40750 / 800000
generated: 40791 / 800000
generated: 40841 / 800000
generated: 40876 / 800000
generated: 40918 / 800000
generated: 40963 / 800000
generated: 41011 / 800000
generated: 41070 / 800000
generated: 41111 / 800000
generated: 41160 / 800000
generated: 41198 / 800000
generated: 41246 / 800000
generated: 41287 / 800000
generated: 41332 / 800000
generated: 41383 / 800000
generated: 41418 / 800000
generated: 41468 / 800000
generated: 41506 / 800000
generated: 41565 / 800000
generated: 41614 / 800000
generated: 41662 / 800000
generated: 41693 / 800000
generated: 41746 / 800000
generated: 41786 / 800000
generated: 41837 / 800000
generated: 41890 / 800000
generated: 41935 / 800000
generated: 41981 / 800000
generated: 42029 / 800000
generated: 42086 / 800000
generated: 42132 / 800000
generated: 42174 / 800000
generated: 42209 / 800000
generated: 42255 / 800000
generated: 42294 / 800000
generated: 42342 / 800000
generated: 42383 / 800000
generated: 42433 / 800000
generated: 42479 / 800000
generated: 42540 / 800000
generated: 42599 / 800000
generated: 42648 / 800000
generated: 42687 / 800000
generated: 42747 / 800000
generated: 42799 / 800000
generated: 42836 / 800000
generated: 42890 / 800000
generated: 42935 / 800000
generated: 42969 / 800000
generated: 43011 / 800000
generated: 43062 / 800000
generated: 43112 / 800000
generated: 43163 / 800000
generated: 43208 / 800000
generated: 43263 / 800000
generated: 43315 / 800000
generated: 43362 / 800000
generated: 43407 / 800000
generated: 43466 / 800000
generated: 43504 / 800000
generated: 43547 / 800000
generated: 43586 / 800000
generated: 43637 / 800000
generated: 43688 / 800000
generated: 43725 / 800000
generated: 43773 / 800000
generated: 43810 / 800000
generated: 43858 / 800000
generated: 43902 / 800000
generated: 43930 / 800000
generated: 43968 / 800000
generated: 44025 / 800000
generated: 44064 / 800000
generated: 44106 / 800000
generated: 44148 / 800000
generated: 44189 / 800000
generated: 44228 / 800000
generated: 44291 / 800000
generated: 44335 / 800000
generated: 44375 / 800000
generated: 44415 / 800000
generated: 44458 / 800000
generated: 44522 / 800000
generated: 44566 / 800000
generated: 44610 / 800000
generated: 44655 / 800000
generated: 44698 / 800000
generated: 44747 / 800000
generated: 44791 / 800000
generated: 44835 / 800000
generated: 44869 / 800000
generated: 44910 / 800000
generated: 44957 / 800000
generated: 44999 / 800000
generated: 45039 / 800000
generated: 45079 / 800000
generated: 45125 / 800000
generated: 45177 / 800000
generated: 45214 / 800000
generated: 45253 / 800000
generated: 45293 / 800000
generated: 45335 / 800000
generated: 45389 / 800000
generated: 45437 / 800000
generated: 45489 / 800000
generated: 45529 / 800000
generated: 45570 / 800000
generated: 45615 / 800000
generated: 45654 / 800000
generated: 45694 / 800000
generated: 45740 / 800000
generated: 45799 / 800000
generated: 45848 / 800000
generated: 45885 / 800000
generated: 45929 / 800000
generated: 45970 / 800000
generated: 46022 / 800000
generated: 46064 / 800000
generated: 46113 / 800000
generated: 46150 / 800000
generated: 46197 / 800000
generated: 46242 / 800000
generated: 46289 / 800000
generated: 46334 / 800000
generated: 46375 / 800000
generated: 46417 / 800000
generated: 46454 / 800000
generated: 46506 / 800000
generated: 46552 / 800000
generated: 46593 / 800000
generated: 46637 / 800000
generated: 46672 / 800000
generated: 46722 / 800000
generated: 46755 / 800000
generated: 46816 / 800000
generated: 46868 / 800000
generated: 46916 / 800000
generated: 46964 / 800000
generated: 47009 / 800000
generated: 47056 / 800000
generated: 47101 / 800000
generated: 47141 / 800000
generated: 47180 / 800000
generated: 47223 / 800000
generated: 47271 / 800000
generated: 47320 / 800000
generated: 47364 / 800000
generated: 47407 / 800000
generated: 47458 / 800000
generated: 47511 / 800000
generated: 47560 / 800000
generated: 47609 / 800000
generated: 47663 / 800000
generated: 47709 / 800000
generated: 47750 / 800000
generated: 47792 / 800000
generated: 47839 / 800000
generated: 47884 / 800000
generated: 47930 / 800000
generated: 47972 / 800000
generated: 48024 / 800000
generated: 48072 / 800000
generated: 48129 / 800000
generated: 48180 / 800000
generated: 48208 / 800000
generated: 48246 / 800000
generated: 48300 / 800000
generated: 48343 / 800000
generated: 48394 / 800000
generated: 48442 / 800000
generated: 48475 / 800000
generated: 48504 / 800000
generated: 48550 / 800000
generated: 48582 / 800000
generated: 48633 / 800000
generated: 48672 / 800000
generated: 48726 / 800000
generated: 48771 / 800000
generated: 48812 / 800000
generated: 48858 / 800000
generated: 48907 / 800000
generated: 48963 / 800000
generated: 49000 / 800000
generated: 49047 / 800000
generated: 49092 / 800000
generated: 49136 / 800000
generated: 49183 / 800000
generated: 49228 / 800000
generated: 49269 / 800000
generated: 49318 / 800000
generated: 49370 / 800000
generated: 49420 / 800000
generated: 49477 / 800000
generated: 49527 / 800000
generated: 49576 / 800000
generated: 49614 / 800000
generated: 49672 / 800000
generated: 49716 / 800000
generated: 49758 / 800000
generated: 49795 / 800000
generated: 49846 / 800000
generated: 49893 / 800000
generated: 49940 / 800000
generated: 49990 / 800000
generated: 50038 / 800000
generated: 50074 / 800000
generated: 50113 / 800000
generated: 50158 / 800000
generated: 50200 / 800000
generated: 50251 / 800000
generated: 50294 / 800000
generated: 50326 / 800000
generated: 50368 / 800000
generated: 50411 / 800000
generated: 50460 / 800000
generated: 50497 / 800000
generated: 50541 / 800000
generated: 50587 / 800000
generated: 50645 / 800000
generated: 50691 / 800000
generated: 50744 / 800000
generated: 50784 / 800000
generated: 50835 / 800000
generated: 50875 / 800000
generated: 50922 / 800000
generated: 50971 / 800000
generated: 51016 / 800000
generated: 51062 / 800000
generated: 51109 / 800000
generated: 51163 / 800000
generated: 51210 / 800000
generated: 51260 / 800000
generated: 51319 / 800000
generated: 51362 / 800000
generated: 51406 / 800000
generated: 51453 / 800000
generated: 51492 / 800000
generated: 51526 / 800000
generated: 51573 / 800000
generated: 51623 / 800000
generated: 51665 / 800000
generated: 51703 / 800000
generated: 51740 / 800000
generated: 51785 / 800000
generated: 51837 / 800000
generated: 51875 / 800000
generated: 51914 / 800000
generated: 51948 / 800000
generated: 51992 / 800000
generated: 52038 / 800000
generated: 52090 / 800000
generated: 52136 / 800000
generated: 52175 / 800000
generated: 52208 / 800000
generated: 52252 / 800000
generated: 52288 / 800000
generated: 52326 / 800000
generated: 52372 / 800000
generated: 52421 / 800000
generated: 52471 / 800000
generated: 52516 / 800000
generated: 52551 / 800000
generated: 52593 / 800000
generated: 52637 / 800000
generated: 52683 / 800000
generated: 52725 / 800000
generated: 52773 / 800000
generated: 52812 / 800000
generated: 52850 / 800000
generated: 52884 / 800000
generated: 52938 / 800000
generated: 52978 / 800000
generated: 53014 / 800000
generated: 53054 / 800000
generated: 53090 / 800000
generated: 53135 / 800000
generated: 53179 / 800000
generated: 53230 / 800000
generated: 53268 / 800000
generated: 53317 / 800000
generated: 53367 / 800000
generated: 53415 / 800000
generated: 53465 / 800000
generated: 53504 / 800000
generated: 53537 / 800000
generated: 53581 / 800000
generated: 53634 / 800000
generated: 53692 / 800000
generated: 53731 / 800000
generated: 53784 / 800000
generated: 53837 / 800000
generated: 53890 / 800000
generated: 53923 / 800000
generated: 53967 / 800000
generated: 54013 / 800000
generated: 54068 / 800000
generated: 54114 / 800000
generated: 54166 / 800000
generated: 54206 / 800000
generated: 54250 / 800000
generated: 54297 / 800000
generated: 54336 / 800000
generated: 54389 / 800000
generated: 54437 / 800000
generated: 54490 / 800000
generated: 54525 / 800000
generated: 54580 / 800000
generated: 54624 / 800000
generated: 54671 / 800000
generated: 54724 / 800000
generated: 54770 / 800000
generated: 54821 / 800000
generated: 54884 / 800000
generated: 54938 / 800000
generated: 54987 / 800000
generated: 55029 / 800000
generated: 55072 / 800000
generated: 55126 / 800000
generated: 55177 / 800000
generated: 55213 / 800000
generated: 55244 / 800000
generated: 55285 / 800000
generated: 55336 / 800000
generated: 55392 / 800000
generated: 55436 / 800000
generated: 55490 / 800000
generated: 55534 / 800000
generated: 55580 / 800000
generated: 55619 / 800000
generated: 55668 / 800000
generated: 55715 / 800000
generated: 55760 / 800000
generated: 55806 / 800000
generated: 55846 / 800000
generated: 55889 / 800000
generated: 55934 / 800000
generated: 55982 / 800000
generated: 56029 / 800000
generated: 56072 / 800000
generated: 56108 / 800000
generated: 56170 / 800000
generated: 56219 / 800000
generated: 56251 / 800000
generated: 56288 / 800000
generated: 56341 / 800000
generated: 56394 / 800000
generated: 56431 / 800000
generated: 56475 / 800000
generated: 56521 / 800000
generated: 56574 / 800000
generated: 56624 / 800000
generated: 56672 / 800000
generated: 56705 / 800000
generated: 56748 / 800000
generated: 56787 / 800000
generated: 56828 / 800000
generated: 56869 / 800000
generated: 56922 / 800000
generated: 56964 / 800000
generated: 57014 / 800000
generated: 57062 / 800000
generated: 57112 / 800000
generated: 57152 / 800000
generated: 57195 / 800000
generated: 57226 / 800000
generated: 57277 / 800000
generated: 57323 / 800000
generated: 57365 / 800000
generated: 57404 / 800000
generated: 57454 / 800000
generated: 57500 / 800000
generated: 57535 / 800000
generated: 57577 / 800000
generated: 57635 / 800000
generated: 57681 / 800000
generated: 57720 / 800000
generated: 57763 / 800000
generated: 57823 / 800000
generated: 57857 / 800000
generated: 57910 / 800000
generated: 57946 / 800000
generated: 57990 / 800000
generated: 58037 / 800000
generated: 58069 / 800000
generated: 58107 / 800000
generated: 58152 / 800000
generated: 58203 / 800000
generated: 58241 / 800000
generated: 58289 / 800000
generated: 58335 / 800000
generated: 58381 / 800000
generated: 58423 / 800000
generated: 58468 / 800000
generated: 58508 / 800000
generated: 58560 / 800000
generated: 58603 / 800000
generated: 58644 / 800000
generated: 58693 / 800000
generated: 58740 / 800000
generated: 58793 / 800000
generated: 58834 / 800000
generated: 58886 / 800000
generated: 58941 / 800000
generated: 58990 / 800000
generated: 59040 / 800000
generated: 59097 / 800000
generated: 59133 / 800000
generated: 59178 / 800000
generated: 59225 / 800000
generated: 59270 / 800000
generated: 59320 / 800000
generated: 59368 / 800000
generated: 59413 / 800000
generated: 59455 / 800000
generated: 59489 / 800000
generated: 59539 / 800000
generated: 59578 / 800000
generated: 59617 / 800000
generated: 59661 / 800000
generated: 59716 / 800000
generated: 59757 / 800000
generated: 59792 / 800000
generated: 59841 / 800000
generated: 59894 / 800000
generated: 59936 / 800000
generated: 59989 / 800000
generated: 60030 / 800000
generated: 60077 / 800000
generated: 60112 / 800000
generated: 60163 / 800000
generated: 60203 / 800000
generated: 60246 / 800000
generated: 60287 / 800000
generated: 60341 / 800000
generated: 60387 / 800000
generated: 60428 / 800000
generated: 60475 / 800000
generated: 60531 / 800000
generated: 60575 / 800000
generated: 60621 / 800000
generated: 60661 / 800000
generated: 60699 / 800000
generated: 60745 / 800000
generated: 60787 / 800000
generated: 60838 / 800000
generated: 60877 / 800000
generated: 60920 / 800000
generated: 60953 / 800000
generated: 60999 / 800000
generated: 61058 / 800000
generated: 61098 / 800000
generated: 61144 / 800000
generated: 61195 / 800000
generated: 61233 / 800000
generated: 61276 / 800000
generated: 61323 / 800000
generated: 61372 / 800000
generated: 61417 / 800000
generated: 61461 / 800000
generated: 61501 / 800000
generated: 61538 / 800000
generated: 61574 / 800000
generated: 61619 / 800000
generated: 61665 / 800000
generated: 61707 / 800000
generated: 61751 / 800000
generated: 61799 / 800000
generated: 61844 / 800000
generated: 61893 / 800000
generated: 61936 / 800000
generated: 61983 / 800000
generated: 62035 / 800000
generated: 62073 / 800000
generated: 62112 / 800000
generated: 62160 / 800000
generated: 62206 / 800000
generated: 62254 / 800000
generated: 62291 / 800000
generated: 62338 / 800000
generated: 62386 / 800000
generated: 62434 / 800000
generated: 62480 / 800000
generated: 62521 / 800000
generated: 62568 / 800000
generated: 62601 / 800000
generated: 62643 / 800000
generated: 62684 / 800000
generated: 62715 / 800000
generated: 62754 / 800000
generated: 62799 / 800000
generated: 62853 / 800000
generated: 62901 / 800000
generated: 62942 / 800000
generated: 62980 / 800000
generated: 63015 / 800000
generated: 63062 / 800000
generated: 63101 / 800000
generated: 63150 / 800000
generated: 63191 / 800000
generated: 63232 / 800000
generated: 63275 / 800000
generated: 63311 / 800000
generated: 63352 / 800000
generated: 63390 / 800000
generated: 63442 / 800000
generated: 63472 / 800000
generated: 63511 / 800000
generated: 63549 / 800000
generated: 63587 / 800000
generated: 63625 / 800000
generated: 63674 / 800000
generated: 63723 / 800000
generated: 63765 / 800000
generated: 63815 / 800000
generated: 63856 / 800000
generated: 63900 / 800000
generated: 63942 / 800000
generated: 63982 / 800000
generated: 64019 / 800000
generated: 64064 / 800000
generated: 64105 / 800000
generated: 64145 / 800000
generated: 64181 / 800000
generated: 64224 / 800000
generated: 64272 / 800000
generated: 64324 / 800000
generated: 64371 / 800000
generated: 64420 / 800000
generated: 64473 / 800000
generated: 64521 / 800000
generated: 64559 / 800000
generated: 64604 / 800000
generated: 64639 / 800000
generated: 64681 / 800000
generated: 64725 / 800000
generated: 64779 / 800000
generated: 64818 / 800000
generated: 64869 / 800000
generated: 64922 / 800000
generated: 64958 / 800000
generated: 64992 / 800000
generated: 65045 / 800000
generated: 65082 / 800000
generated: 65130 / 800000
generated: 65172 / 800000
generated: 65205 / 800000
generated: 65243 / 800000
generated: 65291 / 800000
generated: 65327 / 800000
generated: 65366 / 800000
generated: 65404 / 800000
generated: 65441 / 800000
generated: 65497 / 800000
generated: 65535 / 800000
generated: 65589 / 800000
generated: 65625 / 800000
generated: 65672 / 800000
generated: 65702 / 800000
generated: 65752 / 800000
generated: 65796 / 800000
generated: 65850 / 800000
generated: 65899 / 800000
generated: 65948 / 800000
generated: 65996 / 800000
generated: 66043 / 800000
generated: 66088 / 800000
generated: 66126 / 800000
generated: 66162 / 800000
generated: 66209 / 800000
generated: 66262 / 800000
generated: 66310 / 800000
generated: 66355 / 800000
generated: 66417 / 800000
generated: 66461 / 800000
generated: 66517 / 800000
generated: 66568 / 800000
generated: 66615 / 800000
generated: 66656 / 800000
generated: 66701 / 800000
generated: 66746 / 800000
generated: 66792 / 800000
generated: 66834 / 800000
generated: 66876 / 800000
generated: 66919 / 800000
generated: 66971 / 800000
generated: 67022 / 800000
generated: 67072 / 800000
generated: 67114 / 800000
generated: 67159 / 800000
generated: 67192 / 800000
generated: 67246 / 800000
generated: 67291 / 800000
generated: 67343 / 800000
generated: 67386 / 800000
generated: 67443 / 800000
generated: 67483 / 800000
generated: 67523 / 800000
generated: 67562 / 800000
generated: 67610 / 800000
generated: 67663 / 800000
generated: 67709 / 800000
generated: 67745 / 800000
generated: 67785 / 800000
generated: 67831 / 800000
generated: 67876 / 800000
generated: 67911 / 800000
generated: 67949 / 800000
generated: 68006 / 800000
generated: 68041 / 800000
generated: 68079 / 800000
generated: 68118 / 800000
generated: 68155 / 800000
generated: 68193 / 800000
generated: 68231 / 800000
generated: 68277 / 800000
generated: 68315 / 800000
generated: 68362 / 800000
generated: 68411 / 800000
generated: 68461 / 800000
generated: 68506 / 800000
generated: 68550 / 800000
generated: 68600 / 800000
generated: 68649 / 800000
generated: 68700 / 800000
generated: 68739 / 800000
generated: 68794 / 800000
generated: 68844 / 800000
generated: 68882 / 800000
generated: 68920 / 800000
generated: 68973 / 800000
generated: 69026 / 800000
generated: 69069 / 800000
generated: 69116 / 800000
generated: 69159 / 800000
generated: 69214 / 800000
generated: 69261 / 800000
generated: 69301 / 800000
generated: 69338 / 800000
generated: 69375 / 800000
generated: 69416 / 800000
generated: 69465 / 800000
generated: 69513 / 800000
generated: 69548 / 800000
generated: 69583 / 800000
generated: 69624 / 800000
generated: 69668 / 800000
generated: 69710 / 800000
generated: 69758 / 800000
generated: 69798 / 800000
generated: 69849 / 800000
generated: 69894 / 800000
generated: 69934 / 800000
generated: 69988 / 800000
generated: 70043 / 800000
generated: 70104 / 800000
generated: 70146 / 800000
generated: 70184 / 800000
generated: 70233 / 800000
generated: 70289 / 800000
generated: 70334 / 800000
generated: 70387 / 800000
generated: 70431 / 800000
generated: 70463 / 800000
generated: 70510 / 800000
generated: 70550 / 800000
generated: 70594 / 800000
generated: 70643 / 800000
generated: 70684 / 800000
generated: 70722 / 800000
generated: 70765 / 800000
generated: 70804 / 800000
generated: 70853 / 800000
generated: 70896 / 800000
generated: 70944 / 800000
generated: 70986 / 800000
generated: 71032 / 800000
generated: 71069 / 800000
generated: 71102 / 800000
generated: 71141 / 800000
generated: 71182 / 800000
generated: 71232 / 800000
generated: 71279 / 800000
generated: 71334 / 800000
generated: 71368 / 800000
generated: 71406 / 800000
generated: 71447 / 800000
generated: 71503 / 800000
generated: 71556 / 800000
generated: 71595 / 800000
generated: 71637 / 800000
generated: 71683 / 800000
generated: 71720 / 800000
generated: 71769 / 800000
generated: 71817 / 800000
generated: 71868 / 800000
generated: 71921 / 800000
generated: 71970 / 800000
generated: 72026 / 800000
generated: 72069 / 800000
generated: 72119 / 800000
generated: 72156 / 800000
generated: 72209 / 800000
generated: 72257 / 800000
generated: 72299 / 800000
generated: 72339 / 800000
generated: 72384 / 800000
generated: 72436 / 800000
generated: 72479 / 800000
generated: 72518 / 800000
generated: 72545 / 800000
generated: 72592 / 800000
generated: 72638 / 800000
generated: 72678 / 800000
generated: 72720 / 800000
generated: 72771 / 800000
generated: 72806 / 800000
generated: 72839 / 800000
generated: 72880 / 800000
generated: 72929 / 800000
generated: 72974 / 800000
generated: 73020 / 800000
generated: 73074 / 800000
generated: 73116 / 800000
generated: 73162 / 800000
generated: 73219 / 800000
generated: 73259 / 800000
generated: 73307 / 800000
generated: 73353 / 800000
generated: 73398 / 800000
generated: 73445 / 800000
generated: 73500 / 800000
generated: 73539 / 800000
generated: 73592 / 800000
generated: 73634 / 800000
generated: 73671 / 800000
generated: 73715 / 800000
generated: 73759 / 800000
generated: 73810 / 800000
generated: 73842 / 800000
generated: 73874 / 800000
generated: 73917 / 800000
generated: 73966 / 800000
generated: 74023 / 800000
generated: 74064 / 800000
generated: 74115 / 800000
generated: 74169 / 800000
generated: 74214 / 800000
generated: 74268 / 800000
generated: 74311 / 800000
generated: 74353 / 800000
generated: 74404 / 800000
generated: 74448 / 800000
generated: 74490 / 800000
generated: 74538 / 800000
generated: 74583 / 800000
generated: 74628 / 800000
generated: 74660 / 800000
generated: 74715 / 800000
generated: 74773 / 800000
generated: 74809 / 800000
generated: 74848 / 800000
generated: 74889 / 800000
generated: 74938 / 800000
generated: 74984 / 800000
generated: 75020 / 800000
generated: 75057 / 800000
generated: 75097 / 800000
generated: 75140 / 800000
generated: 75184 / 800000
generated: 75230 / 800000
generated: 75276 / 800000
generated: 75323 / 800000
generated: 75370 / 800000
generated: 75411 / 800000
generated: 75463 / 800000
generated: 75495 / 800000
generated: 75547 / 800000
generated: 75590 / 800000
generated: 75631 / 800000
generated: 75673 / 800000
generated: 75724 / 800000
generated: 75763 / 800000
generated: 75806 / 800000
generated: 75855 / 800000
generated: 75897 / 800000
generated: 75943 / 800000
generated: 75991 / 800000
generated: 76037 / 800000
generated: 76082 / 800000
generated: 76122 / 800000
generated: 76173 / 800000
generated: 76217 / 800000
generated: 76255 / 800000
generated: 76314 / 800000
generated: 76354 / 800000
generated: 76397 / 800000
generated: 76436 / 800000
generated: 76484 / 800000
generated: 76533 / 800000
generated: 76581 / 800000
generated: 76626 / 800000
generated: 76679 / 800000
generated: 76731 / 800000
generated: 76778 / 800000
generated: 76831 / 800000
generated: 76876 / 800000
generated: 76934 / 800000
generated: 76985 / 800000
generated: 77034 / 800000
generated: 77081 / 800000
generated: 77120 / 800000
generated: 77161 / 800000
generated: 77206 / 800000
generated: 77251 / 800000
generated: 77296 / 800000
generated: 77345 / 800000
generated: 77395 / 800000
generated: 77439 / 800000
generated: 77481 / 800000
generated: 77524 / 800000
generated: 77564 / 800000
generated: 77611 / 800000
generated: 77657 / 800000
generated: 77705 / 800000
generated: 77752 / 800000
generated: 77797 / 800000
generated: 77842 / 800000
generated: 77889 / 800000
generated: 77940 / 800000
generated: 77986 / 800000
generated: 78031 / 800000
generated: 78080 / 800000
generated: 78120 / 800000
generated: 78170 / 800000
generated: 78207 / 800000
generated: 78246 / 800000
generated: 78286 / 800000
generated: 78325 / 800000
generated: 78368 / 800000
generated: 78421 / 800000
generated: 78473 / 800000
generated: 78514 / 800000
generated: 78557 / 800000
generated: 78590 / 800000
generated: 78623 / 800000
generated: 78678 / 800000
generated: 78728 / 800000
generated: 78782 / 800000
generated: 78830 / 800000
generated: 78873 / 800000
generated: 78912 / 800000
generated: 78957 / 800000
generated: 79003 / 800000
generated: 79054 / 800000
generated: 79099 / 800000
generated: 79150 / 800000
generated: 79195 / 800000
generated: 79237 / 800000
generated: 79283 / 800000
generated: 79318 / 800000
generated: 79373 / 800000
generated: 79409 / 800000
generated: 79454 / 800000
generated: 79507 / 800000
generated: 79551 / 800000
generated: 79594 / 800000
generated: 79647 / 800000
generated: 79691 / 800000
generated: 79744 / 800000
generated: 79783 / 800000
generated: 79832 / 800000
generated: 79865 / 800000
generated: 79925 / 800000
generated: 79968 / 800000
generated: 80011 / 800000
generated: 80049 / 800000
generated: 80101 / 800000
generated: 80147 / 800000
generated: 80193 / 800000
generated: 80242 / 800000
generated: 80290 / 800000
generated: 80348 / 800000
generated: 80391 / 800000
generated: 80432 / 800000
generated: 80474 / 800000
generated: 80527 / 800000
generated: 80566 / 800000
generated: 80604 / 800000
generated: 80635 / 800000
generated: 80683 / 800000
generated: 80718 / 800000
generated: 80769 / 800000
generated: 80814 / 800000
generated: 80855 / 800000
generated: 80898 / 800000
generated: 80944 / 800000
generated: 80987 / 800000
generated: 81028 / 800000
generated: 81069 / 800000
generated: 81106 / 800000
generated: 81157 / 800000
generated: 81204 / 800000
generated: 81252 / 800000
generated: 81305 / 800000
generated: 81354 / 800000
generated: 81397 / 800000
generated: 81431 / 800000
generated: 81469 / 800000
generated: 81512 / 800000
generated: 81561 / 800000
generated: 81601 / 800000
generated: 81640 / 800000
generated: 81686 / 800000
generated: 81723 / 800000
generated: 81769 / 800000
generated: 81819 / 800000
generated: 81865 / 800000
generated: 81909 / 800000
generated: 81945 / 800000
generated: 81982 / 800000
generated: 82028 / 800000
generated: 82071 / 800000
generated: 82129 / 800000
generated: 82180 / 800000
generated: 82230 / 800000
generated: 82278 / 800000
generated: 82327 / 800000
generated: 82363 / 800000
generated: 82412 / 800000
generated: 82460 / 800000
generated: 82509 / 800000
generated: 82549 / 800000
generated: 82600 / 800000
generated: 82640 / 800000
generated: 82680 / 800000
generated: 82724 / 800000
generated: 82776 / 800000
generated: 82817 / 800000
generated: 82855 / 800000
generated: 82912 / 800000
generated: 82945 / 800000
generated: 82999 / 800000
generated: 83042 / 800000
generated: 83082 / 800000
generated: 83132 / 800000
generated: 83168 / 800000
generated: 83207 / 800000
generated: 83261 / 800000
generated: 83309 / 800000
generated: 83347 / 800000
generated: 83390 / 800000
generated: 83442 / 800000
generated: 83483 / 800000
generated: 83517 / 800000
generated: 83576 / 800000
generated: 83619 / 800000
generated: 83667 / 800000
generated: 83706 / 800000
generated: 83748 / 800000
generated: 83789 / 800000
generated: 83831 / 800000
generated: 83876 / 800000
generated: 83926 / 800000
generated: 83974 / 800000
generated: 84026 / 800000
generated: 84076 / 800000
generated: 84111 / 800000
generated: 84164 / 800000
generated: 84205 / 800000
generated: 84246 / 800000
generated: 84298 / 800000
generated: 84328 / 800000
generated: 84370 / 800000
generated: 84418 / 800000
generated: 84458 / 800000
generated: 84502 / 800000
generated: 84553 / 800000
generated: 84604 / 800000
generated: 84655 / 800000
generated: 84709 / 800000
generated: 84758 / 800000
generated: 84807 / 800000
generated: 84848 / 800000
generated: 84898 / 800000
generated: 84937 / 800000
generated: 84985 / 800000
generated: 85038 / 800000
generated: 85085 / 800000
generated: 85130 / 800000
generated: 85174 / 800000
generated: 85237 / 800000
generated: 85284 / 800000
generated: 85332 / 800000
generated: 85384 / 800000
generated: 85431 / 800000
generated: 85473 / 800000
generated: 85518 / 800000
generated: 85566 / 800000
generated: 85609 / 800000
generated: 85655 / 800000
generated: 85709 / 800000
generated: 85747 / 800000
generated: 85804 / 800000
generated: 85854 / 800000
generated: 85900 / 800000
generated: 85944 / 800000
generated: 85982 / 800000
generated: 86024 / 800000
generated: 86074 / 800000
generated: 86110 / 800000
generated: 86144 / 800000
generated: 86191 / 800000
generated: 86238 / 800000
generated: 86285 / 800000
generated: 86330 / 800000
generated: 86380 / 800000
generated: 86421 / 800000
generated: 86476 / 800000
generated: 86511 / 800000
generated: 86555 / 800000
generated: 86607 / 800000
generated: 86649 / 800000
generated: 86705 / 800000
generated: 86750 / 800000
generated: 86796 / 800000
generated: 86842 / 800000
generated: 86885 / 800000
generated: 86935 / 800000
generated: 86984 / 800000
generated: 87028 / 800000
generated: 87072 / 800000
generated: 87118 / 800000
generated: 87172 / 800000
generated: 87223 / 800000
generated: 87281 / 800000
generated: 87314 / 800000
generated: 87360 / 800000
generated: 87414 / 800000
generated: 87460 / 800000
generated: 87503 / 800000
generated: 87550 / 800000
generated: 87608 / 800000
generated: 87652 / 800000
generated: 87705 / 800000
generated: 87738 / 800000
generated: 87775 / 800000
generated: 87829 / 800000
generated: 87871 / 800000
generated: 87920 / 800000
generated: 87969 / 800000
generated: 88015 / 800000
generated: 88057 / 800000
generated: 88104 / 800000
generated: 88155 / 800000
generated: 88198 / 800000
generated: 88242 / 800000
generated: 88284 / 800000
generated: 88330 / 800000
generated: 88381 / 800000
generated: 88411 / 800000
generated: 88458 / 800000
generated: 88510 / 800000
generated: 88569 / 800000
generated: 88616 / 800000
generated: 88658 / 800000
generated: 88703 / 800000
generated: 88752 / 800000
generated: 88791 / 800000
generated: 88855 / 800000
generated: 88905 / 800000
generated: 88950 / 800000
generated: 88994 / 800000
generated: 89033 / 800000
generated: 89073 / 800000
generated: 89110 / 800000
generated: 89155 / 800000
generated: 89196 / 800000
generated: 89243 / 800000
generated: 89283 / 800000
generated: 89325 / 800000
generated: 89371 / 800000
generated: 89414 / 800000
generated: 89462 / 800000
generated: 89510 / 800000
generated: 89564 / 800000
generated: 89607 / 800000
generated: 89664 / 800000
generated: 89713 / 800000
generated: 89764 / 800000
generated: 89820 / 800000
generated: 89866 / 800000
generated: 89911 / 800000
generated: 89946 / 800000
generated: 89985 / 800000
generated: 90016 / 800000
generated: 90059 / 800000
generated: 90106 / 800000
generated: 90149 / 800000
generated: 90202 / 800000
generated: 90239 / 800000
generated: 90285 / 800000
generated: 90325 / 800000
generated: 90368 / 800000
generated: 90413 / 800000
generated: 90463 / 800000
generated: 90506 / 800000
generated: 90560 / 800000
generated: 90595 / 800000
generated: 90645 / 800000
generated: 90691 / 800000
generated: 90731 / 800000
generated: 90762 / 800000
generated: 90804 / 800000
generated: 90839 / 800000
generated: 90882 / 800000
generated: 90916 / 800000
generated: 90961 / 800000
generated: 91005 / 800000
generated: 91052 / 800000
generated: 91106 / 800000
generated: 91158 / 800000
generated: 91201 / 800000
generated: 91246 / 800000
generated: 91298 / 800000
generated: 91348 / 800000
generated: 91403 / 800000
generated: 91449 / 800000
generated: 91488 / 800000
generated: 91535 / 800000
generated: 91585 / 800000
generated: 91623 / 800000
generated: 91665 / 800000
generated: 91707 / 800000
generated: 91760 / 800000
generated: 91806 / 800000
generated: 91839 / 800000
generated: 91880 / 800000
generated: 91929 / 800000
generated: 91971 / 800000
generated: 92012 / 800000
generated: 92059 / 800000
generated: 92111 / 800000
generated: 92154 / 800000
generated: 92207 / 800000
generated: 92256 / 800000
generated: 92296 / 800000
generated: 92348 / 800000
generated: 92402 / 800000
generated: 92450 / 800000
generated: 92501 / 800000
generated: 92541 / 800000
generated: 92586 / 800000
generated: 92628 / 800000
generated: 92676 / 800000
generated: 92717 / 800000
generated: 92758 / 800000
generated: 92809 / 800000
generated: 92851 / 800000
generated: 92904 / 800000
generated: 92947 / 800000
generated: 92990 / 800000
generated: 93039 / 800000
generated: 93075 / 800000
generated: 93124 / 800000
generated: 93188 / 800000
generated: 93241 / 800000
generated: 93290 / 800000
generated: 93337 / 800000
generated: 93382 / 800000
generated: 93428 / 800000
generated: 93479 / 800000
generated: 93516 / 800000
generated: 93565 / 800000
generated: 93613 / 800000
generated: 93668 / 800000
generated: 93714 / 800000
generated: 93759 / 800000
generated: 93791 / 800000
generated: 93834 / 800000
generated: 93875 / 800000
generated: 93922 / 800000
generated: 93967 / 800000
generated: 94018 / 800000
generated: 94073 / 800000
generated: 94120 / 800000
generated: 94154 / 800000
generated: 94198 / 800000
generated: 94256 / 800000
generated: 94292 / 800000
generated: 94338 / 800000
generated: 94385 / 800000
generated: 94421 / 800000
generated: 94464 / 800000
generated: 94505 / 800000
generated: 94553 / 800000
generated: 94594 / 800000
generated: 94647 / 800000
generated: 94698 / 800000
generated: 94741 / 800000
generated: 94787 / 800000
generated: 94847 / 800000
generated: 94892 / 800000
generated: 94921 / 800000
generated: 94982 / 800000
generated: 95026 / 800000
generated: 95070 / 800000
generated: 95117 / 800000
generated: 95164 / 800000
generated: 95213 / 800000
generated: 95260 / 800000
generated: 95304 / 800000
generated: 95345 / 800000
generated: 95382 / 800000
generated: 95423 / 800000
generated: 95465 / 800000
generated: 95510 / 800000
generated: 95561 / 800000
generated: 95601 / 800000
generated: 95641 / 800000
generated: 95694 / 800000
generated: 95737 / 800000
generated: 95771 / 800000
generated: 95817 / 800000
generated: 95864 / 800000
generated: 95902 / 800000
generated: 95948 / 800000
generated: 95999 / 800000
generated: 96041 / 800000
generated: 96087 / 800000
generated: 96126 / 800000
generated: 96171 / 800000
generated: 96231 / 800000
generated: 96260 / 800000
generated: 96300 / 800000
generated: 96362 / 800000
generated: 96407 / 800000
generated: 96444 / 800000
generated: 96497 / 800000
generated: 96546 / 800000
generated: 96592 / 800000
generated: 96643 / 800000
generated: 96690 / 800000
generated: 96730 / 800000
generated: 96788 / 800000
generated: 96838 / 800000
generated: 96878 / 800000
generated: 96923 / 800000
generated: 96973 / 800000
generated: 97016 / 800000
generated: 97071 / 800000
generated: 97110 / 800000
generated: 97156 / 800000
generated: 97196 / 800000
generated: 97226 / 800000
generated: 97275 / 800000
generated: 97325 / 800000
generated: 97371 / 800000
generated: 97418 / 800000
generated: 97457 / 800000
generated: 97496 / 800000
generated: 97539 / 800000
generated: 97582 / 800000
generated: 97632 / 800000
generated: 97674 / 800000
generated: 97730 / 800000
generated: 97764 / 800000
generated: 97816 / 800000
generated: 97869 / 800000
generated: 97919 / 800000
generated: 97967 / 800000
generated: 98008 / 800000
generated: 98055 / 800000
generated: 98098 / 800000
generated: 98143 / 800000
generated: 98199 / 800000
generated: 98241 / 800000
generated: 98282 / 800000
generated: 98325 / 800000
generated: 98364 / 800000
generated: 98410 / 800000
generated: 98450 / 800000
generated: 98487 / 800000
generated: 98527 / 800000
generated: 98572 / 800000
generated: 98608 / 800000
generated: 98653 / 800000
generated: 98704 / 800000
generated: 98754 / 800000
generated: 98791 / 800000
generated: 98846 / 800000
generated: 98910 / 800000
generated: 98949 / 800000
generated: 99002 / 800000
generated: 99046 / 800000
generated: 99080 / 800000
generated: 99116 / 800000
generated: 99147 / 800000
generated: 99190 / 800000
generated: 99231 / 800000
generated: 99278 / 800000
generated: 99315 / 800000
generated: 99363 / 800000
generated: 99411 / 800000
generated: 99460 / 800000
generated: 99505 / 800000
generated: 99560 / 800000
generated: 99611 / 800000
generated: 99654 / 800000
generated: 99691 / 800000
generated: 99735 / 800000
generated: 99786 / 800000
generated: 99831 / 800000
generated: 99892 / 800000
generated: 99942 / 800000
generated: 99985 / 800000
generated: 100034 / 800000
generated: 100079 / 800000
generated: 100121 / 800000
generated: 100172 / 800000
generated: 100203 / 800000
generated: 100249 / 800000
generated: 100293 / 800000
generated: 100330 / 800000
generated: 100368 / 800000
generated: 100423 / 800000
generated: 100475 / 800000
generated: 100517 / 800000
generated: 100561 / 800000
generated: 100605 / 800000
generated: 100652 / 800000
generated: 100695 / 800000
generated: 100731 / 800000
generated: 100772 / 800000
generated: 100826 / 800000
generated: 100870 / 800000
generated: 100912 / 800000
generated: 100962 / 800000
generated: 101003 / 800000
generated: 101034 / 800000
generated: 101075 / 800000
generated: 101120 / 800000
generated: 101160 / 800000
generated: 101200 / 800000
generated: 101261 / 800000
generated: 101311 / 800000
generated: 101348 / 800000
generated: 101400 / 800000
generated: 101445 / 800000
generated: 101495 / 800000
generated: 101547 / 800000
generated: 101586 / 800000
generated: 101644 / 800000
generated: 101679 / 800000
generated: 101711 / 800000
generated: 101758 / 800000
generated: 101798 / 800000
generated: 101836 / 800000
generated: 101878 / 800000
generated: 101931 / 800000
generated: 101987 / 800000
generated: 102036 / 800000
generated: 102091 / 800000
generated: 102134 / 800000
generated: 102180 / 800000
generated: 102233 / 800000
generated: 102285 / 800000
generated: 102332 / 800000
generated: 102374 / 800000
generated: 102427 / 800000
generated: 102472 / 800000
generated: 102516 / 800000
generated: 102561 / 800000
generated: 102611 / 800000
generated: 102646 / 800000
generated: 102680 / 800000
generated: 102736 / 800000
generated: 102783 / 800000
generated: 102827 / 800000
generated: 102867 / 800000
generated: 102909 / 800000
generated: 102949 / 800000
generated: 102988 / 800000
generated: 103026 / 800000
generated: 103062 / 800000
generated: 103099 / 800000
generated: 103158 / 800000
generated: 103213 / 800000
generated: 103263 / 800000
generated: 103319 / 800000
generated: 103362 / 800000
generated: 103407 / 800000
generated: 103452 / 800000
generated: 103489 / 800000
generated: 103531 / 800000
generated: 103572 / 800000
generated: 103614 / 800000
generated: 103670 / 800000
generated: 103724 / 800000
generated: 103763 / 800000
generated: 103801 / 800000
generated: 103843 / 800000
generated: 103894 / 800000
generated: 103933 / 800000
generated: 103976 / 800000
generated: 104027 / 800000
generated: 104074 / 800000
generated: 104112 / 800000
generated: 104155 / 800000
generated: 104192 / 800000
generated: 104232 / 800000
generated: 104274 / 800000
generated: 104318 / 800000
generated: 104370 / 800000
generated: 104417 / 800000
generated: 104468 / 800000
generated: 104520 / 800000
generated: 104568 / 800000
generated: 104607 / 800000
generated: 104653 / 800000
generated: 104701 / 800000
generated: 104746 / 800000
generated: 104794 / 800000
generated: 104833 / 800000
generated: 104881 / 800000
generated: 104933 / 800000
generated: 104985 / 800000
generated: 105030 / 800000
generated: 105068 / 800000
generated: 105112 / 800000
generated: 105153 / 800000
generated: 105198 / 800000
generated: 105242 / 800000
generated: 105290 / 800000
generated: 105341 / 800000
generated: 105387 / 800000
generated: 105431 / 800000
generated: 105471 / 800000
generated: 105533 / 800000
generated: 105577 / 800000
generated: 105616 / 800000
generated: 105661 / 800000
generated: 105698 / 800000
generated: 105729 / 800000
generated: 105772 / 800000
generated: 105813 / 800000
generated: 105852 / 800000
generated: 105893 / 800000
generated: 105938 / 800000
generated: 105981 / 800000
generated: 106017 / 800000
generated: 106062 / 800000
generated: 106113 / 800000
generated: 106162 / 800000
generated: 106207 / 800000
generated: 106244 / 800000
generated: 106299 / 800000
generated: 106338 / 800000
generated: 106377 / 800000
generated: 106430 / 800000
generated: 106462 / 800000
generated: 106523 / 800000
generated: 106571 / 800000
generated: 106614 / 800000
generated: 106654 / 800000
generated: 106692 / 800000
generated: 106742 / 800000
generated: 106786 / 800000
generated: 106826 / 800000
generated: 106876 / 800000
generated: 106910 / 800000
generated: 106953 / 800000
generated: 107004 / 800000
generated: 107044 / 800000
generated: 107087 / 800000
generated: 107125 / 800000
generated: 107185 / 800000
generated: 107214 / 800000
generated: 107250 / 800000
generated: 107295 / 800000
generated: 107348 / 800000
generated: 107399 / 800000
generated: 107444 / 800000
generated: 107493 / 800000
generated: 107527 / 800000
generated: 107560 / 800000
generated: 107608 / 800000
generated: 107652 / 800000
generated: 107700 / 800000
generated: 107758 / 800000
generated: 107805 / 800000
generated: 107852 / 800000
generated: 107895 / 800000
generated: 107946 / 800000
generated: 107985 / 800000
generated: 108038 / 800000
generated: 108091 / 800000
generated: 108132 / 800000
generated: 108174 / 800000
generated: 108222 / 800000
generated: 108270 / 800000
generated: 108315 / 800000
generated: 108357 / 800000
generated: 108407 / 800000
generated: 108454 / 800000
generated: 108500 / 800000
generated: 108542 / 800000
generated: 108592 / 800000
generated: 108639 / 800000
generated: 108679 / 800000
generated: 108721 / 800000
generated: 108767 / 800000
generated: 108816 / 800000
generated: 108857 / 800000
generated: 108891 / 800000
generated: 108934 / 800000
generated: 108971 / 800000
generated: 109008 / 800000
generated: 109046 / 800000
generated: 109092 / 800000
generated: 109137 / 800000
generated: 109187 / 800000
generated: 109237 / 800000
generated: 109276 / 800000
generated: 109323 / 800000
generated: 109350 / 800000
generated: 109396 / 800000
generated: 109440 / 800000
generated: 109495 / 800000
generated: 109541 / 800000
generated: 109575 / 800000
generated: 109618 / 800000
generated: 109665 / 800000
generated: 109714 / 800000
generated: 109759 / 800000
generated: 109798 / 800000
generated: 109841 / 800000
generated: 109889 / 800000
generated: 109935 / 800000
generated: 109977 / 800000
generated: 110025 / 800000
generated: 110083 / 800000
generated: 110147 / 800000
generated: 110187 / 800000
generated: 110233 / 800000
generated: 110274 / 800000
generated: 110312 / 800000
generated: 110351 / 800000
generated: 110386 / 800000
generated: 110430 / 800000
generated: 110465 / 800000
generated: 110517 / 800000
generated: 110558 / 800000
generated: 110607 / 800000
generated: 110645 / 800000
generated: 110678 / 800000
generated: 110730 / 800000
generated: 110771 / 800000
generated: 110811 / 800000
generated: 110856 / 800000
generated: 110902 / 800000
generated: 110942 / 800000
generated: 110999 / 800000
generated: 111048 / 800000
generated: 111094 / 800000
generated: 111140 / 800000
generated: 111177 / 800000
generated: 111225 / 800000
generated: 111268 / 800000
generated: 111311 / 800000
generated: 111341 / 800000
generated: 111390 / 800000
generated: 111433 / 800000
generated: 111467 / 800000
generated: 111506 / 800000
generated: 111551 / 800000
generated: 111594 / 800000
generated: 111637 / 800000
generated: 111681 / 800000
generated: 111725 / 800000
generated: 111764 / 800000
generated: 111809 / 800000
generated: 111852 / 800000
generated: 111882 / 800000
generated: 111929 / 800000
generated: 111975 / 800000
generated: 112019 / 800000
generated: 112070 / 800000
generated: 112120 / 800000
generated: 112166 / 800000
generated: 112208 / 800000
generated: 112258 / 800000
generated: 112302 / 800000
generated: 112341 / 800000
generated: 112385 / 800000
generated: 112429 / 800000
generated: 112482 / 800000
generated: 112524 / 800000
generated: 112569 / 800000
generated: 112613 / 800000
generated: 112664 / 800000
generated: 112715 / 800000
generated: 112753 / 800000
generated: 112799 / 800000
generated: 112843 / 800000
generated: 112887 / 800000
generated: 112942 / 800000
generated: 112980 / 800000
generated: 113018 / 800000
generated: 113068 / 800000
generated: 113118 / 800000
generated: 113173 / 800000
generated: 113214 / 800000
generated: 113250 / 800000
generated: 113302 / 800000
generated: 113366 / 800000
generated: 113417 / 800000
generated: 113461 / 800000
generated: 113511 / 800000
generated: 113550 / 800000
generated: 113597 / 800000
generated: 113644 / 800000
generated: 113686 / 800000
generated: 113729 / 800000
generated: 113773 / 800000
generated: 113827 / 800000
generated: 113867 / 800000
generated: 113912 / 800000
generated: 113965 / 800000
generated: 114005 / 800000
generated: 114044 / 800000
generated: 114092 / 800000
generated: 114133 / 800000
generated: 114174 / 800000
generated: 114220 / 800000
generated: 114258 / 800000
generated: 114295 / 800000
generated: 114338 / 800000
generated: 114372 / 800000
generated: 114426 / 800000
generated: 114470 / 800000
generated: 114521 / 800000
generated: 114571 / 800000
generated: 114604 / 800000
generated: 114643 / 800000
generated: 114688 / 800000
generated: 114737 / 800000
generated: 114789 / 800000
generated: 114824 / 800000
generated: 114876 / 800000
generated: 114935 / 800000
generated: 114982 / 800000
generated: 115027 / 800000
generated: 115063 / 800000
generated: 115106 / 800000
generated: 115143 / 800000
generated: 115178 / 800000
generated: 115219 / 800000
generated: 115258 / 800000
generated: 115306 / 800000
generated: 115346 / 800000
generated: 115381 / 800000
generated: 115417 / 800000
generated: 115468 / 800000
generated: 115514 / 800000
generated: 115567 / 800000
generated: 115613 / 800000
generated: 115659 / 800000
generated: 115695 / 800000
generated: 115733 / 800000
generated: 115779 / 800000
generated: 115832 / 800000
generated: 115881 / 800000
generated: 115924 / 800000
generated: 115956 / 800000
generated: 116000 / 800000
generated: 116044 / 800000
generated: 116082 / 800000
generated: 116129 / 800000
generated: 116172 / 800000
generated: 116215 / 800000
generated: 116267 / 800000
generated: 116303 / 800000
generated: 116341 / 800000
generated: 116393 / 800000
generated: 116442 / 800000
generated: 116490 / 800000
generated: 116545 / 800000
generated: 116599 / 800000
generated: 116640 / 800000
generated: 116687 / 800000
generated: 116723 / 800000
generated: 116768 / 800000
generated: 116813 / 800000
generated: 116853 / 800000
generated: 116893 / 800000
generated: 116929 / 800000
generated: 116967 / 800000
generated: 117021 / 800000
generated: 117071 / 800000
generated: 117111 / 800000
generated: 117160 / 800000
generated: 117211 / 800000
generated: 117256 / 800000
generated: 117314 / 800000
generated: 117352 / 800000
generated: 117402 / 800000
generated: 117446 / 800000
generated: 117494 / 800000
generated: 117550 / 800000
generated: 117603 / 800000
generated: 117652 / 800000
generated: 117699 / 800000
generated: 117749 / 800000
generated: 117794 / 800000
generated: 117833 / 800000
generated: 117871 / 800000
generated: 117914 / 800000
generated: 117960 / 800000
generated: 118000 / 800000
generated: 118045 / 800000
generated: 118098 / 800000
generated: 118146 / 800000
generated: 118193 / 800000
generated: 118234 / 800000
generated: 118284 / 800000
generated: 118323 / 800000
generated: 118367 / 800000
generated: 118415 / 800000
generated: 118460 / 800000
generated: 118506 / 800000
generated: 118555 / 800000
generated: 118595 / 800000
generated: 118647 / 800000
generated: 118695 / 800000
generated: 118732 / 800000
generated: 118773 / 800000
generated: 118812 / 800000
generated: 118866 / 800000
generated: 118903 / 800000
generated: 118948 / 800000
generated: 118993 / 800000
generated: 119037 / 800000
generated: 119072 / 800000
generated: 119111 / 800000
generated: 119151 / 800000
generated: 119182 / 800000
generated: 119233 / 800000
generated: 119283 / 800000
generated: 119325 / 800000
generated: 119362 / 800000
generated: 119414 / 800000
generated: 119455 / 800000
generated: 119496 / 800000
generated: 119539 / 800000
generated: 119581 / 800000
generated: 119619 / 800000
generated: 119662 / 800000
generated: 119713 / 800000
generated: 119768 / 800000
generated: 119826 / 800000
generated: 119867 / 800000
generated: 119907 / 800000
generated: 119957 / 800000
generated: 119999 / 800000
generated: 120040 / 800000
generated: 120086 / 800000
generated: 120124 / 800000
generated: 120171 / 800000
generated: 120227 / 800000
generated: 120274 / 800000
generated: 120311 / 800000
generated: 120353 / 800000
generated: 120396 / 800000
generated: 120456 / 800000
generated: 120500 / 800000
generated: 120543 / 800000
generated: 120583 / 800000
generated: 120631 / 800000
generated: 120670 / 800000
generated: 120709 / 800000
generated: 120745 / 800000
generated: 120800 / 800000
generated: 120844 / 800000
generated: 120893 / 800000
generated: 120943 / 800000
generated: 120984 / 800000
generated: 121033 / 800000
generated: 121071 / 800000
generated: 121115 / 800000
generated: 121165 / 800000
generated: 121214 / 800000
generated: 121263 / 800000
generated: 121303 / 800000
generated: 121349 / 800000
generated: 121382 / 800000
generated: 121419 / 800000
generated: 121466 / 800000
generated: 121514 / 800000
generated: 121563 / 800000
generated: 121615 / 800000
generated: 121661 / 800000
generated: 121701 / 800000
generated: 121742 / 800000
generated: 121781 / 800000
generated: 121820 / 800000
generated: 121862 / 800000
generated: 121905 / 800000
generated: 121945 / 800000
generated: 121992 / 800000
generated: 122041 / 800000
generated: 122089 / 800000
generated: 122133 / 800000
generated: 122179 / 800000
generated: 122225 / 800000
generated: 122285 / 800000
generated: 122331 / 800000
generated: 122385 / 800000
generated: 122427 / 800000
generated: 122480 / 800000
generated: 122519 / 800000
generated: 122571 / 800000
generated: 122612 / 800000
generated: 122643 / 800000
generated: 122690 / 800000
generated: 122734 / 800000
generated: 122786 / 800000
generated: 122835 / 800000
generated: 122882 / 800000
generated: 122927 / 800000
generated: 122972 / 800000
generated: 123030 / 800000
generated: 123087 / 800000
generated: 123133 / 800000
generated: 123181 / 800000
generated: 123227 / 800000
generated: 123277 / 800000
generated: 123317 / 800000
generated: 123364 / 800000
generated: 123423 / 800000
generated: 123463 / 800000
generated: 123497 / 800000
generated: 123531 / 800000
generated: 123569 / 800000
generated: 123610 / 800000
generated: 123651 / 800000
generated: 123695 / 800000
generated: 123738 / 800000
generated: 123781 / 800000
generated: 123827 / 800000
generated: 123872 / 800000
generated: 123920 / 800000
generated: 123967 / 800000
generated: 124024 / 800000
generated: 124073 / 800000
generated: 124114 / 800000
generated: 124163 / 800000
generated: 124203 / 800000
generated: 124248 / 800000
generated: 124287 / 800000
generated: 124348 / 800000
generated: 124387 / 800000
generated: 124440 / 800000
generated: 124476 / 800000
generated: 124522 / 800000
generated: 124578 / 800000
generated: 124620 / 800000
generated: 124673 / 800000
generated: 124715 / 800000
generated: 124748 / 800000
generated: 124802 / 800000
generated: 124843 / 800000
generated: 124883 / 800000
generated: 124935 / 800000
generated: 124982 / 800000
generated: 125035 / 800000
generated: 125081 / 800000
generated: 125135 / 800000
generated: 125169 / 800000
generated: 125222 / 800000
generated: 125260 / 800000
generated: 125298 / 800000
generated: 125333 / 800000
generated: 125378 / 800000
generated: 125426 / 800000
generated: 125462 / 800000
generated: 125506 / 800000
generated: 125561 / 800000
generated: 125608 / 800000
generated: 125659 / 800000
generated: 125708 / 800000
generated: 125751 / 800000
generated: 125798 / 800000
generated: 125842 / 800000
generated: 125885 / 800000
generated: 125917 / 800000
generated: 125958 / 800000
generated: 126005 / 800000
generated: 126048 / 800000
generated: 126093 / 800000
generated: 126136 / 800000
generated: 126172 / 800000
generated: 126219 / 800000
generated: 126266 / 800000
generated: 126299 / 800000
generated: 126344 / 800000
generated: 126393 / 800000
generated: 126442 / 800000
generated: 126483 / 800000
generated: 126533 / 800000
generated: 126567 / 800000
generated: 126612 / 800000
generated: 126662 / 800000
generated: 126709 / 800000
generated: 126762 / 800000
generated: 126804 / 800000
generated: 126854 / 800000
generated: 126904 / 800000
generated: 126962 / 800000
generated: 127007 / 800000
generated: 127058 / 800000
generated: 127100 / 800000
generated: 127145 / 800000
generated: 127211 / 800000
generated: 127262 / 800000
generated: 127305 / 800000
generated: 127344 / 800000
generated: 127387 / 800000
generated: 127425 / 800000
generated: 127474 / 800000
generated: 127509 / 800000
generated: 127537 / 800000
generated: 127590 / 800000
generated: 127636 / 800000
generated: 127682 / 800000
generated: 127722 / 800000
generated: 127767 / 800000
generated: 127814 / 800000
generated: 127854 / 800000
generated: 127887 / 800000
generated: 127927 / 800000
generated: 127965 / 800000
generated: 128016 / 800000
generated: 128063 / 800000
generated: 128110 / 800000
generated: 128158 / 800000
generated: 128212 / 800000
generated: 128265 / 800000
generated: 128300 / 800000
generated: 128342 / 800000
generated: 128393 / 800000
generated: 128447 / 800000
generated: 128487 / 800000
generated: 128544 / 800000
generated: 128590 / 800000
generated: 128640 / 800000
generated: 128696 / 800000
generated: 128738 / 800000
generated: 128776 / 800000
generated: 128815 / 800000
generated: 128875 / 800000
generated: 128934 / 800000
generated: 128984 / 800000
generated: 129046 / 800000
generated: 129090 / 800000
generated: 129143 / 800000
generated: 129185 / 800000
generated: 129240 / 800000
generated: 129274 / 800000
generated: 129333 / 800000
generated: 129379 / 800000
generated: 129406 / 800000
generated: 129449 / 800000
generated: 129497 / 800000
generated: 129548 / 800000
generated: 129591 / 800000
generated: 129637 / 800000
generated: 129690 / 800000
generated: 129740 / 800000
generated: 129793 / 800000
generated: 129841 / 800000
generated: 129882 / 800000
generated: 129940 / 800000
generated: 129989 / 800000
generated: 130042 / 800000
generated: 130090 / 800000
generated: 130131 / 800000
generated: 130172 / 800000
generated: 130211 / 800000
generated: 130255 / 800000
generated: 130297 / 800000
generated: 130356 / 800000
generated: 130392 / 800000
generated: 130436 / 800000
generated: 130474 / 800000
generated: 130511 / 800000
generated: 130556 / 800000
generated: 130606 / 800000
generated: 130640 / 800000
generated: 130688 / 800000
generated: 130741 / 800000
generated: 130791 / 800000
generated: 130833 / 800000
generated: 130873 / 800000
generated: 130911 / 800000
generated: 130957 / 800000
generated: 131004 / 800000
generated: 131049 / 800000
generated: 131095 / 800000
generated: 131135 / 800000
generated: 131190 / 800000
generated: 131222 / 800000
generated: 131271 / 800000
generated: 131315 / 800000
generated: 131361 / 800000
generated: 131397 / 800000
generated: 131446 / 800000
generated: 131491 / 800000
generated: 131546 / 800000
generated: 131594 / 800000
generated: 131641 / 800000
generated: 131674 / 800000
generated: 131710 / 800000
generated: 131757 / 800000
generated: 131799 / 800000
generated: 131850 / 800000
generated: 131905 / 800000
generated: 131940 / 800000
generated: 131981 / 800000
generated: 132027 / 800000
generated: 132071 / 800000
generated: 132111 / 800000
generated: 132164 / 800000
generated: 132211 / 800000
generated: 132261 / 800000
generated: 132306 / 800000
generated: 132358 / 800000
generated: 132389 / 800000
generated: 132432 / 800000
generated: 132477 / 800000
generated: 132514 / 800000
generated: 132559 / 800000
generated: 132615 / 800000
generated: 132660 / 800000
generated: 132699 / 800000
generated: 132749 / 800000
generated: 132786 / 800000
generated: 132828 / 800000
generated: 132886 / 800000
generated: 132925 / 800000
generated: 132979 / 800000
generated: 133027 / 800000
generated: 133084 / 800000
generated: 133130 / 800000
generated: 133172 / 800000
generated: 133220 / 800000
generated: 133261 / 800000
generated: 133324 / 800000
generated: 133359 / 800000
generated: 133408 / 800000
generated: 133452 / 800000
generated: 133492 / 800000
generated: 133537 / 800000
generated: 133585 / 800000
generated: 133626 / 800000
generated: 133661 / 800000
generated: 133713 / 800000
generated: 133754 / 800000
generated: 133789 / 800000
generated: 133841 / 800000
generated: 133891 / 800000
generated: 133947 / 800000
generated: 133994 / 800000
generated: 134031 / 800000
generated: 134077 / 800000
generated: 134125 / 800000
generated: 134172 / 800000
generated: 134212 / 800000
generated: 134254 / 800000
generated: 134305 / 800000
generated: 134346 / 800000
generated: 134390 / 800000
generated: 134430 / 800000
generated: 134471 / 800000
generated: 134515 / 800000
generated: 134563 / 800000
generated: 134603 / 800000
generated: 134651 / 800000
generated: 134685 / 800000
generated: 134734 / 800000
generated: 134778 / 800000
generated: 134815 / 800000
generated: 134851 / 800000
generated: 134902 / 800000
generated: 134954 / 800000
generated: 135001 / 800000
generated: 135044 / 800000
generated: 135084 / 800000
generated: 135135 / 800000
generated: 135180 / 800000
generated: 135227 / 800000
generated: 135278 / 800000
generated: 135322 / 800000
generated: 135370 / 800000
generated: 135411 / 800000
generated: 135467 / 800000
generated: 135517 / 800000
generated: 135564 / 800000
generated: 135601 / 800000
generated: 135650 / 800000
generated: 135704 / 800000
generated: 135755 / 800000
generated: 135800 / 800000
generated: 135844 / 800000
generated: 135890 / 800000
generated: 135934 / 800000
generated: 135974 / 800000
generated: 136021 / 800000
generated: 136059 / 800000
generated: 136097 / 800000
generated: 136134 / 800000
generated: 136188 / 800000
generated: 136230 / 800000
generated: 136265 / 800000
generated: 136304 / 800000
generated: 136344 / 800000
generated: 136390 / 800000
generated: 136423 / 800000
generated: 136467 / 800000
generated: 136513 / 800000
generated: 136560 / 800000
generated: 136613 / 800000
generated: 136647 / 800000
generated: 136692 / 800000
generated: 136731 / 800000
generated: 136780 / 800000
generated: 136834 / 800000
generated: 136880 / 800000
generated: 136921 / 800000
generated: 136970 / 800000
generated: 137014 / 800000
generated: 137054 / 800000
generated: 137105 / 800000
generated: 137143 / 800000
generated: 137191 / 800000
generated: 137233 / 800000
generated: 137273 / 800000
generated: 137312 / 800000
generated: 137356 / 800000
generated: 137405 / 800000
generated: 137459 / 800000
generated: 137505 / 800000
generated: 137540 / 800000
generated: 137581 / 800000
generated: 137620 / 800000
generated: 137669 / 800000
generated: 137711 / 800000
generated: 137767 / 800000
generated: 137813 / 800000
generated: 137848 / 800000
generated: 137893 / 800000
generated: 137941 / 800000
generated: 137983 / 800000
generated: 138028 / 800000
generated: 138066 / 800000
generated: 138106 / 800000
generated: 138145 / 800000
generated: 138193 / 800000
generated: 138233 / 800000
generated: 138280 / 800000
generated: 138323 / 800000
generated: 138364 / 800000
generated: 138411 / 800000
generated: 138460 / 800000
generated: 138501 / 800000
generated: 138548 / 800000
generated: 138605 / 800000
generated: 138646 / 800000
generated: 138684 / 800000
generated: 138718 / 800000
generated: 138761 / 800000
generated: 138802 / 800000
generated: 138850 / 800000
generated: 138890 / 800000
generated: 138938 / 800000
generated: 138991 / 800000
generated: 139029 / 800000
generated: 139070 / 800000
generated: 139122 / 800000
generated: 139159 / 800000
generated: 139197 / 800000
generated: 139237 / 800000
generated: 139284 / 800000
generated: 139326 / 800000
generated: 139370 / 800000
generated: 139410 / 800000
generated: 139461 / 800000
generated: 139503 / 800000
generated: 139549 / 800000
generated: 139601 / 800000
generated: 139645 / 800000
generated: 139693 / 800000
generated: 139742 / 800000
generated: 139784 / 800000
generated: 139828 / 800000
generated: 139874 / 800000
generated: 139909 / 800000
generated: 139958 / 800000
generated: 140001 / 800000
generated: 140055 / 800000
generated: 140097 / 800000
generated: 140144 / 800000
generated: 140189 / 800000
generated: 140246 / 800000
generated: 140288 / 800000
generated: 140331 / 800000
generated: 140384 / 800000
generated: 140436 / 800000
generated: 140481 / 800000
generated: 140535 / 800000
generated: 140571 / 800000
generated: 140619 / 800000
generated: 140666 / 800000
generated: 140705 / 800000
generated: 140758 / 800000
generated: 140805 / 800000
generated: 140845 / 800000
generated: 140885 / 800000
generated: 140935 / 800000
generated: 140976 / 800000
generated: 141011 / 800000
generated: 141062 / 800000
generated: 141105 / 800000
generated: 141149 / 800000
generated: 141193 / 800000
generated: 141239 / 800000
generated: 141291 / 800000
generated: 141338 / 800000
generated: 141374 / 800000
generated: 141404 / 800000
generated: 141446 / 800000
generated: 141498 / 800000
generated: 141563 / 800000
generated: 141607 / 800000
generated: 141655 / 800000
generated: 141692 / 800000
generated: 141736 / 800000
generated: 141778 / 800000
generated: 141818 / 800000
generated: 141870 / 800000
generated: 141909 / 800000
generated: 141948 / 800000
generated: 141996 / 800000
generated: 142053 / 800000
generated: 142094 / 800000
generated: 142143 / 800000
generated: 142200 / 800000
generated: 142244 / 800000
generated: 142288 / 800000
generated: 142328 / 800000
generated: 142373 / 800000
generated: 142418 / 800000
generated: 142459 / 800000
generated: 142509 / 800000
generated: 142560 / 800000
generated: 142599 / 800000
generated: 142645 / 800000
generated: 142679 / 800000
generated: 142722 / 800000
generated: 142757 / 800000
generated: 142795 / 800000
generated: 142842 / 800000
generated: 142884 / 800000
generated: 142926 / 800000
generated: 142970 / 800000
generated: 143017 / 800000
generated: 143075 / 800000
generated: 143122 / 800000
generated: 143157 / 800000
generated: 143198 / 800000
generated: 143234 / 800000
generated: 143280 / 800000
generated: 143321 / 800000
generated: 143364 / 800000
generated: 143403 / 800000
generated: 143434 / 800000
generated: 143490 / 800000
generated: 143534 / 800000
generated: 143577 / 800000
generated: 143621 / 800000
generated: 143663 / 800000
generated: 143712 / 800000
generated: 143762 / 800000
generated: 143813 / 800000
generated: 143861 / 800000
generated: 143907 / 800000
generated: 143952 / 800000
generated: 144003 / 800000
generated: 144050 / 800000
generated: 144098 / 800000
generated: 144143 / 800000
generated: 144183 / 800000
generated: 144227 / 800000
generated: 144264 / 800000
generated: 144321 / 800000
generated: 144355 / 800000
generated: 144399 / 800000
generated: 144448 / 800000
generated: 144492 / 800000
generated: 144537 / 800000
generated: 144578 / 800000
generated: 144615 / 800000
generated: 144660 / 800000
generated: 144719 / 800000
generated: 144754 / 800000
generated: 144801 / 800000
generated: 144850 / 800000
generated: 144890 / 800000
generated: 144941 / 800000
generated: 144985 / 800000
generated: 145034 / 800000
generated: 145090 / 800000
generated: 145129 / 800000
generated: 145179 / 800000
generated: 145231 / 800000
generated: 145268 / 800000
generated: 145310 / 800000
generated: 145348 / 800000
generated: 145380 / 800000
generated: 145431 / 800000
generated: 145474 / 800000
generated: 145522 / 800000
generated: 145551 / 800000
generated: 145588 / 800000
generated: 145643 / 800000
generated: 145693 / 800000
generated: 145733 / 800000
generated: 145778 / 800000
generated: 145815 / 800000
generated: 145862 / 800000
generated: 145901 / 800000
generated: 145938 / 800000
generated: 145983 / 800000
generated: 146026 / 800000
generated: 146075 / 800000
generated: 146119 / 800000
generated: 146175 / 800000
generated: 146230 / 800000
generated: 146268 / 800000
generated: 146307 / 800000
generated: 146355 / 800000
generated: 146390 / 800000
generated: 146431 / 800000
generated: 146470 / 800000
generated: 146533 / 800000
generated: 146572 / 800000
generated: 146615 / 800000
generated: 146655 / 800000
generated: 146692 / 800000
generated: 146748 / 800000
generated: 146794 / 800000
generated: 146836 / 800000
generated: 146872 / 800000
generated: 146918 / 800000
generated: 146956 / 800000
generated: 147000 / 800000
generated: 147042 / 800000
generated: 147081 / 800000
generated: 147134 / 800000
generated: 147177 / 800000
generated: 147213 / 800000
generated: 147256 / 800000
generated: 147298 / 800000
generated: 147361 / 800000
generated: 147403 / 800000
generated: 147441 / 800000
generated: 147497 / 800000
generated: 147538 / 800000
generated: 147585 / 800000
generated: 147619 / 800000
generated: 147665 / 800000
generated: 147718 / 800000
generated: 147771 / 800000
generated: 147810 / 800000
generated: 147845 / 800000
generated: 147891 / 800000
generated: 147941 / 800000
generated: 147984 / 800000
generated: 148039 / 800000
generated: 148086 / 800000
generated: 148140 / 800000
generated: 148192 / 800000
generated: 148235 / 800000
generated: 148291 / 800000
generated: 148336 / 800000
generated: 148383 / 800000
generated: 148424 / 800000
generated: 148465 / 800000
generated: 148504 / 800000
generated: 148541 / 800000
generated: 148582 / 800000
generated: 148626 / 800000
generated: 148660 / 800000
generated: 148705 / 800000
generated: 148741 / 800000
generated: 148806 / 800000
generated: 148841 / 800000
generated: 148898 / 800000
generated: 148941 / 800000
generated: 148978 / 800000
generated: 149028 / 800000
generated: 149073 / 800000
generated: 149110 / 800000
generated: 149157 / 800000
generated: 149194 / 800000
generated: 149237 / 800000
generated: 149271 / 800000
generated: 149311 / 800000
generated: 149364 / 800000
generated: 149410 / 800000
generated: 149453 / 800000
generated: 149510 / 800000
generated: 149558 / 800000
generated: 149606 / 800000
generated: 149652 / 800000
generated: 149700 / 800000
generated: 149747 / 800000
generated: 149792 / 800000
generated: 149835 / 800000
generated: 149874 / 800000
generated: 149918 / 800000
generated: 149963 / 800000
generated: 150004 / 800000
generated: 150059 / 800000
generated: 150101 / 800000
generated: 150136 / 800000
generated: 150173 / 800000
generated: 150232 / 800000
generated: 150287 / 800000
generated: 150344 / 800000
generated: 150387 / 800000
generated: 150432 / 800000
generated: 150477 / 800000
generated: 150522 / 800000
generated: 150570 / 800000
generated: 150611 / 800000
generated: 150665 / 800000
generated: 150695 / 800000
generated: 150752 / 800000
generated: 150796 / 800000
generated: 150836 / 800000
generated: 150869 / 800000
generated: 150921 / 800000
generated: 150966 / 800000
generated: 151015 / 800000
generated: 151052 / 800000
generated: 151096 / 800000
generated: 151135 / 800000
generated: 151182 / 800000
generated: 151226 / 800000
generated: 151267 / 800000
generated: 151302 / 800000
generated: 151353 / 800000
generated: 151399 / 800000
generated: 151437 / 800000
generated: 151489 / 800000
generated: 151525 / 800000
generated: 151562 / 800000
generated: 151621 / 800000
generated: 151665 / 800000
generated: 151706 / 800000
generated: 151750 / 800000
generated: 151793 / 800000
generated: 151840 / 800000
generated: 151896 / 800000
generated: 151944 / 800000
generated: 151989 / 800000
generated: 152029 / 800000
generated: 152074 / 800000
generated: 152123 / 800000
generated: 152164 / 800000
generated: 152211 / 800000
generated: 152257 / 800000
generated: 152295 / 800000
generated: 152336 / 800000
generated: 152375 / 800000
generated: 152416 / 800000
generated: 152460 / 800000
generated: 152496 / 800000
generated: 152544 / 800000
generated: 152577 / 800000
generated: 152628 / 800000
generated: 152670 / 800000
generated: 152711 / 800000
generated: 152767 / 800000
generated: 152826 / 800000
generated: 152868 / 800000
generated: 152919 / 800000
generated: 152957 / 800000
generated: 153008 / 800000
generated: 153060 / 800000
generated: 153110 / 800000
generated: 153150 / 800000
generated: 153192 / 800000
generated: 153239 / 800000
generated: 153285 / 800000
generated: 153329 / 800000
generated: 153374 / 800000
generated: 153407 / 800000
generated: 153459 / 800000
generated: 153493 / 800000
generated: 153534 / 800000
generated: 153583 / 800000
generated: 153626 / 800000
generated: 153684 / 800000
generated: 153714 / 800000
generated: 153773 / 800000
generated: 153821 / 800000
generated: 153863 / 800000
generated: 153907 / 800000
generated: 153956 / 800000
generated: 154013 / 800000
generated: 154058 / 800000
generated: 154109 / 800000
generated: 154155 / 800000
generated: 154199 / 800000
generated: 154252 / 800000
generated: 154288 / 800000
generated: 154334 / 800000
generated: 154369 / 800000
generated: 154415 / 800000
generated: 154454 / 800000
generated: 154493 / 800000
generated: 154534 / 800000
generated: 154577 / 800000
generated: 154634 / 800000
generated: 154681 / 800000
generated: 154718 / 800000
generated: 154760 / 800000
generated: 154801 / 800000
generated: 154843 / 800000
generated: 154899 / 800000
generated: 154935 / 800000
generated: 154974 / 800000
generated: 155014 / 800000
generated: 155051 / 800000
generated: 155099 / 800000
generated: 155143 / 800000
generated: 155192 / 800000
generated: 155236 / 800000
generated: 155286 / 800000
generated: 155324 / 800000
generated: 155360 / 800000
generated: 155415 / 800000
generated: 155466 / 800000
generated: 155507 / 800000
generated: 155561 / 800000
generated: 155603 / 800000
generated: 155654 / 800000
generated: 155692 / 800000
generated: 155742 / 800000
generated: 155807 / 800000
generated: 155859 / 800000
generated: 155905 / 800000
generated: 155947 / 800000
generated: 155997 / 800000
generated: 156040 / 800000
generated: 156087 / 800000
generated: 156136 / 800000
generated: 156180 / 800000
generated: 156220 / 800000
generated: 156262 / 800000
generated: 156304 / 800000
generated: 156348 / 800000
generated: 156393 / 800000
generated: 156443 / 800000
generated: 156492 / 800000
generated: 156540 / 800000
generated: 156578 / 800000
generated: 156629 / 800000
generated: 156669 / 800000
generated: 156711 / 800000
generated: 156753 / 800000
generated: 156796 / 800000
generated: 156834 / 800000
generated: 156870 / 800000
generated: 156914 / 800000
generated: 156964 / 800000
generated: 157018 / 800000
generated: 157070 / 800000
generated: 157113 / 800000
generated: 157163 / 800000
generated: 157200 / 800000
generated: 157246 / 800000
generated: 157276 / 800000
generated: 157321 / 800000
generated: 157370 / 800000
generated: 157414 / 800000
generated: 157458 / 800000
generated: 157510 / 800000
generated: 157537 / 800000
generated: 157576 / 800000
generated: 157617 / 800000
generated: 157666 / 800000
generated: 157709 / 800000
generated: 157746 / 800000
generated: 157788 / 800000
generated: 157845 / 800000
generated: 157897 / 800000
generated: 157937 / 800000
generated: 157982 / 800000
generated: 158033 / 800000
generated: 158069 / 800000
generated: 158113 / 800000
generated: 158161 / 800000
generated: 158207 / 800000
generated: 158242 / 800000
generated: 158286 / 800000
generated: 158316 / 800000
generated: 158365 / 800000
generated: 158411 / 800000
generated: 158455 / 800000
generated: 158496 / 800000
generated: 158525 / 800000
generated: 158575 / 800000
generated: 158621 / 800000
generated: 158667 / 800000
generated: 158715 / 800000
generated: 158752 / 800000
generated: 158787 / 800000
generated: 158830 / 800000
generated: 158880 / 800000
generated: 158931 / 800000
generated: 158968 / 800000
generated: 159023 / 800000
generated: 159079 / 800000
generated: 159123 / 800000
generated: 159174 / 800000
generated: 159209 / 800000
generated: 159259 / 800000
generated: 159314 / 800000
generated: 159359 / 800000
generated: 159401 / 800000
generated: 159445 / 800000
generated: 159476 / 800000
generated: 159531 / 800000
generated: 159581 / 800000
generated: 159628 / 800000
generated: 159677 / 800000
generated: 159733 / 800000
generated: 159781 / 800000
generated: 159824 / 800000
generated: 159878 / 800000
generated: 159914 / 800000
generated: 159949 / 800000
generated: 159987 / 800000
generated: 160030 / 800000
generated: 160076 / 800000
generated: 160127 / 800000
generated: 160184 / 800000
generated: 160231 / 800000
generated: 160270 / 800000
generated: 160312 / 800000
generated: 160356 / 800000
generated: 160401 / 800000
generated: 160439 / 800000
generated: 160489 / 800000
generated: 160541 / 800000
generated: 160588 / 800000
generated: 160629 / 800000
generated: 160672 / 800000
generated: 160726 / 800000
generated: 160772 / 800000
generated: 160822 / 800000
generated: 160859 / 800000
generated: 160905 / 800000
generated: 160966 / 800000
generated: 161008 / 800000
generated: 161053 / 800000
generated: 161101 / 800000
generated: 161142 / 800000
generated: 161193 / 800000
generated: 161235 / 800000
generated: 161291 / 800000
generated: 161336 / 800000
generated: 161375 / 800000
generated: 161416 / 800000
generated: 161461 / 800000
generated: 161515 / 800000
generated: 161562 / 800000
generated: 161606 / 800000
generated: 161651 / 800000
generated: 161701 / 800000
generated: 161759 / 800000
generated: 161816 / 800000
generated: 161870 / 800000
generated: 161924 / 800000
generated: 161968 / 800000
generated: 162013 / 800000
generated: 162052 / 800000
generated: 162100 / 800000
generated: 162155 / 800000
generated: 162197 / 800000
generated: 162239 / 800000
generated: 162276 / 800000
generated: 162327 / 800000
generated: 162381 / 800000
generated: 162426 / 800000
generated: 162471 / 800000
generated: 162510 / 800000
generated: 162550 / 800000
generated: 162587 / 800000
generated: 162641 / 800000
generated: 162689 / 800000
generated: 162747 / 800000
generated: 162792 / 800000
generated: 162827 / 800000
generated: 162869 / 800000
generated: 162919 / 800000
generated: 162969 / 800000
generated: 163006 / 800000
generated: 163045 / 800000
generated: 163093 / 800000
generated: 163137 / 800000
generated: 163190 / 800000
generated: 163232 / 800000
generated: 163272 / 800000
generated: 163327 / 800000
generated: 163376 / 800000
generated: 163421 / 800000
generated: 163462 / 800000
generated: 163505 / 800000
generated: 163544 / 800000
generated: 163591 / 800000
generated: 163646 / 800000
generated: 163691 / 800000
generated: 163752 / 800000
generated: 163799 / 800000
generated: 163844 / 800000
generated: 163891 / 800000
generated: 163929 / 800000
generated: 163967 / 800000
generated: 164002 / 800000
generated: 164046 / 800000
generated: 164088 / 800000
generated: 164134 / 800000
generated: 164175 / 800000
generated: 164222 / 800000
generated: 164266 / 800000
generated: 164308 / 800000
generated: 164345 / 800000
generated: 164380 / 800000
generated: 164411 / 800000
generated: 164474 / 800000
generated: 164527 / 800000
generated: 164576 / 800000
generated: 164621 / 800000
generated: 164665 / 800000
generated: 164706 / 800000
generated: 164753 / 800000
generated: 164801 / 800000
generated: 164850 / 800000
generated: 164899 / 800000
generated: 164930 / 800000
generated: 164969 / 800000
generated: 165015 / 800000
generated: 165050 / 800000
generated: 165097 / 800000
generated: 165139 / 800000
generated: 165192 / 800000
generated: 165234 / 800000
generated: 165266 / 800000
generated: 165316 / 800000
generated: 165370 / 800000
generated: 165415 / 800000
generated: 165455 / 800000
generated: 165505 / 800000
generated: 165545 / 800000
generated: 165602 / 800000
generated: 165648 / 800000
generated: 165700 / 800000
generated: 165752 / 800000
generated: 165792 / 800000
generated: 165831 / 800000
generated: 165863 / 800000
generated: 165901 / 800000
generated: 165946 / 800000
generated: 165985 / 800000
generated: 166031 / 800000
generated: 166079 / 800000
generated: 166121 / 800000
generated: 166170 / 800000
generated: 166216 / 800000
generated: 166258 / 800000
generated: 166293 / 800000
generated: 166332 / 800000
generated: 166382 / 800000
generated: 166425 / 800000
generated: 166469 / 800000
generated: 166522 / 800000
generated: 166574 / 800000
generated: 166619 / 800000
generated: 166657 / 800000
generated: 166705 / 800000
generated: 166747 / 800000
generated: 166790 / 800000
generated: 166836 / 800000
generated: 166876 / 800000
generated: 166927 / 800000
generated: 166971 / 800000
generated: 167026 / 800000
generated: 167074 / 800000
generated: 167115 / 800000
generated: 167163 / 800000
generated: 167202 / 800000
generated: 167243 / 800000
generated: 167287 / 800000
generated: 167337 / 800000
generated: 167377 / 800000
generated: 167424 / 800000
generated: 167460 / 800000
generated: 167511 / 800000
generated: 167545 / 800000
generated: 167595 / 800000
generated: 167632 / 800000
generated: 167673 / 800000
generated: 167716 / 800000
generated: 167760 / 800000
generated: 167802 / 800000
generated: 167848 / 800000
generated: 167888 / 800000
generated: 167935 / 800000
generated: 167981 / 800000
generated: 168024 / 800000
generated: 168069 / 800000
generated: 168103 / 800000
generated: 168142 / 800000
generated: 168177 / 800000
generated: 168221 / 800000
generated: 168259 / 800000
generated: 168307 / 800000
generated: 168336 / 800000
generated: 168377 / 800000
generated: 168416 / 800000
generated: 168460 / 800000
generated: 168505 / 800000
generated: 168547 / 800000
generated: 168585 / 800000
generated: 168638 / 800000
generated: 168691 / 800000
generated: 168737 / 800000
generated: 168784 / 800000
generated: 168827 / 800000
generated: 168875 / 800000
generated: 168906 / 800000
generated: 168950 / 800000
generated: 168996 / 800000
generated: 169043 / 800000
generated: 169087 / 800000
generated: 169139 / 800000
generated: 169183 / 800000
generated: 169229 / 800000
generated: 169275 / 800000
generated: 169325 / 800000
generated: 169377 / 800000
generated: 169421 / 800000
generated: 169466 / 800000
generated: 169511 / 800000
generated: 169548 / 800000
generated: 169585 / 800000
generated: 169634 / 800000
generated: 169668 / 800000
generated: 169706 / 800000
generated: 169752 / 800000
generated: 169797 / 800000
generated: 169841 / 800000
generated: 169883 / 800000
generated: 169914 / 800000
generated: 169955 / 800000
generated: 169996 / 800000
generated: 170047 / 800000
generated: 170091 / 800000
generated: 170132 / 800000
generated: 170182 / 800000
generated: 170225 / 800000
generated: 170273 / 800000
generated: 170315 / 800000
generated: 170362 / 800000
generated: 170398 / 800000
generated: 170449 / 800000
generated: 170480 / 800000
generated: 170529 / 800000
generated: 170574 / 800000
generated: 170622 / 800000
generated: 170659 / 800000
generated: 170704 / 800000
generated: 170739 / 800000
generated: 170793 / 800000
generated: 170832 / 800000
generated: 170887 / 800000
generated: 170938 / 800000
generated: 170992 / 800000
generated: 171036 / 800000
generated: 171085 / 800000
generated: 171125 / 800000
generated: 171171 / 800000
generated: 171218 / 800000
generated: 171263 / 800000
generated: 171301 / 800000
generated: 171339 / 800000
generated: 171374 / 800000
generated: 171414 / 800000
generated: 171464 / 800000
generated: 171520 / 800000
generated: 171569 / 800000
generated: 171621 / 800000
generated: 171667 / 800000
generated: 171699 / 800000
generated: 171761 / 800000
generated: 171806 / 800000
generated: 171851 / 800000
generated: 171903 / 800000
generated: 171947 / 800000
generated: 171988 / 800000
generated: 172044 / 800000
generated: 172089 / 800000
generated: 172140 / 800000
generated: 172183 / 800000
generated: 172227 / 800000
generated: 172270 / 800000
generated: 172308 / 800000
generated: 172356 / 800000
generated: 172409 / 800000
generated: 172454 / 800000
generated: 172503 / 800000
generated: 172548 / 800000
generated: 172594 / 800000
generated: 172632 / 800000
generated: 172676 / 800000
generated: 172724 / 800000
generated: 172780 / 800000
generated: 172821 / 800000
generated: 172871 / 800000
generated: 172914 / 800000
generated: 172947 / 800000
generated: 172989 / 800000
generated: 173037 / 800000
generated: 173075 / 800000
generated: 173121 / 800000
generated: 173154 / 800000
generated: 173198 / 800000
generated: 173236 / 800000
generated: 173278 / 800000
generated: 173324 / 800000
generated: 173365 / 800000
generated: 173403 / 800000
generated: 173451 / 800000
generated: 173496 / 800000
generated: 173533 / 800000
generated: 173577 / 800000
generated: 173617 / 800000
generated: 173661 / 800000
generated: 173699 / 800000
generated: 173742 / 800000
generated: 173780 / 800000
generated: 173820 / 800000
generated: 173858 / 800000
generated: 173904 / 800000
generated: 173952 / 800000
generated: 173999 / 800000
generated: 174047 / 800000
generated: 174087 / 800000
generated: 174130 / 800000
generated: 174168 / 800000
generated: 174217 / 800000
generated: 174261 / 800000
generated: 174319 / 800000
generated: 174369 / 800000
generated: 174411 / 800000
generated: 174463 / 800000
generated: 174506 / 800000
generated: 174553 / 800000
generated: 174598 / 800000
generated: 174640 / 800000
generated: 174687 / 800000
generated: 174738 / 800000
generated: 174774 / 800000
generated: 174818 / 800000
generated: 174865 / 800000
generated: 174910 / 800000
generated: 174963 / 800000
generated: 175006 / 800000
generated: 175051 / 800000
generated: 175095 / 800000
generated: 175144 / 800000
generated: 175190 / 800000
generated: 175234 / 800000
generated: 175283 / 800000
generated: 175328 / 800000
generated: 175379 / 800000
generated: 175423 / 800000
generated: 175463 / 800000
generated: 175506 / 800000
generated: 175549 / 800000
generated: 175592 / 800000
generated: 175636 / 800000
generated: 175685 / 800000
generated: 175731 / 800000
generated: 175772 / 800000
generated: 175815 / 800000
generated: 175864 / 800000
generated: 175911 / 800000
generated: 175947 / 800000
generated: 175991 / 800000
generated: 176035 / 800000
generated: 176079 / 800000
generated: 176131 / 800000
generated: 176174 / 800000
generated: 176217 / 800000
generated: 176252 / 800000
generated: 176302 / 800000
generated: 176343 / 800000
generated: 176385 / 800000
generated: 176419 / 800000
generated: 176464 / 800000
generated: 176513 / 800000
generated: 176555 / 800000
generated: 176592 / 800000
generated: 176645 / 800000
generated: 176692 / 800000
generated: 176736 / 800000
generated: 176776 / 800000
generated: 176820 / 800000
generated: 176867 / 800000
generated: 176905 / 800000
generated: 176947 / 800000
generated: 176992 / 800000
generated: 177033 / 800000
generated: 177080 / 800000
generated: 177129 / 800000
generated: 177173 / 800000
generated: 177215 / 800000
generated: 177263 / 800000
generated: 177296 / 800000
generated: 177358 / 800000
generated: 177408 / 800000
generated: 177464 / 800000
generated: 177504 / 800000
generated: 177551 / 800000
generated: 177598 / 800000
generated: 177652 / 800000
generated: 177702 / 800000
generated: 177743 / 800000
generated: 177791 / 800000
generated: 177833 / 800000
generated: 177880 / 800000
generated: 177923 / 800000
generated: 177966 / 800000
generated: 178012 / 800000
generated: 178058 / 800000
generated: 178100 / 800000
generated: 178154 / 800000
generated: 178203 / 800000
generated: 178251 / 800000
generated: 178293 / 800000
generated: 178332 / 800000
generated: 178370 / 800000
generated: 178408 / 800000
generated: 178440 / 800000
generated: 178492 / 800000
generated: 178526 / 800000
generated: 178568 / 800000
generated: 178620 / 800000
generated: 178669 / 800000
generated: 178715 / 800000
generated: 178752 / 800000
generated: 178803 / 800000
generated: 178834 / 800000
generated: 178884 / 800000
generated: 178933 / 800000
generated: 178976 / 800000
generated: 179015 / 800000
generated: 179054 / 800000
generated: 179092 / 800000
generated: 179133 / 800000
generated: 179180 / 800000
generated: 179217 / 800000
generated: 179246 / 800000
generated: 179296 / 800000
generated: 179338 / 800000
generated: 179378 / 800000
generated: 179417 / 800000
generated: 179466 / 800000
generated: 179507 / 800000
generated: 179547 / 800000
generated: 179582 / 800000
generated: 179618 / 800000
generated: 179672 / 800000
generated: 179724 / 800000
generated: 179758 / 800000
generated: 179793 / 800000
generated: 179837 / 800000
generated: 179875 / 800000
generated: 179935 / 800000
generated: 179983 / 800000
generated: 180029 / 800000
generated: 180076 / 800000
generated: 180121 / 800000
generated: 180154 / 800000
generated: 180192 / 800000
generated: 180240 / 800000
generated: 180294 / 800000
generated: 180338 / 800000
generated: 180392 / 800000
generated: 180443 / 800000
generated: 180490 / 800000
generated: 180524 / 800000
generated: 180567 / 800000
generated: 180605 / 800000
generated: 180645 / 800000
generated: 180691 / 800000
generated: 180729 / 800000
generated: 180775 / 800000
generated: 180811 / 800000
generated: 180853 / 800000
generated: 180902 / 800000
generated: 180949 / 800000
generated: 180999 / 800000
generated: 181038 / 800000
generated: 181087 / 800000
generated: 181144 / 800000
generated: 181192 / 800000
generated: 181236 / 800000
generated: 181298 / 800000
generated: 181352 / 800000
generated: 181402 / 800000
generated: 181444 / 800000
generated: 181488 / 800000
generated: 181526 / 800000
generated: 181567 / 800000
generated: 181610 / 800000
generated: 181651 / 800000
generated: 181692 / 800000
generated: 181745 / 800000
generated: 181797 / 800000
generated: 181828 / 800000
generated: 181874 / 800000
generated: 181920 / 800000
generated: 181975 / 800000
generated: 182014 / 800000
generated: 182062 / 800000
generated: 182105 / 800000
generated: 182149 / 800000
generated: 182188 / 800000
generated: 182225 / 800000
generated: 182280 / 800000
generated: 182323 / 800000
generated: 182383 / 800000
generated: 182434 / 800000
generated: 182468 / 800000
generated: 182503 / 800000
generated: 182544 / 800000
generated: 182585 / 800000
generated: 182637 / 800000
generated: 182695 / 800000
generated: 182727 / 800000
generated: 182777 / 800000
generated: 182818 / 800000
generated: 182862 / 800000
generated: 182898 / 800000
generated: 182941 / 800000
generated: 182981 / 800000
generated: 183017 / 800000
generated: 183066 / 800000
generated: 183105 / 800000
generated: 183156 / 800000
generated: 183197 / 800000
generated: 183244 / 800000
generated: 183287 / 800000
generated: 183325 / 800000
generated: 183362 / 800000
generated: 183420 / 800000
generated: 183454 / 800000
generated: 183491 / 800000
generated: 183540 / 800000
generated: 183581 / 800000
generated: 183637 / 800000
generated: 183685 / 800000
generated: 183733 / 800000
generated: 183775 / 800000
generated: 183824 / 800000
generated: 183866 / 800000
generated: 183912 / 800000
generated: 183945 / 800000
generated: 183986 / 800000
generated: 184033 / 800000
generated: 184084 / 800000
generated: 184123 / 800000
generated: 184161 / 800000
generated: 184217 / 800000
generated: 184266 / 800000
generated: 184310 / 800000
generated: 184354 / 800000
generated: 184395 / 800000
generated: 184441 / 800000
generated: 184485 / 800000
generated: 184542 / 800000
generated: 184597 / 800000
generated: 184645 / 800000
generated: 184688 / 800000
generated: 184733 / 800000
generated: 184773 / 800000
generated: 184815 / 800000
generated: 184874 / 800000
generated: 184913 / 800000
generated: 184955 / 800000
generated: 185004 / 800000
generated: 185048 / 800000
generated: 185081 / 800000
generated: 185118 / 800000
generated: 185173 / 800000
generated: 185217 / 800000
generated: 185261 / 800000
generated: 185301 / 800000
generated: 185355 / 800000
generated: 185405 / 800000
generated: 185446 / 800000
generated: 185491 / 800000
generated: 185542 / 800000
generated: 185584 / 800000
generated: 185629 / 800000
generated: 185671 / 800000
generated: 185728 / 800000
generated: 185763 / 800000
generated: 185819 / 800000
generated: 185880 / 800000
generated: 185929 / 800000
generated: 185978 / 800000
generated: 186020 / 800000
generated: 186066 / 800000
generated: 186111 / 800000
generated: 186156 / 800000
generated: 186203 / 800000
generated: 186252 / 800000
generated: 186310 / 800000
generated: 186353 / 800000
generated: 186396 / 800000
generated: 186443 / 800000
generated: 186495 / 800000
generated: 186553 / 800000
generated: 186604 / 800000
generated: 186648 / 800000
generated: 186687 / 800000
generated: 186726 / 800000
generated: 186770 / 800000
generated: 186809 / 800000
generated: 186850 / 800000
generated: 186899 / 800000
generated: 186950 / 800000
generated: 186997 / 800000
generated: 187049 / 800000
generated: 187094 / 800000
generated: 187126 / 800000
generated: 187165 / 800000
generated: 187208 / 800000
generated: 187263 / 800000
generated: 187312 / 800000
generated: 187360 / 800000
generated: 187413 / 800000
generated: 187468 / 800000
generated: 187521 / 800000
generated: 187567 / 800000
generated: 187610 / 800000
generated: 187645 / 800000
generated: 187682 / 800000
generated: 187726 / 800000
generated: 187771 / 800000
generated: 187824 / 800000
generated: 187877 / 800000
generated: 187916 / 800000
generated: 187962 / 800000
generated: 188009 / 800000
generated: 188052 / 800000
generated: 188083 / 800000
generated: 188123 / 800000
generated: 188180 / 800000
generated: 188228 / 800000
generated: 188278 / 800000
generated: 188323 / 800000
generated: 188374 / 800000
generated: 188418 / 800000
generated: 188466 / 800000
generated: 188500 / 800000
generated: 188543 / 800000
generated: 188586 / 800000
generated: 188635 / 800000
generated: 188676 / 800000
generated: 188721 / 800000
generated: 188763 / 800000
generated: 188808 / 800000
generated: 188855 / 800000
generated: 188894 / 800000
generated: 188943 / 800000
generated: 188994 / 800000
generated: 189036 / 800000
generated: 189089 / 800000
generated: 189137 / 800000
generated: 189178 / 800000
generated: 189216 / 800000
generated: 189262 / 800000
generated: 189308 / 800000
generated: 189363 / 800000
generated: 189409 / 800000
generated: 189438 / 800000
generated: 189474 / 800000
generated: 189517 / 800000
generated: 189568 / 800000
generated: 189603 / 800000
generated: 189644 / 800000
generated: 189692 / 800000
generated: 189731 / 800000
generated: 189778 / 800000
generated: 189826 / 800000
generated: 189870 / 800000
generated: 189910 / 800000
generated: 189963 / 800000
generated: 190007 / 800000
generated: 190051 / 800000
generated: 190095 / 800000
generated: 190135 / 800000
generated: 190162 / 800000
generated: 190208 / 800000
generated: 190249 / 800000
generated: 190297 / 800000
generated: 190347 / 800000
generated: 190384 / 800000
generated: 190426 / 800000
generated: 190476 / 800000
generated: 190519 / 800000
generated: 190567 / 800000
generated: 190604 / 800000
generated: 190638 / 800000
generated: 190689 / 800000
generated: 190731 / 800000
generated: 190781 / 800000
generated: 190827 / 800000
generated: 190880 / 800000
generated: 190918 / 800000
generated: 190962 / 800000
generated: 191002 / 800000
generated: 191037 / 800000
generated: 191076 / 800000
generated: 191120 / 800000
generated: 191161 / 800000
generated: 191214 / 800000
generated: 191267 / 800000
generated: 191319 / 800000
generated: 191357 / 800000
generated: 191400 / 800000
generated: 191445 / 800000
generated: 191499 / 800000
generated: 191545 / 800000
generated: 191586 / 800000
generated: 191631 / 800000
generated: 191683 / 800000
generated: 191728 / 800000
generated: 191774 / 800000
generated: 191815 / 800000
generated: 191847 / 800000
generated: 191890 / 800000
generated: 191934 / 800000
generated: 191992 / 800000
generated: 192029 / 800000
generated: 192073 / 800000
generated: 192110 / 800000
generated: 192162 / 800000
generated: 192203 / 800000
generated: 192253 / 800000
generated: 192295 / 800000
generated: 192343 / 800000
generated: 192388 / 800000
generated: 192431 / 800000
generated: 192469 / 800000
generated: 192507 / 800000
generated: 192561 / 800000
generated: 192597 / 800000
generated: 192639 / 800000
generated: 192683 / 800000
generated: 192718 / 800000
generated: 192764 / 800000
generated: 192807 / 800000
generated: 192861 / 800000
generated: 192916 / 800000
generated: 192963 / 800000
generated: 193004 / 800000
generated: 193051 / 800000
generated: 193096 / 800000
generated: 193137 / 800000
generated: 193187 / 800000
generated: 193246 / 800000
generated: 193296 / 800000
generated: 193350 / 800000
generated: 193403 / 800000
generated: 193454 / 800000
generated: 193506 / 800000
generated: 193540 / 800000
generated: 193588 / 800000
generated: 193642 / 800000
generated: 193692 / 800000
generated: 193738 / 800000
generated: 193778 / 800000
generated: 193832 / 800000
generated: 193877 / 800000
generated: 193922 / 800000
generated: 193978 / 800000
generated: 194025 / 800000
generated: 194071 / 800000
generated: 194112 / 800000
generated: 194166 / 800000
generated: 194211 / 800000
generated: 194250 / 800000
generated: 194295 / 800000
generated: 194332 / 800000
generated: 194380 / 800000
generated: 194427 / 800000
generated: 194490 / 800000
generated: 194539 / 800000
generated: 194576 / 800000
generated: 194630 / 800000
generated: 194681 / 800000
generated: 194724 / 800000
generated: 194774 / 800000
generated: 194811 / 800000
generated: 194857 / 800000
generated: 194904 / 800000
generated: 194944 / 800000
generated: 194988 / 800000
generated: 195034 / 800000
generated: 195080 / 800000
generated: 195119 / 800000
generated: 195154 / 800000
generated: 195194 / 800000
generated: 195239 / 800000
generated: 195290 / 800000
generated: 195337 / 800000
generated: 195385 / 800000
generated: 195425 / 800000
generated: 195474 / 800000
generated: 195529 / 800000
generated: 195574 / 800000
generated: 195614 / 800000
generated: 195665 / 800000
generated: 195706 / 800000
generated: 195748 / 800000
generated: 195807 / 800000
generated: 195851 / 800000
generated: 195896 / 800000
generated: 195949 / 800000
generated: 195994 / 800000
generated: 196046 / 800000
generated: 196101 / 800000
generated: 196138 / 800000
generated: 196179 / 800000
generated: 196228 / 800000
generated: 196267 / 800000
generated: 196312 / 800000
generated: 196352 / 800000
generated: 196397 / 800000
generated: 196450 / 800000
generated: 196501 / 800000
generated: 196549 / 800000
generated: 196587 / 800000
generated: 196634 / 800000
generated: 196682 / 800000
generated: 196716 / 800000
generated: 196759 / 800000
generated: 196802 / 800000
generated: 196858 / 800000
generated: 196894 / 800000
generated: 196943 / 800000
generated: 196983 / 800000
generated: 197016 / 800000
generated: 197061 / 800000
generated: 197118 / 800000
generated: 197166 / 800000
generated: 197207 / 800000
generated: 197247 / 800000
generated: 197295 / 800000
generated: 197334 / 800000
generated: 197384 / 800000
generated: 197437 / 800000
generated: 197486 / 800000
generated: 197540 / 800000
generated: 197595 / 800000
generated: 197642 / 800000
generated: 197688 / 800000
generated: 197729 / 800000
generated: 197771 / 800000
generated: 197817 / 800000
generated: 197867 / 800000
generated: 197902 / 800000
generated: 197944 / 800000
generated: 197977 / 800000
generated: 198036 / 800000
generated: 198070 / 800000
generated: 198118 / 800000
generated: 198159 / 800000
generated: 198202 / 800000
generated: 198247 / 800000
generated: 198293 / 800000
generated: 198347 / 800000
generated: 198387 / 800000
generated: 198437 / 800000
generated: 198483 / 800000
generated: 198535 / 800000
generated: 198583 / 800000
generated: 198626 / 800000
generated: 198677 / 800000
generated: 198714 / 800000
generated: 198754 / 800000
generated: 198800 / 800000
generated: 198852 / 800000
generated: 198901 / 800000
generated: 198952 / 800000
generated: 198996 / 800000
generated: 199044 / 800000
generated: 199092 / 800000
generated: 199149 / 800000
generated: 199190 / 800000
generated: 199245 / 800000
generated: 199288 / 800000
generated: 199342 / 800000
generated: 199396 / 800000
generated: 199436 / 800000
generated: 199480 / 800000
generated: 199520 / 800000
generated: 199567 / 800000
generated: 199612 / 800000
generated: 199657 / 800000
generated: 199714 / 800000
generated: 199753 / 800000
generated: 199797 / 800000
generated: 199845 / 800000
generated: 199890 / 800000
generated: 199938 / 800000
generated: 199986 / 800000
generated: 200032 / 800000
generated: 200074 / 800000
generated: 200140 / 800000
generated: 200194 / 800000
generated: 200231 / 800000
generated: 200280 / 800000
generated: 200324 / 800000
generated: 200381 / 800000
generated: 200420 / 800000
generated: 200472 / 800000
generated: 200515 / 800000
generated: 200560 / 800000
generated: 200609 / 800000
generated: 200656 / 800000
generated: 200708 / 800000
generated: 200763 / 800000
generated: 200809 / 800000
generated: 200861 / 800000
generated: 200897 / 800000
generated: 200961 / 800000
generated: 201011 / 800000
generated: 201062 / 800000
generated: 201102 / 800000
generated: 201147 / 800000
generated: 201194 / 800000
generated: 201238 / 800000
generated: 201282 / 800000
generated: 201330 / 800000
generated: 201384 / 800000
generated: 201423 / 800000
generated: 201461 / 800000
generated: 201498 / 800000
generated: 201540 / 800000
generated: 201581 / 800000
generated: 201619 / 800000
generated: 201667 / 800000
generated: 201715 / 800000
generated: 201758 / 800000
generated: 201800 / 800000
generated: 201843 / 800000
generated: 201885 / 800000
generated: 201938 / 800000
generated: 201990 / 800000
generated: 202041 / 800000
generated: 202081 / 800000
generated: 202131 / 800000
generated: 202178 / 800000
generated: 202218 / 800000
generated: 202265 / 800000
generated: 202313 / 800000
generated: 202369 / 800000
generated: 202419 / 800000
generated: 202474 / 800000
generated: 202526 / 800000
generated: 202575 / 800000
generated: 202627 / 800000
generated: 202669 / 800000
generated: 202710 / 800000
generated: 202761 / 800000
generated: 202811 / 800000
generated: 202858 / 800000
generated: 202889 / 800000
generated: 202927 / 800000
generated: 202976 / 800000
generated: 203023 / 800000
generated: 203064 / 800000
generated: 203102 / 800000
generated: 203146 / 800000
generated: 203202 / 800000
generated: 203248 / 800000
generated: 203282 / 800000
generated: 203325 / 800000
generated: 203368 / 800000
generated: 203409 / 800000
generated: 203469 / 800000
generated: 203515 / 800000
generated: 203564 / 800000
generated: 203610 / 800000
generated: 203656 / 800000
generated: 203692 / 800000
generated: 203742 / 800000
generated: 203795 / 800000
generated: 203849 / 800000
generated: 203897 / 800000
generated: 203944 / 800000
generated: 203985 / 800000
generated: 204032 / 800000
generated: 204080 / 800000
generated: 204129 / 800000
generated: 204174 / 800000
generated: 204221 / 800000
generated: 204265 / 800000
generated: 204295 / 800000
generated: 204337 / 800000
generated: 204379 / 800000
generated: 204421 / 800000
generated: 204463 / 800000
generated: 204511 / 800000
generated: 204562 / 800000
generated: 204594 / 800000
generated: 204642 / 800000
generated: 204689 / 800000
generated: 204718 / 800000
generated: 204756 / 800000
generated: 204799 / 800000
generated: 204843 / 800000
generated: 204883 / 800000
generated: 204934 / 800000
generated: 204969 / 800000
generated: 205013 / 800000
generated: 205055 / 800000
generated: 205088 / 800000
generated: 205134 / 800000
generated: 205182 / 800000
generated: 205228 / 800000
generated: 205263 / 800000
generated: 205312 / 800000
generated: 205357 / 800000
generated: 205393 / 800000
generated: 205436 / 800000
generated: 205489 / 800000
generated: 205531 / 800000
generated: 205565 / 800000
generated: 205603 / 800000
generated: 205652 / 800000
generated: 205690 / 800000
generated: 205729 / 800000
generated: 205788 / 800000
generated: 205828 / 800000
generated: 205877 / 800000
generated: 205914 / 800000
generated: 205954 / 800000
generated: 205994 / 800000
generated: 206035 / 800000
generated: 206070 / 800000
generated: 206113 / 800000
generated: 206158 / 800000
generated: 206213 / 800000
generated: 206254 / 800000
generated: 206308 / 800000
generated: 206355 / 800000
generated: 206397 / 800000
generated: 206447 / 800000
generated: 206497 / 800000
generated: 206541 / 800000
generated: 206584 / 800000
generated: 206630 / 800000
generated: 206687 / 800000
generated: 206725 / 800000
generated: 206767 / 800000
generated: 206808 / 800000
generated: 206842 / 800000
generated: 206895 / 800000
generated: 206936 / 800000
generated: 206973 / 800000
generated: 207015 / 800000
generated: 207062 / 800000
generated: 207103 / 800000
generated: 207142 / 800000
generated: 207186 / 800000
generated: 207234 / 800000
generated: 207273 / 800000
generated: 207322 / 800000
generated: 207361 / 800000
generated: 207417 / 800000
generated: 207468 / 800000
generated: 207519 / 800000
generated: 207572 / 800000
generated: 207610 / 800000
generated: 207659 / 800000
generated: 207698 / 800000
generated: 207744 / 800000
generated: 207787 / 800000
generated: 207825 / 800000
generated: 207871 / 800000
generated: 207914 / 800000
generated: 207948 / 800000
generated: 207993 / 800000
generated: 208037 / 800000
generated: 208072 / 800000
generated: 208109 / 800000
generated: 208155 / 800000
generated: 208197 / 800000
generated: 208237 / 800000
generated: 208286 / 800000
generated: 208339 / 800000
generated: 208384 / 800000
generated: 208437 / 800000
generated: 208485 / 800000
generated: 208528 / 800000
generated: 208567 / 800000
generated: 208629 / 800000
generated: 208668 / 800000
generated: 208711 / 800000
generated: 208750 / 800000
generated: 208793 / 800000
generated: 208832 / 800000
generated: 208871 / 800000
generated: 208922 / 800000
generated: 208962 / 800000
generated: 209008 / 800000
generated: 209065 / 800000
generated: 209105 / 800000
generated: 209145 / 800000
generated: 209190 / 800000
generated: 209232 / 800000
generated: 209278 / 800000
generated: 209310 / 800000
generated: 209342 / 800000
generated: 209382 / 800000
generated: 209428 / 800000
generated: 209473 / 800000
generated: 209514 / 800000
generated: 209554 / 800000
generated: 209588 / 800000
generated: 209633 / 800000
generated: 209676 / 800000
generated: 209738 / 800000
generated: 209774 / 800000
generated: 209823 / 800000
generated: 209870 / 800000
generated: 209915 / 800000
generated: 209970 / 800000
generated: 210022 / 800000
generated: 210057 / 800000
generated: 210105 / 800000
generated: 210163 / 800000
generated: 210215 / 800000
generated: 210262 / 800000
generated: 210318 / 800000
generated: 210357 / 800000
generated: 210404 / 800000
generated: 210452 / 800000
generated: 210491 / 800000
generated: 210530 / 800000
generated: 210571 / 800000
generated: 210608 / 800000
generated: 210665 / 800000
generated: 210716 / 800000
generated: 210767 / 800000
generated: 210822 / 800000
generated: 210852 / 800000
generated: 210904 / 800000
generated: 210941 / 800000
generated: 210981 / 800000
generated: 211022 / 800000
generated: 211076 / 800000
generated: 211120 / 800000
generated: 211146 / 800000
generated: 211193 / 800000
generated: 211243 / 800000
generated: 211275 / 800000
generated: 211318 / 800000
generated: 211378 / 800000
generated: 211418 / 800000
generated: 211474 / 800000
generated: 211515 / 800000
generated: 211557 / 800000
generated: 211598 / 800000
generated: 211646 / 800000
generated: 211690 / 800000
generated: 211737 / 800000
generated: 211787 / 800000
generated: 211847 / 800000
generated: 211891 / 800000
generated: 211930 / 800000
generated: 211980 / 800000
generated: 212028 / 800000
generated: 212086 / 800000
generated: 212131 / 800000
generated: 212173 / 800000
generated: 212211 / 800000
generated: 212243 / 800000
generated: 212289 / 800000
generated: 212338 / 800000
generated: 212391 / 800000
generated: 212428 / 800000
generated: 212470 / 800000
generated: 212509 / 800000
generated: 212567 / 800000
generated: 212621 / 800000
generated: 212678 / 800000
generated: 212719 / 800000
generated: 212763 / 800000
generated: 212800 / 800000
generated: 212846 / 800000
generated: 212881 / 800000
generated: 212933 / 800000
generated: 212982 / 800000
generated: 213032 / 800000
generated: 213078 / 800000
generated: 213107 / 800000
generated: 213154 / 800000
generated: 213203 / 800000
generated: 213250 / 800000
generated: 213292 / 800000
generated: 213324 / 800000
generated: 213375 / 800000
generated: 213426 / 800000
generated: 213469 / 800000
generated: 213503 / 800000
generated: 213549 / 800000
generated: 213592 / 800000
generated: 213635 / 800000
generated: 213687 / 800000
generated: 213720 / 800000
generated: 213762 / 800000
generated: 213800 / 800000
generated: 213846 / 800000
generated: 213908 / 800000
generated: 213949 / 800000
generated: 213999 / 800000
generated: 214045 / 800000
generated: 214083 / 800000
generated: 214138 / 800000
generated: 214174 / 800000
generated: 214223 / 800000
generated: 214272 / 800000
generated: 214315 / 800000
generated: 214354 / 800000
generated: 214395 / 800000
generated: 214433 / 800000
generated: 214474 / 800000
generated: 214511 / 800000
generated: 214562 / 800000
generated: 214617 / 800000
generated: 214674 / 800000
generated: 214718 / 800000
generated: 214759 / 800000
generated: 214803 / 800000
generated: 214841 / 800000
generated: 214876 / 800000
generated: 214925 / 800000
generated: 214971 / 800000
generated: 215024 / 800000
generated: 215071 / 800000
generated: 215116 / 800000
generated: 215161 / 800000
generated: 215209 / 800000
generated: 215244 / 800000
generated: 215285 / 800000
generated: 215330 / 800000
generated: 215364 / 800000
generated: 215411 / 800000
generated: 215452 / 800000
generated: 215496 / 800000
generated: 215548 / 800000
generated: 215587 / 800000
generated: 215639 / 800000
generated: 215681 / 800000
generated: 215714 / 800000
generated: 215764 / 800000
generated: 215806 / 800000
generated: 215849 / 800000
generated: 215896 / 800000
generated: 215923 / 800000
generated: 215975 / 800000
generated: 216015 / 800000
generated: 216051 / 800000
generated: 216092 / 800000
generated: 216139 / 800000
generated: 216179 / 800000
generated: 216235 / 800000
generated: 216290 / 800000
generated: 216332 / 800000
generated: 216379 / 800000
generated: 216437 / 800000
generated: 216478 / 800000
generated: 216530 / 800000
generated: 216578 / 800000
generated: 216614 / 800000
generated: 216659 / 800000
generated: 216719 / 800000
generated: 216765 / 800000
generated: 216821 / 800000
generated: 216864 / 800000
generated: 216907 / 800000
generated: 216938 / 800000
generated: 216993 / 800000
generated: 217046 / 800000
generated: 217093 / 800000
generated: 217138 / 800000
generated: 217185 / 800000
generated: 217220 / 800000
generated: 217275 / 800000
generated: 217316 / 800000
generated: 217359 / 800000
generated: 217414 / 800000
generated: 217462 / 800000
generated: 217501 / 800000
generated: 217541 / 800000
generated: 217589 / 800000
generated: 217642 / 800000
generated: 217676 / 800000
generated: 217723 / 800000
generated: 217770 / 800000
generated: 217811 / 800000
generated: 217850 / 800000
generated: 217887 / 800000
generated: 217926 / 800000
generated: 217972 / 800000
generated: 218036 / 800000
generated: 218081 / 800000
generated: 218135 / 800000
generated: 218178 / 800000
generated: 218224 / 800000
generated: 218284 / 800000
generated: 218333 / 800000
generated: 218380 / 800000
generated: 218427 / 800000
generated: 218475 / 800000
generated: 218519 / 800000
generated: 218571 / 800000
generated: 218601 / 800000
generated: 218653 / 800000
generated: 218701 / 800000
generated: 218735 / 800000
generated: 218788 / 800000
generated: 218828 / 800000
generated: 218879 / 800000
generated: 218929 / 800000
generated: 218965 / 800000
generated: 219014 / 800000
generated: 219068 / 800000
generated: 219115 / 800000
generated: 219158 / 800000
generated: 219207 / 800000
generated: 219255 / 800000
generated: 219293 / 800000
generated: 219353 / 800000
generated: 219394 / 800000
generated: 219426 / 800000
generated: 219466 / 800000
generated: 219512 / 800000
generated: 219557 / 800000
generated: 219603 / 800000
generated: 219646 / 800000
generated: 219690 / 800000
generated: 219734 / 800000
generated: 219767 / 800000
generated: 219818 / 800000
generated: 219865 / 800000
generated: 219919 / 800000
generated: 219966 / 800000
generated: 220012 / 800000
generated: 220066 / 800000
generated: 220107 / 800000
generated: 220161 / 800000
generated: 220199 / 800000
generated: 220243 / 800000
generated: 220282 / 800000
generated: 220326 / 800000
generated: 220369 / 800000
generated: 220411 / 800000
generated: 220457 / 800000
generated: 220493 / 800000
generated: 220533 / 800000
generated: 220580 / 800000
generated: 220632 / 800000
generated: 220689 / 800000
generated: 220733 / 800000
generated: 220772 / 800000
generated: 220815 / 800000
generated: 220858 / 800000
generated: 220893 / 800000
generated: 220939 / 800000
generated: 220990 / 800000
generated: 221042 / 800000
generated: 221080 / 800000
generated: 221117 / 800000
generated: 221161 / 800000
generated: 221202 / 800000
generated: 221243 / 800000
generated: 221287 / 800000
generated: 221320 / 800000
generated: 221353 / 800000
generated: 221399 / 800000
generated: 221454 / 800000
generated: 221497 / 800000
generated: 221551 / 800000
generated: 221589 / 800000
generated: 221630 / 800000
generated: 221664 / 800000
generated: 221710 / 800000
generated: 221753 / 800000
generated: 221782 / 800000
generated: 221822 / 800000
generated: 221863 / 800000
generated: 221913 / 800000
generated: 221957 / 800000
generated: 222007 / 800000
generated: 222052 / 800000
generated: 222090 / 800000
generated: 222142 / 800000
generated: 222196 / 800000
generated: 222235 / 800000
generated: 222280 / 800000
generated: 222323 / 800000
generated: 222361 / 800000
generated: 222396 / 800000
generated: 222434 / 800000
generated: 222490 / 800000
generated: 222536 / 800000
generated: 222585 / 800000
generated: 222631 / 800000
generated: 222670 / 800000
generated: 222717 / 800000
generated: 222764 / 800000
generated: 222801 / 800000
generated: 222851 / 800000
generated: 222896 / 800000
generated: 222932 / 800000
generated: 222972 / 800000
generated: 223003 / 800000
generated: 223055 / 800000
generated: 223097 / 800000
generated: 223154 / 800000
generated: 223192 / 800000
generated: 223257 / 800000
generated: 223305 / 800000
generated: 223341 / 800000
generated: 223382 / 800000
generated: 223428 / 800000
generated: 223475 / 800000
generated: 223521 / 800000
generated: 223579 / 800000
generated: 223621 / 800000
generated: 223677 / 800000
generated: 223723 / 800000
generated: 223769 / 800000
generated: 223805 / 800000
generated: 223852 / 800000
generated: 223902 / 800000
generated: 223950 / 800000
generated: 223992 / 800000
generated: 224029 / 800000
generated: 224080 / 800000
generated: 224129 / 800000
generated: 224179 / 800000
generated: 224217 / 800000
generated: 224263 / 800000
generated: 224321 / 800000
generated: 224373 / 800000
generated: 224421 / 800000
generated: 224455 / 800000
generated: 224507 / 800000
generated: 224544 / 800000
generated: 224590 / 800000
generated: 224644 / 800000
generated: 224691 / 800000
generated: 224744 / 800000
generated: 224792 / 800000
generated: 224831 / 800000
generated: 224875 / 800000
generated: 224916 / 800000
generated: 224969 / 800000
generated: 225021 / 800000
generated: 225065 / 800000
generated: 225104 / 800000
generated: 225150 / 800000
generated: 225189 / 800000
generated: 225227 / 800000
generated: 225265 / 800000
generated: 225315 / 800000
generated: 225360 / 800000
generated: 225400 / 800000
generated: 225435 / 800000
generated: 225482 / 800000
generated: 225536 / 800000
generated: 225576 / 800000
generated: 225611 / 800000
generated: 225660 / 800000
generated: 225708 / 800000
generated: 225763 / 800000
generated: 225801 / 800000
generated: 225845 / 800000
generated: 225896 / 800000
generated: 225945 / 800000
generated: 225994 / 800000
generated: 226043 / 800000
generated: 226095 / 800000
generated: 226148 / 800000
generated: 226192 / 800000
generated: 226234 / 800000
generated: 226289 / 800000
generated: 226327 / 800000
generated: 226366 / 800000
generated: 226417 / 800000
generated: 226458 / 800000
generated: 226508 / 800000
generated: 226551 / 800000
generated: 226595 / 800000
generated: 226630 / 800000
generated: 226682 / 800000
generated: 226721 / 800000
generated: 226767 / 800000
generated: 226810 / 800000
generated: 226857 / 800000
generated: 226909 / 800000
generated: 226960 / 800000
generated: 227012 / 800000
generated: 227054 / 800000
generated: 227112 / 800000
generated: 227168 / 800000
generated: 227219 / 800000
generated: 227255 / 800000
generated: 227300 / 800000
generated: 227347 / 800000
generated: 227379 / 800000
generated: 227421 / 800000
generated: 227450 / 800000
generated: 227484 / 800000
generated: 227533 / 800000
generated: 227573 / 800000
generated: 227620 / 800000
generated: 227666 / 800000
generated: 227715 / 800000
generated: 227760 / 800000
generated: 227793 / 800000
generated: 227831 / 800000
generated: 227883 / 800000
generated: 227930 / 800000
generated: 227967 / 800000
generated: 228018 / 800000
generated: 228058 / 800000
generated: 228104 / 800000
generated: 228141 / 800000
generated: 228183 / 800000
generated: 228223 / 800000
generated: 228273 / 800000
generated: 228316 / 800000
generated: 228355 / 800000
generated: 228408 / 800000
generated: 228457 / 800000
generated: 228508 / 800000
generated: 228562 / 800000
generated: 228606 / 800000
generated: 228651 / 800000
generated: 228695 / 800000
generated: 228732 / 800000
generated: 228782 / 800000
generated: 228825 / 800000
generated: 228862 / 800000
generated: 228915 / 800000
generated: 228962 / 800000
generated: 228996 / 800000
generated: 229028 / 800000
generated: 229061 / 800000
generated: 229106 / 800000
generated: 229157 / 800000
generated: 229210 / 800000
generated: 229253 / 800000
generated: 229303 / 800000
generated: 229344 / 800000
generated: 229388 / 800000
generated: 229427 / 800000
generated: 229473 / 800000
generated: 229508 / 800000
generated: 229551 / 800000
generated: 229600 / 800000
generated: 229645 / 800000
generated: 229692 / 800000
generated: 229736 / 800000
generated: 229779 / 800000
generated: 229846 / 800000
generated: 229885 / 800000
generated: 229930 / 800000
generated: 229981 / 800000
generated: 230027 / 800000
generated: 230085 / 800000
generated: 230132 / 800000
generated: 230172 / 800000
generated: 230213 / 800000
generated: 230255 / 800000
generated: 230300 / 800000
generated: 230340 / 800000
generated: 230384 / 800000
generated: 230424 / 800000
generated: 230462 / 800000
generated: 230506 / 800000
generated: 230558 / 800000
generated: 230608 / 800000
generated: 230659 / 800000
generated: 230703 / 800000
generated: 230752 / 800000
generated: 230802 / 800000
generated: 230855 / 800000
generated: 230906 / 800000
generated: 230956 / 800000
generated: 230999 / 800000
generated: 231044 / 800000
generated: 231083 / 800000
generated: 231129 / 800000
generated: 231168 / 800000
generated: 231213 / 800000
generated: 231255 / 800000
generated: 231300 / 800000
generated: 231343 / 800000
generated: 231384 / 800000
generated: 231439 / 800000
generated: 231481 / 800000
generated: 231531 / 800000
generated: 231570 / 800000
generated: 231617 / 800000
generated: 231658 / 800000
generated: 231706 / 800000
generated: 231752 / 800000
generated: 231791 / 800000
generated: 231842 / 800000
generated: 231886 / 800000
generated: 231925 / 800000
generated: 231954 / 800000
generated: 232003 / 800000
generated: 232052 / 800000
generated: 232092 / 800000
generated: 232128 / 800000
generated: 232170 / 800000
generated: 232229 / 800000
generated: 232281 / 800000
generated: 232330 / 800000
generated: 232378 / 800000
generated: 232423 / 800000
generated: 232468 / 800000
generated: 232509 / 800000
generated: 232555 / 800000
generated: 232599 / 800000
generated: 232651 / 800000
generated: 232689 / 800000
generated: 232731 / 800000
generated: 232774 / 800000
generated: 232817 / 800000
generated: 232877 / 800000
generated: 232925 / 800000
generated: 232966 / 800000
generated: 232994 / 800000
generated: 233035 / 800000
generated: 233075 / 800000
generated: 233118 / 800000
generated: 233161 / 800000
generated: 233208 / 800000
generated: 233246 / 800000
generated: 233290 / 800000
generated: 233335 / 800000
generated: 233373 / 800000
generated: 233407 / 800000
generated: 233456 / 800000
generated: 233500 / 800000
generated: 233555 / 800000
generated: 233598 / 800000
generated: 233635 / 800000
generated: 233676 / 800000
generated: 233716 / 800000
generated: 233760 / 800000
generated: 233804 / 800000
generated: 233850 / 800000
generated: 233897 / 800000
generated: 233939 / 800000
generated: 233986 / 800000
generated: 234033 / 800000
generated: 234084 / 800000
generated: 234126 / 800000
generated: 234179 / 800000
generated: 234221 / 800000
generated: 234259 / 800000
generated: 234314 / 800000
generated: 234358 / 800000
generated: 234408 / 800000
generated: 234458 / 800000
generated: 234509 / 800000
generated: 234556 / 800000
generated: 234590 / 800000
generated: 234643 / 800000
generated: 234689 / 800000
generated: 234733 / 800000
generated: 234770 / 800000
generated: 234816 / 800000
generated: 234854 / 800000
generated: 234900 / 800000
generated: 234945 / 800000
generated: 234989 / 800000
generated: 235039 / 800000
generated: 235075 / 800000
generated: 235129 / 800000
generated: 235168 / 800000
generated: 235214 / 800000
generated: 235260 / 800000
generated: 235298 / 800000
generated: 235356 / 800000
generated: 235403 / 800000
generated: 235439 / 800000
generated: 235491 / 800000
generated: 235527 / 800000
generated: 235565 / 800000
generated: 235615 / 800000
generated: 235661 / 800000
generated: 235713 / 800000
generated: 235751 / 800000
generated: 235800 / 800000
generated: 235853 / 800000
generated: 235905 / 800000
generated: 235957 / 800000
generated: 236003 / 800000
generated: 236050 / 800000
generated: 236107 / 800000
generated: 236154 / 800000
generated: 236199 / 800000
generated: 236249 / 800000
generated: 236289 / 800000
generated: 236349 / 800000
generated: 236398 / 800000
generated: 236452 / 800000
generated: 236495 / 800000
generated: 236537 / 800000
generated: 236590 / 800000
generated: 236636 / 800000
generated: 236673 / 800000
generated: 236719 / 800000
generated: 236767 / 800000
generated: 236802 / 800000
generated: 236847 / 800000
generated: 236902 / 800000
generated: 236935 / 800000
generated: 236968 / 800000
generated: 237019 / 800000
generated: 237067 / 800000
generated: 237100 / 800000
generated: 237134 / 800000
generated: 237167 / 800000
generated: 237205 / 800000
generated: 237244 / 800000
generated: 237300 / 800000
generated: 237349 / 800000
generated: 237407 / 800000
generated: 237457 / 800000
generated: 237505 / 800000
generated: 237553 / 800000
generated: 237596 / 800000
generated: 237636 / 800000
generated: 237684 / 800000
generated: 237721 / 800000
generated: 237772 / 800000
generated: 237817 / 800000
generated: 237870 / 800000
generated: 237914 / 800000
generated: 237958 / 800000
generated: 238003 / 800000
generated: 238048 / 800000
generated: 238089 / 800000
generated: 238119 / 800000
generated: 238162 / 800000
generated: 238209 / 800000
generated: 238261 / 800000
generated: 238315 / 800000
generated: 238351 / 800000
generated: 238390 / 800000
generated: 238444 / 800000
generated: 238495 / 800000
generated: 238550 / 800000
generated: 238593 / 800000
generated: 238638 / 800000
generated: 238678 / 800000
generated: 238730 / 800000
generated: 238769 / 800000
generated: 238818 / 800000
generated: 238860 / 800000
generated: 238898 / 800000
generated: 238946 / 800000
generated: 238981 / 800000
generated: 239026 / 800000
generated: 239070 / 800000
generated: 239107 / 800000
generated: 239146 / 800000
generated: 239204 / 800000
generated: 239249 / 800000
generated: 239294 / 800000
generated: 239341 / 800000
generated: 239375 / 800000
generated: 239422 / 800000
generated: 239464 / 800000
generated: 239506 / 800000
generated: 239557 / 800000
generated: 239594 / 800000
generated: 239648 / 800000
generated: 239704 / 800000
generated: 239744 / 800000
generated: 239795 / 800000
generated: 239839 / 800000
generated: 239870 / 800000
generated: 239922 / 800000
generated: 239976 / 800000
generated: 240013 / 800000
generated: 240065 / 800000
generated: 240115 / 800000
generated: 240162 / 800000
generated: 240199 / 800000
generated: 240248 / 800000
generated: 240304 / 800000
generated: 240342 / 800000
generated: 240396 / 800000
generated: 240447 / 800000
generated: 240502 / 800000
generated: 240551 / 800000
generated: 240588 / 800000
generated: 240635 / 800000
generated: 240685 / 800000
generated: 240729 / 800000
generated: 240776 / 800000
generated: 240821 / 800000
generated: 240876 / 800000
generated: 240929 / 800000
generated: 240981 / 800000
generated: 241030 / 800000
generated: 241071 / 800000
generated: 241129 / 800000
generated: 241188 / 800000
generated: 241225 / 800000
generated: 241278 / 800000
generated: 241316 / 800000
generated: 241362 / 800000
generated: 241407 / 800000
generated: 241454 / 800000
generated: 241502 / 800000
generated: 241548 / 800000
generated: 241608 / 800000
generated: 241648 / 800000
generated: 241688 / 800000
generated: 241727 / 800000
generated: 241771 / 800000
generated: 241827 / 800000
generated: 241879 / 800000
generated: 241929 / 800000
generated: 241966 / 800000
generated: 242016 / 800000
generated: 242079 / 800000
generated: 242120 / 800000
generated: 242167 / 800000
generated: 242220 / 800000
generated: 242267 / 800000
generated: 242325 / 800000
generated: 242375 / 800000
generated: 242428 / 800000
generated: 242469 / 800000
generated: 242511 / 800000
generated: 242562 / 800000
generated: 242607 / 800000
generated: 242650 / 800000
generated: 242702 / 800000
generated: 242745 / 800000
generated: 242783 / 800000
generated: 242829 / 800000
generated: 242866 / 800000
generated: 242908 / 800000
generated: 242956 / 800000
generated: 243009 / 800000
generated: 243057 / 800000
generated: 243088 / 800000
generated: 243132 / 800000
generated: 243168 / 800000
generated: 243204 / 800000
generated: 243247 / 800000
generated: 243284 / 800000
generated: 243333 / 800000
generated: 243372 / 800000
generated: 243403 / 800000
generated: 243437 / 800000
generated: 243484 / 800000
generated: 243515 / 800000
generated: 243566 / 800000
generated: 243629 / 800000
generated: 243676 / 800000
generated: 243723 / 800000
generated: 243768 / 800000
generated: 243823 / 800000
generated: 243872 / 800000
generated: 243924 / 800000
generated: 243969 / 800000
generated: 244013 / 800000
generated: 244052 / 800000
generated: 244095 / 800000
generated: 244138 / 800000
generated: 244178 / 800000
generated: 244225 / 800000
generated: 244270 / 800000
generated: 244319 / 800000
generated: 244352 / 800000
generated: 244398 / 800000
generated: 244444 / 800000
generated: 244481 / 800000
generated: 244525 / 800000
generated: 244565 / 800000
generated: 244603 / 800000
generated: 244637 / 800000
generated: 244681 / 800000
generated: 244723 / 800000
generated: 244776 / 800000
generated: 244823 / 800000
generated: 244869 / 800000
generated: 244911 / 800000
generated: 244953 / 800000
generated: 244990 / 800000
generated: 245024 / 800000
generated: 245063 / 800000
generated: 245104 / 800000
generated: 245144 / 800000
generated: 245188 / 800000
generated: 245222 / 800000
generated: 245268 / 800000
generated: 245322 / 800000
generated: 245369 / 800000
generated: 245412 / 800000
generated: 245453 / 800000
generated: 245496 / 800000
generated: 245552 / 800000
generated: 245594 / 800000
generated: 245633 / 800000
generated: 245681 / 800000
generated: 245724 / 800000
generated: 245760 / 800000
generated: 245808 / 800000
generated: 245860 / 800000
generated: 245901 / 800000
generated: 245949 / 800000
generated: 246001 / 800000
generated: 246045 / 800000
generated: 246085 / 800000
generated: 246123 / 800000
generated: 246171 / 800000
generated: 246223 / 800000
generated: 246268 / 800000
generated: 246325 / 800000
generated: 246368 / 800000
generated: 246418 / 800000
generated: 246462 / 800000
generated: 246512 / 800000
generated: 246561 / 800000
generated: 246608 / 800000
generated: 246650 / 800000
generated: 246699 / 800000
generated: 246747 / 800000
generated: 246791 / 800000
generated: 246833 / 800000
generated: 246881 / 800000
generated: 246940 / 800000
generated: 246973 / 800000
generated: 247017 / 800000
generated: 247059 / 800000
generated: 247105 / 800000
generated: 247144 / 800000
generated: 247200 / 800000
generated: 247252 / 800000
generated: 247298 / 800000
generated: 247340 / 800000
generated: 247370 / 800000
generated: 247406 / 800000
generated: 247442 / 800000
generated: 247481 / 800000
generated: 247524 / 800000
generated: 247567 / 800000
generated: 247615 / 800000
generated: 247667 / 800000
generated: 247714 / 800000
generated: 247760 / 800000
generated: 247806 / 800000
generated: 247853 / 800000
generated: 247889 / 800000
generated: 247926 / 800000
generated: 247975 / 800000
generated: 248030 / 800000
generated: 248074 / 800000
generated: 248123 / 800000
generated: 248177 / 800000
generated: 248223 / 800000
generated: 248279 / 800000
generated: 248334 / 800000
generated: 248381 / 800000
generated: 248435 / 800000
generated: 248495 / 800000
generated: 248536 / 800000
generated: 248588 / 800000
generated: 248635 / 800000
generated: 248678 / 800000
generated: 248722 / 800000
generated: 248771 / 800000
generated: 248824 / 800000
generated: 248877 / 800000
generated: 248921 / 800000
generated: 248963 / 800000
generated: 249004 / 800000
generated: 249052 / 800000
generated: 249090 / 800000
generated: 249140 / 800000
generated: 249188 / 800000
generated: 249226 / 800000
generated: 249263 / 800000
generated: 249315 / 800000
generated: 249357 / 800000
generated: 249393 / 800000
generated: 249426 / 800000
generated: 249474 / 800000
generated: 249515 / 800000
generated: 249570 / 800000
generated: 249603 / 800000
generated: 249658 / 800000
generated: 249705 / 800000
generated: 249750 / 800000
generated: 249793 / 800000
generated: 249841 / 800000
generated: 249901 / 800000
generated: 249942 / 800000
generated: 249988 / 800000
generated: 250033 / 800000
generated: 250091 / 800000
generated: 250134 / 800000
generated: 250178 / 800000
generated: 250220 / 800000
generated: 250250 / 800000
generated: 250295 / 800000
generated: 250331 / 800000
generated: 250371 / 800000
generated: 250426 / 800000
generated: 250477 / 800000
generated: 250518 / 800000
generated: 250559 / 800000
generated: 250599 / 800000
generated: 250635 / 800000
generated: 250678 / 800000
generated: 250722 / 800000
generated: 250770 / 800000
generated: 250824 / 800000
generated: 250861 / 800000
generated: 250917 / 800000
generated: 250972 / 800000
generated: 251004 / 800000
generated: 251062 / 800000
generated: 251103 / 800000
generated: 251151 / 800000
generated: 251202 / 800000
generated: 251246 / 800000
generated: 251284 / 800000
generated: 251329 / 800000
generated: 251380 / 800000
generated: 251423 / 800000
generated: 251464 / 800000
generated: 251508 / 800000
generated: 251548 / 800000
generated: 251597 / 800000
generated: 251641 / 800000
generated: 251673 / 800000
generated: 251718 / 800000
generated: 251764 / 800000
generated: 251814 / 800000
generated: 251864 / 800000
generated: 251914 / 800000
generated: 251957 / 800000
generated: 252002 / 800000
generated: 252048 / 800000
generated: 252101 / 800000
generated: 252154 / 800000
generated: 252201 / 800000
generated: 252245 / 800000
generated: 252291 / 800000
generated: 252331 / 800000
generated: 252378 / 800000
generated: 252425 / 800000
generated: 252461 / 800000
generated: 252508 / 800000
generated: 252556 / 800000
generated: 252605 / 800000
generated: 252652 / 800000
generated: 252711 / 800000
generated: 252757 / 800000
generated: 252804 / 800000
generated: 252854 / 800000
generated: 252902 / 800000
generated: 252939 / 800000
generated: 252988 / 800000
generated: 253030 / 800000
generated: 253073 / 800000
generated: 253108 / 800000
generated: 253154 / 800000
generated: 253208 / 800000
generated: 253255 / 800000
generated: 253297 / 800000
generated: 253343 / 800000
generated: 253397 / 800000
generated: 253442 / 800000
generated: 253485 / 800000
generated: 253527 / 800000
generated: 253572 / 800000
generated: 253616 / 800000
generated: 253662 / 800000
generated: 253705 / 800000
generated: 253744 / 800000
generated: 253786 / 800000
generated: 253834 / 800000
generated: 253871 / 800000
generated: 253924 / 800000
generated: 253975 / 800000
generated: 254018 / 800000
generated: 254071 / 800000
generated: 254118 / 800000
generated: 254167 / 800000
generated: 254216 / 800000
generated: 254265 / 800000
generated: 254320 / 800000
generated: 254365 / 800000
generated: 254398 / 800000
generated: 254440 / 800000
generated: 254473 / 800000
generated: 254511 / 800000
generated: 254557 / 800000
generated: 254599 / 800000
generated: 254640 / 800000
generated: 254696 / 800000
generated: 254759 / 800000
generated: 254803 / 800000
generated: 254848 / 800000
generated: 254888 / 800000
generated: 254941 / 800000
generated: 254983 / 800000
generated: 255036 / 800000
generated: 255091 / 800000
generated: 255144 / 800000
generated: 255191 / 800000
generated: 255229 / 800000
generated: 255276 / 800000
generated: 255319 / 800000
generated: 255378 / 800000
generated: 255408 / 800000
generated: 255453 / 800000
generated: 255493 / 800000
generated: 255533 / 800000
generated: 255582 / 800000
generated: 255622 / 800000
generated: 255668 / 800000
generated: 255716 / 800000
generated: 255746 / 800000
generated: 255795 / 800000
generated: 255829 / 800000
generated: 255860 / 800000
generated: 255907 / 800000
generated: 255949 / 800000
generated: 256000 / 800000
generated: 256034 / 800000
generated: 256075 / 800000
generated: 256123 / 800000
generated: 256157 / 800000
generated: 256204 / 800000
generated: 256249 / 800000
generated: 256294 / 800000
generated: 256335 / 800000
generated: 256382 / 800000
generated: 256433 / 800000
generated: 256477 / 800000
generated: 256519 / 800000
generated: 256553 / 800000
generated: 256599 / 800000
generated: 256643 / 800000
generated: 256687 / 800000
generated: 256738 / 800000
generated: 256789 / 800000
generated: 256827 / 800000
generated: 256870 / 800000
generated: 256918 / 800000
generated: 256956 / 800000
generated: 256990 / 800000
generated: 257021 / 800000
generated: 257079 / 800000
generated: 257134 / 800000
generated: 257177 / 800000
generated: 257228 / 800000
generated: 257279 / 800000
generated: 257322 / 800000
generated: 257368 / 800000
generated: 257407 / 800000
generated: 257459 / 800000
generated: 257491 / 800000
generated: 257527 / 800000
generated: 257575 / 800000
generated: 257623 / 800000
generated: 257667 / 800000
generated: 257708 / 800000
generated: 257758 / 800000
generated: 257812 / 800000
generated: 257864 / 800000
generated: 257909 / 800000
generated: 257949 / 800000
generated: 257990 / 800000
generated: 258031 / 800000
generated: 258064 / 800000
generated: 258101 / 800000
generated: 258136 / 800000
generated: 258171 / 800000
generated: 258213 / 800000
generated: 258255 / 800000
generated: 258296 / 800000
generated: 258342 / 800000
generated: 258385 / 800000
generated: 258431 / 800000
generated: 258464 / 800000
generated: 258508 / 800000
generated: 258557 / 800000
generated: 258596 / 800000
generated: 258636 / 800000
generated: 258688 / 800000
generated: 258731 / 800000
generated: 258767 / 800000
generated: 258819 / 800000
generated: 258863 / 800000
generated: 258903 / 800000
generated: 258961 / 800000
generated: 258999 / 800000
generated: 259038 / 800000
generated: 259081 / 800000
generated: 259126 / 800000
generated: 259178 / 800000
generated: 259219 / 800000
generated: 259266 / 800000
generated: 259309 / 800000
generated: 259357 / 800000
generated: 259397 / 800000
generated: 259447 / 800000
generated: 259484 / 800000
generated: 259531 / 800000
generated: 259579 / 800000
generated: 259635 / 800000
generated: 259689 / 800000
generated: 259728 / 800000
generated: 259768 / 800000
generated: 259823 / 800000
generated: 259867 / 800000
generated: 259920 / 800000
generated: 259965 / 800000
generated: 260025 / 800000
generated: 260068 / 800000
generated: 260109 / 800000
generated: 260163 / 800000
generated: 260201 / 800000
generated: 260251 / 800000
generated: 260310 / 800000
generated: 260357 / 800000
generated: 260392 / 800000
generated: 260435 / 800000
generated: 260488 / 800000
generated: 260532 / 800000
generated: 260566 / 800000
generated: 260613 / 800000
generated: 260653 / 800000
generated: 260699 / 800000
generated: 260753 / 800000
generated: 260802 / 800000
generated: 260844 / 800000
generated: 260889 / 800000
generated: 260942 / 800000
generated: 260992 / 800000
generated: 261052 / 800000
generated: 261090 / 800000
generated: 261140 / 800000
generated: 261181 / 800000
generated: 261234 / 800000
generated: 261288 / 800000
generated: 261339 / 800000
generated: 261373 / 800000
generated: 261406 / 800000
generated: 261467 / 800000
generated: 261511 / 800000
generated: 261554 / 800000
generated: 261596 / 800000
generated: 261636 / 800000
generated: 261675 / 800000
generated: 261717 / 800000
generated: 261757 / 800000
generated: 261803 / 800000
generated: 261845 / 800000
generated: 261881 / 800000
generated: 261913 / 800000
generated: 261960 / 800000
generated: 262002 / 800000
generated: 262053 / 800000
generated: 262087 / 800000
generated: 262138 / 800000
generated: 262190 / 800000
generated: 262230 / 800000
generated: 262273 / 800000
generated: 262314 / 800000
generated: 262369 / 800000
generated: 262415 / 800000
generated: 262463 / 800000
generated: 262506 / 800000
generated: 262546 / 800000
generated: 262584 / 800000
generated: 262626 / 800000
generated: 262680 / 800000
generated: 262729 / 800000
generated: 262760 / 800000
generated: 262815 / 800000
generated: 262856 / 800000
generated: 262897 / 800000
generated: 262956 / 800000
generated: 262986 / 800000
generated: 263023 / 800000
generated: 263059 / 800000
generated: 263104 / 800000
generated: 263146 / 800000
generated: 263193 / 800000
generated: 263231 / 800000
generated: 263276 / 800000
generated: 263323 / 800000
generated: 263388 / 800000
generated: 263424 / 800000
generated: 263470 / 800000
generated: 263515 / 800000
generated: 263565 / 800000
generated: 263618 / 800000
generated: 263661 / 800000
generated: 263711 / 800000
generated: 263752 / 800000
generated: 263796 / 800000
generated: 263839 / 800000
generated: 263887 / 800000
generated: 263928 / 800000
generated: 263970 / 800000
generated: 264014 / 800000
generated: 264054 / 800000
generated: 264104 / 800000
generated: 264151 / 800000
generated: 264196 / 800000
generated: 264235 / 800000
generated: 264286 / 800000
generated: 264327 / 800000
generated: 264371 / 800000
generated: 264418 / 800000
generated: 264460 / 800000
generated: 264513 / 800000
generated: 264554 / 800000
generated: 264605 / 800000
generated: 264652 / 800000
generated: 264691 / 800000
generated: 264737 / 800000
generated: 264783 / 800000
generated: 264829 / 800000
generated: 264876 / 800000
generated: 264934 / 800000
generated: 264987 / 800000
generated: 265032 / 800000
generated: 265072 / 800000
generated: 265115 / 800000
generated: 265164 / 800000
generated: 265214 / 800000
generated: 265252 / 800000
generated: 265296 / 800000
generated: 265340 / 800000
generated: 265396 / 800000
generated: 265431 / 800000
generated: 265472 / 800000
generated: 265516 / 800000
generated: 265555 / 800000
generated: 265601 / 800000
generated: 265653 / 800000
generated: 265695 / 800000
generated: 265742 / 800000
generated: 265767 / 800000
generated: 265805 / 800000
generated: 265853 / 800000
generated: 265904 / 800000
generated: 265952 / 800000
generated: 266009 / 800000
generated: 266066 / 800000
generated: 266117 / 800000
generated: 266162 / 800000
generated: 266213 / 800000
generated: 266248 / 800000
generated: 266299 / 800000
generated: 266341 / 800000
generated: 266375 / 800000
generated: 266414 / 800000
generated: 266464 / 800000
generated: 266510 / 800000
generated: 266572 / 800000
generated: 266619 / 800000
generated: 266660 / 800000
generated: 266705 / 800000
generated: 266742 / 800000
generated: 266791 / 800000
generated: 266841 / 800000
generated: 266894 / 800000
generated: 266956 / 800000
generated: 267001 / 800000
generated: 267052 / 800000
generated: 267086 / 800000
generated: 267123 / 800000
generated: 267152 / 800000
generated: 267192 / 800000
generated: 267235 / 800000
generated: 267279 / 800000
generated: 267325 / 800000
generated: 267373 / 800000
generated: 267418 / 800000
generated: 267466 / 800000
generated: 267508 / 800000
generated: 267558 / 800000
generated: 267594 / 800000
generated: 267648 / 800000
generated: 267690 / 800000
generated: 267745 / 800000
generated: 267788 / 800000
generated: 267834 / 800000
generated: 267873 / 800000
generated: 267913 / 800000
generated: 267970 / 800000
generated: 268007 / 800000
generated: 268045 / 800000
generated: 268081 / 800000
generated: 268137 / 800000
generated: 268179 / 800000
generated: 268221 / 800000
generated: 268271 / 800000
generated: 268323 / 800000
generated: 268377 / 800000
generated: 268417 / 800000
generated: 268474 / 800000
generated: 268518 / 800000
generated: 268551 / 800000
generated: 268594 / 800000
generated: 268641 / 800000
generated: 268685 / 800000
generated: 268729 / 800000
generated: 268775 / 800000
generated: 268816 / 800000
generated: 268863 / 800000
generated: 268899 / 800000
generated: 268946 / 800000
generated: 268997 / 800000
generated: 269037 / 800000
generated: 269090 / 800000
generated: 269127 / 800000
generated: 269166 / 800000
generated: 269216 / 800000
generated: 269255 / 800000
generated: 269303 / 800000
generated: 269337 / 800000
generated: 269388 / 800000
generated: 269435 / 800000
generated: 269476 / 800000
generated: 269537 / 800000
generated: 269582 / 800000
generated: 269631 / 800000
generated: 269673 / 800000
generated: 269728 / 800000
generated: 269773 / 800000
generated: 269818 / 800000
generated: 269862 / 800000
generated: 269905 / 800000
generated: 269954 / 800000
generated: 270004 / 800000
generated: 270038 / 800000
generated: 270085 / 800000
generated: 270131 / 800000
generated: 270176 / 800000
generated: 270218 / 800000
generated: 270261 / 800000
generated: 270314 / 800000
generated: 270355 / 800000
generated: 270397 / 800000
generated: 270435 / 800000
generated: 270464 / 800000
generated: 270505 / 800000
generated: 270555 / 800000
generated: 270594 / 800000
generated: 270634 / 800000
generated: 270677 / 800000
generated: 270731 / 800000
generated: 270776 / 800000
generated: 270829 / 800000
generated: 270875 / 800000
generated: 270937 / 800000
generated: 270979 / 800000
generated: 271020 / 800000
generated: 271066 / 800000
generated: 271124 / 800000
generated: 271174 / 800000
generated: 271225 / 800000
generated: 271262 / 800000
generated: 271308 / 800000
generated: 271355 / 800000
generated: 271402 / 800000
generated: 271455 / 800000
generated: 271499 / 800000
generated: 271548 / 800000
generated: 271589 / 800000
generated: 271636 / 800000
generated: 271682 / 800000
generated: 271725 / 800000
generated: 271772 / 800000
generated: 271820 / 800000
generated: 271870 / 800000
generated: 271905 / 800000
generated: 271957 / 800000
generated: 272006 / 800000
generated: 272053 / 800000
generated: 272090 / 800000
generated: 272133 / 800000
generated: 272187 / 800000
generated: 272232 / 800000
generated: 272286 / 800000
generated: 272319 / 800000
generated: 272360 / 800000
generated: 272403 / 800000
generated: 272443 / 800000
generated: 272484 / 800000
generated: 272525 / 800000
generated: 272568 / 800000
generated: 272621 / 800000
generated: 272685 / 800000
generated: 272720 / 800000
generated: 272763 / 800000
generated: 272806 / 800000
generated: 272849 / 800000
generated: 272892 / 800000
generated: 272937 / 800000
generated: 272983 / 800000
generated: 273023 / 800000
generated: 273068 / 800000
generated: 273118 / 800000
generated: 273171 / 800000
generated: 273214 / 800000
generated: 273275 / 800000
generated: 273334 / 800000
generated: 273376 / 800000
generated: 273433 / 800000
generated: 273473 / 800000
generated: 273524 / 800000
generated: 273575 / 800000
generated: 273615 / 800000
generated: 273665 / 800000
generated: 273706 / 800000
generated: 273742 / 800000
generated: 273779 / 800000
generated: 273821 / 800000
generated: 273862 / 800000
generated: 273900 / 800000
generated: 273945 / 800000
generated: 273991 / 800000
generated: 274043 / 800000
generated: 274093 / 800000
generated: 274129 / 800000
generated: 274177 / 800000
generated: 274219 / 800000
generated: 274264 / 800000
generated: 274308 / 800000
generated: 274358 / 800000
generated: 274415 / 800000
generated: 274448 / 800000
generated: 274485 / 800000
generated: 274534 / 800000
generated: 274570 / 800000
generated: 274614 / 800000
generated: 274657 / 800000
generated: 274700 / 800000
generated: 274748 / 800000
generated: 274790 / 800000
generated: 274829 / 800000
generated: 274858 / 800000
generated: 274894 / 800000
generated: 274934 / 800000
generated: 274972 / 800000
generated: 275019 / 800000
generated: 275068 / 800000
generated: 275114 / 800000
generated: 275165 / 800000
generated: 275207 / 800000
generated: 275257 / 800000
generated: 275308 / 800000
generated: 275357 / 800000
generated: 275400 / 800000
generated: 275440 / 800000
generated: 275481 / 800000
generated: 275534 / 800000
generated: 275573 / 800000
generated: 275613 / 800000
generated: 275662 / 800000
generated: 275710 / 800000
generated: 275748 / 800000
generated: 275788 / 800000
generated: 275837 / 800000
generated: 275880 / 800000
generated: 275923 / 800000
generated: 275963 / 800000
generated: 276007 / 800000
generated: 276050 / 800000
generated: 276094 / 800000
generated: 276144 / 800000
generated: 276186 / 800000
generated: 276231 / 800000
generated: 276282 / 800000
generated: 276331 / 800000
generated: 276376 / 800000
generated: 276417 / 800000
generated: 276469 / 800000
generated: 276510 / 800000
generated: 276557 / 800000
generated: 276591 / 800000
generated: 276646 / 800000
generated: 276685 / 800000
generated: 276720 / 800000
generated: 276764 / 800000
generated: 276830 / 800000
generated: 276882 / 800000
generated: 276929 / 800000
generated: 276968 / 800000
generated: 277013 / 800000
generated: 277068 / 800000
generated: 277100 / 800000
generated: 277147 / 800000
generated: 277192 / 800000
generated: 277249 / 800000
generated: 277293 / 800000
generated: 277338 / 800000
generated: 277372 / 800000
generated: 277415 / 800000
generated: 277464 / 800000
generated: 277504 / 800000
generated: 277570 / 800000
generated: 277603 / 800000
generated: 277631 / 800000
generated: 277671 / 800000
generated: 277705 / 800000
generated: 277761 / 800000
generated: 277805 / 800000
generated: 277848 / 800000
generated: 277900 / 800000
generated: 277940 / 800000
generated: 277997 / 800000
generated: 278037 / 800000
generated: 278087 / 800000
generated: 278119 / 800000
generated: 278160 / 800000
generated: 278212 / 800000
generated: 278251 / 800000
generated: 278307 / 800000
generated: 278362 / 800000
generated: 278401 / 800000
generated: 278444 / 800000
generated: 278493 / 800000
generated: 278531 / 800000
generated: 278573 / 800000
generated: 278618 / 800000
generated: 278657 / 800000
generated: 278713 / 800000
generated: 278767 / 800000
generated: 278822 / 800000
generated: 278863 / 800000
generated: 278906 / 800000
generated: 278954 / 800000
generated: 279000 / 800000
generated: 279040 / 800000
generated: 279087 / 800000
generated: 279126 / 800000
generated: 279176 / 800000
generated: 279212 / 800000
generated: 279270 / 800000
generated: 279319 / 800000
generated: 279353 / 800000
generated: 279401 / 800000
generated: 279451 / 800000
generated: 279499 / 800000
generated: 279549 / 800000
generated: 279593 / 800000
generated: 279631 / 800000
generated: 279676 / 800000
generated: 279738 / 800000
generated: 279777 / 800000
generated: 279813 / 800000
generated: 279856 / 800000
generated: 279906 / 800000
generated: 279945 / 800000
generated: 279985 / 800000
generated: 280033 / 800000
generated: 280085 / 800000
generated: 280116 / 800000
generated: 280153 / 800000
generated: 280192 / 800000
generated: 280234 / 800000
generated: 280276 / 800000
generated: 280317 / 800000
generated: 280363 / 800000
generated: 280399 / 800000
generated: 280436 / 800000
generated: 280495 / 800000
generated: 280527 / 800000
generated: 280562 / 800000
generated: 280607 / 800000
generated: 280647 / 800000
generated: 280684 / 800000
generated: 280732 / 800000
generated: 280768 / 800000
generated: 280808 / 800000
generated: 280847 / 800000
generated: 280895 / 800000
generated: 280937 / 800000
generated: 280971 / 800000
generated: 281021 / 800000
generated: 281072 / 800000
generated: 281109 / 800000
generated: 281167 / 800000
generated: 281217 / 800000
generated: 281257 / 800000
generated: 281295 / 800000
generated: 281341 / 800000
generated: 281394 / 800000
generated: 281431 / 800000
generated: 281480 / 800000
generated: 281536 / 800000
generated: 281573 / 800000
generated: 281621 / 800000
generated: 281670 / 800000
generated: 281716 / 800000
generated: 281761 / 800000
generated: 281806 / 800000
generated: 281847 / 800000
generated: 281888 / 800000
generated: 281940 / 800000
generated: 281987 / 800000
generated: 282042 / 800000
generated: 282091 / 800000
generated: 282131 / 800000
generated: 282175 / 800000
generated: 282225 / 800000
generated: 282264 / 800000
generated: 282295 / 800000
generated: 282340 / 800000
generated: 282391 / 800000
generated: 282441 / 800000
generated: 282497 / 800000
generated: 282527 / 800000
generated: 282577 / 800000
generated: 282620 / 800000
generated: 282665 / 800000
generated: 282713 / 800000
generated: 282766 / 800000
generated: 282814 / 800000
generated: 282853 / 800000
generated: 282895 / 800000
generated: 282927 / 800000
generated: 282968 / 800000
generated: 283000 / 800000
generated: 283060 / 800000
generated: 283114 / 800000
generated: 283152 / 800000
generated: 283200 / 800000
generated: 283248 / 800000
generated: 283291 / 800000
generated: 283340 / 800000
generated: 283385 / 800000
generated: 283427 / 800000
generated: 283477 / 800000
generated: 283521 / 800000
generated: 283562 / 800000
generated: 283608 / 800000
generated: 283658 / 800000
generated: 283704 / 800000
generated: 283740 / 800000
generated: 283788 / 800000
generated: 283834 / 800000
generated: 283885 / 800000
generated: 283933 / 800000
generated: 283983 / 800000
generated: 284037 / 800000
generated: 284080 / 800000
generated: 284118 / 800000
generated: 284161 / 800000
generated: 284193 / 800000
generated: 284245 / 800000
generated: 284282 / 800000
generated: 284326 / 800000
generated: 284383 / 800000
generated: 284437 / 800000
generated: 284479 / 800000
generated: 284518 / 800000
generated: 284580 / 800000
generated: 284628 / 800000
generated: 284676 / 800000
generated: 284727 / 800000
generated: 284770 / 800000
generated: 284816 / 800000
generated: 284850 / 800000
generated: 284902 / 800000
generated: 284945 / 800000
generated: 284986 / 800000
generated: 285038 / 800000
generated: 285081 / 800000
generated: 285125 / 800000
generated: 285166 / 800000
generated: 285211 / 800000
generated: 285263 / 800000
generated: 285296 / 800000
generated: 285351 / 800000
generated: 285392 / 800000
generated: 285447 / 800000
generated: 285491 / 800000
generated: 285542 / 800000
generated: 285590 / 800000
generated: 285649 / 800000
generated: 285689 / 800000
generated: 285739 / 800000
generated: 285783 / 800000
generated: 285813 / 800000
generated: 285863 / 800000
generated: 285904 / 800000
generated: 285946 / 800000
generated: 285991 / 800000
generated: 286033 / 800000
generated: 286082 / 800000
generated: 286125 / 800000
generated: 286166 / 800000
generated: 286209 / 800000
generated: 286257 / 800000
generated: 286297 / 800000
generated: 286340 / 800000
generated: 286395 / 800000
generated: 286446 / 800000
generated: 286500 / 800000
generated: 286557 / 800000
generated: 286593 / 800000
generated: 286639 / 800000
generated: 286698 / 800000
generated: 286741 / 800000
generated: 286771 / 800000
generated: 286816 / 800000
generated: 286865 / 800000
generated: 286912 / 800000
generated: 286959 / 800000
generated: 286995 / 800000
generated: 287038 / 800000
generated: 287085 / 800000
generated: 287137 / 800000
generated: 287181 / 800000
generated: 287227 / 800000
generated: 287271 / 800000
generated: 287316 / 800000
generated: 287354 / 800000
generated: 287399 / 800000
generated: 287452 / 800000
generated: 287499 / 800000
generated: 287550 / 800000
generated: 287602 / 800000
generated: 287648 / 800000
generated: 287704 / 800000
generated: 287746 / 800000
generated: 287794 / 800000
generated: 287835 / 800000
generated: 287882 / 800000
generated: 287923 / 800000
generated: 287966 / 800000
generated: 288014 / 800000
generated: 288066 / 800000
generated: 288112 / 800000
generated: 288151 / 800000
generated: 288199 / 800000
generated: 288248 / 800000
generated: 288304 / 800000
generated: 288344 / 800000
generated: 288401 / 800000
generated: 288440 / 800000
generated: 288484 / 800000
generated: 288538 / 800000
generated: 288592 / 800000
generated: 288632 / 800000
generated: 288688 / 800000
generated: 288748 / 800000
generated: 288796 / 800000
generated: 288843 / 800000
generated: 288887 / 800000
generated: 288936 / 800000
generated: 288989 / 800000
generated: 289028 / 800000
generated: 289070 / 800000
generated: 289117 / 800000
generated: 289164 / 800000
generated: 289214 / 800000
generated: 289258 / 800000
generated: 289308 / 800000
generated: 289349 / 800000
generated: 289386 / 800000
generated: 289425 / 800000
generated: 289472 / 800000
generated: 289508 / 800000
generated: 289555 / 800000
generated: 289602 / 800000
generated: 289655 / 800000
generated: 289702 / 800000
generated: 289749 / 800000
generated: 289802 / 800000
generated: 289834 / 800000
generated: 289879 / 800000
generated: 289909 / 800000
generated: 289941 / 800000
generated: 289997 / 800000
generated: 290043 / 800000
generated: 290100 / 800000
generated: 290137 / 800000
generated: 290176 / 800000
generated: 290223 / 800000
generated: 290270 / 800000
generated: 290303 / 800000
generated: 290349 / 800000
generated: 290387 / 800000
generated: 290437 / 800000
generated: 290477 / 800000
generated: 290517 / 800000
generated: 290553 / 800000
generated: 290604 / 800000
generated: 290647 / 800000
generated: 290688 / 800000
generated: 290725 / 800000
generated: 290772 / 800000
generated: 290821 / 800000
generated: 290850 / 800000
generated: 290900 / 800000
generated: 290951 / 800000
generated: 290990 / 800000
generated: 291030 / 800000
generated: 291070 / 800000
generated: 291115 / 800000
generated: 291155 / 800000
generated: 291196 / 800000
generated: 291247 / 800000
generated: 291285 / 800000
generated: 291333 / 800000
generated: 291372 / 800000
generated: 291430 / 800000
generated: 291481 / 800000
generated: 291533 / 800000
generated: 291580 / 800000
generated: 291630 / 800000
generated: 291685 / 800000
generated: 291739 / 800000
generated: 291773 / 800000
generated: 291819 / 800000
generated: 291860 / 800000
generated: 291908 / 800000
generated: 291941 / 800000
generated: 291994 / 800000
generated: 292048 / 800000
generated: 292097 / 800000
generated: 292142 / 800000
generated: 292196 / 800000
generated: 292238 / 800000
generated: 292290 / 800000
generated: 292339 / 800000
generated: 292384 / 800000
generated: 292427 / 800000
generated: 292479 / 800000
generated: 292517 / 800000
generated: 292555 / 800000
generated: 292599 / 800000
generated: 292648 / 800000
generated: 292692 / 800000
generated: 292731 / 800000
generated: 292772 / 800000
generated: 292814 / 800000
generated: 292855 / 800000
generated: 292897 / 800000
generated: 292942 / 800000
generated: 292991 / 800000
generated: 293033 / 800000
generated: 293073 / 800000
generated: 293120 / 800000
generated: 293160 / 800000
generated: 293217 / 800000
generated: 293267 / 800000
generated: 293313 / 800000
generated: 293354 / 800000
generated: 293402 / 800000
generated: 293446 / 800000
generated: 293492 / 800000
generated: 293538 / 800000
generated: 293590 / 800000
generated: 293645 / 800000
generated: 293690 / 800000
generated: 293742 / 800000
generated: 293782 / 800000
generated: 293824 / 800000
generated: 293873 / 800000
generated: 293927 / 800000
generated: 293971 / 800000
generated: 294025 / 800000
generated: 294060 / 800000
generated: 294116 / 800000
generated: 294152 / 800000
generated: 294198 / 800000
generated: 294241 / 800000
generated: 294291 / 800000
generated: 294335 / 800000
generated: 294383 / 800000
generated: 294432 / 800000
generated: 294471 / 800000
generated: 294505 / 800000
generated: 294557 / 800000
generated: 294625 / 800000
generated: 294675 / 800000
generated: 294718 / 800000
generated: 294762 / 800000
generated: 294808 / 800000
generated: 294851 / 800000
generated: 294892 / 800000
generated: 294934 / 800000
generated: 294978 / 800000
generated: 295031 / 800000
generated: 295085 / 800000
generated: 295127 / 800000
generated: 295157 / 800000
generated: 295204 / 800000
generated: 295234 / 800000
generated: 295280 / 800000
generated: 295328 / 800000
generated: 295375 / 800000
generated: 295411 / 800000
generated: 295467 / 800000
generated: 295512 / 800000
generated: 295548 / 800000
generated: 295597 / 800000
generated: 295642 / 800000
generated: 295686 / 800000
generated: 295734 / 800000
generated: 295779 / 800000
generated: 295815 / 800000
generated: 295853 / 800000
generated: 295900 / 800000
generated: 295942 / 800000
generated: 295989 / 800000
generated: 296029 / 800000
generated: 296065 / 800000
generated: 296110 / 800000
generated: 296145 / 800000
generated: 296178 / 800000
generated: 296230 / 800000
generated: 296275 / 800000
generated: 296323 / 800000
generated: 296364 / 800000
generated: 296405 / 800000
generated: 296444 / 800000
generated: 296493 / 800000
generated: 296535 / 800000
generated: 296575 / 800000
generated: 296601 / 800000
generated: 296663 / 800000
generated: 296704 / 800000
generated: 296746 / 800000
generated: 296785 / 800000
generated: 296835 / 800000
generated: 296885 / 800000
generated: 296918 / 800000
generated: 296960 / 800000
generated: 297002 / 800000
generated: 297047 / 800000
generated: 297106 / 800000
generated: 297156 / 800000
generated: 297203 / 800000
generated: 297252 / 800000
generated: 297303 / 800000
generated: 297346 / 800000
generated: 297391 / 800000
generated: 297425 / 800000
generated: 297473 / 800000
generated: 297514 / 800000
generated: 297563 / 800000
generated: 297609 / 800000
generated: 297658 / 800000
generated: 297698 / 800000
generated: 297745 / 800000
generated: 297787 / 800000
generated: 297823 / 800000
generated: 297851 / 800000
generated: 297893 / 800000
generated: 297939 / 800000
generated: 297979 / 800000
generated: 298040 / 800000
generated: 298086 / 800000
generated: 298126 / 800000
generated: 298168 / 800000
generated: 298204 / 800000
generated: 298251 / 800000
generated: 298286 / 800000
generated: 298322 / 800000
generated: 298363 / 800000
generated: 298398 / 800000
generated: 298440 / 800000
generated: 298483 / 800000
generated: 298529 / 800000
generated: 298581 / 800000
generated: 298634 / 800000
generated: 298692 / 800000
generated: 298740 / 800000
generated: 298791 / 800000
generated: 298839 / 800000
generated: 298880 / 800000
generated: 298923 / 800000
generated: 298972 / 800000
generated: 299021 / 800000
generated: 299079 / 800000
generated: 299115 / 800000
generated: 299153 / 800000
generated: 299199 / 800000
generated: 299250 / 800000
generated: 299304 / 800000
generated: 299358 / 800000
generated: 299404 / 800000
generated: 299442 / 800000
generated: 299482 / 800000
generated: 299524 / 800000
generated: 299564 / 800000
generated: 299607 / 800000
generated: 299655 / 800000
generated: 299696 / 800000
generated: 299736 / 800000
generated: 299781 / 800000
generated: 299828 / 800000
generated: 299875 / 800000
generated: 299919 / 800000
generated: 299973 / 800000
generated: 300014 / 800000
generated: 300050 / 800000
generated: 300094 / 800000
generated: 300137 / 800000
generated: 300185 / 800000
generated: 300241 / 800000
generated: 300290 / 800000
generated: 300332 / 800000
generated: 300372 / 800000
generated: 300410 / 800000
generated: 300450 / 800000
generated: 300501 / 800000
generated: 300556 / 800000
generated: 300598 / 800000
generated: 300648 / 800000
generated: 300699 / 800000
generated: 300733 / 800000
generated: 300783 / 800000
generated: 300826 / 800000
generated: 300874 / 800000
generated: 300916 / 800000
generated: 300964 / 800000
generated: 301012 / 800000
generated: 301046 / 800000
generated: 301100 / 800000
generated: 301145 / 800000
generated: 301185 / 800000
generated: 301233 / 800000
generated: 301283 / 800000
generated: 301333 / 800000
generated: 301370 / 800000
generated: 301417 / 800000
generated: 301468 / 800000
generated: 301519 / 800000
generated: 301562 / 800000
generated: 301600 / 800000
generated: 301644 / 800000
generated: 301680 / 800000
generated: 301728 / 800000
generated: 301772 / 800000
generated: 301811 / 800000
generated: 301873 / 800000
generated: 301911 / 800000
generated: 301959 / 800000
generated: 301999 / 800000
generated: 302040 / 800000
generated: 302084 / 800000
generated: 302133 / 800000
generated: 302174 / 800000
generated: 302216 / 800000
generated: 302258 / 800000
generated: 302313 / 800000
generated: 302357 / 800000
generated: 302410 / 800000
generated: 302450 / 800000
generated: 302505 / 800000
generated: 302535 / 800000
generated: 302575 / 800000
generated: 302628 / 800000
generated: 302666 / 800000
generated: 302711 / 800000
generated: 302759 / 800000
generated: 302816 / 800000
generated: 302865 / 800000
generated: 302906 / 800000
generated: 302957 / 800000
generated: 302998 / 800000
generated: 303046 / 800000
generated: 303095 / 800000
generated: 303137 / 800000
generated: 303174 / 800000
generated: 303210 / 800000
generated: 303260 / 800000
generated: 303293 / 800000
generated: 303335 / 800000
generated: 303375 / 800000
generated: 303424 / 800000
generated: 303468 / 800000
generated: 303502 / 800000
generated: 303562 / 800000
generated: 303620 / 800000
generated: 303669 / 800000
generated: 303710 / 800000
generated: 303753 / 800000
generated: 303806 / 800000
generated: 303852 / 800000
generated: 303894 / 800000
generated: 303934 / 800000
generated: 303977 / 800000
generated: 304021 / 800000
generated: 304067 / 800000
generated: 304107 / 800000
generated: 304148 / 800000
generated: 304195 / 800000
generated: 304249 / 800000
generated: 304301 / 800000
generated: 304352 / 800000
generated: 304406 / 800000
generated: 304447 / 800000
generated: 304509 / 800000
generated: 304550 / 800000
generated: 304591 / 800000
generated: 304628 / 800000
generated: 304669 / 800000
generated: 304707 / 800000
generated: 304759 / 800000
generated: 304799 / 800000
generated: 304839 / 800000
generated: 304883 / 800000
generated: 304925 / 800000
generated: 304974 / 800000
generated: 305007 / 800000
generated: 305045 / 800000
generated: 305089 / 800000
generated: 305131 / 800000
generated: 305172 / 800000
generated: 305217 / 800000
generated: 305274 / 800000
generated: 305326 / 800000
generated: 305375 / 800000
generated: 305421 / 800000
generated: 305460 / 800000
generated: 305492 / 800000
generated: 305539 / 800000
generated: 305588 / 800000
generated: 305634 / 800000
generated: 305682 / 800000
generated: 305730 / 800000
generated: 305768 / 800000
generated: 305805 / 800000
generated: 305852 / 800000
generated: 305905 / 800000
generated: 305956 / 800000
generated: 305998 / 800000
generated: 306046 / 800000
generated: 306098 / 800000
generated: 306142 / 800000
generated: 306196 / 800000
generated: 306241 / 800000
generated: 306279 / 800000
generated: 306331 / 800000
generated: 306376 / 800000
generated: 306424 / 800000
generated: 306473 / 800000
generated: 306519 / 800000
generated: 306559 / 800000
generated: 306614 / 800000
generated: 306661 / 800000
generated: 306710 / 800000
generated: 306754 / 800000
generated: 306794 / 800000
generated: 306828 / 800000
generated: 306867 / 800000
generated: 306916 / 800000
generated: 306967 / 800000
generated: 307020 / 800000
generated: 307071 / 800000
generated: 307117 / 800000
generated: 307169 / 800000
generated: 307211 / 800000
generated: 307252 / 800000
generated: 307308 / 800000
generated: 307349 / 800000
generated: 307393 / 800000
generated: 307446 / 800000
generated: 307480 / 800000
generated: 307527 / 800000
generated: 307565 / 800000
generated: 307613 / 800000
generated: 307652 / 800000
generated: 307692 / 800000
generated: 307735 / 800000
generated: 307788 / 800000
generated: 307829 / 800000
generated: 307883 / 800000
generated: 307920 / 800000
generated: 307971 / 800000
generated: 308016 / 800000
generated: 308067 / 800000
generated: 308110 / 800000
generated: 308155 / 800000
generated: 308202 / 800000
generated: 308241 / 800000
generated: 308291 / 800000
generated: 308326 / 800000
generated: 308367 / 800000
generated: 308416 / 800000
generated: 308469 / 800000
generated: 308509 / 800000
generated: 308555 / 800000
generated: 308600 / 800000
generated: 308641 / 800000
generated: 308686 / 800000
generated: 308729 / 800000
generated: 308776 / 800000
generated: 308817 / 800000
generated: 308858 / 800000
generated: 308901 / 800000
generated: 308941 / 800000
generated: 308987 / 800000
generated: 309033 / 800000
generated: 309087 / 800000
generated: 309133 / 800000
generated: 309179 / 800000
generated: 309221 / 800000
generated: 309265 / 800000
generated: 309321 / 800000
generated: 309379 / 800000
generated: 309436 / 800000
generated: 309486 / 800000
generated: 309526 / 800000
generated: 309563 / 800000
generated: 309613 / 800000
generated: 309651 / 800000
generated: 309692 / 800000
generated: 309732 / 800000
generated: 309770 / 800000
generated: 309826 / 800000
generated: 309861 / 800000
generated: 309903 / 800000
generated: 309944 / 800000
generated: 310003 / 800000
generated: 310043 / 800000
generated: 310092 / 800000
generated: 310133 / 800000
generated: 310175 / 800000
generated: 310215 / 800000
generated: 310274 / 800000
generated: 310320 / 800000
generated: 310375 / 800000
generated: 310421 / 800000
generated: 310463 / 800000
generated: 310499 / 800000
generated: 310537 / 800000
generated: 310578 / 800000
generated: 310626 / 800000
generated: 310666 / 800000
generated: 310709 / 800000
generated: 310757 / 800000
generated: 310802 / 800000
generated: 310857 / 800000
generated: 310896 / 800000
generated: 310940 / 800000
generated: 310986 / 800000
generated: 311039 / 800000
generated: 311077 / 800000
generated: 311120 / 800000
generated: 311147 / 800000
generated: 311194 / 800000
generated: 311229 / 800000
generated: 311265 / 800000
generated: 311311 / 800000
generated: 311358 / 800000
generated: 311404 / 800000
generated: 311460 / 800000
generated: 311513 / 800000
generated: 311554 / 800000
generated: 311601 / 800000
generated: 311632 / 800000
generated: 311676 / 800000
generated: 311729 / 800000
generated: 311770 / 800000
generated: 311804 / 800000
generated: 311851 / 800000
generated: 311894 / 800000
generated: 311949 / 800000
generated: 311992 / 800000
generated: 312041 / 800000
generated: 312085 / 800000
generated: 312123 / 800000
generated: 312157 / 800000
generated: 312194 / 800000
generated: 312241 / 800000
generated: 312293 / 800000
generated: 312325 / 800000
generated: 312361 / 800000
generated: 312405 / 800000
generated: 312449 / 800000
generated: 312490 / 800000
generated: 312540 / 800000
generated: 312583 / 800000
generated: 312622 / 800000
generated: 312668 / 800000
generated: 312709 / 800000
generated: 312748 / 800000
generated: 312793 / 800000
generated: 312837 / 800000
generated: 312878 / 800000
generated: 312925 / 800000
generated: 312986 / 800000
generated: 313042 / 800000
generated: 313095 / 800000
generated: 313144 / 800000
generated: 313189 / 800000
generated: 313239 / 800000
generated: 313285 / 800000
generated: 313329 / 800000
generated: 313370 / 800000
generated: 313404 / 800000
generated: 313454 / 800000
generated: 313506 / 800000
generated: 313555 / 800000
generated: 313602 / 800000
generated: 313641 / 800000
generated: 313679 / 800000
generated: 313713 / 800000
generated: 313762 / 800000
generated: 313805 / 800000
generated: 313845 / 800000
generated: 313891 / 800000
generated: 313931 / 800000
generated: 313979 / 800000
generated: 314026 / 800000
generated: 314073 / 800000
generated: 314113 / 800000
generated: 314158 / 800000
generated: 314193 / 800000
generated: 314241 / 800000
generated: 314276 / 800000
generated: 314317 / 800000
generated: 314365 / 800000
generated: 314407 / 800000
generated: 314453 / 800000
generated: 314509 / 800000
generated: 314559 / 800000
generated: 314597 / 800000
generated: 314624 / 800000
generated: 314665 / 800000
generated: 314707 / 800000
generated: 314748 / 800000
generated: 314798 / 800000
generated: 314848 / 800000
generated: 314894 / 800000
generated: 314938 / 800000
generated: 314977 / 800000
generated: 315029 / 800000
generated: 315089 / 800000
generated: 315124 / 800000
generated: 315165 / 800000
generated: 315213 / 800000
generated: 315268 / 800000
generated: 315302 / 800000
generated: 315339 / 800000
generated: 315387 / 800000
generated: 315436 / 800000
generated: 315486 / 800000
generated: 315535 / 800000
generated: 315581 / 800000
generated: 315635 / 800000
generated: 315695 / 800000
generated: 315748 / 800000
generated: 315792 / 800000
generated: 315834 / 800000
generated: 315875 / 800000
generated: 315922 / 800000
generated: 315961 / 800000
generated: 315989 / 800000
generated: 316038 / 800000
generated: 316077 / 800000
generated: 316117 / 800000
generated: 316153 / 800000
generated: 316184 / 800000
generated: 316222 / 800000
generated: 316262 / 800000
generated: 316306 / 800000
generated: 316351 / 800000
generated: 316390 / 800000
generated: 316442 / 800000
generated: 316481 / 800000
generated: 316528 / 800000
generated: 316582 / 800000
generated: 316639 / 800000
generated: 316685 / 800000
generated: 316724 / 800000
generated: 316760 / 800000
generated: 316795 / 800000
generated: 316834 / 800000
generated: 316869 / 800000
generated: 316907 / 800000
generated: 316945 / 800000
generated: 316987 / 800000
generated: 317039 / 800000
generated: 317087 / 800000
generated: 317127 / 800000
generated: 317186 / 800000
generated: 317231 / 800000
generated: 317271 / 800000
generated: 317323 / 800000
generated: 317353 / 800000
generated: 317392 / 800000
generated: 317448 / 800000
generated: 317492 / 800000
generated: 317541 / 800000
generated: 317587 / 800000
generated: 317622 / 800000
generated: 317662 / 800000
generated: 317710 / 800000
generated: 317756 / 800000
generated: 317810 / 800000
generated: 317852 / 800000
generated: 317904 / 800000
generated: 317961 / 800000
generated: 318000 / 800000
generated: 318035 / 800000
generated: 318082 / 800000
generated: 318140 / 800000
generated: 318168 / 800000
generated: 318207 / 800000
generated: 318248 / 800000
generated: 318285 / 800000
generated: 318335 / 800000
generated: 318379 / 800000
generated: 318412 / 800000
generated: 318461 / 800000
generated: 318505 / 800000
generated: 318544 / 800000
generated: 318600 / 800000
generated: 318647 / 800000
generated: 318683 / 800000
generated: 318725 / 800000
generated: 318778 / 800000
generated: 318831 / 800000
generated: 318889 / 800000
generated: 318934 / 800000
generated: 318987 / 800000
generated: 319031 / 800000
generated: 319069 / 800000
generated: 319111 / 800000
generated: 319155 / 800000
generated: 319196 / 800000
generated: 319235 / 800000
generated: 319292 / 800000
generated: 319337 / 800000
generated: 319389 / 800000
generated: 319438 / 800000
generated: 319485 / 800000
generated: 319525 / 800000
generated: 319567 / 800000
generated: 319610 / 800000
generated: 319651 / 800000
generated: 319698 / 800000
generated: 319744 / 800000
generated: 319784 / 800000
generated: 319840 / 800000
generated: 319886 / 800000
generated: 319930 / 800000
generated: 319968 / 800000
generated: 320023 / 800000
generated: 320064 / 800000
generated: 320115 / 800000
generated: 320158 / 800000
generated: 320201 / 800000
generated: 320245 / 800000
generated: 320293 / 800000
generated: 320341 / 800000
generated: 320384 / 800000
generated: 320421 / 800000
generated: 320470 / 800000
generated: 320515 / 800000
generated: 320563 / 800000
generated: 320617 / 800000
generated: 320669 / 800000
generated: 320710 / 800000
generated: 320759 / 800000
generated: 320811 / 800000
generated: 320855 / 800000
generated: 320912 / 800000
generated: 320962 / 800000
generated: 321006 / 800000
generated: 321055 / 800000
generated: 321110 / 800000
generated: 321167 / 800000
generated: 321218 / 800000
generated: 321246 / 800000
generated: 321280 / 800000
generated: 321321 / 800000
generated: 321355 / 800000
generated: 321413 / 800000
generated: 321457 / 800000
generated: 321501 / 800000
generated: 321545 / 800000
generated: 321585 / 800000
generated: 321622 / 800000
generated: 321667 / 800000
generated: 321721 / 800000
generated: 321762 / 800000
generated: 321805 / 800000
generated: 321848 / 800000
generated: 321901 / 800000
generated: 321942 / 800000
generated: 321983 / 800000
generated: 322027 / 800000
generated: 322071 / 800000
generated: 322110 / 800000
generated: 322153 / 800000
generated: 322206 / 800000
generated: 322252 / 800000
generated: 322298 / 800000
generated: 322339 / 800000
generated: 322381 / 800000
generated: 322429 / 800000
generated: 322471 / 800000
generated: 322513 / 800000
generated: 322559 / 800000
generated: 322603 / 800000
generated: 322645 / 800000
generated: 322681 / 800000
generated: 322731 / 800000
generated: 322766 / 800000
generated: 322828 / 800000
generated: 322868 / 800000
generated: 322914 / 800000
generated: 322966 / 800000
generated: 323019 / 800000
generated: 323062 / 800000
generated: 323105 / 800000
generated: 323143 / 800000
generated: 323180 / 800000
generated: 323234 / 800000
generated: 323278 / 800000
generated: 323326 / 800000
generated: 323359 / 800000
generated: 323412 / 800000
generated: 323454 / 800000
generated: 323498 / 800000
generated: 323544 / 800000
generated: 323597 / 800000
generated: 323650 / 800000
generated: 323686 / 800000
generated: 323735 / 800000
generated: 323780 / 800000
generated: 323819 / 800000
generated: 323860 / 800000
generated: 323903 / 800000
generated: 323944 / 800000
generated: 323993 / 800000
generated: 324047 / 800000
generated: 324108 / 800000
generated: 324147 / 800000
generated: 324187 / 800000
generated: 324232 / 800000
generated: 324269 / 800000
generated: 324319 / 800000
generated: 324371 / 800000
generated: 324424 / 800000
generated: 324468 / 800000
generated: 324516 / 800000
generated: 324548 / 800000
generated: 324597 / 800000
generated: 324639 / 800000
generated: 324691 / 800000
generated: 324729 / 800000
generated: 324771 / 800000
generated: 324821 / 800000
generated: 324864 / 800000
generated: 324909 / 800000
generated: 324966 / 800000
generated: 325014 / 800000
generated: 325063 / 800000
generated: 325105 / 800000
generated: 325149 / 800000
generated: 325201 / 800000
generated: 325247 / 800000
generated: 325287 / 800000
generated: 325333 / 800000
generated: 325378 / 800000
generated: 325421 / 800000
generated: 325460 / 800000
generated: 325510 / 800000
generated: 325551 / 800000
generated: 325596 / 800000
generated: 325648 / 800000
generated: 325683 / 800000
generated: 325720 / 800000
generated: 325773 / 800000
generated: 325828 / 800000
generated: 325863 / 800000
generated: 325905 / 800000
generated: 325961 / 800000
generated: 326008 / 800000
generated: 326044 / 800000
generated: 326097 / 800000
generated: 326146 / 800000
generated: 326186 / 800000
generated: 326229 / 800000
generated: 326277 / 800000
generated: 326319 / 800000
generated: 326365 / 800000
generated: 326403 / 800000
generated: 326454 / 800000
generated: 326497 / 800000
generated: 326543 / 800000
generated: 326583 / 800000
generated: 326632 / 800000
generated: 326690 / 800000
generated: 326731 / 800000
generated: 326781 / 800000
generated: 326823 / 800000
generated: 326886 / 800000
generated: 326940 / 800000
generated: 326988 / 800000
generated: 327034 / 800000
generated: 327072 / 800000
generated: 327114 / 800000
generated: 327165 / 800000
generated: 327206 / 800000
generated: 327251 / 800000
generated: 327288 / 800000
generated: 327335 / 800000
generated: 327364 / 800000
generated: 327397 / 800000
generated: 327438 / 800000
generated: 327490 / 800000
generated: 327537 / 800000
generated: 327574 / 800000
generated: 327617 / 800000
generated: 327663 / 800000
generated: 327709 / 800000
generated: 327760 / 800000
generated: 327802 / 800000
generated: 327849 / 800000
generated: 327888 / 800000
generated: 327943 / 800000
generated: 327984 / 800000
generated: 328025 / 800000
generated: 328071 / 800000
generated: 328125 / 800000
generated: 328167 / 800000
generated: 328210 / 800000
generated: 328247 / 800000
generated: 328294 / 800000
generated: 328332 / 800000
generated: 328367 / 800000
generated: 328404 / 800000
generated: 328449 / 800000
generated: 328482 / 800000
generated: 328522 / 800000
generated: 328563 / 800000
generated: 328614 / 800000
generated: 328664 / 800000
generated: 328715 / 800000
generated: 328760 / 800000
generated: 328793 / 800000
generated: 328843 / 800000
generated: 328889 / 800000
generated: 328932 / 800000
generated: 328981 / 800000
generated: 329018 / 800000
generated: 329065 / 800000
generated: 329114 / 800000
generated: 329162 / 800000
generated: 329220 / 800000
generated: 329265 / 800000
generated: 329311 / 800000
generated: 329349 / 800000
generated: 329394 / 800000
generated: 329446 / 800000
generated: 329492 / 800000
generated: 329534 / 800000
generated: 329582 / 800000
generated: 329623 / 800000
generated: 329658 / 800000
generated: 329721 / 800000
generated: 329778 / 800000
generated: 329829 / 800000
generated: 329869 / 800000
generated: 329919 / 800000
generated: 329959 / 800000
generated: 329996 / 800000
generated: 330048 / 800000
generated: 330090 / 800000
generated: 330123 / 800000
generated: 330165 / 800000
generated: 330224 / 800000
generated: 330268 / 800000
generated: 330311 / 800000
generated: 330358 / 800000
generated: 330394 / 800000
generated: 330433 / 800000
generated: 330475 / 800000
generated: 330515 / 800000
generated: 330559 / 800000
generated: 330615 / 800000
generated: 330655 / 800000
generated: 330692 / 800000
generated: 330739 / 800000
generated: 330780 / 800000
generated: 330814 / 800000
generated: 330859 / 800000
generated: 330895 / 800000
generated: 330943 / 800000
generated: 330983 / 800000
generated: 331034 / 800000
generated: 331073 / 800000
generated: 331126 / 800000
generated: 331169 / 800000
generated: 331216 / 800000
generated: 331249 / 800000
generated: 331290 / 800000
generated: 331341 / 800000
generated: 331381 / 800000
generated: 331412 / 800000
generated: 331460 / 800000
generated: 331502 / 800000
generated: 331539 / 800000
generated: 331580 / 800000
generated: 331618 / 800000
generated: 331663 / 800000
generated: 331708 / 800000
generated: 331765 / 800000
generated: 331806 / 800000
generated: 331846 / 800000
generated: 331887 / 800000
generated: 331924 / 800000
generated: 331961 / 800000
generated: 332002 / 800000
generated: 332056 / 800000
generated: 332099 / 800000
generated: 332135 / 800000
generated: 332175 / 800000
generated: 332212 / 800000
generated: 332259 / 800000
generated: 332309 / 800000
generated: 332344 / 800000
generated: 332381 / 800000
generated: 332423 / 800000
generated: 332465 / 800000
generated: 332515 / 800000
generated: 332555 / 800000
generated: 332594 / 800000
generated: 332640 / 800000
generated: 332686 / 800000
generated: 332730 / 800000
generated: 332782 / 800000
generated: 332820 / 800000
generated: 332864 / 800000
generated: 332913 / 800000
generated: 332958 / 800000
generated: 333002 / 800000
generated: 333049 / 800000
generated: 333087 / 800000
generated: 333146 / 800000
generated: 333202 / 800000
generated: 333245 / 800000
generated: 333279 / 800000
generated: 333326 / 800000
generated: 333369 / 800000
generated: 333410 / 800000
generated: 333454 / 800000
generated: 333496 / 800000
generated: 333544 / 800000
generated: 333592 / 800000
generated: 333625 / 800000
generated: 333669 / 800000
generated: 333704 / 800000
generated: 333745 / 800000
generated: 333783 / 800000
generated: 333839 / 800000
generated: 333883 / 800000
generated: 333935 / 800000
generated: 333983 / 800000
generated: 334021 / 800000
generated: 334069 / 800000
generated: 334116 / 800000
generated: 334151 / 800000
generated: 334205 / 800000
generated: 334258 / 800000
generated: 334300 / 800000
generated: 334347 / 800000
generated: 334384 / 800000
generated: 334421 / 800000
generated: 334465 / 800000
generated: 334512 / 800000
generated: 334545 / 800000
generated: 334591 / 800000
generated: 334628 / 800000
generated: 334672 / 800000
generated: 334730 / 800000
generated: 334775 / 800000
generated: 334828 / 800000
generated: 334870 / 800000
generated: 334918 / 800000
generated: 334951 / 800000
generated: 334991 / 800000
generated: 335044 / 800000
generated: 335091 / 800000
generated: 335139 / 800000
generated: 335195 / 800000
generated: 335238 / 800000
generated: 335281 / 800000
generated: 335326 / 800000
generated: 335375 / 800000
generated: 335426 / 800000
generated: 335463 / 800000
generated: 335511 / 800000
generated: 335551 / 800000
generated: 335596 / 800000
generated: 335651 / 800000
generated: 335698 / 800000
generated: 335750 / 800000
generated: 335791 / 800000
generated: 335842 / 800000
generated: 335880 / 800000
generated: 335936 / 800000
generated: 335994 / 800000
generated: 336035 / 800000
generated: 336081 / 800000
generated: 336126 / 800000
generated: 336169 / 800000
generated: 336216 / 800000
generated: 336257 / 800000
generated: 336313 / 800000
generated: 336362 / 800000
generated: 336410 / 800000
generated: 336460 / 800000
generated: 336500 / 800000
generated: 336551 / 800000
generated: 336599 / 800000
generated: 336646 / 800000
generated: 336684 / 800000
generated: 336723 / 800000
generated: 336759 / 800000
generated: 336808 / 800000
generated: 336853 / 800000
generated: 336909 / 800000
generated: 336962 / 800000
generated: 337013 / 800000
generated: 337066 / 800000
generated: 337134 / 800000
generated: 337188 / 800000
generated: 337232 / 800000
generated: 337286 / 800000
generated: 337337 / 800000
generated: 337373 / 800000
generated: 337414 / 800000
generated: 337462 / 800000
generated: 337507 / 800000
generated: 337548 / 800000
generated: 337586 / 800000
generated: 337626 / 800000
generated: 337671 / 800000
generated: 337714 / 800000
generated: 337765 / 800000
generated: 337812 / 800000
generated: 337850 / 800000
generated: 337892 / 800000
generated: 337941 / 800000
generated: 337984 / 800000
generated: 338038 / 800000
generated: 338077 / 800000
generated: 338136 / 800000
generated: 338178 / 800000
generated: 338220 / 800000
generated: 338259 / 800000
generated: 338295 / 800000
generated: 338340 / 800000
generated: 338386 / 800000
generated: 338434 / 800000
generated: 338479 / 800000
generated: 338518 / 800000
generated: 338559 / 800000
generated: 338609 / 800000
generated: 338648 / 800000
generated: 338704 / 800000
generated: 338760 / 800000
generated: 338811 / 800000
generated: 338854 / 800000
generated: 338903 / 800000
generated: 338951 / 800000
generated: 338996 / 800000
generated: 339033 / 800000
generated: 339079 / 800000
generated: 339119 / 800000
generated: 339170 / 800000
generated: 339222 / 800000
generated: 339267 / 800000
generated: 339304 / 800000
generated: 339345 / 800000
generated: 339385 / 800000
generated: 339428 / 800000
generated: 339473 / 800000
generated: 339511 / 800000
generated: 339558 / 800000
generated: 339610 / 800000
generated: 339652 / 800000
generated: 339712 / 800000
generated: 339756 / 800000
generated: 339805 / 800000
generated: 339860 / 800000
generated: 339910 / 800000
generated: 339956 / 800000
generated: 339997 / 800000
generated: 340036 / 800000
generated: 340081 / 800000
generated: 340112 / 800000
generated: 340159 / 800000
generated: 340204 / 800000
generated: 340257 / 800000
generated: 340306 / 800000
generated: 340359 / 800000
generated: 340397 / 800000
generated: 340443 / 800000
generated: 340489 / 800000
generated: 340537 / 800000
generated: 340582 / 800000
generated: 340633 / 800000
generated: 340676 / 800000
generated: 340717 / 800000
generated: 340756 / 800000
generated: 340803 / 800000
generated: 340840 / 800000
generated: 340897 / 800000
generated: 340948 / 800000
generated: 340993 / 800000
generated: 341037 / 800000
generated: 341084 / 800000
generated: 341131 / 800000
generated: 341171 / 800000
generated: 341219 / 800000
generated: 341265 / 800000
generated: 341306 / 800000
generated: 341356 / 800000
generated: 341406 / 800000
generated: 341452 / 800000
generated: 341505 / 800000
generated: 341546 / 800000
generated: 341604 / 800000
generated: 341652 / 800000
generated: 341697 / 800000
generated: 341742 / 800000
generated: 341791 / 800000
generated: 341833 / 800000
generated: 341877 / 800000
generated: 341910 / 800000
generated: 341962 / 800000
generated: 341995 / 800000
generated: 342041 / 800000
generated: 342089 / 800000
generated: 342123 / 800000
generated: 342175 / 800000
generated: 342213 / 800000
generated: 342255 / 800000
generated: 342307 / 800000
generated: 342348 / 800000
generated: 342391 / 800000
generated: 342435 / 800000
generated: 342466 / 800000
generated: 342506 / 800000
generated: 342552 / 800000
generated: 342609 / 800000
generated: 342649 / 800000
generated: 342687 / 800000
generated: 342733 / 800000
generated: 342773 / 800000
generated: 342817 / 800000
generated: 342861 / 800000
generated: 342904 / 800000
generated: 342955 / 800000
generated: 343006 / 800000
generated: 343059 / 800000
generated: 343120 / 800000
generated: 343157 / 800000
generated: 343200 / 800000
generated: 343237 / 800000
generated: 343270 / 800000
generated: 343306 / 800000
generated: 343352 / 800000
generated: 343397 / 800000
generated: 343444 / 800000
generated: 343500 / 800000
generated: 343551 / 800000
generated: 343598 / 800000
generated: 343645 / 800000
generated: 343693 / 800000
generated: 343730 / 800000
generated: 343769 / 800000
generated: 343807 / 800000
generated: 343857 / 800000
generated: 343892 / 800000
generated: 343947 / 800000
generated: 344002 / 800000
generated: 344049 / 800000
generated: 344076 / 800000
generated: 344114 / 800000
generated: 344152 / 800000
generated: 344196 / 800000
generated: 344248 / 800000
generated: 344278 / 800000
generated: 344327 / 800000
generated: 344379 / 800000
generated: 344418 / 800000
generated: 344455 / 800000
generated: 344501 / 800000
generated: 344538 / 800000
generated: 344598 / 800000
generated: 344634 / 800000
generated: 344676 / 800000
generated: 344722 / 800000
generated: 344759 / 800000
generated: 344809 / 800000
generated: 344851 / 800000
generated: 344896 / 800000
generated: 344941 / 800000
generated: 344985 / 800000
generated: 345031 / 800000
generated: 345077 / 800000
generated: 345115 / 800000
generated: 345150 / 800000
generated: 345194 / 800000
generated: 345237 / 800000
generated: 345285 / 800000
generated: 345335 / 800000
generated: 345382 / 800000
generated: 345427 / 800000
generated: 345470 / 800000
generated: 345515 / 800000
generated: 345567 / 800000
generated: 345606 / 800000
generated: 345646 / 800000
generated: 345691 / 800000
generated: 345731 / 800000
generated: 345787 / 800000
generated: 345831 / 800000
generated: 345876 / 800000
generated: 345915 / 800000
generated: 345964 / 800000
generated: 346008 / 800000
generated: 346057 / 800000
generated: 346097 / 800000
generated: 346142 / 800000
generated: 346188 / 800000
generated: 346224 / 800000
generated: 346279 / 800000
generated: 346321 / 800000
generated: 346367 / 800000
generated: 346413 / 800000
generated: 346457 / 800000
generated: 346497 / 800000
generated: 346550 / 800000
generated: 346594 / 800000
generated: 346635 / 800000
generated: 346694 / 800000
generated: 346734 / 800000
generated: 346778 / 800000
generated: 346833 / 800000
generated: 346878 / 800000
generated: 346921 / 800000
generated: 346967 / 800000
generated: 347021 / 800000
generated: 347061 / 800000
generated: 347115 / 800000
generated: 347162 / 800000
generated: 347204 / 800000
generated: 347239 / 800000
generated: 347291 / 800000
generated: 347328 / 800000
generated: 347380 / 800000
generated: 347421 / 800000
generated: 347458 / 800000
generated: 347500 / 800000
generated: 347555 / 800000
generated: 347600 / 800000
generated: 347653 / 800000
generated: 347695 / 800000
generated: 347733 / 800000
generated: 347795 / 800000
generated: 347830 / 800000
generated: 347873 / 800000
generated: 347925 / 800000
generated: 347964 / 800000
generated: 348004 / 800000
generated: 348054 / 800000
generated: 348104 / 800000
generated: 348164 / 800000
generated: 348203 / 800000
generated: 348253 / 800000
generated: 348285 / 800000
generated: 348319 / 800000
generated: 348361 / 800000
generated: 348394 / 800000
generated: 348453 / 800000
generated: 348494 / 800000
generated: 348543 / 800000
generated: 348589 / 800000
generated: 348635 / 800000
generated: 348683 / 800000
generated: 348743 / 800000
generated: 348796 / 800000
generated: 348838 / 800000
generated: 348888 / 800000
generated: 348933 / 800000
generated: 348981 / 800000
generated: 349020 / 800000
generated: 349065 / 800000
generated: 349105 / 800000
generated: 349144 / 800000
generated: 349181 / 800000
generated: 349234 / 800000
generated: 349281 / 800000
generated: 349313 / 800000
generated: 349356 / 800000
generated: 349399 / 800000
generated: 349441 / 800000
generated: 349487 / 800000
generated: 349530 / 800000
generated: 349566 / 800000
generated: 349609 / 800000
generated: 349648 / 800000
generated: 349701 / 800000
generated: 349754 / 800000
generated: 349789 / 800000
generated: 349835 / 800000
generated: 349880 / 800000
generated: 349925 / 800000
generated: 349964 / 800000
generated: 350010 / 800000
generated: 350068 / 800000
generated: 350119 / 800000
generated: 350175 / 800000
generated: 350227 / 800000
generated: 350272 / 800000
generated: 350312 / 800000
generated: 350352 / 800000
generated: 350399 / 800000
generated: 350451 / 800000
generated: 350497 / 800000
generated: 350539 / 800000
generated: 350574 / 800000
generated: 350623 / 800000
generated: 350660 / 800000
generated: 350712 / 800000
generated: 350747 / 800000
generated: 350791 / 800000
generated: 350842 / 800000
generated: 350884 / 800000
generated: 350926 / 800000
generated: 350964 / 800000
generated: 351009 / 800000
generated: 351055 / 800000
generated: 351106 / 800000
generated: 351143 / 800000
generated: 351196 / 800000
generated: 351246 / 800000
generated: 351299 / 800000
generated: 351344 / 800000
generated: 351386 / 800000
generated: 351431 / 800000
generated: 351469 / 800000
generated: 351512 / 800000
generated: 351567 / 800000
generated: 351615 / 800000
generated: 351659 / 800000
generated: 351698 / 800000
generated: 351746 / 800000
generated: 351796 / 800000
generated: 351837 / 800000
generated: 351881 / 800000
generated: 351933 / 800000
generated: 351981 / 800000
generated: 352021 / 800000
generated: 352067 / 800000
generated: 352120 / 800000
generated: 352156 / 800000
generated: 352204 / 800000
generated: 352247 / 800000
generated: 352280 / 800000
generated: 352323 / 800000
generated: 352370 / 800000
generated: 352419 / 800000
generated: 352461 / 800000
generated: 352505 / 800000
generated: 352544 / 800000
generated: 352586 / 800000
generated: 352633 / 800000
generated: 352684 / 800000
generated: 352728 / 800000
generated: 352766 / 800000
generated: 352813 / 800000
generated: 352864 / 800000
generated: 352907 / 800000
generated: 352959 / 800000
generated: 353014 / 800000
generated: 353049 / 800000
generated: 353092 / 800000
generated: 353142 / 800000
generated: 353186 / 800000
generated: 353237 / 800000
generated: 353269 / 800000
generated: 353310 / 800000
generated: 353355 / 800000
generated: 353400 / 800000
generated: 353452 / 800000
generated: 353498 / 800000
generated: 353543 / 800000
generated: 353595 / 800000
generated: 353637 / 800000
generated: 353680 / 800000
generated: 353723 / 800000
generated: 353776 / 800000
generated: 353813 / 800000
generated: 353864 / 800000
generated: 353912 / 800000
generated: 353951 / 800000
generated: 354000 / 800000
generated: 354047 / 800000
generated: 354097 / 800000
generated: 354132 / 800000
generated: 354168 / 800000
generated: 354214 / 800000
generated: 354254 / 800000
generated: 354296 / 800000
generated: 354345 / 800000
generated: 354384 / 800000
generated: 354418 / 800000
generated: 354470 / 800000
generated: 354514 / 800000
generated: 354555 / 800000
generated: 354610 / 800000
generated: 354648 / 800000
generated: 354692 / 800000
generated: 354746 / 800000
generated: 354786 / 800000
generated: 354829 / 800000
generated: 354855 / 800000
generated: 354886 / 800000
generated: 354937 / 800000
generated: 354972 / 800000
generated: 355016 / 800000
generated: 355061 / 800000
generated: 355106 / 800000
generated: 355141 / 800000
generated: 355191 / 800000
generated: 355243 / 800000
generated: 355289 / 800000
generated: 355336 / 800000
generated: 355403 / 800000
generated: 355462 / 800000
generated: 355500 / 800000
generated: 355545 / 800000
generated: 355587 / 800000
generated: 355625 / 800000
generated: 355673 / 800000
generated: 355724 / 800000
generated: 355774 / 800000
generated: 355813 / 800000
generated: 355846 / 800000
generated: 355884 / 800000
generated: 355932 / 800000
generated: 355979 / 800000
generated: 356030 / 800000
generated: 356075 / 800000
generated: 356123 / 800000
generated: 356174 / 800000
generated: 356218 / 800000
generated: 356263 / 800000
generated: 356313 / 800000
generated: 356363 / 800000
generated: 356408 / 800000
generated: 356453 / 800000
generated: 356498 / 800000
generated: 356547 / 800000
generated: 356594 / 800000
generated: 356634 / 800000
generated: 356689 / 800000
generated: 356738 / 800000
generated: 356775 / 800000
generated: 356822 / 800000
generated: 356865 / 800000
generated: 356907 / 800000
generated: 356948 / 800000
generated: 356998 / 800000
generated: 357046 / 800000
generated: 357095 / 800000
generated: 357136 / 800000
generated: 357183 / 800000
generated: 357228 / 800000
generated: 357271 / 800000
generated: 357321 / 800000
generated: 357374 / 800000
generated: 357432 / 800000
generated: 357474 / 800000
generated: 357513 / 800000
generated: 357554 / 800000
generated: 357605 / 800000
generated: 357661 / 800000
generated: 357710 / 800000
generated: 357749 / 800000
generated: 357802 / 800000
generated: 357850 / 800000
generated: 357888 / 800000
generated: 357933 / 800000
generated: 357971 / 800000
generated: 358029 / 800000
generated: 358066 / 800000
generated: 358106 / 800000
generated: 358153 / 800000
generated: 358197 / 800000
generated: 358252 / 800000
generated: 358295 / 800000
generated: 358332 / 800000
generated: 358382 / 800000
generated: 358421 / 800000
generated: 358462 / 800000
generated: 358508 / 800000
generated: 358544 / 800000
generated: 358586 / 800000
generated: 358640 / 800000
generated: 358685 / 800000
generated: 358729 / 800000
generated: 358765 / 800000
generated: 358818 / 800000
generated: 358863 / 800000
generated: 358906 / 800000
generated: 358949 / 800000
generated: 358994 / 800000
generated: 359041 / 800000
generated: 359072 / 800000
generated: 359110 / 800000
generated: 359154 / 800000
generated: 359197 / 800000
generated: 359239 / 800000
generated: 359283 / 800000
generated: 359331 / 800000
generated: 359367 / 800000
generated: 359412 / 800000
generated: 359446 / 800000
generated: 359479 / 800000
generated: 359520 / 800000
generated: 359561 / 800000
generated: 359607 / 800000
generated: 359660 / 800000
generated: 359706 / 800000
generated: 359752 / 800000
generated: 359797 / 800000
generated: 359828 / 800000
generated: 359877 / 800000
generated: 359915 / 800000
generated: 359959 / 800000
generated: 360006 / 800000
generated: 360043 / 800000
generated: 360086 / 800000
generated: 360132 / 800000
generated: 360165 / 800000
generated: 360218 / 800000
generated: 360261 / 800000
generated: 360301 / 800000
generated: 360337 / 800000
generated: 360375 / 800000
generated: 360433 / 800000
generated: 360470 / 800000
generated: 360504 / 800000
generated: 360554 / 800000
generated: 360608 / 800000
generated: 360659 / 800000
generated: 360708 / 800000
generated: 360763 / 800000
generated: 360798 / 800000
generated: 360847 / 800000
generated: 360896 / 800000
generated: 360953 / 800000
generated: 360996 / 800000
generated: 361045 / 800000
generated: 361087 / 800000
generated: 361134 / 800000
generated: 361185 / 800000
generated: 361231 / 800000
generated: 361271 / 800000
generated: 361317 / 800000
generated: 361354 / 800000
generated: 361397 / 800000
generated: 361435 / 800000
generated: 361487 / 800000
generated: 361534 / 800000
generated: 361583 / 800000
generated: 361618 / 800000
generated: 361663 / 800000
generated: 361710 / 800000
generated: 361755 / 800000
generated: 361807 / 800000
generated: 361859 / 800000
generated: 361912 / 800000
generated: 361951 / 800000
generated: 362000 / 800000
generated: 362050 / 800000
generated: 362095 / 800000
generated: 362137 / 800000
generated: 362188 / 800000
generated: 362239 / 800000
generated: 362301 / 800000
generated: 362339 / 800000
generated: 362384 / 800000
generated: 362437 / 800000
generated: 362480 / 800000
generated: 362533 / 800000
generated: 362571 / 800000
generated: 362630 / 800000
generated: 362666 / 800000
generated: 362716 / 800000
generated: 362752 / 800000
generated: 362789 / 800000
generated: 362837 / 800000
generated: 362884 / 800000
generated: 362923 / 800000
generated: 362971 / 800000
generated: 363016 / 800000
generated: 363059 / 800000
generated: 363094 / 800000
generated: 363142 / 800000
generated: 363186 / 800000
generated: 363231 / 800000
generated: 363275 / 800000
generated: 363316 / 800000
generated: 363365 / 800000
generated: 363394 / 800000
generated: 363446 / 800000
generated: 363494 / 800000
generated: 363543 / 800000
generated: 363576 / 800000
generated: 363622 / 800000
generated: 363669 / 800000
generated: 363719 / 800000
generated: 363762 / 800000
generated: 363815 / 800000
generated: 363877 / 800000
generated: 363914 / 800000
generated: 363960 / 800000
generated: 363987 / 800000
generated: 364032 / 800000
generated: 364076 / 800000
generated: 364120 / 800000
generated: 364166 / 800000
generated: 364210 / 800000
generated: 364254 / 800000
generated: 364293 / 800000
generated: 364323 / 800000
generated: 364379 / 800000
generated: 364425 / 800000
generated: 364467 / 800000
generated: 364509 / 800000
generated: 364558 / 800000
generated: 364603 / 800000
generated: 364657 / 800000
generated: 364703 / 800000
generated: 364749 / 800000
generated: 364786 / 800000
generated: 364832 / 800000
generated: 364880 / 800000
generated: 364925 / 800000
generated: 364964 / 800000
generated: 365013 / 800000
generated: 365063 / 800000
generated: 365111 / 800000
generated: 365156 / 800000
generated: 365210 / 800000
generated: 365249 / 800000
generated: 365294 / 800000
generated: 365327 / 800000
generated: 365372 / 800000
generated: 365413 / 800000
generated: 365444 / 800000
generated: 365479 / 800000
generated: 365527 / 800000
generated: 365583 / 800000
generated: 365614 / 800000
generated: 365656 / 800000
generated: 365700 / 800000
generated: 365739 / 800000
generated: 365791 / 800000
generated: 365846 / 800000
generated: 365888 / 800000
generated: 365937 / 800000
generated: 365987 / 800000
generated: 366028 / 800000
generated: 366076 / 800000
generated: 366126 / 800000
generated: 366179 / 800000
generated: 366229 / 800000
generated: 366277 / 800000
generated: 366312 / 800000
generated: 366357 / 800000
generated: 366401 / 800000
generated: 366442 / 800000
generated: 366486 / 800000
generated: 366532 / 800000
generated: 366565 / 800000
generated: 366608 / 800000
generated: 366652 / 800000
generated: 366685 / 800000
generated: 366730 / 800000
generated: 366786 / 800000
generated: 366837 / 800000
generated: 366891 / 800000
generated: 366940 / 800000
generated: 366979 / 800000
generated: 367018 / 800000
generated: 367065 / 800000
generated: 367111 / 800000
generated: 367151 / 800000
generated: 367188 / 800000
generated: 367244 / 800000
generated: 367286 / 800000
generated: 367327 / 800000
generated: 367367 / 800000
generated: 367411 / 800000
generated: 367455 / 800000
generated: 367502 / 800000
generated: 367552 / 800000
generated: 367592 / 800000
generated: 367624 / 800000
generated: 367674 / 800000
generated: 367718 / 800000
generated: 367759 / 800000
generated: 367809 / 800000
generated: 367859 / 800000
generated: 367909 / 800000
generated: 367960 / 800000
generated: 367995 / 800000
generated: 368029 / 800000
generated: 368069 / 800000
generated: 368104 / 800000
generated: 368146 / 800000
generated: 368193 / 800000
generated: 368236 / 800000
generated: 368284 / 800000
generated: 368316 / 800000
generated: 368363 / 800000
generated: 368401 / 800000
generated: 368437 / 800000
generated: 368479 / 800000
generated: 368527 / 800000
generated: 368574 / 800000
generated: 368611 / 800000
generated: 368654 / 800000
generated: 368695 / 800000
generated: 368733 / 800000
generated: 368773 / 800000
generated: 368816 / 800000
generated: 368866 / 800000
generated: 368920 / 800000
generated: 368950 / 800000
generated: 368996 / 800000
generated: 369044 / 800000
generated: 369088 / 800000
generated: 369136 / 800000
generated: 369176 / 800000
generated: 369234 / 800000
generated: 369267 / 800000
generated: 369317 / 800000
generated: 369370 / 800000
generated: 369412 / 800000
generated: 369452 / 800000
generated: 369493 / 800000
generated: 369535 / 800000
generated: 369574 / 800000
generated: 369623 / 800000
generated: 369681 / 800000
generated: 369722 / 800000
generated: 369763 / 800000
generated: 369809 / 800000
generated: 369855 / 800000
generated: 369901 / 800000
generated: 369942 / 800000
generated: 369987 / 800000
generated: 370031 / 800000
generated: 370067 / 800000
generated: 370112 / 800000
generated: 370154 / 800000
generated: 370202 / 800000
generated: 370254 / 800000
generated: 370299 / 800000
generated: 370351 / 800000
generated: 370403 / 800000
generated: 370450 / 800000
generated: 370504 / 800000
generated: 370538 / 800000
generated: 370597 / 800000
generated: 370641 / 800000
generated: 370688 / 800000
generated: 370726 / 800000
generated: 370775 / 800000
generated: 370820 / 800000
generated: 370860 / 800000
generated: 370913 / 800000
generated: 370949 / 800000
generated: 371005 / 800000
generated: 371048 / 800000
generated: 371085 / 800000
generated: 371126 / 800000
generated: 371164 / 800000
generated: 371206 / 800000
generated: 371269 / 800000
generated: 371302 / 800000
generated: 371343 / 800000
generated: 371388 / 800000
generated: 371437 / 800000
generated: 371490 / 800000
generated: 371528 / 800000
generated: 371566 / 800000
generated: 371608 / 800000
generated: 371653 / 800000
generated: 371694 / 800000
generated: 371740 / 800000
generated: 371782 / 800000
generated: 371818 / 800000
generated: 371865 / 800000
generated: 371915 / 800000
generated: 371956 / 800000
generated: 372006 / 800000
generated: 372052 / 800000
generated: 372087 / 800000
generated: 372129 / 800000
generated: 372174 / 800000
generated: 372221 / 800000
generated: 372275 / 800000
generated: 372318 / 800000
generated: 372361 / 800000
generated: 372405 / 800000
generated: 372443 / 800000
generated: 372481 / 800000
generated: 372524 / 800000
generated: 372580 / 800000
generated: 372633 / 800000
generated: 372674 / 800000
generated: 372709 / 800000
generated: 372758 / 800000
generated: 372802 / 800000
generated: 372849 / 800000
generated: 372901 / 800000
generated: 372953 / 800000
generated: 372994 / 800000
generated: 373040 / 800000
generated: 373072 / 800000
generated: 373124 / 800000
generated: 373163 / 800000
generated: 373211 / 800000
generated: 373257 / 800000
generated: 373300 / 800000
generated: 373346 / 800000
generated: 373403 / 800000
generated: 373441 / 800000
generated: 373487 / 800000
generated: 373533 / 800000
generated: 373586 / 800000
generated: 373634 / 800000
generated: 373672 / 800000
generated: 373717 / 800000
generated: 373750 / 800000
generated: 373798 / 800000
generated: 373841 / 800000
generated: 373887 / 800000
generated: 373924 / 800000
generated: 373973 / 800000
generated: 374006 / 800000
generated: 374051 / 800000
generated: 374105 / 800000
generated: 374154 / 800000
generated: 374194 / 800000
generated: 374230 / 800000
generated: 374281 / 800000
generated: 374329 / 800000
generated: 374369 / 800000
generated: 374419 / 800000
generated: 374460 / 800000
generated: 374510 / 800000
generated: 374558 / 800000
generated: 374593 / 800000
generated: 374632 / 800000
generated: 374678 / 800000
generated: 374717 / 800000
generated: 374756 / 800000
generated: 374795 / 800000
generated: 374832 / 800000
generated: 374866 / 800000
generated: 374912 / 800000
generated: 374956 / 800000
generated: 374988 / 800000
generated: 375045 / 800000
generated: 375082 / 800000
generated: 375128 / 800000
generated: 375175 / 800000
generated: 375218 / 800000
generated: 375264 / 800000
generated: 375321 / 800000
generated: 375360 / 800000
generated: 375399 / 800000
generated: 375448 / 800000
generated: 375497 / 800000
generated: 375544 / 800000
generated: 375579 / 800000
generated: 375627 / 800000
generated: 375675 / 800000
generated: 375707 / 800000
generated: 375757 / 800000
generated: 375798 / 800000
generated: 375851 / 800000
generated: 375901 / 800000
generated: 375949 / 800000
generated: 376000 / 800000
generated: 376035 / 800000
generated: 376084 / 800000
generated: 376125 / 800000
generated: 376173 / 800000
generated: 376208 / 800000
generated: 376253 / 800000
generated: 376302 / 800000
generated: 376347 / 800000
generated: 376388 / 800000
generated: 376441 / 800000
generated: 376490 / 800000
generated: 376537 / 800000
generated: 376583 / 800000
generated: 376615 / 800000
generated: 376667 / 800000
generated: 376730 / 800000
generated: 376775 / 800000
generated: 376818 / 800000
generated: 376862 / 800000
generated: 376910 / 800000
generated: 376955 / 800000
generated: 377000 / 800000
generated: 377050 / 800000
generated: 377090 / 800000
generated: 377140 / 800000
generated: 377188 / 800000
generated: 377230 / 800000
generated: 377261 / 800000
generated: 377304 / 800000
generated: 377350 / 800000
generated: 377401 / 800000
generated: 377449 / 800000
generated: 377500 / 800000
generated: 377550 / 800000
generated: 377588 / 800000
generated: 377640 / 800000
generated: 377691 / 800000
generated: 377745 / 800000
generated: 377782 / 800000
generated: 377832 / 800000
generated: 377884 / 800000
generated: 377921 / 800000
generated: 377957 / 800000
generated: 378006 / 800000
generated: 378064 / 800000
generated: 378114 / 800000
generated: 378158 / 800000
generated: 378203 / 800000
generated: 378243 / 800000
generated: 378283 / 800000
generated: 378327 / 800000
generated: 378364 / 800000
generated: 378413 / 800000
generated: 378465 / 800000
generated: 378516 / 800000
generated: 378568 / 800000
generated: 378624 / 800000
generated: 378659 / 800000
generated: 378710 / 800000
generated: 378754 / 800000
generated: 378805 / 800000
generated: 378857 / 800000
generated: 378891 / 800000
generated: 378931 / 800000
generated: 378985 / 800000
generated: 379034 / 800000
generated: 379097 / 800000
generated: 379146 / 800000
generated: 379194 / 800000
generated: 379241 / 800000
generated: 379279 / 800000
generated: 379312 / 800000
generated: 379356 / 800000
generated: 379400 / 800000
generated: 379433 / 800000
generated: 379481 / 800000
generated: 379518 / 800000
generated: 379571 / 800000
generated: 379612 / 800000
generated: 379658 / 800000
generated: 379689 / 800000
generated: 379727 / 800000
generated: 379781 / 800000
generated: 379821 / 800000
generated: 379870 / 800000
generated: 379916 / 800000
generated: 379951 / 800000
generated: 380003 / 800000
generated: 380053 / 800000
generated: 380104 / 800000
generated: 380153 / 800000
generated: 380198 / 800000
generated: 380241 / 800000
generated: 380288 / 800000
generated: 380330 / 800000
generated: 380365 / 800000
generated: 380405 / 800000
generated: 380451 / 800000
generated: 380493 / 800000
generated: 380530 / 800000
generated: 380565 / 800000
generated: 380607 / 800000
generated: 380652 / 800000
generated: 380691 / 800000
generated: 380743 / 800000
generated: 380786 / 800000
generated: 380836 / 800000
generated: 380876 / 800000
generated: 380916 / 800000
generated: 380971 / 800000
generated: 381027 / 800000
generated: 381081 / 800000
generated: 381121 / 800000
generated: 381172 / 800000
generated: 381213 / 800000
generated: 381254 / 800000
generated: 381297 / 800000
generated: 381332 / 800000
generated: 381377 / 800000
generated: 381424 / 800000
generated: 381468 / 800000
generated: 381508 / 800000
generated: 381557 / 800000
generated: 381600 / 800000
generated: 381641 / 800000
generated: 381688 / 800000
generated: 381740 / 800000
generated: 381783 / 800000
generated: 381826 / 800000
generated: 381873 / 800000
generated: 381911 / 800000
generated: 381953 / 800000
generated: 382000 / 800000
generated: 382039 / 800000
generated: 382079 / 800000
generated: 382121 / 800000
generated: 382164 / 800000
generated: 382208 / 800000
generated: 382257 / 800000
generated: 382303 / 800000
generated: 382354 / 800000
generated: 382399 / 800000
generated: 382444 / 800000
generated: 382488 / 800000
generated: 382530 / 800000
generated: 382580 / 800000
generated: 382619 / 800000
generated: 382670 / 800000
generated: 382705 / 800000
generated: 382764 / 800000
generated: 382806 / 800000
generated: 382852 / 800000
generated: 382905 / 800000
generated: 382953 / 800000
generated: 383001 / 800000
generated: 383042 / 800000
generated: 383086 / 800000
generated: 383133 / 800000
generated: 383177 / 800000
generated: 383210 / 800000
generated: 383258 / 800000
generated: 383298 / 800000
generated: 383330 / 800000
generated: 383369 / 800000
generated: 383419 / 800000
generated: 383469 / 800000
generated: 383508 / 800000
generated: 383551 / 800000
generated: 383596 / 800000
generated: 383631 / 800000
generated: 383674 / 800000
generated: 383706 / 800000
generated: 383748 / 800000
generated: 383794 / 800000
generated: 383848 / 800000
generated: 383894 / 800000
generated: 383938 / 800000
generated: 383993 / 800000
generated: 384043 / 800000
generated: 384089 / 800000
generated: 384128 / 800000
generated: 384177 / 800000
generated: 384217 / 800000
generated: 384253 / 800000
generated: 384291 / 800000
generated: 384329 / 800000
generated: 384378 / 800000
generated: 384420 / 800000
generated: 384456 / 800000
generated: 384497 / 800000
generated: 384533 / 800000
generated: 384586 / 800000
generated: 384629 / 800000
generated: 384665 / 800000
generated: 384721 / 800000
generated: 384765 / 800000
generated: 384806 / 800000
generated: 384837 / 800000
generated: 384884 / 800000
generated: 384930 / 800000
generated: 384971 / 800000
generated: 385024 / 800000
generated: 385075 / 800000
generated: 385124 / 800000
generated: 385170 / 800000
generated: 385204 / 800000
generated: 385256 / 800000
generated: 385300 / 800000
generated: 385344 / 800000
generated: 385389 / 800000
generated: 385433 / 800000
generated: 385483 / 800000
generated: 385530 / 800000
generated: 385569 / 800000
generated: 385603 / 800000
generated: 385648 / 800000
generated: 385695 / 800000
generated: 385732 / 800000
generated: 385777 / 800000
generated: 385821 / 800000
generated: 385856 / 800000
generated: 385909 / 800000
generated: 385956 / 800000
generated: 385994 / 800000
generated: 386044 / 800000
generated: 386080 / 800000
generated: 386121 / 800000
generated: 386162 / 800000
generated: 386208 / 800000
generated: 386253 / 800000
generated: 386289 / 800000
generated: 386330 / 800000
generated: 386366 / 800000
generated: 386408 / 800000
generated: 386461 / 800000
generated: 386505 / 800000
generated: 386554 / 800000
generated: 386597 / 800000
generated: 386637 / 800000
generated: 386681 / 800000
generated: 386727 / 800000
generated: 386772 / 800000
generated: 386824 / 800000
generated: 386868 / 800000
generated: 386906 / 800000
generated: 386951 / 800000
generated: 386996 / 800000
generated: 387037 / 800000
generated: 387085 / 800000
generated: 387122 / 800000
generated: 387179 / 800000
generated: 387218 / 800000
generated: 387260 / 800000
generated: 387314 / 800000
generated: 387368 / 800000
generated: 387419 / 800000
generated: 387454 / 800000
generated: 387507 / 800000
generated: 387540 / 800000
generated: 387582 / 800000
generated: 387624 / 800000
generated: 387665 / 800000
generated: 387697 / 800000
generated: 387735 / 800000
generated: 387780 / 800000
generated: 387833 / 800000
generated: 387879 / 800000
generated: 387929 / 800000
generated: 387975 / 800000
generated: 388018 / 800000
generated: 388061 / 800000
generated: 388108 / 800000
generated: 388148 / 800000
generated: 388195 / 800000
generated: 388226 / 800000
generated: 388260 / 800000
generated: 388304 / 800000
generated: 388339 / 800000
generated: 388382 / 800000
generated: 388429 / 800000
generated: 388478 / 800000
generated: 388520 / 800000
generated: 388554 / 800000
generated: 388606 / 800000
generated: 388668 / 800000
generated: 388710 / 800000
generated: 388748 / 800000
generated: 388787 / 800000
generated: 388845 / 800000
generated: 388883 / 800000
generated: 388925 / 800000
generated: 388965 / 800000
generated: 389018 / 800000
generated: 389066 / 800000
generated: 389115 / 800000
generated: 389157 / 800000
generated: 389199 / 800000
generated: 389244 / 800000
generated: 389290 / 800000
generated: 389333 / 800000
generated: 389375 / 800000
generated: 389421 / 800000
generated: 389467 / 800000
generated: 389513 / 800000
generated: 389560 / 800000
generated: 389599 / 800000
generated: 389645 / 800000
generated: 389695 / 800000
generated: 389734 / 800000
generated: 389783 / 800000
generated: 389820 / 800000
generated: 389854 / 800000
generated: 389894 / 800000
generated: 389941 / 800000
generated: 389981 / 800000
generated: 390020 / 800000
generated: 390076 / 800000
generated: 390124 / 800000
generated: 390169 / 800000
generated: 390220 / 800000
generated: 390267 / 800000
generated: 390314 / 800000
generated: 390358 / 800000
generated: 390406 / 800000
generated: 390443 / 800000
generated: 390490 / 800000
generated: 390533 / 800000
generated: 390591 / 800000
generated: 390634 / 800000
generated: 390680 / 800000
generated: 390721 / 800000
generated: 390772 / 800000
generated: 390814 / 800000
generated: 390868 / 800000
generated: 390907 / 800000
generated: 390958 / 800000
generated: 391005 / 800000
generated: 391044 / 800000
generated: 391092 / 800000
generated: 391135 / 800000
generated: 391187 / 800000
generated: 391229 / 800000
generated: 391273 / 800000
generated: 391324 / 800000
generated: 391372 / 800000
generated: 391419 / 800000
generated: 391454 / 800000
generated: 391495 / 800000
generated: 391533 / 800000
generated: 391571 / 800000
generated: 391617 / 800000
generated: 391664 / 800000
generated: 391705 / 800000
generated: 391751 / 800000
generated: 391799 / 800000
generated: 391850 / 800000
generated: 391896 / 800000
generated: 391941 / 800000
generated: 391976 / 800000
generated: 392021 / 800000
generated: 392062 / 800000
generated: 392108 / 800000
generated: 392149 / 800000
generated: 392194 / 800000
generated: 392246 / 800000
generated: 392289 / 800000
generated: 392330 / 800000
generated: 392367 / 800000
generated: 392419 / 800000
generated: 392466 / 800000
generated: 392509 / 800000
generated: 392560 / 800000
generated: 392597 / 800000
generated: 392649 / 800000
generated: 392690 / 800000
generated: 392737 / 800000
generated: 392771 / 800000
generated: 392826 / 800000
generated: 392872 / 800000
generated: 392921 / 800000
generated: 392964 / 800000
generated: 393012 / 800000
generated: 393076 / 800000
generated: 393117 / 800000
generated: 393157 / 800000
generated: 393198 / 800000
generated: 393248 / 800000
generated: 393300 / 800000
generated: 393347 / 800000
generated: 393397 / 800000
generated: 393439 / 800000
generated: 393487 / 800000
generated: 393539 / 800000
generated: 393574 / 800000
generated: 393627 / 800000
generated: 393663 / 800000
generated: 393703 / 800000
generated: 393754 / 800000
generated: 393803 / 800000
generated: 393848 / 800000
generated: 393898 / 800000
generated: 393941 / 800000
generated: 393993 / 800000
generated: 394043 / 800000
generated: 394083 / 800000
generated: 394130 / 800000
generated: 394172 / 800000
generated: 394215 / 800000
generated: 394253 / 800000
generated: 394296 / 800000
generated: 394339 / 800000
generated: 394382 / 800000
generated: 394424 / 800000
generated: 394468 / 800000
generated: 394513 / 800000
generated: 394555 / 800000
generated: 394598 / 800000
generated: 394640 / 800000
generated: 394684 / 800000
generated: 394738 / 800000
generated: 394786 / 800000
generated: 394827 / 800000
generated: 394869 / 800000
generated: 394916 / 800000
generated: 394958 / 800000
generated: 395005 / 800000
generated: 395046 / 800000
generated: 395086 / 800000
generated: 395127 / 800000
generated: 395178 / 800000
generated: 395220 / 800000
generated: 395270 / 800000
generated: 395311 / 800000
generated: 395362 / 800000
generated: 395402 / 800000
generated: 395437 / 800000
generated: 395494 / 800000
generated: 395540 / 800000
generated: 395588 / 800000
generated: 395642 / 800000
generated: 395691 / 800000
generated: 395732 / 800000
generated: 395775 / 800000
generated: 395821 / 800000
generated: 395864 / 800000
generated: 395915 / 800000
generated: 395956 / 800000
generated: 396001 / 800000
generated: 396056 / 800000
generated: 396110 / 800000
generated: 396154 / 800000
generated: 396183 / 800000
generated: 396226 / 800000
generated: 396281 / 800000
generated: 396321 / 800000
generated: 396366 / 800000
generated: 396411 / 800000
generated: 396444 / 800000
generated: 396483 / 800000
generated: 396505 / 800000
generated: 396547 / 800000
generated: 396583 / 800000
generated: 396623 / 800000
generated: 396666 / 800000
generated: 396718 / 800000
generated: 396771 / 800000
generated: 396814 / 800000
generated: 396861 / 800000
generated: 396903 / 800000
generated: 396962 / 800000
generated: 397014 / 800000
generated: 397081 / 800000
generated: 397133 / 800000
generated: 397176 / 800000
generated: 397223 / 800000
generated: 397262 / 800000
generated: 397314 / 800000
generated: 397362 / 800000
generated: 397411 / 800000
generated: 397450 / 800000
generated: 397498 / 800000
generated: 397543 / 800000
generated: 397588 / 800000
generated: 397637 / 800000
generated: 397675 / 800000
generated: 397725 / 800000
generated: 397782 / 800000
generated: 397827 / 800000
generated: 397880 / 800000
generated: 397930 / 800000
generated: 397979 / 800000
generated: 398047 / 800000
generated: 398094 / 800000
generated: 398143 / 800000
generated: 398185 / 800000
generated: 398233 / 800000
generated: 398291 / 800000
generated: 398336 / 800000
generated: 398381 / 800000
generated: 398436 / 800000
generated: 398465 / 800000
generated: 398503 / 800000
generated: 398539 / 800000
generated: 398582 / 800000
generated: 398635 / 800000
generated: 398676 / 800000
generated: 398724 / 800000
generated: 398756 / 800000
generated: 398801 / 800000
generated: 398839 / 800000
generated: 398880 / 800000
generated: 398938 / 800000
generated: 398980 / 800000
generated: 399032 / 800000
generated: 399074 / 800000
generated: 399117 / 800000
generated: 399152 / 800000
generated: 399187 / 800000
generated: 399236 / 800000
generated: 399269 / 800000
generated: 399322 / 800000
generated: 399367 / 800000
generated: 399414 / 800000
generated: 399448 / 800000
generated: 399494 / 800000
generated: 399540 / 800000
generated: 399588 / 800000
generated: 399623 / 800000
generated: 399673 / 800000
generated: 399716 / 800000
generated: 399765 / 800000
generated: 399809 / 800000
generated: 399849 / 800000
generated: 399908 / 800000
generated: 399949 / 800000
generated: 399978 / 800000
generated: 400024 / 800000
generated: 400080 / 800000
generated: 400119 / 800000
generated: 400161 / 800000
generated: 400222 / 800000
generated: 400266 / 800000
generated: 400316 / 800000
generated: 400360 / 800000
generated: 400408 / 800000
generated: 400452 / 800000
generated: 400501 / 800000
generated: 400553 / 800000
generated: 400598 / 800000
generated: 400647 / 800000
generated: 400704 / 800000
generated: 400747 / 800000
generated: 400788 / 800000
generated: 400832 / 800000
generated: 400889 / 800000
generated: 400944 / 800000
generated: 400985 / 800000
generated: 401031 / 800000
generated: 401074 / 800000
generated: 401120 / 800000
generated: 401171 / 800000
generated: 401214 / 800000
generated: 401257 / 800000
generated: 401294 / 800000
generated: 401330 / 800000
generated: 401379 / 800000
generated: 401421 / 800000
generated: 401471 / 800000
generated: 401518 / 800000
generated: 401572 / 800000
generated: 401613 / 800000
generated: 401653 / 800000
generated: 401699 / 800000
generated: 401749 / 800000
generated: 401799 / 800000
generated: 401838 / 800000
generated: 401889 / 800000
generated: 401940 / 800000
generated: 401971 / 800000
generated: 402009 / 800000
generated: 402056 / 800000
generated: 402100 / 800000
generated: 402141 / 800000
generated: 402179 / 800000
generated: 402220 / 800000
generated: 402270 / 800000
generated: 402309 / 800000
generated: 402350 / 800000
generated: 402393 / 800000
generated: 402444 / 800000
generated: 402492 / 800000
generated: 402537 / 800000
generated: 402584 / 800000
generated: 402627 / 800000
generated: 402672 / 800000
generated: 402716 / 800000
generated: 402755 / 800000
generated: 402796 / 800000
generated: 402844 / 800000
generated: 402896 / 800000
generated: 402945 / 800000
generated: 402999 / 800000
generated: 403032 / 800000
generated: 403073 / 800000
generated: 403109 / 800000
generated: 403164 / 800000
generated: 403202 / 800000
generated: 403247 / 800000
generated: 403293 / 800000
generated: 403349 / 800000
generated: 403393 / 800000
generated: 403447 / 800000
generated: 403490 / 800000
generated: 403534 / 800000
generated: 403594 / 800000
generated: 403643 / 800000
generated: 403687 / 800000
generated: 403726 / 800000
generated: 403774 / 800000
generated: 403811 / 800000
generated: 403848 / 800000
generated: 403900 / 800000
generated: 403953 / 800000
generated: 403994 / 800000
generated: 404046 / 800000
generated: 404097 / 800000
generated: 404149 / 800000
generated: 404205 / 800000
generated: 404240 / 800000
generated: 404292 / 800000
generated: 404349 / 800000
generated: 404401 / 800000
generated: 404443 / 800000
generated: 404489 / 800000
generated: 404531 / 800000
generated: 404579 / 800000
generated: 404627 / 800000
generated: 404660 / 800000
generated: 404700 / 800000
generated: 404740 / 800000
generated: 404781 / 800000
generated: 404829 / 800000
generated: 404883 / 800000
generated: 404923 / 800000
generated: 404965 / 800000
generated: 405012 / 800000
generated: 405052 / 800000
generated: 405083 / 800000
generated: 405130 / 800000
generated: 405174 / 800000
generated: 405217 / 800000
generated: 405274 / 800000
generated: 405314 / 800000
generated: 405356 / 800000
generated: 405402 / 800000
generated: 405449 / 800000
generated: 405491 / 800000
generated: 405536 / 800000
generated: 405582 / 800000
generated: 405624 / 800000
generated: 405680 / 800000
generated: 405730 / 800000
generated: 405775 / 800000
generated: 405833 / 800000
generated: 405883 / 800000
generated: 405931 / 800000
generated: 405968 / 800000
generated: 406005 / 800000
generated: 406051 / 800000
generated: 406091 / 800000
generated: 406146 / 800000
generated: 406184 / 800000
generated: 406236 / 800000
generated: 406282 / 800000
generated: 406336 / 800000
generated: 406375 / 800000
generated: 406418 / 800000
generated: 406471 / 800000
generated: 406507 / 800000
generated: 406556 / 800000
generated: 406606 / 800000
generated: 406650 / 800000
generated: 406694 / 800000
generated: 406738 / 800000
generated: 406778 / 800000
generated: 406816 / 800000
generated: 406861 / 800000
generated: 406907 / 800000
generated: 406947 / 800000
generated: 406994 / 800000
generated: 407033 / 800000
generated: 407090 / 800000
generated: 407131 / 800000
generated: 407177 / 800000
generated: 407221 / 800000
generated: 407280 / 800000
generated: 407320 / 800000
generated: 407364 / 800000
generated: 407412 / 800000
generated: 407451 / 800000
generated: 407489 / 800000
generated: 407525 / 800000
generated: 407582 / 800000
generated: 407617 / 800000
generated: 407667 / 800000
generated: 407718 / 800000
generated: 407763 / 800000
generated: 407801 / 800000
generated: 407843 / 800000
generated: 407883 / 800000
generated: 407923 / 800000
generated: 407973 / 800000
generated: 408015 / 800000
generated: 408068 / 800000
generated: 408108 / 800000
generated: 408153 / 800000
generated: 408205 / 800000
generated: 408252 / 800000
generated: 408300 / 800000
generated: 408347 / 800000
generated: 408388 / 800000
generated: 408438 / 800000
generated: 408481 / 800000
generated: 408515 / 800000
generated: 408554 / 800000
generated: 408595 / 800000
generated: 408643 / 800000
generated: 408689 / 800000
generated: 408729 / 800000
generated: 408763 / 800000
generated: 408807 / 800000
generated: 408854 / 800000
generated: 408898 / 800000
generated: 408934 / 800000
generated: 408979 / 800000
generated: 409021 / 800000
generated: 409071 / 800000
generated: 409113 / 800000
generated: 409167 / 800000
generated: 409209 / 800000
generated: 409244 / 800000
generated: 409287 / 800000
generated: 409336 / 800000
generated: 409385 / 800000
generated: 409437 / 800000
generated: 409498 / 800000
generated: 409546 / 800000
generated: 409585 / 800000
generated: 409618 / 800000
generated: 409665 / 800000
generated: 409717 / 800000
generated: 409772 / 800000
generated: 409814 / 800000
generated: 409858 / 800000
generated: 409901 / 800000
generated: 409938 / 800000
generated: 409990 / 800000
generated: 410039 / 800000
generated: 410077 / 800000
generated: 410119 / 800000
generated: 410161 / 800000
generated: 410207 / 800000
generated: 410246 / 800000
generated: 410300 / 800000
generated: 410359 / 800000
generated: 410409 / 800000
generated: 410458 / 800000
generated: 410494 / 800000
generated: 410545 / 800000
generated: 410590 / 800000
generated: 410626 / 800000
generated: 410675 / 800000
generated: 410732 / 800000
generated: 410762 / 800000
generated: 410802 / 800000
generated: 410839 / 800000
generated: 410889 / 800000
generated: 410924 / 800000
generated: 410970 / 800000
generated: 411007 / 800000
generated: 411061 / 800000
generated: 411096 / 800000
generated: 411150 / 800000
generated: 411191 / 800000
generated: 411236 / 800000
generated: 411288 / 800000
generated: 411333 / 800000
generated: 411382 / 800000
generated: 411423 / 800000
generated: 411476 / 800000
generated: 411520 / 800000
generated: 411568 / 800000
generated: 411612 / 800000
generated: 411644 / 800000
generated: 411693 / 800000
generated: 411751 / 800000
generated: 411787 / 800000
generated: 411822 / 800000
generated: 411853 / 800000
generated: 411897 / 800000
generated: 411942 / 800000
generated: 411994 / 800000
generated: 412034 / 800000
generated: 412098 / 800000
generated: 412143 / 800000
generated: 412174 / 800000
generated: 412217 / 800000
generated: 412257 / 800000
generated: 412303 / 800000
generated: 412335 / 800000
generated: 412373 / 800000
generated: 412400 / 800000
generated: 412444 / 800000
generated: 412487 / 800000
generated: 412531 / 800000
generated: 412568 / 800000
generated: 412608 / 800000
generated: 412663 / 800000
generated: 412718 / 800000
generated: 412762 / 800000
generated: 412799 / 800000
generated: 412847 / 800000
generated: 412896 / 800000
generated: 412940 / 800000
generated: 412986 / 800000
generated: 413031 / 800000
generated: 413075 / 800000
generated: 413119 / 800000
generated: 413168 / 800000
generated: 413213 / 800000
generated: 413251 / 800000
generated: 413297 / 800000
generated: 413343 / 800000
generated: 413384 / 800000
generated: 413425 / 800000
generated: 413470 / 800000
generated: 413512 / 800000
generated: 413553 / 800000
generated: 413601 / 800000
generated: 413646 / 800000
generated: 413702 / 800000
generated: 413754 / 800000
generated: 413792 / 800000
generated: 413845 / 800000
generated: 413896 / 800000
generated: 413938 / 800000
generated: 413984 / 800000
generated: 414035 / 800000
generated: 414078 / 800000
generated: 414116 / 800000
generated: 414159 / 800000
generated: 414214 / 800000
generated: 414254 / 800000
generated: 414282 / 800000
generated: 414319 / 800000
generated: 414370 / 800000
generated: 414400 / 800000
generated: 414436 / 800000
generated: 414492 / 800000
generated: 414543 / 800000
generated: 414587 / 800000
generated: 414631 / 800000
generated: 414673 / 800000
generated: 414712 / 800000
generated: 414761 / 800000
generated: 414800 / 800000
generated: 414841 / 800000
generated: 414884 / 800000
generated: 414920 / 800000
generated: 414964 / 800000
generated: 415007 / 800000
generated: 415036 / 800000
generated: 415082 / 800000
generated: 415135 / 800000
generated: 415179 / 800000
generated: 415214 / 800000
generated: 415246 / 800000
generated: 415294 / 800000
generated: 415335 / 800000
generated: 415379 / 800000
generated: 415414 / 800000
generated: 415469 / 800000
generated: 415523 / 800000
generated: 415576 / 800000
generated: 415622 / 800000
generated: 415664 / 800000
generated: 415709 / 800000
generated: 415756 / 800000
generated: 415806 / 800000
generated: 415866 / 800000
generated: 415911 / 800000
generated: 415957 / 800000
generated: 415995 / 800000
generated: 416031 / 800000
generated: 416086 / 800000
generated: 416141 / 800000
generated: 416189 / 800000
generated: 416244 / 800000
generated: 416285 / 800000
generated: 416330 / 800000
generated: 416377 / 800000
generated: 416426 / 800000
generated: 416471 / 800000
generated: 416510 / 800000
generated: 416552 / 800000
generated: 416597 / 800000
generated: 416642 / 800000
generated: 416694 / 800000
generated: 416744 / 800000
generated: 416785 / 800000
generated: 416820 / 800000
generated: 416866 / 800000
generated: 416909 / 800000
generated: 416946 / 800000
generated: 416985 / 800000
generated: 417028 / 800000
generated: 417071 / 800000
generated: 417107 / 800000
generated: 417154 / 800000
generated: 417202 / 800000
generated: 417245 / 800000
generated: 417298 / 800000
generated: 417343 / 800000
generated: 417382 / 800000
generated: 417433 / 800000
generated: 417482 / 800000
generated: 417536 / 800000
generated: 417587 / 800000
generated: 417631 / 800000
generated: 417685 / 800000
generated: 417732 / 800000
generated: 417785 / 800000
generated: 417832 / 800000
generated: 417884 / 800000
generated: 417925 / 800000
generated: 417962 / 800000
generated: 418010 / 800000
generated: 418056 / 800000
generated: 418104 / 800000
generated: 418147 / 800000
generated: 418190 / 800000
generated: 418236 / 800000
generated: 418283 / 800000
generated: 418333 / 800000
generated: 418379 / 800000
generated: 418420 / 800000
generated: 418468 / 800000
generated: 418514 / 800000
generated: 418561 / 800000
generated: 418598 / 800000
generated: 418638 / 800000
generated: 418686 / 800000
generated: 418722 / 800000
generated: 418775 / 800000
generated: 418808 / 800000
generated: 418855 / 800000
generated: 418896 / 800000
generated: 418951 / 800000
generated: 418998 / 800000
generated: 419047 / 800000
generated: 419080 / 800000
generated: 419124 / 800000
generated: 419172 / 800000
generated: 419211 / 800000
generated: 419252 / 800000
generated: 419296 / 800000
generated: 419333 / 800000
generated: 419375 / 800000
generated: 419412 / 800000
generated: 419460 / 800000
generated: 419507 / 800000
generated: 419550 / 800000
generated: 419597 / 800000
generated: 419638 / 800000
generated: 419680 / 800000
generated: 419729 / 800000
generated: 419773 / 800000
generated: 419821 / 800000
generated: 419856 / 800000
generated: 419896 / 800000
generated: 419951 / 800000
generated: 419993 / 800000
generated: 420043 / 800000
generated: 420082 / 800000
generated: 420126 / 800000
generated: 420167 / 800000
generated: 420208 / 800000
generated: 420253 / 800000
generated: 420290 / 800000
generated: 420345 / 800000
generated: 420388 / 800000
generated: 420441 / 800000
generated: 420474 / 800000
generated: 420516 / 800000
generated: 420549 / 800000
generated: 420577 / 800000
generated: 420608 / 800000
generated: 420650 / 800000
generated: 420692 / 800000
generated: 420744 / 800000
generated: 420801 / 800000
generated: 420845 / 800000
generated: 420887 / 800000
generated: 420932 / 800000
generated: 420976 / 800000
generated: 421034 / 800000
generated: 421090 / 800000
generated: 421130 / 800000
generated: 421173 / 800000
generated: 421212 / 800000
generated: 421263 / 800000
generated: 421293 / 800000
generated: 421335 / 800000
generated: 421380 / 800000
generated: 421436 / 800000
generated: 421492 / 800000
generated: 421536 / 800000
generated: 421581 / 800000
generated: 421627 / 800000
generated: 421666 / 800000
generated: 421707 / 800000
generated: 421754 / 800000
generated: 421798 / 800000
generated: 421842 / 800000
generated: 421889 / 800000
generated: 421935 / 800000
generated: 421986 / 800000
generated: 422033 / 800000
generated: 422086 / 800000
generated: 422129 / 800000
generated: 422181 / 800000
generated: 422225 / 800000
generated: 422267 / 800000
generated: 422313 / 800000
generated: 422360 / 800000
generated: 422400 / 800000
generated: 422438 / 800000
generated: 422489 / 800000
generated: 422545 / 800000
generated: 422583 / 800000
generated: 422636 / 800000
generated: 422678 / 800000
generated: 422721 / 800000
generated: 422761 / 800000
generated: 422792 / 800000
generated: 422833 / 800000
generated: 422880 / 800000
generated: 422935 / 800000
generated: 422982 / 800000
generated: 423022 / 800000
generated: 423061 / 800000
generated: 423100 / 800000
generated: 423133 / 800000
generated: 423179 / 800000
generated: 423233 / 800000
generated: 423281 / 800000
generated: 423328 / 800000
generated: 423377 / 800000
generated: 423416 / 800000
generated: 423458 / 800000
generated: 423513 / 800000
generated: 423558 / 800000
generated: 423597 / 800000
generated: 423635 / 800000
generated: 423679 / 800000
generated: 423726 / 800000
generated: 423770 / 800000
generated: 423818 / 800000
generated: 423867 / 800000
generated: 423917 / 800000
generated: 423963 / 800000
generated: 424014 / 800000
generated: 424051 / 800000
generated: 424092 / 800000
generated: 424132 / 800000
generated: 424173 / 800000
generated: 424220 / 800000
generated: 424268 / 800000
generated: 424307 / 800000
generated: 424357 / 800000
generated: 424399 / 800000
generated: 424449 / 800000
generated: 424501 / 800000
generated: 424553 / 800000
generated: 424599 / 800000
generated: 424646 / 800000
generated: 424685 / 800000
generated: 424722 / 800000
generated: 424764 / 800000
generated: 424810 / 800000
generated: 424850 / 800000
generated: 424893 / 800000
generated: 424962 / 800000
generated: 425000 / 800000
generated: 425043 / 800000
generated: 425090 / 800000
generated: 425132 / 800000
generated: 425180 / 800000
generated: 425221 / 800000
generated: 425268 / 800000
generated: 425310 / 800000
generated: 425347 / 800000
generated: 425390 / 800000
generated: 425439 / 800000
generated: 425493 / 800000
generated: 425529 / 800000
generated: 425584 / 800000
generated: 425625 / 800000
generated: 425670 / 800000
generated: 425720 / 800000
generated: 425773 / 800000
generated: 425826 / 800000
generated: 425878 / 800000
generated: 425925 / 800000
generated: 425965 / 800000
generated: 426009 / 800000
generated: 426044 / 800000
generated: 426089 / 800000
generated: 426136 / 800000
generated: 426186 / 800000
generated: 426239 / 800000
generated: 426279 / 800000
generated: 426321 / 800000
generated: 426363 / 800000
generated: 426410 / 800000
generated: 426456 / 800000
generated: 426505 / 800000
generated: 426554 / 800000
generated: 426598 / 800000
generated: 426637 / 800000
generated: 426675 / 800000
generated: 426718 / 800000
generated: 426772 / 800000
generated: 426814 / 800000
generated: 426858 / 800000
generated: 426897 / 800000
generated: 426952 / 800000
generated: 426999 / 800000
generated: 427044 / 800000
generated: 427085 / 800000
generated: 427117 / 800000
generated: 427156 / 800000
generated: 427192 / 800000
generated: 427235 / 800000
generated: 427284 / 800000
generated: 427326 / 800000
generated: 427371 / 800000
generated: 427408 / 800000
generated: 427454 / 800000
generated: 427504 / 800000
generated: 427551 / 800000
generated: 427598 / 800000
generated: 427644 / 800000
generated: 427682 / 800000
generated: 427731 / 800000
generated: 427781 / 800000
generated: 427825 / 800000
generated: 427870 / 800000
generated: 427917 / 800000
generated: 427971 / 800000
generated: 428015 / 800000
generated: 428061 / 800000
generated: 428104 / 800000
generated: 428154 / 800000
generated: 428204 / 800000
generated: 428244 / 800000
generated: 428307 / 800000
generated: 428348 / 800000
generated: 428394 / 800000
generated: 428436 / 800000
generated: 428479 / 800000
generated: 428532 / 800000
generated: 428573 / 800000
generated: 428619 / 800000
generated: 428675 / 800000
generated: 428725 / 800000
generated: 428771 / 800000
generated: 428808 / 800000
generated: 428855 / 800000
generated: 428904 / 800000
generated: 428951 / 800000
generated: 429001 / 800000
generated: 429044 / 800000
generated: 429095 / 800000
generated: 429139 / 800000
generated: 429186 / 800000
generated: 429219 / 800000
generated: 429266 / 800000
generated: 429307 / 800000
generated: 429370 / 800000
generated: 429428 / 800000
generated: 429469 / 800000
generated: 429506 / 800000
generated: 429549 / 800000
generated: 429599 / 800000
generated: 429641 / 800000
generated: 429689 / 800000
generated: 429727 / 800000
generated: 429781 / 800000
generated: 429830 / 800000
generated: 429882 / 800000
generated: 429917 / 800000
generated: 429972 / 800000
generated: 430017 / 800000
generated: 430058 / 800000
generated: 430096 / 800000
generated: 430141 / 800000
generated: 430186 / 800000
generated: 430243 / 800000
generated: 430295 / 800000
generated: 430336 / 800000
generated: 430378 / 800000
generated: 430428 / 800000
generated: 430472 / 800000
generated: 430517 / 800000
generated: 430554 / 800000
generated: 430598 / 800000
generated: 430643 / 800000
generated: 430689 / 800000
generated: 430725 / 800000
generated: 430760 / 800000
generated: 430794 / 800000
generated: 430841 / 800000
generated: 430886 / 800000
generated: 430928 / 800000
generated: 430957 / 800000
generated: 430995 / 800000
generated: 431048 / 800000
generated: 431095 / 800000
generated: 431151 / 800000
generated: 431189 / 800000
generated: 431242 / 800000
generated: 431292 / 800000
generated: 431329 / 800000
generated: 431365 / 800000
generated: 431403 / 800000
generated: 431451 / 800000
generated: 431493 / 800000
generated: 431544 / 800000
generated: 431585 / 800000
generated: 431637 / 800000
generated: 431673 / 800000
generated: 431712 / 800000
generated: 431749 / 800000
generated: 431802 / 800000
generated: 431858 / 800000
generated: 431898 / 800000
generated: 431941 / 800000
generated: 431997 / 800000
generated: 432045 / 800000
generated: 432093 / 800000
generated: 432150 / 800000
generated: 432200 / 800000
generated: 432232 / 800000
generated: 432266 / 800000
generated: 432303 / 800000
generated: 432342 / 800000
generated: 432384 / 800000
generated: 432429 / 800000
generated: 432465 / 800000
generated: 432517 / 800000
generated: 432557 / 800000
generated: 432599 / 800000
generated: 432643 / 800000
generated: 432691 / 800000
generated: 432740 / 800000
generated: 432775 / 800000
generated: 432824 / 800000
generated: 432855 / 800000
generated: 432903 / 800000
generated: 432941 / 800000
generated: 432981 / 800000
generated: 433019 / 800000
generated: 433076 / 800000
generated: 433110 / 800000
generated: 433141 / 800000
generated: 433181 / 800000
generated: 433224 / 800000
generated: 433263 / 800000
generated: 433308 / 800000
generated: 433349 / 800000
generated: 433397 / 800000
generated: 433439 / 800000
generated: 433497 / 800000
generated: 433535 / 800000
generated: 433578 / 800000
generated: 433629 / 800000
generated: 433683 / 800000
generated: 433734 / 800000
generated: 433785 / 800000
generated: 433844 / 800000
generated: 433891 / 800000
generated: 433934 / 800000
generated: 433975 / 800000
generated: 434030 / 800000
generated: 434074 / 800000
generated: 434114 / 800000
generated: 434155 / 800000
generated: 434194 / 800000
generated: 434242 / 800000
generated: 434282 / 800000
generated: 434325 / 800000
generated: 434384 / 800000
generated: 434427 / 800000
generated: 434475 / 800000
generated: 434524 / 800000
generated: 434569 / 800000
generated: 434613 / 800000
generated: 434658 / 800000
generated: 434709 / 800000
generated: 434757 / 800000
generated: 434805 / 800000
generated: 434855 / 800000
generated: 434894 / 800000
generated: 434941 / 800000
generated: 434976 / 800000
generated: 435024 / 800000
generated: 435070 / 800000
generated: 435113 / 800000
generated: 435161 / 800000
generated: 435206 / 800000
generated: 435247 / 800000
generated: 435298 / 800000
generated: 435350 / 800000
generated: 435383 / 800000
generated: 435430 / 800000
generated: 435479 / 800000
generated: 435527 / 800000
generated: 435575 / 800000
generated: 435627 / 800000
generated: 435668 / 800000
generated: 435719 / 800000
generated: 435761 / 800000
generated: 435801 / 800000
generated: 435859 / 800000
generated: 435899 / 800000
generated: 435951 / 800000
generated: 435996 / 800000
generated: 436037 / 800000
generated: 436082 / 800000
generated: 436125 / 800000
generated: 436170 / 800000
generated: 436211 / 800000
generated: 436248 / 800000
generated: 436291 / 800000
generated: 436336 / 800000
generated: 436380 / 800000
generated: 436426 / 800000
generated: 436475 / 800000
generated: 436523 / 800000
generated: 436573 / 800000
generated: 436615 / 800000
generated: 436661 / 800000
generated: 436702 / 800000
generated: 436744 / 800000
generated: 436787 / 800000
generated: 436837 / 800000
generated: 436885 / 800000
generated: 436945 / 800000
generated: 436995 / 800000
generated: 437036 / 800000
generated: 437091 / 800000
generated: 437137 / 800000
generated: 437189 / 800000
generated: 437234 / 800000
generated: 437278 / 800000
generated: 437326 / 800000
generated: 437366 / 800000
generated: 437419 / 800000
generated: 437464 / 800000
generated: 437520 / 800000
generated: 437573 / 800000
generated: 437616 / 800000
generated: 437678 / 800000
generated: 437725 / 800000
generated: 437772 / 800000
generated: 437812 / 800000
generated: 437854 / 800000
generated: 437898 / 800000
generated: 437949 / 800000
generated: 437982 / 800000
generated: 438026 / 800000
generated: 438066 / 800000
generated: 438112 / 800000
generated: 438161 / 800000
generated: 438202 / 800000
generated: 438246 / 800000
generated: 438292 / 800000
generated: 438337 / 800000
generated: 438383 / 800000
generated: 438428 / 800000
generated: 438481 / 800000
generated: 438521 / 800000
generated: 438562 / 800000
generated: 438607 / 800000
generated: 438653 / 800000
generated: 438693 / 800000
generated: 438731 / 800000
generated: 438772 / 800000
generated: 438813 / 800000
generated: 438858 / 800000
generated: 438895 / 800000
generated: 438929 / 800000
generated: 438972 / 800000
generated: 439026 / 800000
generated: 439080 / 800000
generated: 439121 / 800000
generated: 439163 / 800000
generated: 439212 / 800000
generated: 439247 / 800000
generated: 439291 / 800000
generated: 439329 / 800000
generated: 439370 / 800000
generated: 439424 / 800000
generated: 439461 / 800000
generated: 439493 / 800000
generated: 439532 / 800000
generated: 439585 / 800000
generated: 439620 / 800000
generated: 439659 / 800000
generated: 439697 / 800000
generated: 439729 / 800000
generated: 439777 / 800000
generated: 439822 / 800000
generated: 439869 / 800000
generated: 439913 / 800000
generated: 439962 / 800000
generated: 440007 / 800000
generated: 440053 / 800000
generated: 440094 / 800000
generated: 440134 / 800000
generated: 440179 / 800000
generated: 440221 / 800000
generated: 440266 / 800000
generated: 440315 / 800000
generated: 440368 / 800000
generated: 440415 / 800000
generated: 440466 / 800000
generated: 440507 / 800000
generated: 440550 / 800000
generated: 440604 / 800000
generated: 440649 / 800000
generated: 440693 / 800000
generated: 440738 / 800000
generated: 440789 / 800000
generated: 440836 / 800000
generated: 440878 / 800000
generated: 440925 / 800000
generated: 440974 / 800000
generated: 441014 / 800000
generated: 441051 / 800000
generated: 441093 / 800000
generated: 441148 / 800000
generated: 441188 / 800000
generated: 441229 / 800000
generated: 441279 / 800000
generated: 441329 / 800000
generated: 441374 / 800000
generated: 441408 / 800000
generated: 441466 / 800000
generated: 441509 / 800000
generated: 441557 / 800000
generated: 441598 / 800000
generated: 441639 / 800000
generated: 441683 / 800000
generated: 441736 / 800000
generated: 441780 / 800000
generated: 441836 / 800000
generated: 441880 / 800000
generated: 441924 / 800000
generated: 441967 / 800000
generated: 442008 / 800000
generated: 442055 / 800000
generated: 442093 / 800000
generated: 442136 / 800000
generated: 442174 / 800000
generated: 442216 / 800000
generated: 442252 / 800000
generated: 442294 / 800000
generated: 442327 / 800000
generated: 442371 / 800000
generated: 442408 / 800000
generated: 442450 / 800000
generated: 442495 / 800000
generated: 442533 / 800000
generated: 442575 / 800000
generated: 442624 / 800000
generated: 442665 / 800000
generated: 442710 / 800000
generated: 442755 / 800000
generated: 442800 / 800000
generated: 442855 / 800000
generated: 442888 / 800000
generated: 442928 / 800000
generated: 442980 / 800000
generated: 443010 / 800000
generated: 443051 / 800000
generated: 443100 / 800000
generated: 443144 / 800000
generated: 443194 / 800000
generated: 443237 / 800000
generated: 443276 / 800000
generated: 443328 / 800000
generated: 443370 / 800000
generated: 443424 / 800000
generated: 443467 / 800000
generated: 443511 / 800000
generated: 443552 / 800000
generated: 443607 / 800000
generated: 443646 / 800000
generated: 443683 / 800000
generated: 443746 / 800000
generated: 443781 / 800000
generated: 443816 / 800000
generated: 443860 / 800000
generated: 443901 / 800000
generated: 443948 / 800000
generated: 443987 / 800000
generated: 444040 / 800000
generated: 444070 / 800000
generated: 444118 / 800000
generated: 444178 / 800000
generated: 444228 / 800000
generated: 444275 / 800000
generated: 444311 / 800000
generated: 444363 / 800000
generated: 444414 / 800000
generated: 444454 / 800000
generated: 444500 / 800000
generated: 444551 / 800000
generated: 444602 / 800000
generated: 444648 / 800000
generated: 444690 / 800000
generated: 444740 / 800000
generated: 444787 / 800000
generated: 444829 / 800000
generated: 444870 / 800000
generated: 444914 / 800000
generated: 444950 / 800000
generated: 444997 / 800000
generated: 445041 / 800000
generated: 445087 / 800000
generated: 445136 / 800000
generated: 445178 / 800000
generated: 445217 / 800000
generated: 445266 / 800000
generated: 445320 / 800000
generated: 445362 / 800000
generated: 445411 / 800000
generated: 445459 / 800000
generated: 445495 / 800000
generated: 445537 / 800000
generated: 445583 / 800000
generated: 445629 / 800000
generated: 445669 / 800000
generated: 445708 / 800000
generated: 445749 / 800000
generated: 445783 / 800000
generated: 445827 / 800000
generated: 445871 / 800000
generated: 445916 / 800000
generated: 445966 / 800000
generated: 446010 / 800000
generated: 446061 / 800000
generated: 446118 / 800000
generated: 446157 / 800000
generated: 446195 / 800000
generated: 446237 / 800000
generated: 446285 / 800000
generated: 446329 / 800000
generated: 446371 / 800000
generated: 446418 / 800000
generated: 446452 / 800000
generated: 446493 / 800000
generated: 446538 / 800000
generated: 446580 / 800000
generated: 446630 / 800000
generated: 446673 / 800000
generated: 446711 / 800000
generated: 446753 / 800000
generated: 446801 / 800000
generated: 446841 / 800000
generated: 446878 / 800000
generated: 446929 / 800000
generated: 446967 / 800000
generated: 447017 / 800000
generated: 447061 / 800000
generated: 447109 / 800000
generated: 447156 / 800000
generated: 447208 / 800000
generated: 447250 / 800000
generated: 447302 / 800000
generated: 447350 / 800000
generated: 447401 / 800000
generated: 447436 / 800000
generated: 447482 / 800000
generated: 447522 / 800000
generated: 447578 / 800000
generated: 447620 / 800000
generated: 447654 / 800000
generated: 447687 / 800000
generated: 447723 / 800000
generated: 447761 / 800000
generated: 447799 / 800000
generated: 447849 / 800000
generated: 447903 / 800000
generated: 447952 / 800000
generated: 448003 / 800000
generated: 448045 / 800000
generated: 448082 / 800000
generated: 448124 / 800000
generated: 448166 / 800000
generated: 448218 / 800000
generated: 448267 / 800000
generated: 448320 / 800000
generated: 448362 / 800000
generated: 448401 / 800000
generated: 448444 / 800000
generated: 448500 / 800000
generated: 448541 / 800000
generated: 448588 / 800000
generated: 448633 / 800000
generated: 448688 / 800000
generated: 448734 / 800000
generated: 448781 / 800000
generated: 448844 / 800000
generated: 448885 / 800000
generated: 448925 / 800000
generated: 448959 / 800000
generated: 449005 / 800000
generated: 449062 / 800000
generated: 449098 / 800000
generated: 449147 / 800000
generated: 449190 / 800000
generated: 449233 / 800000
generated: 449280 / 800000
generated: 449329 / 800000
generated: 449372 / 800000
generated: 449416 / 800000
generated: 449465 / 800000
generated: 449521 / 800000
generated: 449565 / 800000
generated: 449615 / 800000
generated: 449663 / 800000
generated: 449721 / 800000
generated: 449771 / 800000
generated: 449817 / 800000
generated: 449862 / 800000
generated: 449901 / 800000
generated: 449945 / 800000
generated: 449994 / 800000
generated: 450040 / 800000
generated: 450082 / 800000
generated: 450125 / 800000
generated: 450161 / 800000
generated: 450199 / 800000
generated: 450253 / 800000
generated: 450295 / 800000
generated: 450349 / 800000
generated: 450395 / 800000
generated: 450438 / 800000
generated: 450481 / 800000
generated: 450521 / 800000
generated: 450569 / 800000
generated: 450620 / 800000
generated: 450656 / 800000
generated: 450699 / 800000
generated: 450747 / 800000
generated: 450783 / 800000
generated: 450825 / 800000
generated: 450871 / 800000
generated: 450923 / 800000
generated: 450970 / 800000
generated: 451011 / 800000
generated: 451046 / 800000
generated: 451089 / 800000
generated: 451144 / 800000
generated: 451186 / 800000
generated: 451235 / 800000
generated: 451276 / 800000
generated: 451315 / 800000
generated: 451366 / 800000
generated: 451412 / 800000
generated: 451457 / 800000
generated: 451504 / 800000
generated: 451551 / 800000
generated: 451593 / 800000
generated: 451631 / 800000
generated: 451672 / 800000
generated: 451718 / 800000
generated: 451773 / 800000
generated: 451829 / 800000
generated: 451871 / 800000
generated: 451913 / 800000
generated: 451954 / 800000
generated: 451997 / 800000
generated: 452031 / 800000
generated: 452064 / 800000
generated: 452102 / 800000
generated: 452156 / 800000
generated: 452205 / 800000
generated: 452240 / 800000
generated: 452287 / 800000
generated: 452334 / 800000
generated: 452374 / 800000
generated: 452422 / 800000
generated: 452476 / 800000
generated: 452517 / 800000
generated: 452569 / 800000
generated: 452610 / 800000
generated: 452658 / 800000
generated: 452714 / 800000
generated: 452771 / 800000
generated: 452826 / 800000
generated: 452871 / 800000
generated: 452918 / 800000
generated: 452977 / 800000
generated: 453021 / 800000
generated: 453060 / 800000
generated: 453104 / 800000
generated: 453147 / 800000
generated: 453203 / 800000
generated: 453253 / 800000
generated: 453313 / 800000
generated: 453352 / 800000
generated: 453412 / 800000
generated: 453456 / 800000
generated: 453501 / 800000
generated: 453540 / 800000
generated: 453580 / 800000
generated: 453620 / 800000
generated: 453668 / 800000
generated: 453708 / 800000
generated: 453748 / 800000
generated: 453790 / 800000
generated: 453833 / 800000
generated: 453881 / 800000
generated: 453923 / 800000
generated: 453981 / 800000
generated: 454022 / 800000
generated: 454064 / 800000
generated: 454107 / 800000
generated: 454155 / 800000
generated: 454200 / 800000
generated: 454252 / 800000
generated: 454301 / 800000
generated: 454342 / 800000
generated: 454391 / 800000
generated: 454436 / 800000
generated: 454484 / 800000
generated: 454532 / 800000
generated: 454579 / 800000
generated: 454626 / 800000
generated: 454682 / 800000
generated: 454729 / 800000
generated: 454775 / 800000
generated: 454827 / 800000
generated: 454874 / 800000
generated: 454903 / 800000
generated: 454940 / 800000
generated: 454978 / 800000
generated: 455034 / 800000
generated: 455077 / 800000
generated: 455119 / 800000
generated: 455164 / 800000
generated: 455211 / 800000
generated: 455257 / 800000
generated: 455310 / 800000
generated: 455356 / 800000
generated: 455405 / 800000
generated: 455453 / 800000
generated: 455495 / 800000
generated: 455534 / 800000
generated: 455596 / 800000
generated: 455632 / 800000
generated: 455680 / 800000
generated: 455725 / 800000
generated: 455782 / 800000
generated: 455837 / 800000
generated: 455883 / 800000
generated: 455927 / 800000
generated: 455960 / 800000
generated: 456001 / 800000
generated: 456045 / 800000
generated: 456095 / 800000
generated: 456150 / 800000
generated: 456194 / 800000
generated: 456233 / 800000
generated: 456276 / 800000
generated: 456318 / 800000
generated: 456349 / 800000
generated: 456398 / 800000
generated: 456430 / 800000
generated: 456472 / 800000
generated: 456532 / 800000
generated: 456574 / 800000
generated: 456624 / 800000
generated: 456663 / 800000
generated: 456703 / 800000
generated: 456745 / 800000
generated: 456780 / 800000
generated: 456822 / 800000
generated: 456861 / 800000
generated: 456899 / 800000
generated: 456944 / 800000
generated: 456980 / 800000
generated: 457037 / 800000
generated: 457089 / 800000
generated: 457121 / 800000
generated: 457163 / 800000
generated: 457204 / 800000
generated: 457256 / 800000
generated: 457300 / 800000
generated: 457344 / 800000
generated: 457386 / 800000
generated: 457421 / 800000
generated: 457461 / 800000
generated: 457508 / 800000
generated: 457556 / 800000
generated: 457602 / 800000
generated: 457653 / 800000
generated: 457707 / 800000
generated: 457757 / 800000
generated: 457809 / 800000
generated: 457851 / 800000
generated: 457891 / 800000
generated: 457937 / 800000
generated: 457981 / 800000
generated: 458029 / 800000
generated: 458074 / 800000
generated: 458127 / 800000
generated: 458181 / 800000
generated: 458231 / 800000
generated: 458272 / 800000
generated: 458332 / 800000
generated: 458370 / 800000
generated: 458416 / 800000
generated: 458463 / 800000
generated: 458504 / 800000
generated: 458555 / 800000
generated: 458603 / 800000
generated: 458639 / 800000
generated: 458681 / 800000
generated: 458717 / 800000
generated: 458763 / 800000
generated: 458800 / 800000
generated: 458838 / 800000
generated: 458881 / 800000
generated: 458931 / 800000
generated: 458963 / 800000
generated: 459010 / 800000
generated: 459055 / 800000
generated: 459094 / 800000
generated: 459127 / 800000
generated: 459180 / 800000
generated: 459222 / 800000
generated: 459259 / 800000
generated: 459308 / 800000
generated: 459349 / 800000
generated: 459381 / 800000
generated: 459426 / 800000
generated: 459468 / 800000
generated: 459519 / 800000
generated: 459565 / 800000
generated: 459605 / 800000
generated: 459644 / 800000
generated: 459678 / 800000
generated: 459727 / 800000
generated: 459769 / 800000
generated: 459808 / 800000
generated: 459855 / 800000
generated: 459895 / 800000
generated: 459954 / 800000
generated: 459996 / 800000
generated: 460048 / 800000
generated: 460091 / 800000
generated: 460143 / 800000
generated: 460182 / 800000
generated: 460224 / 800000
generated: 460278 / 800000
generated: 460329 / 800000
generated: 460375 / 800000
generated: 460422 / 800000
generated: 460467 / 800000
generated: 460505 / 800000
generated: 460548 / 800000
generated: 460592 / 800000
generated: 460635 / 800000
generated: 460683 / 800000
generated: 460727 / 800000
generated: 460779 / 800000
generated: 460823 / 800000
generated: 460862 / 800000
generated: 460916 / 800000
generated: 460963 / 800000
generated: 461033 / 800000
generated: 461072 / 800000
generated: 461123 / 800000
generated: 461164 / 800000
generated: 461217 / 800000
generated: 461260 / 800000
generated: 461313 / 800000
generated: 461359 / 800000
generated: 461403 / 800000
generated: 461452 / 800000
generated: 461495 / 800000
generated: 461535 / 800000
generated: 461592 / 800000
generated: 461641 / 800000
generated: 461701 / 800000
generated: 461737 / 800000
generated: 461767 / 800000
generated: 461806 / 800000
generated: 461856 / 800000
generated: 461911 / 800000
generated: 461960 / 800000
generated: 462008 / 800000
generated: 462056 / 800000
generated: 462094 / 800000
generated: 462136 / 800000
generated: 462179 / 800000
generated: 462220 / 800000
generated: 462268 / 800000
generated: 462297 / 800000
generated: 462331 / 800000
generated: 462377 / 800000
generated: 462415 / 800000
generated: 462465 / 800000
generated: 462513 / 800000
generated: 462561 / 800000
generated: 462609 / 800000
generated: 462662 / 800000
generated: 462703 / 800000
generated: 462764 / 800000
generated: 462795 / 800000
generated: 462830 / 800000
generated: 462877 / 800000
generated: 462915 / 800000
generated: 462952 / 800000
generated: 462997 / 800000
generated: 463046 / 800000
generated: 463092 / 800000
generated: 463139 / 800000
generated: 463181 / 800000
generated: 463226 / 800000
generated: 463276 / 800000
generated: 463316 / 800000
generated: 463359 / 800000
generated: 463411 / 800000
generated: 463450 / 800000
generated: 463490 / 800000
generated: 463534 / 800000
generated: 463586 / 800000
generated: 463623 / 800000
generated: 463666 / 800000
generated: 463710 / 800000
generated: 463752 / 800000
generated: 463795 / 800000
generated: 463834 / 800000
generated: 463881 / 800000
generated: 463938 / 800000
generated: 463982 / 800000
generated: 464021 / 800000
generated: 464063 / 800000
generated: 464108 / 800000
generated: 464153 / 800000
generated: 464197 / 800000
generated: 464240 / 800000
generated: 464286 / 800000
generated: 464327 / 800000
generated: 464375 / 800000
generated: 464417 / 800000
generated: 464458 / 800000
generated: 464502 / 800000
generated: 464545 / 800000
generated: 464589 / 800000
generated: 464640 / 800000
generated: 464683 / 800000
generated: 464738 / 800000
generated: 464783 / 800000
generated: 464834 / 800000
generated: 464884 / 800000
generated: 464931 / 800000
generated: 464972 / 800000
generated: 465022 / 800000
generated: 465061 / 800000
generated: 465102 / 800000
generated: 465152 / 800000
generated: 465186 / 800000
generated: 465231 / 800000
generated: 465263 / 800000
generated: 465318 / 800000
generated: 465366 / 800000
generated: 465408 / 800000
generated: 465446 / 800000
generated: 465489 / 800000
generated: 465538 / 800000
generated: 465580 / 800000
generated: 465620 / 800000
generated: 465668 / 800000
generated: 465712 / 800000
generated: 465757 / 800000
generated: 465816 / 800000
generated: 465861 / 800000
generated: 465898 / 800000
generated: 465935 / 800000
generated: 465974 / 800000
generated: 466019 / 800000
generated: 466061 / 800000
generated: 466108 / 800000
generated: 466158 / 800000
generated: 466201 / 800000
generated: 466259 / 800000
generated: 466302 / 800000
generated: 466345 / 800000
generated: 466409 / 800000
generated: 466452 / 800000
generated: 466488 / 800000
generated: 466536 / 800000
generated: 466574 / 800000
generated: 466616 / 800000
generated: 466666 / 800000
generated: 466707 / 800000
generated: 466754 / 800000
generated: 466807 / 800000
generated: 466854 / 800000
generated: 466899 / 800000
generated: 466942 / 800000
generated: 466992 / 800000
generated: 467029 / 800000
generated: 467083 / 800000
generated: 467137 / 800000
generated: 467188 / 800000
generated: 467231 / 800000
generated: 467267 / 800000
generated: 467318 / 800000
generated: 467364 / 800000
generated: 467412 / 800000
generated: 467453 / 800000
generated: 467515 / 800000
generated: 467556 / 800000
generated: 467601 / 800000
generated: 467648 / 800000
generated: 467703 / 800000
generated: 467748 / 800000
generated: 467788 / 800000
generated: 467833 / 800000
generated: 467879 / 800000
generated: 467912 / 800000
generated: 467958 / 800000
generated: 468004 / 800000
generated: 468039 / 800000
generated: 468088 / 800000
generated: 468128 / 800000
generated: 468168 / 800000
generated: 468210 / 800000
generated: 468247 / 800000
generated: 468285 / 800000
generated: 468331 / 800000
generated: 468373 / 800000
generated: 468437 / 800000
generated: 468484 / 800000
generated: 468541 / 800000
generated: 468587 / 800000
generated: 468633 / 800000
generated: 468678 / 800000
generated: 468727 / 800000
generated: 468763 / 800000
generated: 468819 / 800000
generated: 468861 / 800000
generated: 468911 / 800000
generated: 468950 / 800000
generated: 468999 / 800000
generated: 469037 / 800000
generated: 469081 / 800000
generated: 469123 / 800000
generated: 469158 / 800000
generated: 469212 / 800000
generated: 469259 / 800000
generated: 469298 / 800000
generated: 469347 / 800000
generated: 469390 / 800000
generated: 469430 / 800000
generated: 469487 / 800000
generated: 469530 / 800000
generated: 469578 / 800000
generated: 469622 / 800000
generated: 469670 / 800000
generated: 469706 / 800000
generated: 469760 / 800000
generated: 469807 / 800000
generated: 469847 / 800000
generated: 469890 / 800000
generated: 469941 / 800000
generated: 469977 / 800000
generated: 470023 / 800000
generated: 470077 / 800000
generated: 470110 / 800000
generated: 470154 / 800000
generated: 470213 / 800000
generated: 470265 / 800000
generated: 470326 / 800000
generated: 470371 / 800000
generated: 470410 / 800000
generated: 470460 / 800000
generated: 470493 / 800000
generated: 470536 / 800000
generated: 470592 / 800000
generated: 470637 / 800000
generated: 470679 / 800000
generated: 470718 / 800000
generated: 470772 / 800000
generated: 470807 / 800000
generated: 470847 / 800000
generated: 470880 / 800000
generated: 470922 / 800000
generated: 470960 / 800000
generated: 471019 / 800000
generated: 471063 / 800000
generated: 471107 / 800000
generated: 471147 / 800000
generated: 471178 / 800000
generated: 471218 / 800000
generated: 471264 / 800000
generated: 471301 / 800000
generated: 471338 / 800000
generated: 471388 / 800000
generated: 471445 / 800000
generated: 471504 / 800000
generated: 471553 / 800000
generated: 471601 / 800000
generated: 471649 / 800000
generated: 471698 / 800000
generated: 471740 / 800000
generated: 471795 / 800000
generated: 471829 / 800000
generated: 471877 / 800000
generated: 471922 / 800000
generated: 471969 / 800000
generated: 472014 / 800000
generated: 472056 / 800000
generated: 472098 / 800000
generated: 472144 / 800000
generated: 472182 / 800000
generated: 472233 / 800000
generated: 472275 / 800000
generated: 472315 / 800000
generated: 472354 / 800000
generated: 472393 / 800000
generated: 472433 / 800000
generated: 472481 / 800000
generated: 472520 / 800000
generated: 472565 / 800000
generated: 472611 / 800000
generated: 472659 / 800000
generated: 472703 / 800000
generated: 472749 / 800000
generated: 472790 / 800000
generated: 472832 / 800000
generated: 472889 / 800000
generated: 472950 / 800000
generated: 472993 / 800000
generated: 473045 / 800000
generated: 473088 / 800000
generated: 473135 / 800000
generated: 473180 / 800000
generated: 473223 / 800000
generated: 473267 / 800000
generated: 473330 / 800000
generated: 473379 / 800000
generated: 473428 / 800000
generated: 473470 / 800000
generated: 473503 / 800000
generated: 473544 / 800000
generated: 473587 / 800000
generated: 473636 / 800000
generated: 473683 / 800000
generated: 473728 / 800000
generated: 473771 / 800000
generated: 473826 / 800000
generated: 473861 / 800000
generated: 473909 / 800000
generated: 473948 / 800000
generated: 473990 / 800000
generated: 474040 / 800000
generated: 474089 / 800000
generated: 474142 / 800000
generated: 474179 / 800000
generated: 474226 / 800000
generated: 474275 / 800000
generated: 474324 / 800000
generated: 474376 / 800000
generated: 474427 / 800000
generated: 474471 / 800000
generated: 474519 / 800000
generated: 474575 / 800000
generated: 474622 / 800000
generated: 474662 / 800000
generated: 474714 / 800000
generated: 474757 / 800000
generated: 474804 / 800000
generated: 474856 / 800000
generated: 474891 / 800000
generated: 474929 / 800000
generated: 474973 / 800000
generated: 475013 / 800000
generated: 475057 / 800000
generated: 475095 / 800000
generated: 475136 / 800000
generated: 475190 / 800000
generated: 475238 / 800000
generated: 475281 / 800000
generated: 475335 / 800000
generated: 475376 / 800000
generated: 475415 / 800000
generated: 475465 / 800000
generated: 475518 / 800000
generated: 475568 / 800000
generated: 475608 / 800000
generated: 475644 / 800000
generated: 475694 / 800000
generated: 475735 / 800000
generated: 475781 / 800000
generated: 475820 / 800000
generated: 475862 / 800000
generated: 475912 / 800000
generated: 475942 / 800000
generated: 475979 / 800000
generated: 476021 / 800000
generated: 476067 / 800000
generated: 476123 / 800000
generated: 476173 / 800000
generated: 476227 / 800000
generated: 476267 / 800000
generated: 476310 / 800000
generated: 476351 / 800000
generated: 476412 / 800000
generated: 476456 / 800000
generated: 476505 / 800000
generated: 476555 / 800000
generated: 476596 / 800000
generated: 476641 / 800000
generated: 476688 / 800000
generated: 476731 / 800000
generated: 476765 / 800000
generated: 476814 / 800000
generated: 476870 / 800000
generated: 476914 / 800000
generated: 476953 / 800000
generated: 477001 / 800000
generated: 477051 / 800000
generated: 477089 / 800000
generated: 477126 / 800000
generated: 477170 / 800000
generated: 477218 / 800000
generated: 477262 / 800000
generated: 477304 / 800000
generated: 477347 / 800000
generated: 477395 / 800000
generated: 477441 / 800000
generated: 477483 / 800000
generated: 477529 / 800000
generated: 477578 / 800000
generated: 477619 / 800000
generated: 477652 / 800000
generated: 477683 / 800000
generated: 477727 / 800000
generated: 477771 / 800000
generated: 477823 / 800000
generated: 477868 / 800000
generated: 477907 / 800000
generated: 477952 / 800000
generated: 478005 / 800000
generated: 478043 / 800000
generated: 478091 / 800000
generated: 478147 / 800000
generated: 478197 / 800000
generated: 478247 / 800000
generated: 478293 / 800000
generated: 478330 / 800000
generated: 478377 / 800000
generated: 478426 / 800000
generated: 478474 / 800000
generated: 478525 / 800000
generated: 478563 / 800000
generated: 478608 / 800000
generated: 478663 / 800000
generated: 478712 / 800000
generated: 478748 / 800000
generated: 478792 / 800000
generated: 478837 / 800000
generated: 478888 / 800000
generated: 478931 / 800000
generated: 478988 / 800000
generated: 479025 / 800000
generated: 479076 / 800000
generated: 479115 / 800000
generated: 479155 / 800000
generated: 479203 / 800000
generated: 479234 / 800000
generated: 479287 / 800000
generated: 479343 / 800000
generated: 479386 / 800000
generated: 479436 / 800000
generated: 479473 / 800000
generated: 479526 / 800000
generated: 479568 / 800000
generated: 479608 / 800000
generated: 479652 / 800000
generated: 479698 / 800000
generated: 479735 / 800000
generated: 479786 / 800000
generated: 479836 / 800000
generated: 479874 / 800000
generated: 479923 / 800000
generated: 479975 / 800000
generated: 480018 / 800000
generated: 480065 / 800000
generated: 480112 / 800000
generated: 480161 / 800000
generated: 480209 / 800000
generated: 480256 / 800000
generated: 480324 / 800000
generated: 480364 / 800000
generated: 480405 / 800000
generated: 480453 / 800000
generated: 480499 / 800000
generated: 480556 / 800000
generated: 480605 / 800000
generated: 480656 / 800000
generated: 480705 / 800000
generated: 480746 / 800000
generated: 480786 / 800000
generated: 480838 / 800000
generated: 480878 / 800000
generated: 480918 / 800000
generated: 480962 / 800000
generated: 481011 / 800000
generated: 481059 / 800000
generated: 481106 / 800000
generated: 481147 / 800000
generated: 481189 / 800000
generated: 481238 / 800000
generated: 481287 / 800000
generated: 481334 / 800000
generated: 481386 / 800000
generated: 481419 / 800000
generated: 481460 / 800000
generated: 481508 / 800000
generated: 481551 / 800000
generated: 481596 / 800000
generated: 481629 / 800000
generated: 481677 / 800000
generated: 481718 / 800000
generated: 481761 / 800000
generated: 481800 / 800000
generated: 481853 / 800000
generated: 481895 / 800000
generated: 481932 / 800000
generated: 481970 / 800000
generated: 482015 / 800000
generated: 482065 / 800000
generated: 482101 / 800000
generated: 482151 / 800000
generated: 482202 / 800000
generated: 482248 / 800000
generated: 482302 / 800000
generated: 482351 / 800000
generated: 482397 / 800000
generated: 482442 / 800000
generated: 482478 / 800000
generated: 482520 / 800000
generated: 482564 / 800000
generated: 482608 / 800000
generated: 482647 / 800000
generated: 482685 / 800000
generated: 482731 / 800000
generated: 482770 / 800000
generated: 482819 / 800000
generated: 482877 / 800000
generated: 482920 / 800000
generated: 482968 / 800000
generated: 483006 / 800000
generated: 483052 / 800000
generated: 483105 / 800000
generated: 483145 / 800000
generated: 483177 / 800000
generated: 483229 / 800000
generated: 483271 / 800000
generated: 483319 / 800000
generated: 483380 / 800000
generated: 483430 / 800000
generated: 483484 / 800000
generated: 483522 / 800000
generated: 483560 / 800000
generated: 483603 / 800000
generated: 483661 / 800000
generated: 483707 / 800000
generated: 483755 / 800000
generated: 483806 / 800000
generated: 483845 / 800000
generated: 483903 / 800000
generated: 483943 / 800000
generated: 483994 / 800000
generated: 484041 / 800000
generated: 484087 / 800000
generated: 484127 / 800000
generated: 484181 / 800000
generated: 484228 / 800000
generated: 484274 / 800000
generated: 484310 / 800000
generated: 484359 / 800000
generated: 484400 / 800000
generated: 484446 / 800000
generated: 484491 / 800000
generated: 484532 / 800000
generated: 484572 / 800000
generated: 484614 / 800000
generated: 484655 / 800000
generated: 484711 / 800000
generated: 484762 / 800000
generated: 484801 / 800000
generated: 484855 / 800000
generated: 484909 / 800000
generated: 484951 / 800000
generated: 484986 / 800000
generated: 485028 / 800000
generated: 485077 / 800000
generated: 485121 / 800000
generated: 485156 / 800000
generated: 485197 / 800000
generated: 485241 / 800000
generated: 485296 / 800000
generated: 485352 / 800000
generated: 485389 / 800000
generated: 485434 / 800000
generated: 485476 / 800000
generated: 485518 / 800000
generated: 485571 / 800000
generated: 485615 / 800000
generated: 485663 / 800000
generated: 485693 / 800000
generated: 485734 / 800000
generated: 485774 / 800000
generated: 485822 / 800000
generated: 485884 / 800000
generated: 485937 / 800000
generated: 485986 / 800000
generated: 486030 / 800000
generated: 486083 / 800000
generated: 486138 / 800000
generated: 486189 / 800000
generated: 486229 / 800000
generated: 486277 / 800000
generated: 486321 / 800000
generated: 486366 / 800000
generated: 486415 / 800000
generated: 486458 / 800000
generated: 486500 / 800000
generated: 486543 / 800000
generated: 486591 / 800000
generated: 486648 / 800000
generated: 486696 / 800000
generated: 486740 / 800000
generated: 486788 / 800000
generated: 486839 / 800000
generated: 486879 / 800000
generated: 486937 / 800000
generated: 486984 / 800000
generated: 487031 / 800000
generated: 487078 / 800000
generated: 487126 / 800000
generated: 487177 / 800000
generated: 487228 / 800000
generated: 487265 / 800000
generated: 487310 / 800000
generated: 487357 / 800000
generated: 487399 / 800000
generated: 487432 / 800000
generated: 487490 / 800000
generated: 487538 / 800000
generated: 487579 / 800000
generated: 487634 / 800000
generated: 487679 / 800000
generated: 487720 / 800000
generated: 487769 / 800000
generated: 487819 / 800000
generated: 487869 / 800000
generated: 487911 / 800000
generated: 487946 / 800000
generated: 487989 / 800000
generated: 488025 / 800000
generated: 488063 / 800000
generated: 488108 / 800000
generated: 488161 / 800000
generated: 488202 / 800000
generated: 488236 / 800000
generated: 488277 / 800000
generated: 488324 / 800000
generated: 488368 / 800000
generated: 488424 / 800000
generated: 488466 / 800000
generated: 488511 / 800000
generated: 488558 / 800000
generated: 488588 / 800000
generated: 488629 / 800000
generated: 488689 / 800000
generated: 488735 / 800000
generated: 488773 / 800000
generated: 488811 / 800000
generated: 488854 / 800000
generated: 488902 / 800000
generated: 488951 / 800000
generated: 488998 / 800000
generated: 489037 / 800000
generated: 489087 / 800000
generated: 489130 / 800000
generated: 489194 / 800000
generated: 489232 / 800000
generated: 489282 / 800000
generated: 489332 / 800000
generated: 489382 / 800000
generated: 489428 / 800000
generated: 489483 / 800000
generated: 489529 / 800000
generated: 489580 / 800000
generated: 489616 / 800000
generated: 489657 / 800000
generated: 489710 / 800000
generated: 489758 / 800000
generated: 489807 / 800000
generated: 489846 / 800000
generated: 489890 / 800000
generated: 489933 / 800000
generated: 489978 / 800000
generated: 490030 / 800000
generated: 490072 / 800000
generated: 490113 / 800000
generated: 490161 / 800000
generated: 490203 / 800000
generated: 490259 / 800000
generated: 490301 / 800000
generated: 490365 / 800000
generated: 490400 / 800000
generated: 490445 / 800000
generated: 490496 / 800000
generated: 490537 / 800000
generated: 490579 / 800000
generated: 490631 / 800000
generated: 490668 / 800000
generated: 490723 / 800000
generated: 490767 / 800000
generated: 490808 / 800000
generated: 490849 / 800000
generated: 490902 / 800000
generated: 490949 / 800000
generated: 490991 / 800000
generated: 491038 / 800000
generated: 491066 / 800000
generated: 491108 / 800000
generated: 491155 / 800000
generated: 491204 / 800000
generated: 491244 / 800000
generated: 491292 / 800000
generated: 491326 / 800000
generated: 491379 / 800000
generated: 491436 / 800000
generated: 491472 / 800000
generated: 491517 / 800000
generated: 491565 / 800000
generated: 491610 / 800000
generated: 491661 / 800000
generated: 491695 / 800000
generated: 491743 / 800000
generated: 491790 / 800000
generated: 491835 / 800000
generated: 491873 / 800000
generated: 491913 / 800000
generated: 491952 / 800000
generated: 491986 / 800000
generated: 492035 / 800000
generated: 492079 / 800000
generated: 492127 / 800000
generated: 492170 / 800000
generated: 492210 / 800000
generated: 492265 / 800000
generated: 492312 / 800000
generated: 492348 / 800000
generated: 492394 / 800000
generated: 492438 / 800000
generated: 492481 / 800000
generated: 492522 / 800000
generated: 492565 / 800000
generated: 492627 / 800000
generated: 492672 / 800000
generated: 492721 / 800000
generated: 492769 / 800000
generated: 492808 / 800000
generated: 492850 / 800000
generated: 492891 / 800000
generated: 492932 / 800000
generated: 492976 / 800000
generated: 493018 / 800000
generated: 493054 / 800000
generated: 493091 / 800000
generated: 493134 / 800000
generated: 493190 / 800000
generated: 493222 / 800000
generated: 493263 / 800000
generated: 493294 / 800000
generated: 493348 / 800000
generated: 493406 / 800000
generated: 493443 / 800000
generated: 493496 / 800000
generated: 493547 / 800000
generated: 493600 / 800000
generated: 493648 / 800000
generated: 493693 / 800000
generated: 493745 / 800000
generated: 493793 / 800000
generated: 493834 / 800000
generated: 493882 / 800000
generated: 493924 / 800000
generated: 493969 / 800000
generated: 494016 / 800000
generated: 494068 / 800000
generated: 494101 / 800000
generated: 494141 / 800000
generated: 494180 / 800000
generated: 494224 / 800000
generated: 494268 / 800000
generated: 494322 / 800000
generated: 494373 / 800000
generated: 494414 / 800000
generated: 494460 / 800000
generated: 494504 / 800000
generated: 494549 / 800000
generated: 494592 / 800000
generated: 494635 / 800000
generated: 494689 / 800000
generated: 494745 / 800000
generated: 494793 / 800000
generated: 494836 / 800000
generated: 494878 / 800000
generated: 494921 / 800000
generated: 494965 / 800000
generated: 494993 / 800000
generated: 495040 / 800000
generated: 495082 / 800000
generated: 495112 / 800000
generated: 495155 / 800000
generated: 495208 / 800000
generated: 495257 / 800000
generated: 495304 / 800000
generated: 495362 / 800000
generated: 495404 / 800000
generated: 495450 / 800000
generated: 495502 / 800000
generated: 495547 / 800000
generated: 495593 / 800000
generated: 495634 / 800000
generated: 495678 / 800000
generated: 495723 / 800000
generated: 495767 / 800000
generated: 495807 / 800000
generated: 495846 / 800000
generated: 495891 / 800000
generated: 495936 / 800000
generated: 495971 / 800000
generated: 496025 / 800000
generated: 496069 / 800000
generated: 496112 / 800000
generated: 496167 / 800000
generated: 496219 / 800000
generated: 496264 / 800000
generated: 496312 / 800000
generated: 496354 / 800000
generated: 496406 / 800000
generated: 496456 / 800000
generated: 496484 / 800000
generated: 496526 / 800000
generated: 496577 / 800000
generated: 496627 / 800000
generated: 496682 / 800000
generated: 496719 / 800000
generated: 496764 / 800000
generated: 496804 / 800000
generated: 496858 / 800000
generated: 496907 / 800000
generated: 496955 / 800000
generated: 497001 / 800000
generated: 497043 / 800000
generated: 497088 / 800000
generated: 497130 / 800000
generated: 497184 / 800000
generated: 497223 / 800000
generated: 497259 / 800000
generated: 497305 / 800000
generated: 497351 / 800000
generated: 497400 / 800000
generated: 497441 / 800000
generated: 497488 / 800000
generated: 497531 / 800000
generated: 497586 / 800000
generated: 497645 / 800000
generated: 497679 / 800000
generated: 497726 / 800000
generated: 497780 / 800000
generated: 497829 / 800000
generated: 497878 / 800000
generated: 497926 / 800000
generated: 497969 / 800000
generated: 498014 / 800000
generated: 498052 / 800000
generated: 498085 / 800000
generated: 498124 / 800000
generated: 498178 / 800000
generated: 498227 / 800000
generated: 498277 / 800000
generated: 498333 / 800000
generated: 498369 / 800000
generated: 498416 / 800000
generated: 498466 / 800000
generated: 498518 / 800000
generated: 498556 / 800000
generated: 498598 / 800000
generated: 498647 / 800000
generated: 498681 / 800000
generated: 498721 / 800000
generated: 498763 / 800000
generated: 498809 / 800000
generated: 498855 / 800000
generated: 498893 / 800000
generated: 498937 / 800000
generated: 498988 / 800000
generated: 499033 / 800000
generated: 499061 / 800000
generated: 499104 / 800000
generated: 499144 / 800000
generated: 499181 / 800000
generated: 499234 / 800000
generated: 499277 / 800000
generated: 499321 / 800000
generated: 499365 / 800000
generated: 499410 / 800000
generated: 499455 / 800000
generated: 499500 / 800000
generated: 499548 / 800000
generated: 499593 / 800000
generated: 499637 / 800000
generated: 499674 / 800000
generated: 499708 / 800000
generated: 499750 / 800000
generated: 499787 / 800000
generated: 499832 / 800000
generated: 499879 / 800000
generated: 499921 / 800000
generated: 499957 / 800000
generated: 500005 / 800000
generated: 500057 / 800000
generated: 500099 / 800000
generated: 500146 / 800000
generated: 500189 / 800000
generated: 500247 / 800000
generated: 500307 / 800000
generated: 500351 / 800000
generated: 500402 / 800000
generated: 500450 / 800000
generated: 500491 / 800000
generated: 500524 / 800000
generated: 500569 / 800000
generated: 500612 / 800000
generated: 500660 / 800000
generated: 500694 / 800000
generated: 500739 / 800000
generated: 500793 / 800000
generated: 500839 / 800000
generated: 500879 / 800000
generated: 500927 / 800000
generated: 500967 / 800000
generated: 501015 / 800000
generated: 501069 / 800000
generated: 501115 / 800000
generated: 501157 / 800000
generated: 501195 / 800000
generated: 501253 / 800000
generated: 501301 / 800000
generated: 501349 / 800000
generated: 501387 / 800000
generated: 501427 / 800000
generated: 501479 / 800000
generated: 501522 / 800000
generated: 501557 / 800000
generated: 501607 / 800000
generated: 501656 / 800000
generated: 501697 / 800000
generated: 501740 / 800000
generated: 501790 / 800000
generated: 501837 / 800000
generated: 501890 / 800000
generated: 501939 / 800000
generated: 501989 / 800000
generated: 502045 / 800000
generated: 502081 / 800000
generated: 502131 / 800000
generated: 502177 / 800000
generated: 502219 / 800000
generated: 502266 / 800000
generated: 502303 / 800000
generated: 502348 / 800000
generated: 502393 / 800000
generated: 502443 / 800000
generated: 502484 / 800000
generated: 502530 / 800000
generated: 502578 / 800000
generated: 502622 / 800000
generated: 502671 / 800000
generated: 502716 / 800000
generated: 502765 / 800000
generated: 502803 / 800000
generated: 502834 / 800000
generated: 502877 / 800000
generated: 502915 / 800000
generated: 502954 / 800000
generated: 503005 / 800000
generated: 503066 / 800000
generated: 503117 / 800000
generated: 503159 / 800000
generated: 503216 / 800000
generated: 503260 / 800000
generated: 503302 / 800000
generated: 503358 / 800000
generated: 503398 / 800000
generated: 503454 / 800000
generated: 503497 / 800000
generated: 503548 / 800000
generated: 503589 / 800000
generated: 503629 / 800000
generated: 503665 / 800000
generated: 503705 / 800000
generated: 503740 / 800000
generated: 503784 / 800000
generated: 503827 / 800000
generated: 503862 / 800000
generated: 503901 / 800000
generated: 503940 / 800000
generated: 503979 / 800000
generated: 504019 / 800000
generated: 504058 / 800000
generated: 504107 / 800000
generated: 504157 / 800000
generated: 504195 / 800000
generated: 504239 / 800000
generated: 504281 / 800000
generated: 504317 / 800000
generated: 504363 / 800000
generated: 504397 / 800000
generated: 504433 / 800000
generated: 504468 / 800000
generated: 504519 / 800000
generated: 504563 / 800000
generated: 504616 / 800000
generated: 504656 / 800000
generated: 504702 / 800000
generated: 504756 / 800000
generated: 504794 / 800000
generated: 504841 / 800000
generated: 504893 / 800000
generated: 504928 / 800000
generated: 504980 / 800000
generated: 505024 / 800000
generated: 505070 / 800000
generated: 505115 / 800000
generated: 505170 / 800000
generated: 505214 / 800000
generated: 505262 / 800000
generated: 505310 / 800000
generated: 505367 / 800000
generated: 505407 / 800000
generated: 505449 / 800000
generated: 505491 / 800000
generated: 505531 / 800000
generated: 505577 / 800000
generated: 505632 / 800000
generated: 505678 / 800000
generated: 505728 / 800000
generated: 505776 / 800000
generated: 505818 / 800000
generated: 505868 / 800000
generated: 505923 / 800000
generated: 505972 / 800000
generated: 506017 / 800000
generated: 506060 / 800000
generated: 506099 / 800000
generated: 506151 / 800000
generated: 506196 / 800000
generated: 506244 / 800000
generated: 506286 / 800000
generated: 506323 / 800000
generated: 506368 / 800000
generated: 506414 / 800000
generated: 506453 / 800000
generated: 506489 / 800000
generated: 506541 / 800000
generated: 506582 / 800000
generated: 506623 / 800000
generated: 506667 / 800000
generated: 506710 / 800000
generated: 506760 / 800000
generated: 506807 / 800000
generated: 506854 / 800000
generated: 506894 / 800000
generated: 506938 / 800000
generated: 506989 / 800000
generated: 507038 / 800000
generated: 507073 / 800000
generated: 507115 / 800000
generated: 507164 / 800000
generated: 507201 / 800000
generated: 507256 / 800000
generated: 507308 / 800000
generated: 507359 / 800000
generated: 507410 / 800000
generated: 507457 / 800000
generated: 507502 / 800000
generated: 507544 / 800000
generated: 507585 / 800000
generated: 507613 / 800000
generated: 507659 / 800000
generated: 507704 / 800000
generated: 507747 / 800000
generated: 507792 / 800000
generated: 507847 / 800000
generated: 507896 / 800000
generated: 507944 / 800000
generated: 507986 / 800000
generated: 508033 / 800000
generated: 508066 / 800000
generated: 508101 / 800000
generated: 508144 / 800000
generated: 508193 / 800000
generated: 508231 / 800000
generated: 508280 / 800000
generated: 508325 / 800000
generated: 508375 / 800000
generated: 508415 / 800000
generated: 508455 / 800000
generated: 508500 / 800000
generated: 508553 / 800000
generated: 508594 / 800000
generated: 508655 / 800000
generated: 508716 / 800000
generated: 508757 / 800000
generated: 508813 / 800000
generated: 508842 / 800000
generated: 508885 / 800000
generated: 508939 / 800000
generated: 508988 / 800000
generated: 509034 / 800000
generated: 509073 / 800000
generated: 509127 / 800000
generated: 509177 / 800000
generated: 509221 / 800000
generated: 509269 / 800000
generated: 509310 / 800000
generated: 509364 / 800000
generated: 509403 / 800000
generated: 509445 / 800000
generated: 509477 / 800000
generated: 509520 / 800000
generated: 509558 / 800000
generated: 509593 / 800000
generated: 509637 / 800000
generated: 509672 / 800000
generated: 509714 / 800000
generated: 509760 / 800000
generated: 509805 / 800000
generated: 509843 / 800000
generated: 509887 / 800000
generated: 509924 / 800000
generated: 509964 / 800000
generated: 510006 / 800000
generated: 510049 / 800000
generated: 510081 / 800000
generated: 510127 / 800000
generated: 510169 / 800000
generated: 510206 / 800000
generated: 510269 / 800000
generated: 510311 / 800000
generated: 510358 / 800000
generated: 510412 / 800000
generated: 510456 / 800000
generated: 510489 / 800000
generated: 510536 / 800000
generated: 510586 / 800000
generated: 510644 / 800000
generated: 510684 / 800000
generated: 510724 / 800000
generated: 510777 / 800000
generated: 510829 / 800000
generated: 510875 / 800000
generated: 510915 / 800000
generated: 510955 / 800000
generated: 511000 / 800000
generated: 511037 / 800000
generated: 511091 / 800000
generated: 511136 / 800000
generated: 511178 / 800000
generated: 511239 / 800000
generated: 511292 / 800000
generated: 511341 / 800000
generated: 511379 / 800000
generated: 511423 / 800000
generated: 511467 / 800000
generated: 511513 / 800000
generated: 511562 / 800000
generated: 511590 / 800000
generated: 511637 / 800000
generated: 511676 / 800000
generated: 511712 / 800000
generated: 511762 / 800000
generated: 511803 / 800000
generated: 511847 / 800000
generated: 511872 / 800000
generated: 511921 / 800000
generated: 511969 / 800000
generated: 512017 / 800000
generated: 512062 / 800000
generated: 512109 / 800000
generated: 512150 / 800000
generated: 512188 / 800000
generated: 512239 / 800000
generated: 512275 / 800000
generated: 512328 / 800000
generated: 512373 / 800000
generated: 512425 / 800000
generated: 512464 / 800000
generated: 512522 / 800000
generated: 512563 / 800000
generated: 512607 / 800000
generated: 512653 / 800000
generated: 512699 / 800000
generated: 512735 / 800000
generated: 512783 / 800000
generated: 512824 / 800000
generated: 512873 / 800000
generated: 512919 / 800000
generated: 512967 / 800000
generated: 513017 / 800000
generated: 513055 / 800000
generated: 513098 / 800000
generated: 513150 / 800000
generated: 513190 / 800000
generated: 513242 / 800000
generated: 513295 / 800000
generated: 513346 / 800000
generated: 513419 / 800000
generated: 513468 / 800000
generated: 513498 / 800000
generated: 513545 / 800000
generated: 513593 / 800000
generated: 513643 / 800000
generated: 513691 / 800000
generated: 513744 / 800000
generated: 513796 / 800000
generated: 513835 / 800000
generated: 513871 / 800000
generated: 513921 / 800000
generated: 513972 / 800000
generated: 514023 / 800000
generated: 514073 / 800000
generated: 514124 / 800000
generated: 514164 / 800000
generated: 514216 / 800000
generated: 514251 / 800000
generated: 514294 / 800000
generated: 514340 / 800000
generated: 514387 / 800000
generated: 514431 / 800000
generated: 514475 / 800000
generated: 514521 / 800000
generated: 514556 / 800000
generated: 514609 / 800000
generated: 514664 / 800000
generated: 514709 / 800000
generated: 514750 / 800000
generated: 514789 / 800000
generated: 514842 / 800000
generated: 514876 / 800000
generated: 514930 / 800000
generated: 514972 / 800000
generated: 515025 / 800000
generated: 515081 / 800000
generated: 515131 / 800000
generated: 515182 / 800000
generated: 515231 / 800000
generated: 515282 / 800000
generated: 515327 / 800000
generated: 515366 / 800000
generated: 515426 / 800000
generated: 515471 / 800000
generated: 515517 / 800000
generated: 515560 / 800000
generated: 515597 / 800000
generated: 515644 / 800000
generated: 515685 / 800000
generated: 515730 / 800000
generated: 515777 / 800000
generated: 515814 / 800000
generated: 515855 / 800000
generated: 515902 / 800000
generated: 515946 / 800000
generated: 515991 / 800000
generated: 516036 / 800000
generated: 516071 / 800000
generated: 516110 / 800000
generated: 516150 / 800000
generated: 516194 / 800000
generated: 516237 / 800000
generated: 516280 / 800000
generated: 516323 / 800000
generated: 516366 / 800000
generated: 516409 / 800000
generated: 516463 / 800000
generated: 516509 / 800000
generated: 516551 / 800000
generated: 516603 / 800000
generated: 516658 / 800000
generated: 516712 / 800000
generated: 516763 / 800000
generated: 516798 / 800000
generated: 516847 / 800000
generated: 516885 / 800000
generated: 516930 / 800000
generated: 516991 / 800000
generated: 517046 / 800000
generated: 517090 / 800000
generated: 517131 / 800000
generated: 517174 / 800000
generated: 517220 / 800000
generated: 517258 / 800000
generated: 517304 / 800000
generated: 517352 / 800000
generated: 517394 / 800000
generated: 517441 / 800000
generated: 517478 / 800000
generated: 517530 / 800000
generated: 517581 / 800000
generated: 517622 / 800000
generated: 517655 / 800000
generated: 517710 / 800000
generated: 517764 / 800000
generated: 517812 / 800000
generated: 517856 / 800000
generated: 517897 / 800000
generated: 517937 / 800000
generated: 517984 / 800000
generated: 518023 / 800000
generated: 518057 / 800000
generated: 518095 / 800000
generated: 518135 / 800000
generated: 518174 / 800000
generated: 518222 / 800000
generated: 518279 / 800000
generated: 518310 / 800000
generated: 518357 / 800000
generated: 518397 / 800000
generated: 518451 / 800000
generated: 518496 / 800000
generated: 518524 / 800000
generated: 518567 / 800000
generated: 518600 / 800000
generated: 518638 / 800000
generated: 518681 / 800000
generated: 518722 / 800000
generated: 518765 / 800000
generated: 518808 / 800000
generated: 518854 / 800000
generated: 518894 / 800000
generated: 518945 / 800000
generated: 518993 / 800000
generated: 519025 / 800000
generated: 519064 / 800000
generated: 519093 / 800000
generated: 519138 / 800000
generated: 519186 / 800000
generated: 519224 / 800000
generated: 519276 / 800000
generated: 519312 / 800000
generated: 519355 / 800000
generated: 519402 / 800000
generated: 519456 / 800000
generated: 519508 / 800000
generated: 519547 / 800000
generated: 519602 / 800000
generated: 519650 / 800000
generated: 519701 / 800000
generated: 519741 / 800000
generated: 519775 / 800000
generated: 519821 / 800000
generated: 519863 / 800000
generated: 519911 / 800000
generated: 519961 / 800000
generated: 520009 / 800000
generated: 520045 / 800000
generated: 520085 / 800000
generated: 520132 / 800000
generated: 520167 / 800000
generated: 520211 / 800000
generated: 520260 / 800000
generated: 520307 / 800000
generated: 520351 / 800000
generated: 520407 / 800000
generated: 520461 / 800000
generated: 520506 / 800000
generated: 520554 / 800000
generated: 520602 / 800000
generated: 520654 / 800000
generated: 520693 / 800000
generated: 520740 / 800000
generated: 520791 / 800000
generated: 520837 / 800000
generated: 520889 / 800000
generated: 520926 / 800000
generated: 520979 / 800000
generated: 521016 / 800000
generated: 521054 / 800000
generated: 521107 / 800000
generated: 521143 / 800000
generated: 521189 / 800000
generated: 521235 / 800000
generated: 521269 / 800000
generated: 521316 / 800000
generated: 521365 / 800000
generated: 521406 / 800000
generated: 521453 / 800000
generated: 521509 / 800000
generated: 521538 / 800000
generated: 521578 / 800000
generated: 521633 / 800000
generated: 521667 / 800000
generated: 521715 / 800000
generated: 521762 / 800000
generated: 521815 / 800000
generated: 521851 / 800000
generated: 521888 / 800000
generated: 521932 / 800000
generated: 521982 / 800000
generated: 522024 / 800000
generated: 522069 / 800000
generated: 522124 / 800000
generated: 522171 / 800000
generated: 522205 / 800000
generated: 522248 / 800000
generated: 522295 / 800000
generated: 522334 / 800000
generated: 522373 / 800000
generated: 522404 / 800000
generated: 522448 / 800000
generated: 522508 / 800000
generated: 522556 / 800000
generated: 522604 / 800000
generated: 522647 / 800000
generated: 522680 / 800000
generated: 522728 / 800000
generated: 522777 / 800000
generated: 522824 / 800000
generated: 522863 / 800000
generated: 522914 / 800000
generated: 522960 / 800000
generated: 523000 / 800000
generated: 523042 / 800000
generated: 523086 / 800000
generated: 523132 / 800000
generated: 523177 / 800000
generated: 523225 / 800000
generated: 523264 / 800000
generated: 523314 / 800000
generated: 523361 / 800000
generated: 523404 / 800000
generated: 523462 / 800000
generated: 523504 / 800000
generated: 523541 / 800000
generated: 523590 / 800000
generated: 523635 / 800000
generated: 523683 / 800000
generated: 523727 / 800000
generated: 523773 / 800000
generated: 523812 / 800000
generated: 523857 / 800000
generated: 523897 / 800000
generated: 523937 / 800000
generated: 523980 / 800000
generated: 524019 / 800000
generated: 524062 / 800000
generated: 524114 / 800000
generated: 524150 / 800000
generated: 524187 / 800000
generated: 524226 / 800000
generated: 524271 / 800000
generated: 524310 / 800000
generated: 524365 / 800000
generated: 524403 / 800000
generated: 524458 / 800000
generated: 524494 / 800000
generated: 524539 / 800000
generated: 524578 / 800000
generated: 524626 / 800000
generated: 524667 / 800000
generated: 524712 / 800000
generated: 524760 / 800000
generated: 524805 / 800000
generated: 524850 / 800000
generated: 524884 / 800000
generated: 524933 / 800000
generated: 524981 / 800000
generated: 525039 / 800000
generated: 525088 / 800000
generated: 525136 / 800000
generated: 525171 / 800000
generated: 525212 / 800000
generated: 525261 / 800000
generated: 525305 / 800000
generated: 525346 / 800000
generated: 525389 / 800000
generated: 525426 / 800000
generated: 525467 / 800000
generated: 525504 / 800000
generated: 525543 / 800000
generated: 525575 / 800000
generated: 525629 / 800000
generated: 525668 / 800000
generated: 525706 / 800000
generated: 525748 / 800000
generated: 525791 / 800000
generated: 525843 / 800000
generated: 525887 / 800000
generated: 525931 / 800000
generated: 525984 / 800000
generated: 526028 / 800000
generated: 526069 / 800000
generated: 526113 / 800000
generated: 526164 / 800000
generated: 526219 / 800000
generated: 526258 / 800000
generated: 526307 / 800000
generated: 526353 / 800000
generated: 526397 / 800000
generated: 526432 / 800000
generated: 526467 / 800000
generated: 526515 / 800000
generated: 526552 / 800000
generated: 526598 / 800000
generated: 526643 / 800000
generated: 526689 / 800000
generated: 526731 / 800000
generated: 526777 / 800000
generated: 526820 / 800000
generated: 526856 / 800000
generated: 526927 / 800000
generated: 526984 / 800000
generated: 527027 / 800000
generated: 527086 / 800000
generated: 527132 / 800000
generated: 527184 / 800000
generated: 527225 / 800000
generated: 527276 / 800000
generated: 527331 / 800000
generated: 527379 / 800000
generated: 527418 / 800000
generated: 527474 / 800000
generated: 527513 / 800000
generated: 527551 / 800000
generated: 527599 / 800000
generated: 527641 / 800000
generated: 527682 / 800000
generated: 527713 / 800000
generated: 527766 / 800000
generated: 527808 / 800000
generated: 527855 / 800000
generated: 527897 / 800000
generated: 527942 / 800000
generated: 527979 / 800000
generated: 528015 / 800000
generated: 528057 / 800000
generated: 528107 / 800000
generated: 528147 / 800000
generated: 528186 / 800000
generated: 528235 / 800000
generated: 528273 / 800000
generated: 528312 / 800000
generated: 528360 / 800000
generated: 528406 / 800000
generated: 528448 / 800000
generated: 528500 / 800000
generated: 528552 / 800000
generated: 528591 / 800000
generated: 528638 / 800000
generated: 528679 / 800000
generated: 528722 / 800000
generated: 528760 / 800000
generated: 528811 / 800000
generated: 528857 / 800000
generated: 528897 / 800000
generated: 528931 / 800000
generated: 528972 / 800000
generated: 529016 / 800000
generated: 529059 / 800000
generated: 529098 / 800000
generated: 529133 / 800000
generated: 529174 / 800000
generated: 529228 / 800000
generated: 529281 / 800000
generated: 529339 / 800000
generated: 529379 / 800000
generated: 529423 / 800000
generated: 529485 / 800000
generated: 529536 / 800000
generated: 529577 / 800000
generated: 529617 / 800000
generated: 529668 / 800000
generated: 529698 / 800000
generated: 529739 / 800000
generated: 529786 / 800000
generated: 529840 / 800000
generated: 529895 / 800000
generated: 529943 / 800000
generated: 529992 / 800000
generated: 530034 / 800000
generated: 530081 / 800000
generated: 530124 / 800000
generated: 530171 / 800000
generated: 530206 / 800000
generated: 530255 / 800000
generated: 530312 / 800000
generated: 530359 / 800000
generated: 530401 / 800000
generated: 530442 / 800000
generated: 530478 / 800000
generated: 530531 / 800000
generated: 530574 / 800000
generated: 530623 / 800000
generated: 530674 / 800000
generated: 530716 / 800000
generated: 530765 / 800000
generated: 530801 / 800000
generated: 530848 / 800000
generated: 530893 / 800000
generated: 530935 / 800000
generated: 530978 / 800000
generated: 531025 / 800000
generated: 531078 / 800000
generated: 531131 / 800000
generated: 531174 / 800000
generated: 531220 / 800000
generated: 531257 / 800000
generated: 531298 / 800000
generated: 531348 / 800000
generated: 531393 / 800000
generated: 531441 / 800000
generated: 531479 / 800000
generated: 531536 / 800000
generated: 531592 / 800000
generated: 531652 / 800000
generated: 531690 / 800000
generated: 531736 / 800000
generated: 531781 / 800000
generated: 531821 / 800000
generated: 531860 / 800000
generated: 531902 / 800000
generated: 531952 / 800000
generated: 531991 / 800000
generated: 532035 / 800000
generated: 532076 / 800000
generated: 532122 / 800000
generated: 532170 / 800000
generated: 532215 / 800000
generated: 532275 / 800000
generated: 532320 / 800000
generated: 532364 / 800000
generated: 532410 / 800000
generated: 532466 / 800000
generated: 532518 / 800000
generated: 532560 / 800000
generated: 532599 / 800000
generated: 532649 / 800000
generated: 532688 / 800000
generated: 532737 / 800000
generated: 532773 / 800000
generated: 532823 / 800000
generated: 532871 / 800000
generated: 532911 / 800000
generated: 532963 / 800000
generated: 533007 / 800000
generated: 533038 / 800000
generated: 533077 / 800000
generated: 533113 / 800000
generated: 533158 / 800000
generated: 533194 / 800000
generated: 533233 / 800000
generated: 533270 / 800000
generated: 533305 / 800000
generated: 533354 / 800000
generated: 533408 / 800000
generated: 533447 / 800000
generated: 533494 / 800000
generated: 533533 / 800000
generated: 533588 / 800000
generated: 533632 / 800000
generated: 533689 / 800000
generated: 533749 / 800000
generated: 533796 / 800000
generated: 533844 / 800000
generated: 533889 / 800000
generated: 533941 / 800000
generated: 534009 / 800000
generated: 534048 / 800000
generated: 534092 / 800000
generated: 534156 / 800000
generated: 534197 / 800000
generated: 534251 / 800000
generated: 534286 / 800000
generated: 534328 / 800000
generated: 534373 / 800000
generated: 534415 / 800000
generated: 534465 / 800000
generated: 534512 / 800000
generated: 534562 / 800000
generated: 534608 / 800000
generated: 534658 / 800000
generated: 534689 / 800000
generated: 534733 / 800000
generated: 534761 / 800000
generated: 534809 / 800000
generated: 534847 / 800000
generated: 534896 / 800000
generated: 534947 / 800000
generated: 534995 / 800000
generated: 535050 / 800000
generated: 535094 / 800000
generated: 535133 / 800000
generated: 535175 / 800000
generated: 535213 / 800000
generated: 535256 / 800000
generated: 535317 / 800000
generated: 535355 / 800000
generated: 535398 / 800000
generated: 535437 / 800000
generated: 535470 / 800000
generated: 535499 / 800000
generated: 535545 / 800000
generated: 535589 / 800000
generated: 535631 / 800000
generated: 535674 / 800000
generated: 535731 / 800000
generated: 535768 / 800000
generated: 535803 / 800000
generated: 535838 / 800000
generated: 535883 / 800000
generated: 535931 / 800000
generated: 535977 / 800000
generated: 536024 / 800000
generated: 536067 / 800000
generated: 536116 / 800000
generated: 536161 / 800000
generated: 536209 / 800000
generated: 536255 / 800000
generated: 536298 / 800000
generated: 536340 / 800000
generated: 536386 / 800000
generated: 536429 / 800000
generated: 536470 / 800000
generated: 536518 / 800000
generated: 536562 / 800000
generated: 536599 / 800000
generated: 536636 / 800000
generated: 536679 / 800000
generated: 536718 / 800000
generated: 536758 / 800000
generated: 536796 / 800000
generated: 536845 / 800000
generated: 536888 / 800000
generated: 536939 / 800000
generated: 536979 / 800000
generated: 537026 / 800000
generated: 537083 / 800000
generated: 537130 / 800000
generated: 537168 / 800000
generated: 537216 / 800000
generated: 537258 / 800000
generated: 537297 / 800000
generated: 537341 / 800000
generated: 537379 / 800000
generated: 537437 / 800000
generated: 537481 / 800000
generated: 537529 / 800000
generated: 537560 / 800000
generated: 537609 / 800000
generated: 537646 / 800000
generated: 537687 / 800000
generated: 537734 / 800000
generated: 537791 / 800000
generated: 537830 / 800000
generated: 537867 / 800000
generated: 537902 / 800000
generated: 537960 / 800000
generated: 537997 / 800000
generated: 538040 / 800000
generated: 538096 / 800000
generated: 538146 / 800000
generated: 538201 / 800000
generated: 538243 / 800000
generated: 538291 / 800000
generated: 538341 / 800000
generated: 538381 / 800000
generated: 538422 / 800000
generated: 538459 / 800000
generated: 538499 / 800000
generated: 538533 / 800000
generated: 538576 / 800000
generated: 538617 / 800000
generated: 538657 / 800000
generated: 538702 / 800000
generated: 538743 / 800000
generated: 538795 / 800000
generated: 538832 / 800000
generated: 538878 / 800000
generated: 538909 / 800000
generated: 538960 / 800000
generated: 538998 / 800000
generated: 539036 / 800000
generated: 539087 / 800000
generated: 539130 / 800000
generated: 539172 / 800000
generated: 539214 / 800000
generated: 539256 / 800000
generated: 539291 / 800000
generated: 539330 / 800000
generated: 539375 / 800000
generated: 539427 / 800000
generated: 539475 / 800000
generated: 539533 / 800000
generated: 539577 / 800000
generated: 539619 / 800000
generated: 539654 / 800000
generated: 539701 / 800000
generated: 539744 / 800000
generated: 539787 / 800000
generated: 539830 / 800000
generated: 539872 / 800000
generated: 539909 / 800000
generated: 539951 / 800000
generated: 539997 / 800000
generated: 540041 / 800000
generated: 540080 / 800000
generated: 540122 / 800000
generated: 540158 / 800000
generated: 540197 / 800000
generated: 540240 / 800000
generated: 540277 / 800000
generated: 540321 / 800000
generated: 540364 / 800000
generated: 540405 / 800000
generated: 540450 / 800000
generated: 540488 / 800000
generated: 540532 / 800000
generated: 540569 / 800000
generated: 540614 / 800000
generated: 540660 / 800000
generated: 540704 / 800000
generated: 540741 / 800000
generated: 540784 / 800000
generated: 540837 / 800000
generated: 540876 / 800000
generated: 540917 / 800000
generated: 540965 / 800000
generated: 541011 / 800000
generated: 541056 / 800000
generated: 541098 / 800000
generated: 541130 / 800000
generated: 541183 / 800000
generated: 541225 / 800000
generated: 541271 / 800000
generated: 541309 / 800000
generated: 541350 / 800000
generated: 541394 / 800000
generated: 541434 / 800000
generated: 541471 / 800000
generated: 541520 / 800000
generated: 541564 / 800000
generated: 541606 / 800000
generated: 541655 / 800000
generated: 541691 / 800000
generated: 541736 / 800000
generated: 541787 / 800000
generated: 541837 / 800000
generated: 541879 / 800000
generated: 541927 / 800000
generated: 541976 / 800000
generated: 542020 / 800000
generated: 542052 / 800000
generated: 542097 / 800000
generated: 542141 / 800000
generated: 542187 / 800000
generated: 542236 / 800000
generated: 542293 / 800000
generated: 542337 / 800000
generated: 542382 / 800000
generated: 542436 / 800000
generated: 542496 / 800000
generated: 542544 / 800000
generated: 542585 / 800000
generated: 542628 / 800000
generated: 542676 / 800000
generated: 542730 / 800000
generated: 542781 / 800000
generated: 542823 / 800000
generated: 542875 / 800000
generated: 542919 / 800000
generated: 542967 / 800000
generated: 543013 / 800000
generated: 543053 / 800000
generated: 543101 / 800000
generated: 543141 / 800000
generated: 543166 / 800000
generated: 543199 / 800000
generated: 543243 / 800000
generated: 543286 / 800000
generated: 543324 / 800000
generated: 543363 / 800000
generated: 543405 / 800000
generated: 543444 / 800000
generated: 543502 / 800000
generated: 543531 / 800000
generated: 543589 / 800000
generated: 543646 / 800000
generated: 543687 / 800000
generated: 543742 / 800000
generated: 543786 / 800000
generated: 543822 / 800000
generated: 543855 / 800000
generated: 543893 / 800000
generated: 543940 / 800000
generated: 543978 / 800000
generated: 544021 / 800000
generated: 544062 / 800000
generated: 544100 / 800000
generated: 544140 / 800000
generated: 544190 / 800000
generated: 544236 / 800000
generated: 544283 / 800000
generated: 544320 / 800000
generated: 544363 / 800000
generated: 544406 / 800000
generated: 544454 / 800000
generated: 544509 / 800000
generated: 544538 / 800000
generated: 544573 / 800000
generated: 544619 / 800000
generated: 544650 / 800000
generated: 544697 / 800000
generated: 544738 / 800000
generated: 544786 / 800000
generated: 544835 / 800000
generated: 544870 / 800000
generated: 544919 / 800000
generated: 544958 / 800000
generated: 545008 / 800000
generated: 545056 / 800000
generated: 545095 / 800000
generated: 545147 / 800000
generated: 545188 / 800000
generated: 545229 / 800000
generated: 545271 / 800000
generated: 545310 / 800000
generated: 545358 / 800000
generated: 545408 / 800000
generated: 545446 / 800000
generated: 545503 / 800000
generated: 545537 / 800000
generated: 545575 / 800000
generated: 545620 / 800000
generated: 545657 / 800000
generated: 545708 / 800000
generated: 545749 / 800000
generated: 545794 / 800000
generated: 545838 / 800000
generated: 545886 / 800000
generated: 545934 / 800000
generated: 545976 / 800000
generated: 546027 / 800000
generated: 546075 / 800000
generated: 546122 / 800000
generated: 546156 / 800000
generated: 546198 / 800000
generated: 546248 / 800000
generated: 546303 / 800000
generated: 546331 / 800000
generated: 546379 / 800000
generated: 546418 / 800000
generated: 546460 / 800000
generated: 546505 / 800000
generated: 546550 / 800000
generated: 546599 / 800000
generated: 546645 / 800000
generated: 546687 / 800000
generated: 546735 / 800000
generated: 546782 / 800000
generated: 546826 / 800000
generated: 546860 / 800000
generated: 546916 / 800000
generated: 546967 / 800000
generated: 547007 / 800000
generated: 547061 / 800000
generated: 547105 / 800000
generated: 547142 / 800000
generated: 547178 / 800000
generated: 547219 / 800000
generated: 547262 / 800000
generated: 547314 / 800000
generated: 547351 / 800000
generated: 547410 / 800000
generated: 547466 / 800000
generated: 547508 / 800000
generated: 547557 / 800000
generated: 547591 / 800000
generated: 547635 / 800000
generated: 547677 / 800000
generated: 547727 / 800000
generated: 547784 / 800000
generated: 547844 / 800000
generated: 547885 / 800000
generated: 547944 / 800000
generated: 547994 / 800000
generated: 548048 / 800000
generated: 548106 / 800000
generated: 548152 / 800000
generated: 548206 / 800000
generated: 548241 / 800000
generated: 548281 / 800000
generated: 548337 / 800000
generated: 548381 / 800000
generated: 548422 / 800000
generated: 548457 / 800000
generated: 548494 / 800000
generated: 548543 / 800000
generated: 548594 / 800000
generated: 548646 / 800000
generated: 548697 / 800000
generated: 548741 / 800000
generated: 548788 / 800000
generated: 548842 / 800000
generated: 548897 / 800000
generated: 548942 / 800000
generated: 548984 / 800000
generated: 549030 / 800000
generated: 549074 / 800000
generated: 549123 / 800000
generated: 549157 / 800000
generated: 549190 / 800000
generated: 549233 / 800000
generated: 549274 / 800000
generated: 549322 / 800000
generated: 549369 / 800000
generated: 549428 / 800000
generated: 549476 / 800000
generated: 549518 / 800000
generated: 549558 / 800000
generated: 549605 / 800000
generated: 549651 / 800000
generated: 549684 / 800000
generated: 549732 / 800000
generated: 549784 / 800000
generated: 549835 / 800000
generated: 549880 / 800000
generated: 549915 / 800000
generated: 549973 / 800000
generated: 550021 / 800000
generated: 550057 / 800000
generated: 550108 / 800000
generated: 550155 / 800000
generated: 550201 / 800000
generated: 550255 / 800000
generated: 550293 / 800000
generated: 550336 / 800000
generated: 550385 / 800000
generated: 550433 / 800000
generated: 550479 / 800000
generated: 550531 / 800000
generated: 550572 / 800000
generated: 550612 / 800000
generated: 550653 / 800000
generated: 550699 / 800000
generated: 550735 / 800000
generated: 550781 / 800000
generated: 550815 / 800000
generated: 550863 / 800000
generated: 550909 / 800000
generated: 550952 / 800000
generated: 550998 / 800000
generated: 551050 / 800000
generated: 551093 / 800000
generated: 551131 / 800000
generated: 551167 / 800000
generated: 551219 / 800000
generated: 551267 / 800000
generated: 551318 / 800000
generated: 551358 / 800000
generated: 551398 / 800000
generated: 551448 / 800000
generated: 551484 / 800000
generated: 551536 / 800000
generated: 551576 / 800000
generated: 551618 / 800000
generated: 551666 / 800000
generated: 551699 / 800000
generated: 551736 / 800000
generated: 551784 / 800000
generated: 551835 / 800000
generated: 551875 / 800000
generated: 551923 / 800000
generated: 551973 / 800000
generated: 552019 / 800000
generated: 552058 / 800000
generated: 552099 / 800000
generated: 552140 / 800000
generated: 552186 / 800000
generated: 552233 / 800000
generated: 552287 / 800000
generated: 552335 / 800000
generated: 552384 / 800000
generated: 552421 / 800000
generated: 552472 / 800000
generated: 552517 / 800000
generated: 552552 / 800000
generated: 552595 / 800000
generated: 552636 / 800000
generated: 552684 / 800000
generated: 552727 / 800000
generated: 552778 / 800000
generated: 552818 / 800000
generated: 552851 / 800000
generated: 552904 / 800000
generated: 552953 / 800000
generated: 553000 / 800000
generated: 553044 / 800000
generated: 553085 / 800000
generated: 553132 / 800000
generated: 553177 / 800000
generated: 553216 / 800000
generated: 553274 / 800000
generated: 553318 / 800000
generated: 553361 / 800000
generated: 553413 / 800000
generated: 553462 / 800000
generated: 553505 / 800000
generated: 553544 / 800000
generated: 553599 / 800000
generated: 553636 / 800000
generated: 553677 / 800000
generated: 553714 / 800000
generated: 553757 / 800000
generated: 553791 / 800000
generated: 553834 / 800000
generated: 553873 / 800000
generated: 553924 / 800000
generated: 553969 / 800000
generated: 554009 / 800000
generated: 554064 / 800000
generated: 554109 / 800000
generated: 554160 / 800000
generated: 554205 / 800000
generated: 554246 / 800000
generated: 554282 / 800000
generated: 554335 / 800000
generated: 554393 / 800000
generated: 554436 / 800000
generated: 554478 / 800000
generated: 554517 / 800000
generated: 554556 / 800000
generated: 554606 / 800000
generated: 554656 / 800000
generated: 554689 / 800000
generated: 554736 / 800000
generated: 554773 / 800000
generated: 554817 / 800000
generated: 554863 / 800000
generated: 554905 / 800000
generated: 554958 / 800000
generated: 555011 / 800000
generated: 555053 / 800000
generated: 555108 / 800000
generated: 555166 / 800000
generated: 555204 / 800000
generated: 555247 / 800000
generated: 555306 / 800000
generated: 555345 / 800000
generated: 555385 / 800000
generated: 555436 / 800000
generated: 555477 / 800000
generated: 555533 / 800000
generated: 555572 / 800000
generated: 555616 / 800000
generated: 555661 / 800000
generated: 555712 / 800000
generated: 555744 / 800000
generated: 555784 / 800000
generated: 555835 / 800000
generated: 555885 / 800000
generated: 555913 / 800000
generated: 555960 / 800000
generated: 556004 / 800000
generated: 556044 / 800000
generated: 556098 / 800000
generated: 556132 / 800000
generated: 556183 / 800000
generated: 556232 / 800000
generated: 556276 / 800000
generated: 556330 / 800000
generated: 556373 / 800000
generated: 556409 / 800000
generated: 556448 / 800000
generated: 556487 / 800000
generated: 556524 / 800000
generated: 556570 / 800000
generated: 556613 / 800000
generated: 556661 / 800000
generated: 556690 / 800000
generated: 556744 / 800000
generated: 556790 / 800000
generated: 556836 / 800000
generated: 556867 / 800000
generated: 556903 / 800000
generated: 556946 / 800000
generated: 556978 / 800000
generated: 557022 / 800000
generated: 557057 / 800000
generated: 557098 / 800000
generated: 557141 / 800000
generated: 557191 / 800000
generated: 557236 / 800000
generated: 557285 / 800000
generated: 557334 / 800000
generated: 557377 / 800000
generated: 557419 / 800000
generated: 557462 / 800000
generated: 557496 / 800000
generated: 557538 / 800000
generated: 557576 / 800000
generated: 557619 / 800000
generated: 557668 / 800000
generated: 557717 / 800000
generated: 557760 / 800000
generated: 557799 / 800000
generated: 557845 / 800000
generated: 557882 / 800000
generated: 557932 / 800000
generated: 557978 / 800000
generated: 558032 / 800000
generated: 558080 / 800000
generated: 558131 / 800000
generated: 558165 / 800000
generated: 558213 / 800000
generated: 558253 / 800000
generated: 558292 / 800000
generated: 558345 / 800000
generated: 558395 / 800000
generated: 558432 / 800000
generated: 558486 / 800000
generated: 558529 / 800000
generated: 558564 / 800000
generated: 558602 / 800000
generated: 558653 / 800000
generated: 558702 / 800000
generated: 558758 / 800000
generated: 558791 / 800000
generated: 558841 / 800000
generated: 558885 / 800000
generated: 558925 / 800000
generated: 558974 / 800000
generated: 559009 / 800000
generated: 559054 / 800000
generated: 559092 / 800000
generated: 559137 / 800000
generated: 559188 / 800000
generated: 559230 / 800000
generated: 559272 / 800000
generated: 559307 / 800000
generated: 559342 / 800000
generated: 559389 / 800000
generated: 559433 / 800000
generated: 559483 / 800000
generated: 559540 / 800000
generated: 559584 / 800000
generated: 559630 / 800000
generated: 559675 / 800000
generated: 559719 / 800000
generated: 559769 / 800000
generated: 559817 / 800000
generated: 559859 / 800000
generated: 559904 / 800000
generated: 559953 / 800000
generated: 559990 / 800000
generated: 560045 / 800000
generated: 560097 / 800000
generated: 560149 / 800000
generated: 560203 / 800000
generated: 560244 / 800000
generated: 560275 / 800000
generated: 560318 / 800000
generated: 560364 / 800000
generated: 560412 / 800000
generated: 560465 / 800000
generated: 560512 / 800000
generated: 560563 / 800000
generated: 560599 / 800000
generated: 560636 / 800000
generated: 560685 / 800000
generated: 560726 / 800000
generated: 560767 / 800000
generated: 560809 / 800000
generated: 560862 / 800000
generated: 560906 / 800000
generated: 560952 / 800000
generated: 561011 / 800000
generated: 561062 / 800000
generated: 561105 / 800000
generated: 561143 / 800000
generated: 561188 / 800000
generated: 561234 / 800000
generated: 561278 / 800000
generated: 561326 / 800000
generated: 561371 / 800000
generated: 561407 / 800000
generated: 561452 / 800000
generated: 561484 / 800000
generated: 561529 / 800000
generated: 561580 / 800000
generated: 561608 / 800000
generated: 561657 / 800000
generated: 561707 / 800000
generated: 561756 / 800000
generated: 561802 / 800000
generated: 561851 / 800000
generated: 561888 / 800000
generated: 561924 / 800000
generated: 561964 / 800000
generated: 562021 / 800000
generated: 562066 / 800000
generated: 562108 / 800000
generated: 562147 / 800000
generated: 562187 / 800000
generated: 562225 / 800000
generated: 562261 / 800000
generated: 562309 / 800000
generated: 562362 / 800000
generated: 562407 / 800000
generated: 562459 / 800000
generated: 562499 / 800000
generated: 562553 / 800000
generated: 562606 / 800000
generated: 562656 / 800000
generated: 562700 / 800000
generated: 562754 / 800000
generated: 562805 / 800000
generated: 562850 / 800000
generated: 562890 / 800000
generated: 562935 / 800000
generated: 562981 / 800000
generated: 563028 / 800000
generated: 563066 / 800000
generated: 563122 / 800000
generated: 563178 / 800000
generated: 563230 / 800000
generated: 563271 / 800000
generated: 563306 / 800000
generated: 563337 / 800000
generated: 563382 / 800000
generated: 563422 / 800000
generated: 563466 / 800000
generated: 563520 / 800000
generated: 563568 / 800000
generated: 563610 / 800000
generated: 563653 / 800000
generated: 563696 / 800000
generated: 563733 / 800000
generated: 563780 / 800000
generated: 563834 / 800000
generated: 563884 / 800000
generated: 563934 / 800000
generated: 563989 / 800000
generated: 564042 / 800000
generated: 564097 / 800000
generated: 564140 / 800000
generated: 564194 / 800000
generated: 564224 / 800000
generated: 564272 / 800000
generated: 564319 / 800000
generated: 564368 / 800000
generated: 564413 / 800000
generated: 564456 / 800000
generated: 564501 / 800000
generated: 564551 / 800000
generated: 564597 / 800000
generated: 564639 / 800000
generated: 564684 / 800000
generated: 564731 / 800000
generated: 564788 / 800000
generated: 564832 / 800000
generated: 564865 / 800000
generated: 564901 / 800000
generated: 564943 / 800000
generated: 564992 / 800000
generated: 565047 / 800000
generated: 565097 / 800000
generated: 565142 / 800000
generated: 565178 / 800000
generated: 565231 / 800000
generated: 565279 / 800000
generated: 565335 / 800000
generated: 565381 / 800000
generated: 565434 / 800000
generated: 565471 / 800000
generated: 565506 / 800000
generated: 565541 / 800000
generated: 565591 / 800000
generated: 565628 / 800000
generated: 565667 / 800000
generated: 565717 / 800000
generated: 565768 / 800000
generated: 565826 / 800000
generated: 565876 / 800000
generated: 565912 / 800000
generated: 565960 / 800000
generated: 565999 / 800000
generated: 566037 / 800000
generated: 566087 / 800000
generated: 566138 / 800000
generated: 566182 / 800000
generated: 566232 / 800000
generated: 566293 / 800000
generated: 566329 / 800000
generated: 566383 / 800000
generated: 566420 / 800000
generated: 566462 / 800000
generated: 566509 / 800000
generated: 566565 / 800000
generated: 566609 / 800000
generated: 566649 / 800000
generated: 566690 / 800000
generated: 566730 / 800000
generated: 566774 / 800000
generated: 566818 / 800000
generated: 566868 / 800000
generated: 566902 / 800000
generated: 566954 / 800000
generated: 566999 / 800000
generated: 567039 / 800000
generated: 567085 / 800000
generated: 567139 / 800000
generated: 567179 / 800000
generated: 567221 / 800000
generated: 567267 / 800000
generated: 567316 / 800000
generated: 567356 / 800000
generated: 567404 / 800000
generated: 567454 / 800000
generated: 567495 / 800000
generated: 567553 / 800000
generated: 567602 / 800000
generated: 567657 / 800000
generated: 567692 / 800000
generated: 567731 / 800000
generated: 567777 / 800000
generated: 567823 / 800000
generated: 567871 / 800000
generated: 567916 / 800000
generated: 567969 / 800000
generated: 568012 / 800000
generated: 568061 / 800000
generated: 568092 / 800000
generated: 568128 / 800000
generated: 568174 / 800000
generated: 568213 / 800000
generated: 568262 / 800000
generated: 568299 / 800000
generated: 568345 / 800000
generated: 568393 / 800000
generated: 568438 / 800000
generated: 568485 / 800000
generated: 568533 / 800000
generated: 568579 / 800000
generated: 568614 / 800000
generated: 568658 / 800000
generated: 568698 / 800000
generated: 568742 / 800000
generated: 568787 / 800000
generated: 568852 / 800000
generated: 568908 / 800000
generated: 568948 / 800000
generated: 569004 / 800000
generated: 569044 / 800000
generated: 569090 / 800000
generated: 569134 / 800000
generated: 569164 / 800000
generated: 569212 / 800000
generated: 569249 / 800000
generated: 569298 / 800000
generated: 569341 / 800000
generated: 569390 / 800000
generated: 569432 / 800000
generated: 569492 / 800000
generated: 569535 / 800000
generated: 569575 / 800000
generated: 569627 / 800000
generated: 569669 / 800000
generated: 569718 / 800000
generated: 569762 / 800000
generated: 569810 / 800000
generated: 569849 / 800000
generated: 569898 / 800000
generated: 569940 / 800000
generated: 569982 / 800000
generated: 570040 / 800000
generated: 570082 / 800000
generated: 570131 / 800000
generated: 570173 / 800000
generated: 570229 / 800000
generated: 570275 / 800000
generated: 570316 / 800000
generated: 570370 / 800000
generated: 570413 / 800000
generated: 570460 / 800000
generated: 570508 / 800000
generated: 570546 / 800000
generated: 570594 / 800000
generated: 570637 / 800000
generated: 570676 / 800000
generated: 570718 / 800000
generated: 570771 / 800000
generated: 570818 / 800000
generated: 570860 / 800000
generated: 570906 / 800000
generated: 570952 / 800000
generated: 570996 / 800000
generated: 571039 / 800000
generated: 571083 / 800000
generated: 571121 / 800000
generated: 571163 / 800000
generated: 571212 / 800000
generated: 571255 / 800000
generated: 571296 / 800000
generated: 571339 / 800000
generated: 571400 / 800000
generated: 571455 / 800000
generated: 571506 / 800000
generated: 571548 / 800000
generated: 571596 / 800000
generated: 571635 / 800000
generated: 571681 / 800000
generated: 571729 / 800000
generated: 571772 / 800000
generated: 571828 / 800000
generated: 571879 / 800000
generated: 571916 / 800000
generated: 571959 / 800000
generated: 571998 / 800000
generated: 572047 / 800000
generated: 572088 / 800000
generated: 572131 / 800000
generated: 572170 / 800000
generated: 572199 / 800000
generated: 572237 / 800000
generated: 572287 / 800000
generated: 572328 / 800000
generated: 572369 / 800000
generated: 572417 / 800000
generated: 572469 / 800000
generated: 572507 / 800000
generated: 572544 / 800000
generated: 572591 / 800000
generated: 572629 / 800000
generated: 572670 / 800000
generated: 572706 / 800000
generated: 572738 / 800000
generated: 572792 / 800000
generated: 572834 / 800000
generated: 572869 / 800000
generated: 572915 / 800000
generated: 572964 / 800000
generated: 573020 / 800000
generated: 573066 / 800000
generated: 573110 / 800000
generated: 573164 / 800000
generated: 573214 / 800000
generated: 573257 / 800000
generated: 573308 / 800000
generated: 573360 / 800000
generated: 573410 / 800000
generated: 573452 / 800000
generated: 573505 / 800000
generated: 573556 / 800000
generated: 573609 / 800000
generated: 573656 / 800000
generated: 573702 / 800000
generated: 573735 / 800000
generated: 573776 / 800000
generated: 573822 / 800000
generated: 573867 / 800000
generated: 573917 / 800000
generated: 573962 / 800000
generated: 574007 / 800000
generated: 574051 / 800000
generated: 574103 / 800000
generated: 574162 / 800000
generated: 574202 / 800000
generated: 574257 / 800000
generated: 574306 / 800000
generated: 574359 / 800000
generated: 574401 / 800000
generated: 574443 / 800000
generated: 574500 / 800000
generated: 574541 / 800000
generated: 574583 / 800000
generated: 574628 / 800000
generated: 574678 / 800000
generated: 574721 / 800000
generated: 574766 / 800000
generated: 574812 / 800000
generated: 574866 / 800000
generated: 574914 / 800000
generated: 574956 / 800000
generated: 574999 / 800000
generated: 575053 / 800000
generated: 575091 / 800000
generated: 575128 / 800000
generated: 575170 / 800000
generated: 575218 / 800000
generated: 575257 / 800000
generated: 575301 / 800000
generated: 575344 / 800000
generated: 575385 / 800000
generated: 575431 / 800000
generated: 575480 / 800000
generated: 575523 / 800000
generated: 575573 / 800000
generated: 575617 / 800000
generated: 575652 / 800000
generated: 575712 / 800000
generated: 575751 / 800000
generated: 575803 / 800000
generated: 575854 / 800000
generated: 575908 / 800000
generated: 575955 / 800000
generated: 575992 / 800000
generated: 576036 / 800000
generated: 576087 / 800000
generated: 576142 / 800000
generated: 576193 / 800000
generated: 576247 / 800000
generated: 576295 / 800000
generated: 576331 / 800000
generated: 576385 / 800000
generated: 576433 / 800000
generated: 576498 / 800000
generated: 576553 / 800000
generated: 576602 / 800000
generated: 576643 / 800000
generated: 576690 / 800000
generated: 576740 / 800000
generated: 576776 / 800000
generated: 576823 / 800000
generated: 576867 / 800000
generated: 576917 / 800000
generated: 576970 / 800000
generated: 577009 / 800000
generated: 577061 / 800000
generated: 577105 / 800000
generated: 577138 / 800000
generated: 577179 / 800000
generated: 577233 / 800000
generated: 577280 / 800000
generated: 577324 / 800000
generated: 577369 / 800000
generated: 577416 / 800000
generated: 577462 / 800000
generated: 577505 / 800000
generated: 577553 / 800000
generated: 577591 / 800000
generated: 577637 / 800000
generated: 577673 / 800000
generated: 577708 / 800000
generated: 577745 / 800000
generated: 577783 / 800000
generated: 577828 / 800000
generated: 577867 / 800000
generated: 577908 / 800000
generated: 577959 / 800000
generated: 578008 / 800000
generated: 578046 / 800000
generated: 578087 / 800000
generated: 578141 / 800000
generated: 578189 / 800000
generated: 578230 / 800000
generated: 578276 / 800000
generated: 578321 / 800000
generated: 578381 / 800000
generated: 578429 / 800000
generated: 578475 / 800000
generated: 578518 / 800000
generated: 578566 / 800000
generated: 578615 / 800000
generated: 578654 / 800000
generated: 578704 / 800000
generated: 578742 / 800000
generated: 578791 / 800000
generated: 578823 / 800000
generated: 578871 / 800000
generated: 578909 / 800000
generated: 578944 / 800000
generated: 578983 / 800000
generated: 579033 / 800000
generated: 579076 / 800000
generated: 579103 / 800000
generated: 579154 / 800000
generated: 579201 / 800000
generated: 579248 / 800000
generated: 579293 / 800000
generated: 579339 / 800000
generated: 579384 / 800000
generated: 579428 / 800000
generated: 579478 / 800000
generated: 579513 / 800000
generated: 579554 / 800000
generated: 579602 / 800000
generated: 579647 / 800000
generated: 579698 / 800000
generated: 579742 / 800000
generated: 579786 / 800000
generated: 579829 / 800000
generated: 579880 / 800000
generated: 579935 / 800000
generated: 579983 / 800000
generated: 580032 / 800000
generated: 580066 / 800000
generated: 580104 / 800000
generated: 580156 / 800000
generated: 580204 / 800000
generated: 580252 / 800000
generated: 580303 / 800000
generated: 580340 / 800000
generated: 580381 / 800000
generated: 580413 / 800000
generated: 580450 / 800000
generated: 580495 / 800000
generated: 580530 / 800000
generated: 580583 / 800000
generated: 580641 / 800000
generated: 580681 / 800000
generated: 580720 / 800000
generated: 580769 / 800000
generated: 580814 / 800000
generated: 580863 / 800000
generated: 580908 / 800000
generated: 580959 / 800000
generated: 580999 / 800000
generated: 581059 / 800000
generated: 581102 / 800000
generated: 581145 / 800000
generated: 581199 / 800000
generated: 581247 / 800000
generated: 581294 / 800000
generated: 581339 / 800000
generated: 581376 / 800000
generated: 581420 / 800000
generated: 581465 / 800000
generated: 581509 / 800000
generated: 581547 / 800000
generated: 581584 / 800000
generated: 581620 / 800000
generated: 581661 / 800000
generated: 581703 / 800000
generated: 581752 / 800000
generated: 581789 / 800000
generated: 581825 / 800000
generated: 581862 / 800000
generated: 581905 / 800000
generated: 581959 / 800000
generated: 582013 / 800000
generated: 582054 / 800000
generated: 582109 / 800000
generated: 582164 / 800000
generated: 582209 / 800000
generated: 582249 / 800000
generated: 582301 / 800000
generated: 582356 / 800000
generated: 582402 / 800000
generated: 582450 / 800000
generated: 582489 / 800000
generated: 582535 / 800000
generated: 582575 / 800000
generated: 582623 / 800000
generated: 582668 / 800000
generated: 582698 / 800000
generated: 582743 / 800000
generated: 582791 / 800000
generated: 582837 / 800000
generated: 582884 / 800000
generated: 582928 / 800000
generated: 582975 / 800000
generated: 583025 / 800000
generated: 583070 / 800000
generated: 583112 / 800000
generated: 583155 / 800000
generated: 583192 / 800000
generated: 583235 / 800000
generated: 583268 / 800000
generated: 583300 / 800000
generated: 583343 / 800000
generated: 583383 / 800000
generated: 583434 / 800000
generated: 583472 / 800000
generated: 583509 / 800000
generated: 583560 / 800000
generated: 583628 / 800000
generated: 583670 / 800000
generated: 583711 / 800000
generated: 583763 / 800000
generated: 583805 / 800000
generated: 583864 / 800000
generated: 583905 / 800000
generated: 583941 / 800000
generated: 583989 / 800000
generated: 584026 / 800000
generated: 584062 / 800000
generated: 584111 / 800000
generated: 584156 / 800000
generated: 584206 / 800000
generated: 584248 / 800000
generated: 584309 / 800000
generated: 584354 / 800000
generated: 584398 / 800000
generated: 584438 / 800000
generated: 584483 / 800000
generated: 584525 / 800000
generated: 584570 / 800000
generated: 584624 / 800000
generated: 584668 / 800000
generated: 584712 / 800000
generated: 584768 / 800000
generated: 584819 / 800000
generated: 584880 / 800000
generated: 584930 / 800000
generated: 584979 / 800000
generated: 585023 / 800000
generated: 585068 / 800000
generated: 585121 / 800000
generated: 585169 / 800000
generated: 585217 / 800000
generated: 585267 / 800000
generated: 585313 / 800000
generated: 585350 / 800000
generated: 585394 / 800000
generated: 585431 / 800000
generated: 585481 / 800000
generated: 585542 / 800000
generated: 585592 / 800000
generated: 585636 / 800000
generated: 585674 / 800000
generated: 585728 / 800000
generated: 585773 / 800000
generated: 585825 / 800000
generated: 585883 / 800000
generated: 585922 / 800000
generated: 585981 / 800000
generated: 586014 / 800000
generated: 586052 / 800000
generated: 586096 / 800000
generated: 586136 / 800000
generated: 586191 / 800000
generated: 586241 / 800000
generated: 586296 / 800000
generated: 586342 / 800000
generated: 586394 / 800000
generated: 586433 / 800000
generated: 586474 / 800000
generated: 586521 / 800000
generated: 586568 / 800000
generated: 586624 / 800000
generated: 586669 / 800000
generated: 586710 / 800000
generated: 586754 / 800000
generated: 586800 / 800000
generated: 586843 / 800000
generated: 586889 / 800000
generated: 586938 / 800000
generated: 586987 / 800000
generated: 587042 / 800000
generated: 587082 / 800000
generated: 587125 / 800000
generated: 587172 / 800000
generated: 587234 / 800000
generated: 587284 / 800000
generated: 587325 / 800000
generated: 587375 / 800000
generated: 587416 / 800000
generated: 587450 / 800000
generated: 587495 / 800000
generated: 587548 / 800000
generated: 587584 / 800000
generated: 587638 / 800000
generated: 587690 / 800000
generated: 587743 / 800000
generated: 587786 / 800000
generated: 587833 / 800000
generated: 587877 / 800000
generated: 587926 / 800000
generated: 587964 / 800000
generated: 588018 / 800000
generated: 588067 / 800000
generated: 588119 / 800000
generated: 588164 / 800000
generated: 588207 / 800000
generated: 588253 / 800000
generated: 588290 / 800000
generated: 588331 / 800000
generated: 588367 / 800000
generated: 588419 / 800000
generated: 588469 / 800000
generated: 588516 / 800000
generated: 588565 / 800000
generated: 588606 / 800000
generated: 588656 / 800000
generated: 588687 / 800000
generated: 588727 / 800000
generated: 588767 / 800000
generated: 588808 / 800000
generated: 588851 / 800000
generated: 588889 / 800000
generated: 588941 / 800000
generated: 588990 / 800000
generated: 589037 / 800000
generated: 589086 / 800000
generated: 589142 / 800000
generated: 589185 / 800000
generated: 589233 / 800000
generated: 589274 / 800000
generated: 589323 / 800000
generated: 589366 / 800000
generated: 589409 / 800000
generated: 589452 / 800000
generated: 589502 / 800000
generated: 589543 / 800000
generated: 589583 / 800000
generated: 589622 / 800000
generated: 589663 / 800000
generated: 589723 / 800000
generated: 589775 / 800000
generated: 589821 / 800000
generated: 589861 / 800000
generated: 589915 / 800000
generated: 589963 / 800000
generated: 590015 / 800000
generated: 590065 / 800000
generated: 590109 / 800000
generated: 590155 / 800000
generated: 590218 / 800000
generated: 590258 / 800000
generated: 590304 / 800000
generated: 590347 / 800000
generated: 590395 / 800000
generated: 590446 / 800000
generated: 590493 / 800000
generated: 590530 / 800000
generated: 590584 / 800000
generated: 590629 / 800000
generated: 590670 / 800000
generated: 590714 / 800000
generated: 590760 / 800000
generated: 590807 / 800000
generated: 590847 / 800000
generated: 590895 / 800000
generated: 590941 / 800000
generated: 590989 / 800000
generated: 591030 / 800000
generated: 591080 / 800000
generated: 591132 / 800000
generated: 591179 / 800000
generated: 591216 / 800000
generated: 591268 / 800000
generated: 591323 / 800000
generated: 591374 / 800000
generated: 591414 / 800000
generated: 591460 / 800000
generated: 591504 / 800000
generated: 591552 / 800000
generated: 591595 / 800000
generated: 591639 / 800000
generated: 591678 / 800000
generated: 591729 / 800000
generated: 591776 / 800000
generated: 591820 / 800000
generated: 591863 / 800000
generated: 591903 / 800000
generated: 591943 / 800000
generated: 591985 / 800000
generated: 592031 / 800000
generated: 592074 / 800000
generated: 592119 / 800000
generated: 592178 / 800000
generated: 592224 / 800000
generated: 592274 / 800000
generated: 592339 / 800000
generated: 592390 / 800000
generated: 592436 / 800000
generated: 592475 / 800000
generated: 592498 / 800000
generated: 592550 / 800000
generated: 592601 / 800000
generated: 592642 / 800000
generated: 592696 / 800000
generated: 592731 / 800000
generated: 592769 / 800000
generated: 592831 / 800000
generated: 592884 / 800000
generated: 592929 / 800000
generated: 592993 / 800000
generated: 593029 / 800000
generated: 593066 / 800000
generated: 593095 / 800000
generated: 593135 / 800000
generated: 593170 / 800000
generated: 593210 / 800000
generated: 593253 / 800000
generated: 593300 / 800000
generated: 593355 / 800000
generated: 593408 / 800000
generated: 593454 / 800000
generated: 593498 / 800000
generated: 593538 / 800000
generated: 593585 / 800000
generated: 593634 / 800000
generated: 593675 / 800000
generated: 593725 / 800000
generated: 593766 / 800000
generated: 593817 / 800000
generated: 593861 / 800000
generated: 593908 / 800000
generated: 593952 / 800000
generated: 593993 / 800000
generated: 594045 / 800000
generated: 594101 / 800000
generated: 594146 / 800000
generated: 594198 / 800000
generated: 594241 / 800000
generated: 594291 / 800000
generated: 594329 / 800000
generated: 594386 / 800000
generated: 594442 / 800000
generated: 594492 / 800000
generated: 594531 / 800000
generated: 594571 / 800000
generated: 594629 / 800000
generated: 594682 / 800000
generated: 594726 / 800000
generated: 594781 / 800000
generated: 594824 / 800000
generated: 594865 / 800000
generated: 594915 / 800000
generated: 594960 / 800000
generated: 595012 / 800000
generated: 595063 / 800000
generated: 595119 / 800000
generated: 595164 / 800000
generated: 595214 / 800000
generated: 595260 / 800000
generated: 595296 / 800000
generated: 595329 / 800000
generated: 595372 / 800000
generated: 595421 / 800000
generated: 595467 / 800000
generated: 595517 / 800000
generated: 595572 / 800000
generated: 595612 / 800000
generated: 595662 / 800000
generated: 595712 / 800000
generated: 595754 / 800000
generated: 595798 / 800000
generated: 595840 / 800000
generated: 595879 / 800000
generated: 595919 / 800000
generated: 595967 / 800000
generated: 596002 / 800000
generated: 596055 / 800000
generated: 596100 / 800000
generated: 596147 / 800000
generated: 596185 / 800000
generated: 596232 / 800000
generated: 596285 / 800000
generated: 596322 / 800000
generated: 596369 / 800000
generated: 596419 / 800000
generated: 596478 / 800000
generated: 596521 / 800000
generated: 596557 / 800000
generated: 596602 / 800000
generated: 596654 / 800000
generated: 596693 / 800000
generated: 596741 / 800000
generated: 596783 / 800000
generated: 596823 / 800000
generated: 596867 / 800000
generated: 596906 / 800000
generated: 596945 / 800000
generated: 596992 / 800000
generated: 597041 / 800000
generated: 597080 / 800000
generated: 597123 / 800000
generated: 597170 / 800000
generated: 597229 / 800000
generated: 597275 / 800000
generated: 597323 / 800000
generated: 597368 / 800000
generated: 597414 / 800000
generated: 597463 / 800000
generated: 597502 / 800000
generated: 597546 / 800000
generated: 597600 / 800000
generated: 597639 / 800000
generated: 597690 / 800000
generated: 597733 / 800000
generated: 597780 / 800000
generated: 597821 / 800000
generated: 597855 / 800000
generated: 597898 / 800000
generated: 597946 / 800000
generated: 597991 / 800000
generated: 598038 / 800000
generated: 598083 / 800000
generated: 598120 / 800000
generated: 598168 / 800000
generated: 598224 / 800000
generated: 598275 / 800000
generated: 598327 / 800000
generated: 598366 / 800000
generated: 598409 / 800000
generated: 598448 / 800000
generated: 598501 / 800000
generated: 598535 / 800000
generated: 598580 / 800000
generated: 598621 / 800000
generated: 598660 / 800000
generated: 598706 / 800000
generated: 598744 / 800000
generated: 598773 / 800000
generated: 598832 / 800000
generated: 598873 / 800000
generated: 598913 / 800000
generated: 598959 / 800000
generated: 599010 / 800000
generated: 599060 / 800000
generated: 599117 / 800000
generated: 599165 / 800000
generated: 599214 / 800000
generated: 599259 / 800000
generated: 599310 / 800000
generated: 599369 / 800000
generated: 599418 / 800000
generated: 599465 / 800000
generated: 599515 / 800000
generated: 599573 / 800000
generated: 599607 / 800000
generated: 599662 / 800000
generated: 599705 / 800000
generated: 599754 / 800000
generated: 599806 / 800000
generated: 599842 / 800000
generated: 599888 / 800000
generated: 599932 / 800000
generated: 599981 / 800000
generated: 600019 / 800000
generated: 600059 / 800000
generated: 600108 / 800000
generated: 600155 / 800000
generated: 600200 / 800000
generated: 600245 / 800000
generated: 600289 / 800000
generated: 600327 / 800000
generated: 600373 / 800000
generated: 600422 / 800000
generated: 600465 / 800000
generated: 600504 / 800000
generated: 600547 / 800000
generated: 600594 / 800000
generated: 600633 / 800000
generated: 600675 / 800000
generated: 600718 / 800000
generated: 600768 / 800000
generated: 600811 / 800000
generated: 600847 / 800000
generated: 600885 / 800000
generated: 600929 / 800000
generated: 600967 / 800000
generated: 601022 / 800000
generated: 601071 / 800000
generated: 601120 / 800000
generated: 601169 / 800000
generated: 601207 / 800000
generated: 601254 / 800000
generated: 601288 / 800000
generated: 601327 / 800000
generated: 601374 / 800000
generated: 601428 / 800000
generated: 601474 / 800000
generated: 601524 / 800000
generated: 601566 / 800000
generated: 601613 / 800000
generated: 601666 / 800000
generated: 601712 / 800000
generated: 601752 / 800000
generated: 601807 / 800000
generated: 601866 / 800000
generated: 601903 / 800000
generated: 601941 / 800000
generated: 601994 / 800000
generated: 602032 / 800000
generated: 602069 / 800000
generated: 602113 / 800000
generated: 602155 / 800000
generated: 602204 / 800000
generated: 602256 / 800000
generated: 602295 / 800000
generated: 602335 / 800000
generated: 602378 / 800000
generated: 602420 / 800000
generated: 602463 / 800000
generated: 602502 / 800000
generated: 602551 / 800000
generated: 602592 / 800000
generated: 602632 / 800000
generated: 602691 / 800000
generated: 602736 / 800000
generated: 602778 / 800000
generated: 602831 / 800000
generated: 602869 / 800000
generated: 602907 / 800000
generated: 602946 / 800000
generated: 603000 / 800000
generated: 603049 / 800000
generated: 603091 / 800000
generated: 603129 / 800000
generated: 603159 / 800000
generated: 603204 / 800000
generated: 603244 / 800000
generated: 603283 / 800000
generated: 603331 / 800000
generated: 603380 / 800000
generated: 603423 / 800000
generated: 603468 / 800000
generated: 603514 / 800000
generated: 603554 / 800000
generated: 603600 / 800000
generated: 603650 / 800000
generated: 603682 / 800000
generated: 603735 / 800000
generated: 603770 / 800000
generated: 603815 / 800000
generated: 603876 / 800000
generated: 603920 / 800000
generated: 603966 / 800000
generated: 604007 / 800000
generated: 604056 / 800000
generated: 604098 / 800000
generated: 604147 / 800000
generated: 604181 / 800000
generated: 604231 / 800000
generated: 604274 / 800000
generated: 604314 / 800000
generated: 604358 / 800000
generated: 604409 / 800000
generated: 604453 / 800000
generated: 604506 / 800000
generated: 604549 / 800000
generated: 604595 / 800000
generated: 604645 / 800000
generated: 604690 / 800000
generated: 604733 / 800000
generated: 604774 / 800000
generated: 604814 / 800000
generated: 604851 / 800000
generated: 604899 / 800000
generated: 604953 / 800000
generated: 604999 / 800000
generated: 605049 / 800000
generated: 605092 / 800000
generated: 605149 / 800000
generated: 605194 / 800000
generated: 605230 / 800000
generated: 605270 / 800000
generated: 605313 / 800000
generated: 605363 / 800000
generated: 605405 / 800000
generated: 605449 / 800000
generated: 605506 / 800000
generated: 605559 / 800000
generated: 605604 / 800000
generated: 605647 / 800000
generated: 605698 / 800000
generated: 605741 / 800000
generated: 605783 / 800000
generated: 605839 / 800000
generated: 605897 / 800000
generated: 605937 / 800000
generated: 605975 / 800000
generated: 606017 / 800000
generated: 606059 / 800000
generated: 606105 / 800000
generated: 606141 / 800000
generated: 606176 / 800000
generated: 606221 / 800000
generated: 606255 / 800000
generated: 606298 / 800000
generated: 606337 / 800000
generated: 606378 / 800000
generated: 606426 / 800000
generated: 606467 / 800000
generated: 606510 / 800000
generated: 606544 / 800000
generated: 606582 / 800000
generated: 606630 / 800000
generated: 606667 / 800000
generated: 606705 / 800000
generated: 606748 / 800000
generated: 606799 / 800000
generated: 606846 / 800000
generated: 606895 / 800000
generated: 606926 / 800000
generated: 606960 / 800000
generated: 607004 / 800000
generated: 607060 / 800000
generated: 607099 / 800000
generated: 607148 / 800000
generated: 607192 / 800000
generated: 607234 / 800000
generated: 607277 / 800000
generated: 607316 / 800000
generated: 607356 / 800000
generated: 607400 / 800000
generated: 607445 / 800000
generated: 607491 / 800000
generated: 607530 / 800000
generated: 607569 / 800000
generated: 607605 / 800000
generated: 607641 / 800000
generated: 607689 / 800000
generated: 607742 / 800000
generated: 607789 / 800000
generated: 607829 / 800000
generated: 607874 / 800000
generated: 607922 / 800000
generated: 607968 / 800000
generated: 608022 / 800000
generated: 608070 / 800000
generated: 608116 / 800000
generated: 608155 / 800000
generated: 608209 / 800000
generated: 608263 / 800000
generated: 608324 / 800000
generated: 608376 / 800000
generated: 608421 / 800000
generated: 608457 / 800000
generated: 608505 / 800000
generated: 608564 / 800000
generated: 608602 / 800000
generated: 608655 / 800000
generated: 608693 / 800000
generated: 608736 / 800000
generated: 608779 / 800000
generated: 608825 / 800000
generated: 608870 / 800000
generated: 608904 / 800000
generated: 608947 / 800000
generated: 608994 / 800000
generated: 609029 / 800000
generated: 609071 / 800000
generated: 609104 / 800000
generated: 609158 / 800000
generated: 609200 / 800000
generated: 609247 / 800000
generated: 609296 / 800000
generated: 609347 / 800000
generated: 609395 / 800000
generated: 609441 / 800000
generated: 609482 / 800000
generated: 609532 / 800000
generated: 609584 / 800000
generated: 609636 / 800000
generated: 609687 / 800000
generated: 609727 / 800000
generated: 609759 / 800000
generated: 609807 / 800000
generated: 609861 / 800000
generated: 609896 / 800000
generated: 609945 / 800000
generated: 609989 / 800000
generated: 610025 / 800000
generated: 610065 / 800000
generated: 610114 / 800000
generated: 610151 / 800000
generated: 610200 / 800000
generated: 610231 / 800000
generated: 610267 / 800000
generated: 610306 / 800000
generated: 610352 / 800000
generated: 610388 / 800000
generated: 610449 / 800000
generated: 610494 / 800000
generated: 610540 / 800000
generated: 610588 / 800000
generated: 610622 / 800000
generated: 610672 / 800000
generated: 610715 / 800000
generated: 610763 / 800000
generated: 610814 / 800000
generated: 610861 / 800000
generated: 610900 / 800000
generated: 610944 / 800000
generated: 610982 / 800000
generated: 611027 / 800000
generated: 611069 / 800000
generated: 611110 / 800000
generated: 611149 / 800000
generated: 611187 / 800000
generated: 611235 / 800000
generated: 611283 / 800000
generated: 611322 / 800000
generated: 611370 / 800000
generated: 611414 / 800000
generated: 611464 / 800000
generated: 611510 / 800000
generated: 611562 / 800000
generated: 611609 / 800000
generated: 611656 / 800000
generated: 611700 / 800000
generated: 611733 / 800000
generated: 611767 / 800000
generated: 611806 / 800000
generated: 611848 / 800000
generated: 611905 / 800000
generated: 611953 / 800000
generated: 611993 / 800000
generated: 612033 / 800000
generated: 612080 / 800000
generated: 612135 / 800000
generated: 612171 / 800000
generated: 612227 / 800000
generated: 612268 / 800000
generated: 612305 / 800000
generated: 612345 / 800000
generated: 612395 / 800000
generated: 612427 / 800000
generated: 612456 / 800000
generated: 612499 / 800000
generated: 612536 / 800000
generated: 612578 / 800000
generated: 612619 / 800000
generated: 612659 / 800000
generated: 612712 / 800000
generated: 612759 / 800000
generated: 612795 / 800000
generated: 612847 / 800000
generated: 612886 / 800000
generated: 612926 / 800000
generated: 612969 / 800000
generated: 613009 / 800000
generated: 613048 / 800000
generated: 613086 / 800000
generated: 613127 / 800000
generated: 613185 / 800000
generated: 613225 / 800000
generated: 613269 / 800000
generated: 613316 / 800000
generated: 613361 / 800000
generated: 613416 / 800000
generated: 613460 / 800000
generated: 613503 / 800000
generated: 613549 / 800000
generated: 613582 / 800000
generated: 613624 / 800000
generated: 613675 / 800000
generated: 613720 / 800000
generated: 613770 / 800000
generated: 613807 / 800000
generated: 613854 / 800000
generated: 613892 / 800000
generated: 613934 / 800000
generated: 613964 / 800000
generated: 614007 / 800000
generated: 614057 / 800000
generated: 614105 / 800000
generated: 614128 / 800000
generated: 614171 / 800000
generated: 614221 / 800000
generated: 614265 / 800000
generated: 614313 / 800000
generated: 614363 / 800000
generated: 614408 / 800000
generated: 614451 / 800000
generated: 614502 / 800000
generated: 614537 / 800000
generated: 614580 / 800000
generated: 614630 / 800000
generated: 614668 / 800000
generated: 614709 / 800000
generated: 614754 / 800000
generated: 614795 / 800000
generated: 614837 / 800000
generated: 614884 / 800000
generated: 614938 / 800000
generated: 614978 / 800000
generated: 615017 / 800000
generated: 615053 / 800000
generated: 615103 / 800000
generated: 615140 / 800000
generated: 615193 / 800000
generated: 615243 / 800000
generated: 615284 / 800000
generated: 615319 / 800000
generated: 615357 / 800000
generated: 615407 / 800000
generated: 615453 / 800000
generated: 615500 / 800000
generated: 615547 / 800000
generated: 615594 / 800000
generated: 615649 / 800000
generated: 615695 / 800000
generated: 615738 / 800000
generated: 615780 / 800000
generated: 615827 / 800000
generated: 615873 / 800000
generated: 615914 / 800000
generated: 615960 / 800000
generated: 616004 / 800000
generated: 616046 / 800000
generated: 616084 / 800000
generated: 616132 / 800000
generated: 616173 / 800000
generated: 616220 / 800000
generated: 616268 / 800000
generated: 616302 / 800000
generated: 616350 / 800000
generated: 616392 / 800000
generated: 616432 / 800000
generated: 616477 / 800000
generated: 616535 / 800000
generated: 616568 / 800000
generated: 616618 / 800000
generated: 616655 / 800000
generated: 616702 / 800000
generated: 616732 / 800000
generated: 616767 / 800000
generated: 616822 / 800000
generated: 616877 / 800000
generated: 616921 / 800000
generated: 616968 / 800000
generated: 617016 / 800000
generated: 617051 / 800000
generated: 617097 / 800000
generated: 617145 / 800000
generated: 617195 / 800000
generated: 617243 / 800000
generated: 617282 / 800000
generated: 617314 / 800000
generated: 617363 / 800000
generated: 617403 / 800000
generated: 617447 / 800000
generated: 617485 / 800000
generated: 617523 / 800000
generated: 617563 / 800000
generated: 617621 / 800000
generated: 617674 / 800000
generated: 617719 / 800000
generated: 617759 / 800000
generated: 617805 / 800000
generated: 617856 / 800000
generated: 617899 / 800000
generated: 617949 / 800000
generated: 617995 / 800000
generated: 618040 / 800000
generated: 618093 / 800000
generated: 618131 / 800000
generated: 618182 / 800000
generated: 618226 / 800000
generated: 618269 / 800000
generated: 618307 / 800000
generated: 618351 / 800000
generated: 618391 / 800000
generated: 618440 / 800000
generated: 618483 / 800000
generated: 618532 / 800000
generated: 618579 / 800000
generated: 618615 / 800000
generated: 618654 / 800000
generated: 618696 / 800000
generated: 618754 / 800000
generated: 618798 / 800000
generated: 618850 / 800000
generated: 618895 / 800000
generated: 618945 / 800000
generated: 618993 / 800000
generated: 619033 / 800000
generated: 619073 / 800000
generated: 619116 / 800000
generated: 619159 / 800000
generated: 619203 / 800000
generated: 619252 / 800000
generated: 619302 / 800000
generated: 619345 / 800000
generated: 619377 / 800000
generated: 619422 / 800000
generated: 619473 / 800000
generated: 619519 / 800000
generated: 619554 / 800000
generated: 619588 / 800000
generated: 619622 / 800000
generated: 619669 / 800000
generated: 619714 / 800000
generated: 619766 / 800000
generated: 619812 / 800000
generated: 619849 / 800000
generated: 619893 / 800000
generated: 619934 / 800000
generated: 619985 / 800000
generated: 620033 / 800000
generated: 620085 / 800000
generated: 620126 / 800000
generated: 620167 / 800000
generated: 620213 / 800000
generated: 620258 / 800000
generated: 620304 / 800000
generated: 620352 / 800000
generated: 620400 / 800000
generated: 620449 / 800000
generated: 620489 / 800000
generated: 620550 / 800000
generated: 620603 / 800000
generated: 620639 / 800000
generated: 620689 / 800000
generated: 620723 / 800000
generated: 620772 / 800000
generated: 620827 / 800000
generated: 620880 / 800000
generated: 620929 / 800000
generated: 620973 / 800000
generated: 621016 / 800000
generated: 621050 / 800000
generated: 621095 / 800000
generated: 621138 / 800000
generated: 621174 / 800000
generated: 621218 / 800000
generated: 621261 / 800000
generated: 621304 / 800000
generated: 621339 / 800000
generated: 621377 / 800000
generated: 621421 / 800000
generated: 621461 / 800000
generated: 621509 / 800000
generated: 621545 / 800000
generated: 621588 / 800000
generated: 621635 / 800000
generated: 621684 / 800000
generated: 621738 / 800000
generated: 621781 / 800000
generated: 621827 / 800000
generated: 621875 / 800000
generated: 621926 / 800000
generated: 621969 / 800000
generated: 622014 / 800000
generated: 622056 / 800000
generated: 622107 / 800000
generated: 622163 / 800000
generated: 622195 / 800000
generated: 622236 / 800000
generated: 622285 / 800000
generated: 622321 / 800000
generated: 622376 / 800000
generated: 622417 / 800000
generated: 622464 / 800000
generated: 622518 / 800000
generated: 622572 / 800000
generated: 622615 / 800000
generated: 622664 / 800000
generated: 622719 / 800000
generated: 622768 / 800000
generated: 622809 / 800000
generated: 622846 / 800000
generated: 622890 / 800000
generated: 622937 / 800000
generated: 622988 / 800000
generated: 623041 / 800000
generated: 623086 / 800000
generated: 623144 / 800000
generated: 623184 / 800000
generated: 623222 / 800000
generated: 623273 / 800000
generated: 623311 / 800000
generated: 623350 / 800000
generated: 623390 / 800000
generated: 623431 / 800000
generated: 623481 / 800000
generated: 623527 / 800000
generated: 623566 / 800000
generated: 623615 / 800000
generated: 623667 / 800000
generated: 623706 / 800000
generated: 623752 / 800000
generated: 623800 / 800000
generated: 623839 / 800000
generated: 623885 / 800000
generated: 623921 / 800000
generated: 623965 / 800000
generated: 624022 / 800000
generated: 624078 / 800000
generated: 624124 / 800000
generated: 624170 / 800000
generated: 624220 / 800000
generated: 624262 / 800000
generated: 624302 / 800000
generated: 624349 / 800000
generated: 624400 / 800000
generated: 624446 / 800000
generated: 624499 / 800000
generated: 624562 / 800000
generated: 624604 / 800000
generated: 624650 / 800000
generated: 624694 / 800000
generated: 624728 / 800000
generated: 624772 / 800000
generated: 624822 / 800000
generated: 624869 / 800000
generated: 624909 / 800000
generated: 624952 / 800000
generated: 624985 / 800000
generated: 625027 / 800000
generated: 625070 / 800000
generated: 625123 / 800000
generated: 625160 / 800000
generated: 625207 / 800000
generated: 625250 / 800000
generated: 625296 / 800000
generated: 625349 / 800000
generated: 625393 / 800000
generated: 625440 / 800000
generated: 625481 / 800000
generated: 625521 / 800000
generated: 625565 / 800000
generated: 625611 / 800000
generated: 625644 / 800000
generated: 625676 / 800000
generated: 625717 / 800000
generated: 625763 / 800000
generated: 625808 / 800000
generated: 625859 / 800000
generated: 625911 / 800000
generated: 625954 / 800000
generated: 625998 / 800000
generated: 626039 / 800000
generated: 626087 / 800000
generated: 626133 / 800000
generated: 626173 / 800000
generated: 626217 / 800000
generated: 626261 / 800000
generated: 626299 / 800000
generated: 626331 / 800000
generated: 626373 / 800000
generated: 626415 / 800000
generated: 626455 / 800000
generated: 626495 / 800000
generated: 626541 / 800000
generated: 626589 / 800000
generated: 626640 / 800000
generated: 626690 / 800000
generated: 626726 / 800000
generated: 626776 / 800000
generated: 626832 / 800000
generated: 626877 / 800000
generated: 626917 / 800000
generated: 626957 / 800000
generated: 626999 / 800000
generated: 627041 / 800000
generated: 627091 / 800000
generated: 627134 / 800000
generated: 627175 / 800000
generated: 627216 / 800000
generated: 627266 / 800000
generated: 627320 / 800000
generated: 627361 / 800000
generated: 627399 / 800000
generated: 627443 / 800000
generated: 627490 / 800000
generated: 627530 / 800000
generated: 627571 / 800000
generated: 627622 / 800000
generated: 627664 / 800000
generated: 627704 / 800000
generated: 627736 / 800000
generated: 627785 / 800000
generated: 627826 / 800000
generated: 627868 / 800000
generated: 627922 / 800000
generated: 627971 / 800000
generated: 628016 / 800000
generated: 628064 / 800000
generated: 628120 / 800000
generated: 628163 / 800000
generated: 628208 / 800000
generated: 628266 / 800000
generated: 628306 / 800000
generated: 628349 / 800000
generated: 628392 / 800000
generated: 628444 / 800000
generated: 628487 / 800000
generated: 628539 / 800000
generated: 628601 / 800000
generated: 628649 / 800000
generated: 628704 / 800000
generated: 628742 / 800000
generated: 628787 / 800000
generated: 628838 / 800000
generated: 628890 / 800000
generated: 628937 / 800000
generated: 628977 / 800000
generated: 629022 / 800000
generated: 629067 / 800000
generated: 629117 / 800000
generated: 629149 / 800000
generated: 629193 / 800000
generated: 629236 / 800000
generated: 629280 / 800000
generated: 629335 / 800000
generated: 629384 / 800000
generated: 629428 / 800000
generated: 629467 / 800000
generated: 629508 / 800000
generated: 629548 / 800000
generated: 629613 / 800000
generated: 629649 / 800000
generated: 629694 / 800000
generated: 629724 / 800000
generated: 629752 / 800000
generated: 629800 / 800000
generated: 629847 / 800000
generated: 629902 / 800000
generated: 629943 / 800000
generated: 629988 / 800000
generated: 630019 / 800000
generated: 630069 / 800000
generated: 630116 / 800000
generated: 630163 / 800000
generated: 630213 / 800000
generated: 630259 / 800000
generated: 630303 / 800000
generated: 630347 / 800000
generated: 630396 / 800000
generated: 630433 / 800000
generated: 630463 / 800000
generated: 630509 / 800000
generated: 630548 / 800000
generated: 630591 / 800000
generated: 630631 / 800000
generated: 630679 / 800000
generated: 630715 / 800000
generated: 630752 / 800000
generated: 630792 / 800000
generated: 630833 / 800000
generated: 630881 / 800000
generated: 630936 / 800000
generated: 630979 / 800000
generated: 631030 / 800000
generated: 631068 / 800000
generated: 631123 / 800000
generated: 631174 / 800000
generated: 631220 / 800000
generated: 631278 / 800000
generated: 631331 / 800000
generated: 631370 / 800000
generated: 631411 / 800000
generated: 631469 / 800000
generated: 631511 / 800000
generated: 631538 / 800000
generated: 631589 / 800000
generated: 631639 / 800000
generated: 631688 / 800000
generated: 631733 / 800000
generated: 631782 / 800000
generated: 631822 / 800000
generated: 631874 / 800000
generated: 631915 / 800000
generated: 631953 / 800000
generated: 631994 / 800000
generated: 632035 / 800000
generated: 632080 / 800000
generated: 632130 / 800000
generated: 632176 / 800000
generated: 632225 / 800000
generated: 632267 / 800000
generated: 632316 / 800000
generated: 632365 / 800000
generated: 632411 / 800000
generated: 632459 / 800000
generated: 632502 / 800000
generated: 632553 / 800000
generated: 632585 / 800000
generated: 632628 / 800000
generated: 632673 / 800000
generated: 632712 / 800000
generated: 632749 / 800000
generated: 632798 / 800000
generated: 632857 / 800000
generated: 632891 / 800000
generated: 632935 / 800000
generated: 632986 / 800000
generated: 633045 / 800000
generated: 633099 / 800000
generated: 633139 / 800000
generated: 633175 / 800000
generated: 633230 / 800000
generated: 633278 / 800000
generated: 633326 / 800000
generated: 633361 / 800000
generated: 633411 / 800000
generated: 633451 / 800000
generated: 633497 / 800000
generated: 633539 / 800000
generated: 633592 / 800000
generated: 633635 / 800000
generated: 633673 / 800000
generated: 633720 / 800000
generated: 633762 / 800000
generated: 633807 / 800000
generated: 633861 / 800000
generated: 633902 / 800000
generated: 633944 / 800000
generated: 633986 / 800000
generated: 634029 / 800000
generated: 634075 / 800000
generated: 634121 / 800000
generated: 634171 / 800000
generated: 634218 / 800000
generated: 634263 / 800000
generated: 634308 / 800000
generated: 634349 / 800000
generated: 634387 / 800000
generated: 634439 / 800000
generated: 634483 / 800000
generated: 634523 / 800000
generated: 634568 / 800000
generated: 634609 / 800000
generated: 634661 / 800000
generated: 634695 / 800000
generated: 634744 / 800000
generated: 634783 / 800000
generated: 634843 / 800000
generated: 634889 / 800000
generated: 634940 / 800000
generated: 634995 / 800000
generated: 635037 / 800000
generated: 635088 / 800000
generated: 635128 / 800000
generated: 635178 / 800000
generated: 635230 / 800000
generated: 635275 / 800000
generated: 635322 / 800000
generated: 635360 / 800000
generated: 635400 / 800000
generated: 635443 / 800000
generated: 635485 / 800000
generated: 635536 / 800000
generated: 635579 / 800000
generated: 635619 / 800000
generated: 635663 / 800000
generated: 635705 / 800000
generated: 635755 / 800000
generated: 635795 / 800000
generated: 635842 / 800000
generated: 635881 / 800000
generated: 635918 / 800000
generated: 635958 / 800000
generated: 636008 / 800000
generated: 636055 / 800000
generated: 636101 / 800000
generated: 636155 / 800000
generated: 636208 / 800000
generated: 636257 / 800000
generated: 636306 / 800000
generated: 636350 / 800000
generated: 636399 / 800000
generated: 636444 / 800000
generated: 636480 / 800000
generated: 636529 / 800000
generated: 636573 / 800000
generated: 636620 / 800000
generated: 636670 / 800000
generated: 636713 / 800000
generated: 636747 / 800000
generated: 636788 / 800000
generated: 636831 / 800000
generated: 636872 / 800000
generated: 636911 / 800000
generated: 636951 / 800000
generated: 636995 / 800000
generated: 637035 / 800000
generated: 637085 / 800000
generated: 637122 / 800000
generated: 637167 / 800000
generated: 637210 / 800000
generated: 637256 / 800000
generated: 637308 / 800000
generated: 637359 / 800000
generated: 637398 / 800000
generated: 637438 / 800000
generated: 637487 / 800000
generated: 637524 / 800000
generated: 637578 / 800000
generated: 637635 / 800000
generated: 637678 / 800000
generated: 637727 / 800000
generated: 637771 / 800000
generated: 637819 / 800000
generated: 637857 / 800000
generated: 637912 / 800000
generated: 637970 / 800000
generated: 638012 / 800000
generated: 638067 / 800000
generated: 638116 / 800000
generated: 638161 / 800000
generated: 638207 / 800000
generated: 638257 / 800000
generated: 638312 / 800000
generated: 638351 / 800000
generated: 638395 / 800000
generated: 638433 / 800000
generated: 638485 / 800000
generated: 638527 / 800000
generated: 638576 / 800000
generated: 638612 / 800000
generated: 638665 / 800000
generated: 638712 / 800000
generated: 638757 / 800000
generated: 638797 / 800000
generated: 638829 / 800000
generated: 638868 / 800000
generated: 638911 / 800000
generated: 638961 / 800000
generated: 639012 / 800000
generated: 639056 / 800000
generated: 639102 / 800000
generated: 639156 / 800000
generated: 639195 / 800000
generated: 639245 / 800000
generated: 639297 / 800000
generated: 639339 / 800000
generated: 639388 / 800000
generated: 639430 / 800000
generated: 639472 / 800000
generated: 639516 / 800000
generated: 639569 / 800000
generated: 639628 / 800000
generated: 639682 / 800000
generated: 639732 / 800000
generated: 639772 / 800000
generated: 639812 / 800000
generated: 639858 / 800000
generated: 639897 / 800000
generated: 639943 / 800000
generated: 639990 / 800000
generated: 640029 / 800000
generated: 640086 / 800000
generated: 640131 / 800000
generated: 640174 / 800000
generated: 640209 / 800000
generated: 640261 / 800000
generated: 640289 / 800000
generated: 640336 / 800000
generated: 640376 / 800000
generated: 640419 / 800000
generated: 640472 / 800000
generated: 640520 / 800000
generated: 640582 / 800000
generated: 640623 / 800000
generated: 640670 / 800000
generated: 640715 / 800000
generated: 640755 / 800000
generated: 640798 / 800000
generated: 640843 / 800000
generated: 640900 / 800000
generated: 640937 / 800000
generated: 640987 / 800000
generated: 641027 / 800000
generated: 641081 / 800000
generated: 641115 / 800000
generated: 641155 / 800000
generated: 641196 / 800000
generated: 641236 / 800000
generated: 641282 / 800000
generated: 641313 / 800000
generated: 641349 / 800000
generated: 641401 / 800000
generated: 641447 / 800000
generated: 641483 / 800000
generated: 641533 / 800000
generated: 641577 / 800000
generated: 641630 / 800000
generated: 641679 / 800000
generated: 641736 / 800000
generated: 641778 / 800000
generated: 641823 / 800000
generated: 641876 / 800000
generated: 641927 / 800000
generated: 641984 / 800000
generated: 642021 / 800000
generated: 642064 / 800000
generated: 642111 / 800000
generated: 642151 / 800000
generated: 642203 / 800000
generated: 642243 / 800000
generated: 642288 / 800000
generated: 642340 / 800000
generated: 642393 / 800000
generated: 642442 / 800000
generated: 642486 / 800000
generated: 642520 / 800000
generated: 642559 / 800000
generated: 642593 / 800000
generated: 642629 / 800000
generated: 642666 / 800000
generated: 642731 / 800000
generated: 642773 / 800000
generated: 642810 / 800000
generated: 642852 / 800000
generated: 642896 / 800000
generated: 642944 / 800000
generated: 642986 / 800000
generated: 643035 / 800000
generated: 643076 / 800000
generated: 643130 / 800000
generated: 643170 / 800000
generated: 643214 / 800000
generated: 643262 / 800000
generated: 643303 / 800000
generated: 643353 / 800000
generated: 643401 / 800000
generated: 643455 / 800000
generated: 643502 / 800000
generated: 643540 / 800000
generated: 643589 / 800000
generated: 643628 / 800000
generated: 643682 / 800000
generated: 643729 / 800000
generated: 643776 / 800000
generated: 643820 / 800000
generated: 643854 / 800000
generated: 643906 / 800000
generated: 643936 / 800000
generated: 643987 / 800000
generated: 644041 / 800000
generated: 644094 / 800000
generated: 644147 / 800000
generated: 644182 / 800000
generated: 644222 / 800000
generated: 644262 / 800000
generated: 644321 / 800000
generated: 644381 / 800000
generated: 644433 / 800000
generated: 644486 / 800000
generated: 644533 / 800000
generated: 644587 / 800000
generated: 644622 / 800000
generated: 644664 / 800000
generated: 644705 / 800000
generated: 644740 / 800000
generated: 644784 / 800000
generated: 644819 / 800000
generated: 644858 / 800000
generated: 644904 / 800000
generated: 644948 / 800000
generated: 644992 / 800000
generated: 645038 / 800000
generated: 645081 / 800000
generated: 645121 / 800000
generated: 645168 / 800000
generated: 645204 / 800000
generated: 645238 / 800000
generated: 645279 / 800000
generated: 645325 / 800000
generated: 645373 / 800000
generated: 645420 / 800000
generated: 645470 / 800000
generated: 645511 / 800000
generated: 645554 / 800000
generated: 645601 / 800000
generated: 645651 / 800000
generated: 645687 / 800000
generated: 645735 / 800000
generated: 645769 / 800000
generated: 645812 / 800000
generated: 645847 / 800000
generated: 645898 / 800000
generated: 645939 / 800000
generated: 645988 / 800000
generated: 646035 / 800000
generated: 646076 / 800000
generated: 646121 / 800000
generated: 646178 / 800000
generated: 646239 / 800000
generated: 646288 / 800000
generated: 646335 / 800000
generated: 646381 / 800000
generated: 646431 / 800000
generated: 646478 / 800000
generated: 646524 / 800000
generated: 646575 / 800000
generated: 646624 / 800000
generated: 646667 / 800000
generated: 646715 / 800000
generated: 646760 / 800000
generated: 646799 / 800000
generated: 646838 / 800000
generated: 646885 / 800000
generated: 646928 / 800000
generated: 646967 / 800000
generated: 647008 / 800000
generated: 647049 / 800000
generated: 647089 / 800000
generated: 647125 / 800000
generated: 647172 / 800000
generated: 647231 / 800000
generated: 647276 / 800000
generated: 647319 / 800000
generated: 647362 / 800000
generated: 647411 / 800000
generated: 647443 / 800000
generated: 647489 / 800000
generated: 647533 / 800000
generated: 647579 / 800000
generated: 647633 / 800000
generated: 647687 / 800000
generated: 647727 / 800000
generated: 647775 / 800000
generated: 647816 / 800000
generated: 647859 / 800000
generated: 647909 / 800000
generated: 647951 / 800000
generated: 647996 / 800000
generated: 648032 / 800000
generated: 648071 / 800000
generated: 648114 / 800000
generated: 648183 / 800000
generated: 648229 / 800000
generated: 648278 / 800000
generated: 648327 / 800000
generated: 648373 / 800000
generated: 648416 / 800000
generated: 648458 / 800000
generated: 648508 / 800000
generated: 648560 / 800000
generated: 648598 / 800000
generated: 648635 / 800000
generated: 648667 / 800000
generated: 648713 / 800000
generated: 648759 / 800000
generated: 648797 / 800000
generated: 648853 / 800000
generated: 648897 / 800000
generated: 648942 / 800000
generated: 648977 / 800000
generated: 649034 / 800000
generated: 649066 / 800000
generated: 649104 / 800000
generated: 649163 / 800000
generated: 649204 / 800000
generated: 649253 / 800000
generated: 649289 / 800000
generated: 649349 / 800000
generated: 649399 / 800000
generated: 649438 / 800000
generated: 649478 / 800000
generated: 649517 / 800000
generated: 649563 / 800000
generated: 649612 / 800000
generated: 649670 / 800000
generated: 649716 / 800000
generated: 649748 / 800000
generated: 649801 / 800000
generated: 649844 / 800000
generated: 649891 / 800000
generated: 649926 / 800000
generated: 649971 / 800000
generated: 650022 / 800000
generated: 650056 / 800000
generated: 650088 / 800000
generated: 650129 / 800000
generated: 650167 / 800000
generated: 650201 / 800000
generated: 650250 / 800000
generated: 650296 / 800000
generated: 650345 / 800000
generated: 650383 / 800000
generated: 650430 / 800000
generated: 650472 / 800000
generated: 650525 / 800000
generated: 650567 / 800000
generated: 650613 / 800000
generated: 650665 / 800000
generated: 650710 / 800000
generated: 650745 / 800000
generated: 650783 / 800000
generated: 650830 / 800000
generated: 650871 / 800000
generated: 650918 / 800000
generated: 650948 / 800000
generated: 650990 / 800000
generated: 651045 / 800000
generated: 651095 / 800000
generated: 651148 / 800000
generated: 651191 / 800000
generated: 651235 / 800000
generated: 651276 / 800000
generated: 651310 / 800000
generated: 651367 / 800000
generated: 651407 / 800000
generated: 651453 / 800000
generated: 651506 / 800000
generated: 651553 / 800000
generated: 651596 / 800000
generated: 651637 / 800000
generated: 651683 / 800000
generated: 651722 / 800000
generated: 651764 / 800000
generated: 651804 / 800000
generated: 651839 / 800000
generated: 651885 / 800000
generated: 651925 / 800000
generated: 651979 / 800000
generated: 652032 / 800000
generated: 652075 / 800000
generated: 652110 / 800000
generated: 652153 / 800000
generated: 652201 / 800000
generated: 652249 / 800000
generated: 652290 / 800000
generated: 652346 / 800000
generated: 652395 / 800000
generated: 652440 / 800000
generated: 652496 / 800000
generated: 652529 / 800000
generated: 652578 / 800000
generated: 652627 / 800000
generated: 652666 / 800000
generated: 652705 / 800000
generated: 652749 / 800000
generated: 652780 / 800000
generated: 652820 / 800000
generated: 652867 / 800000
generated: 652906 / 800000
generated: 652952 / 800000
generated: 652993 / 800000
generated: 653040 / 800000
generated: 653083 / 800000
generated: 653127 / 800000
generated: 653173 / 800000
generated: 653211 / 800000
generated: 653251 / 800000
generated: 653292 / 800000
generated: 653339 / 800000
generated: 653386 / 800000
generated: 653422 / 800000
generated: 653477 / 800000
generated: 653513 / 800000
generated: 653556 / 800000
generated: 653599 / 800000
generated: 653640 / 800000
generated: 653676 / 800000
generated: 653723 / 800000
generated: 653778 / 800000
generated: 653822 / 800000
generated: 653870 / 800000
generated: 653919 / 800000
generated: 653967 / 800000
generated: 654017 / 800000
generated: 654069 / 800000
generated: 654105 / 800000
generated: 654149 / 800000
generated: 654186 / 800000
generated: 654233 / 800000
generated: 654275 / 800000
generated: 654321 / 800000
generated: 654361 / 800000
generated: 654421 / 800000
generated: 654468 / 800000
generated: 654509 / 800000
generated: 654551 / 800000
generated: 654609 / 800000
generated: 654650 / 800000
generated: 654694 / 800000
generated: 654743 / 800000
generated: 654801 / 800000
generated: 654859 / 800000
generated: 654909 / 800000
generated: 654959 / 800000
generated: 655015 / 800000
generated: 655059 / 800000
generated: 655111 / 800000
generated: 655145 / 800000
generated: 655187 / 800000
generated: 655220 / 800000
generated: 655257 / 800000
generated: 655292 / 800000
generated: 655351 / 800000
generated: 655397 / 800000
generated: 655438 / 800000
generated: 655480 / 800000
generated: 655523 / 800000
generated: 655563 / 800000
generated: 655612 / 800000
generated: 655646 / 800000
generated: 655682 / 800000
generated: 655731 / 800000
generated: 655776 / 800000
generated: 655824 / 800000
generated: 655868 / 800000
generated: 655917 / 800000
generated: 655958 / 800000
generated: 655999 / 800000
generated: 656035 / 800000
generated: 656069 / 800000
generated: 656116 / 800000
generated: 656164 / 800000
generated: 656204 / 800000
generated: 656259 / 800000
generated: 656306 / 800000
generated: 656366 / 800000
generated: 656416 / 800000
generated: 656463 / 800000
generated: 656510 / 800000
generated: 656552 / 800000
generated: 656599 / 800000
generated: 656648 / 800000
generated: 656692 / 800000
generated: 656719 / 800000
generated: 656766 / 800000
generated: 656809 / 800000
generated: 656860 / 800000
generated: 656910 / 800000
generated: 656952 / 800000
generated: 656993 / 800000
generated: 657041 / 800000
generated: 657087 / 800000
generated: 657131 / 800000
generated: 657177 / 800000
generated: 657226 / 800000
generated: 657274 / 800000
generated: 657317 / 800000
generated: 657367 / 800000
generated: 657405 / 800000
generated: 657448 / 800000
generated: 657505 / 800000
generated: 657549 / 800000
generated: 657594 / 800000
generated: 657644 / 800000
generated: 657686 / 800000
generated: 657726 / 800000
generated: 657763 / 800000
generated: 657804 / 800000
generated: 657835 / 800000
generated: 657885 / 800000
generated: 657932 / 800000
generated: 657976 / 800000
generated: 658011 / 800000
generated: 658069 / 800000
generated: 658119 / 800000
generated: 658163 / 800000
generated: 658202 / 800000
generated: 658246 / 800000
generated: 658292 / 800000
generated: 658321 / 800000
generated: 658360 / 800000
generated: 658408 / 800000
generated: 658450 / 800000
generated: 658491 / 800000
generated: 658538 / 800000
generated: 658580 / 800000
generated: 658625 / 800000
generated: 658675 / 800000
generated: 658732 / 800000
generated: 658790 / 800000
generated: 658837 / 800000
generated: 658895 / 800000
generated: 658950 / 800000
generated: 658993 / 800000
generated: 659034 / 800000
generated: 659074 / 800000
generated: 659122 / 800000
generated: 659156 / 800000
generated: 659200 / 800000
generated: 659247 / 800000
generated: 659301 / 800000
generated: 659346 / 800000
generated: 659395 / 800000
generated: 659449 / 800000
generated: 659488 / 800000
generated: 659544 / 800000
generated: 659595 / 800000
generated: 659648 / 800000
generated: 659696 / 800000
generated: 659732 / 800000
generated: 659770 / 800000
generated: 659826 / 800000
generated: 659860 / 800000
generated: 659894 / 800000
generated: 659948 / 800000
generated: 659994 / 800000
generated: 660033 / 800000
generated: 660068 / 800000
generated: 660114 / 800000
generated: 660154 / 800000
generated: 660195 / 800000
generated: 660235 / 800000
generated: 660278 / 800000
generated: 660329 / 800000
generated: 660365 / 800000
generated: 660421 / 800000
generated: 660467 / 800000
generated: 660517 / 800000
generated: 660567 / 800000
generated: 660619 / 800000
generated: 660659 / 800000
generated: 660706 / 800000
generated: 660747 / 800000
generated: 660801 / 800000
generated: 660843 / 800000
generated: 660887 / 800000
generated: 660925 / 800000
generated: 660965 / 800000
generated: 661016 / 800000
generated: 661071 / 800000
generated: 661113 / 800000
generated: 661152 / 800000
generated: 661197 / 800000
generated: 661251 / 800000
generated: 661293 / 800000
generated: 661331 / 800000
generated: 661380 / 800000
generated: 661421 / 800000
generated: 661454 / 800000
generated: 661496 / 800000
generated: 661539 / 800000
generated: 661584 / 800000
generated: 661624 / 800000
generated: 661665 / 800000
generated: 661716 / 800000
generated: 661752 / 800000
generated: 661807 / 800000
generated: 661840 / 800000
generated: 661899 / 800000
generated: 661949 / 800000
generated: 661990 / 800000
generated: 662048 / 800000
generated: 662086 / 800000
generated: 662122 / 800000
generated: 662167 / 800000
generated: 662207 / 800000
generated: 662249 / 800000
generated: 662282 / 800000
generated: 662329 / 800000
generated: 662370 / 800000
generated: 662407 / 800000
generated: 662452 / 800000
generated: 662497 / 800000
generated: 662551 / 800000
generated: 662594 / 800000
generated: 662648 / 800000
generated: 662695 / 800000
generated: 662747 / 800000
generated: 662790 / 800000
generated: 662837 / 800000
generated: 662877 / 800000
generated: 662924 / 800000
generated: 662986 / 800000
generated: 663036 / 800000
generated: 663081 / 800000
generated: 663116 / 800000
generated: 663160 / 800000
generated: 663203 / 800000
generated: 663249 / 800000
generated: 663296 / 800000
generated: 663341 / 800000
generated: 663383 / 800000
generated: 663427 / 800000
generated: 663479 / 800000
generated: 663521 / 800000
generated: 663569 / 800000
generated: 663608 / 800000
generated: 663655 / 800000
generated: 663708 / 800000
generated: 663758 / 800000
generated: 663806 / 800000
generated: 663853 / 800000
generated: 663885 / 800000
generated: 663927 / 800000
generated: 663976 / 800000
generated: 664023 / 800000
generated: 664066 / 800000
generated: 664111 / 800000
generated: 664158 / 800000
generated: 664203 / 800000
generated: 664244 / 800000
generated: 664286 / 800000
generated: 664341 / 800000
generated: 664389 / 800000
generated: 664442 / 800000
generated: 664485 / 800000
generated: 664533 / 800000
generated: 664589 / 800000
generated: 664644 / 800000
generated: 664690 / 800000
generated: 664728 / 800000
generated: 664778 / 800000
generated: 664835 / 800000
generated: 664880 / 800000
generated: 664937 / 800000
generated: 664973 / 800000
generated: 665021 / 800000
generated: 665059 / 800000
generated: 665101 / 800000
generated: 665155 / 800000
generated: 665207 / 800000
generated: 665244 / 800000
generated: 665293 / 800000
generated: 665338 / 800000
generated: 665393 / 800000
generated: 665432 / 800000
generated: 665478 / 800000
generated: 665518 / 800000
generated: 665565 / 800000
generated: 665602 / 800000
generated: 665648 / 800000
generated: 665692 / 800000
generated: 665742 / 800000
generated: 665782 / 800000
generated: 665828 / 800000
generated: 665878 / 800000
generated: 665934 / 800000
generated: 665975 / 800000
generated: 666006 / 800000
generated: 666046 / 800000
generated: 666095 / 800000
generated: 666146 / 800000
generated: 666187 / 800000
generated: 666238 / 800000
generated: 666281 / 800000
generated: 666326 / 800000
generated: 666364 / 800000
generated: 666405 / 800000
generated: 666452 / 800000
generated: 666496 / 800000
generated: 666530 / 800000
generated: 666581 / 800000
generated: 666632 / 800000
generated: 666671 / 800000
generated: 666708 / 800000
generated: 666754 / 800000
generated: 666800 / 800000
generated: 666843 / 800000
generated: 666896 / 800000
generated: 666935 / 800000
generated: 666973 / 800000
generated: 667016 / 800000
generated: 667065 / 800000
generated: 667107 / 800000
generated: 667146 / 800000
generated: 667194 / 800000
generated: 667247 / 800000
generated: 667297 / 800000
generated: 667335 / 800000
generated: 667378 / 800000
generated: 667425 / 800000
generated: 667473 / 800000
generated: 667519 / 800000
generated: 667563 / 800000
generated: 667613 / 800000
generated: 667665 / 800000
generated: 667710 / 800000
generated: 667753 / 800000
generated: 667805 / 800000
generated: 667859 / 800000
generated: 667905 / 800000
generated: 667953 / 800000
generated: 667987 / 800000
generated: 668022 / 800000
generated: 668066 / 800000
generated: 668115 / 800000
generated: 668163 / 800000
generated: 668210 / 800000
generated: 668262 / 800000
generated: 668304 / 800000
generated: 668351 / 800000
generated: 668410 / 800000
generated: 668458 / 800000
generated: 668503 / 800000
generated: 668559 / 800000
generated: 668603 / 800000
generated: 668665 / 800000
generated: 668699 / 800000
generated: 668745 / 800000
generated: 668787 / 800000
generated: 668831 / 800000
generated: 668887 / 800000
generated: 668937 / 800000
generated: 668984 / 800000
generated: 669035 / 800000
generated: 669084 / 800000
generated: 669129 / 800000
generated: 669170 / 800000
generated: 669208 / 800000
generated: 669251 / 800000
generated: 669303 / 800000
generated: 669345 / 800000
generated: 669398 / 800000
generated: 669446 / 800000
generated: 669489 / 800000
generated: 669529 / 800000
generated: 669568 / 800000
generated: 669612 / 800000
generated: 669651 / 800000
generated: 669688 / 800000
generated: 669724 / 800000
generated: 669771 / 800000
generated: 669815 / 800000
generated: 669872 / 800000
generated: 669901 / 800000
generated: 669947 / 800000
generated: 669987 / 800000
generated: 670041 / 800000
generated: 670086 / 800000
generated: 670128 / 800000
generated: 670174 / 800000
generated: 670223 / 800000
generated: 670264 / 800000
generated: 670318 / 800000
generated: 670367 / 800000
generated: 670414 / 800000
generated: 670454 / 800000
generated: 670496 / 800000
generated: 670537 / 800000
generated: 670575 / 800000
generated: 670617 / 800000
generated: 670671 / 800000
generated: 670721 / 800000
generated: 670776 / 800000
generated: 670819 / 800000
generated: 670870 / 800000
generated: 670903 / 800000
generated: 670942 / 800000
generated: 671001 / 800000
generated: 671050 / 800000
generated: 671099 / 800000
generated: 671133 / 800000
generated: 671186 / 800000
generated: 671234 / 800000
generated: 671274 / 800000
generated: 671309 / 800000
generated: 671364 / 800000
generated: 671407 / 800000
generated: 671455 / 800000
generated: 671502 / 800000
generated: 671557 / 800000
generated: 671596 / 800000
generated: 671635 / 800000
generated: 671676 / 800000
generated: 671721 / 800000
generated: 671776 / 800000
generated: 671822 / 800000
generated: 671873 / 800000
generated: 671915 / 800000
generated: 671954 / 800000
generated: 671987 / 800000
generated: 672027 / 800000
generated: 672071 / 800000
generated: 672110 / 800000
generated: 672152 / 800000
generated: 672190 / 800000
generated: 672243 / 800000
generated: 672301 / 800000
generated: 672351 / 800000
generated: 672390 / 800000
generated: 672436 / 800000
generated: 672476 / 800000
generated: 672530 / 800000
generated: 672577 / 800000
generated: 672631 / 800000
generated: 672688 / 800000
generated: 672732 / 800000
generated: 672783 / 800000
generated: 672821 / 800000
generated: 672859 / 800000
generated: 672898 / 800000
generated: 672948 / 800000
generated: 672991 / 800000
generated: 673044 / 800000
generated: 673085 / 800000
generated: 673121 / 800000
generated: 673166 / 800000
generated: 673213 / 800000
generated: 673251 / 800000
generated: 673298 / 800000
generated: 673348 / 800000
generated: 673389 / 800000
generated: 673433 / 800000
generated: 673475 / 800000
generated: 673528 / 800000
generated: 673571 / 800000
generated: 673605 / 800000
generated: 673639 / 800000
generated: 673691 / 800000
generated: 673734 / 800000
generated: 673778 / 800000
generated: 673814 / 800000
generated: 673863 / 800000
generated: 673913 / 800000
generated: 673968 / 800000
generated: 674015 / 800000
generated: 674053 / 800000
generated: 674100 / 800000
generated: 674149 / 800000
generated: 674198 / 800000
generated: 674241 / 800000
generated: 674297 / 800000
generated: 674348 / 800000
generated: 674387 / 800000
generated: 674422 / 800000
generated: 674462 / 800000
generated: 674513 / 800000
generated: 674548 / 800000
generated: 674590 / 800000
generated: 674630 / 800000
generated: 674673 / 800000
generated: 674728 / 800000
generated: 674768 / 800000
generated: 674809 / 800000
generated: 674850 / 800000
generated: 674899 / 800000
generated: 674951 / 800000
generated: 675000 / 800000
generated: 675043 / 800000
generated: 675078 / 800000
generated: 675126 / 800000
generated: 675171 / 800000
generated: 675202 / 800000
generated: 675252 / 800000
generated: 675293 / 800000
generated: 675335 / 800000
generated: 675385 / 800000
generated: 675427 / 800000
generated: 675474 / 800000
generated: 675520 / 800000
generated: 675564 / 800000
generated: 675608 / 800000
generated: 675643 / 800000
generated: 675691 / 800000
generated: 675735 / 800000
generated: 675781 / 800000
generated: 675835 / 800000
generated: 675879 / 800000
generated: 675921 / 800000
generated: 675979 / 800000
generated: 676022 / 800000
generated: 676070 / 800000
generated: 676122 / 800000
generated: 676181 / 800000
generated: 676221 / 800000
generated: 676270 / 800000
generated: 676319 / 800000
generated: 676376 / 800000
generated: 676428 / 800000
generated: 676483 / 800000
generated: 676533 / 800000
generated: 676579 / 800000
generated: 676621 / 800000
generated: 676675 / 800000
generated: 676716 / 800000
generated: 676753 / 800000
generated: 676797 / 800000
generated: 676840 / 800000
generated: 676880 / 800000
generated: 676935 / 800000
generated: 676983 / 800000
generated: 677044 / 800000
generated: 677093 / 800000
generated: 677132 / 800000
generated: 677180 / 800000
generated: 677225 / 800000
generated: 677263 / 800000
generated: 677309 / 800000
generated: 677351 / 800000
generated: 677401 / 800000
generated: 677445 / 800000
generated: 677488 / 800000
generated: 677532 / 800000
generated: 677578 / 800000
generated: 677627 / 800000
generated: 677660 / 800000
generated: 677697 / 800000
generated: 677751 / 800000
generated: 677798 / 800000
generated: 677848 / 800000
generated: 677899 / 800000
generated: 677946 / 800000
generated: 677993 / 800000
generated: 678047 / 800000
generated: 678086 / 800000
generated: 678134 / 800000
generated: 678188 / 800000
generated: 678236 / 800000
generated: 678287 / 800000
generated: 678323 / 800000
generated: 678374 / 800000
generated: 678422 / 800000
generated: 678470 / 800000
generated: 678520 / 800000
generated: 678558 / 800000
generated: 678602 / 800000
generated: 678645 / 800000
generated: 678697 / 800000
generated: 678736 / 800000
generated: 678791 / 800000
generated: 678845 / 800000
generated: 678904 / 800000
generated: 678958 / 800000
generated: 678996 / 800000
generated: 679039 / 800000
generated: 679071 / 800000
generated: 679120 / 800000
generated: 679176 / 800000
generated: 679234 / 800000
generated: 679293 / 800000
generated: 679338 / 800000
generated: 679379 / 800000
generated: 679424 / 800000
generated: 679469 / 800000
generated: 679515 / 800000
generated: 679573 / 800000
generated: 679612 / 800000
generated: 679660 / 800000
generated: 679707 / 800000
generated: 679758 / 800000
generated: 679797 / 800000
generated: 679842 / 800000
generated: 679882 / 800000
generated: 679924 / 800000
generated: 679978 / 800000
generated: 680035 / 800000
generated: 680093 / 800000
generated: 680130 / 800000
generated: 680184 / 800000
generated: 680230 / 800000
generated: 680274 / 800000
generated: 680309 / 800000
generated: 680355 / 800000
generated: 680384 / 800000
generated: 680424 / 800000
generated: 680463 / 800000
generated: 680513 / 800000
generated: 680553 / 800000
generated: 680600 / 800000
generated: 680640 / 800000
generated: 680680 / 800000
generated: 680724 / 800000
generated: 680772 / 800000
generated: 680804 / 800000
generated: 680857 / 800000
generated: 680900 / 800000
generated: 680941 / 800000
generated: 680973 / 800000
generated: 681022 / 800000
generated: 681073 / 800000
generated: 681123 / 800000
generated: 681173 / 800000
generated: 681230 / 800000
generated: 681267 / 800000
generated: 681312 / 800000
generated: 681357 / 800000
generated: 681409 / 800000
generated: 681453 / 800000
generated: 681502 / 800000
generated: 681533 / 800000
generated: 681585 / 800000
generated: 681628 / 800000
generated: 681678 / 800000
generated: 681724 / 800000
generated: 681760 / 800000
generated: 681800 / 800000
generated: 681850 / 800000
generated: 681892 / 800000
generated: 681933 / 800000
generated: 681965 / 800000
generated: 682010 / 800000
generated: 682052 / 800000
generated: 682101 / 800000
generated: 682149 / 800000
generated: 682182 / 800000
generated: 682226 / 800000
generated: 682265 / 800000
generated: 682301 / 800000
generated: 682345 / 800000
generated: 682390 / 800000
generated: 682450 / 800000
generated: 682491 / 800000
generated: 682523 / 800000
generated: 682575 / 800000
generated: 682612 / 800000
generated: 682663 / 800000
generated: 682723 / 800000
generated: 682767 / 800000
generated: 682807 / 800000
generated: 682856 / 800000
generated: 682922 / 800000
generated: 682967 / 800000
generated: 683016 / 800000
generated: 683060 / 800000
generated: 683100 / 800000
generated: 683150 / 800000
generated: 683209 / 800000
generated: 683266 / 800000
generated: 683298 / 800000
generated: 683337 / 800000
generated: 683379 / 800000
generated: 683419 / 800000
generated: 683456 / 800000
generated: 683516 / 800000
generated: 683574 / 800000
generated: 683627 / 800000
generated: 683669 / 800000
generated: 683718 / 800000
generated: 683757 / 800000
generated: 683798 / 800000
generated: 683843 / 800000
generated: 683886 / 800000
generated: 683931 / 800000
generated: 683983 / 800000
generated: 684026 / 800000
generated: 684068 / 800000
generated: 684112 / 800000
generated: 684158 / 800000
generated: 684190 / 800000
generated: 684232 / 800000
generated: 684274 / 800000
generated: 684321 / 800000
generated: 684371 / 800000
generated: 684418 / 800000
generated: 684465 / 800000
generated: 684521 / 800000
generated: 684562 / 800000
generated: 684604 / 800000
generated: 684657 / 800000
generated: 684697 / 800000
generated: 684743 / 800000
generated: 684787 / 800000
generated: 684838 / 800000
generated: 684875 / 800000
generated: 684927 / 800000
generated: 684970 / 800000
generated: 685030 / 800000
generated: 685080 / 800000
generated: 685120 / 800000
generated: 685149 / 800000
generated: 685189 / 800000
generated: 685227 / 800000
generated: 685270 / 800000
generated: 685321 / 800000
generated: 685367 / 800000
generated: 685415 / 800000
generated: 685459 / 800000
generated: 685504 / 800000
generated: 685551 / 800000
generated: 685602 / 800000
generated: 685649 / 800000
generated: 685692 / 800000
generated: 685737 / 800000
generated: 685786 / 800000
generated: 685834 / 800000
generated: 685871 / 800000
generated: 685910 / 800000
generated: 685956 / 800000
generated: 686011 / 800000
generated: 686061 / 800000
generated: 686100 / 800000
generated: 686145 / 800000
generated: 686190 / 800000
generated: 686234 / 800000
generated: 686278 / 800000
generated: 686326 / 800000
generated: 686366 / 800000
generated: 686407 / 800000
generated: 686462 / 800000
generated: 686500 / 800000
generated: 686535 / 800000
generated: 686581 / 800000
generated: 686636 / 800000
generated: 686685 / 800000
generated: 686728 / 800000
generated: 686775 / 800000
generated: 686824 / 800000
generated: 686871 / 800000
generated: 686919 / 800000
generated: 686968 / 800000
generated: 687004 / 800000
generated: 687056 / 800000
generated: 687106 / 800000
generated: 687147 / 800000
generated: 687202 / 800000
generated: 687256 / 800000
generated: 687293 / 800000
generated: 687353 / 800000
generated: 687387 / 800000
generated: 687435 / 800000
generated: 687472 / 800000
generated: 687525 / 800000
generated: 687571 / 800000
generated: 687614 / 800000
generated: 687660 / 800000
generated: 687709 / 800000
generated: 687746 / 800000
generated: 687784 / 800000
generated: 687833 / 800000
generated: 687889 / 800000
generated: 687935 / 800000
generated: 687984 / 800000
generated: 688032 / 800000
generated: 688070 / 800000
generated: 688120 / 800000
generated: 688156 / 800000
generated: 688205 / 800000
generated: 688243 / 800000
generated: 688292 / 800000
generated: 688337 / 800000
generated: 688379 / 800000
generated: 688424 / 800000
generated: 688472 / 800000
generated: 688525 / 800000
generated: 688564 / 800000
generated: 688606 / 800000
generated: 688647 / 800000
generated: 688688 / 800000
generated: 688734 / 800000
generated: 688791 / 800000
generated: 688828 / 800000
generated: 688866 / 800000
generated: 688914 / 800000
generated: 688964 / 800000
generated: 689001 / 800000
generated: 689036 / 800000
generated: 689082 / 800000
generated: 689124 / 800000
generated: 689166 / 800000
generated: 689210 / 800000
generated: 689254 / 800000
generated: 689305 / 800000
generated: 689354 / 800000
generated: 689399 / 800000
generated: 689445 / 800000
generated: 689488 / 800000
generated: 689533 / 800000
generated: 689581 / 800000
generated: 689624 / 800000
generated: 689668 / 800000
generated: 689719 / 800000
generated: 689764 / 800000
generated: 689811 / 800000
generated: 689855 / 800000
generated: 689895 / 800000
generated: 689949 / 800000
generated: 690000 / 800000
generated: 690047 / 800000
generated: 690091 / 800000
generated: 690135 / 800000
generated: 690186 / 800000
generated: 690238 / 800000
generated: 690289 / 800000
generated: 690333 / 800000
generated: 690372 / 800000
generated: 690412 / 800000
generated: 690467 / 800000
generated: 690509 / 800000
generated: 690550 / 800000
generated: 690596 / 800000
generated: 690659 / 800000
generated: 690707 / 800000
generated: 690742 / 800000
generated: 690793 / 800000
generated: 690842 / 800000
generated: 690884 / 800000
generated: 690919 / 800000
generated: 690961 / 800000
generated: 691006 / 800000
generated: 691051 / 800000
generated: 691092 / 800000
generated: 691141 / 800000
generated: 691186 / 800000
generated: 691238 / 800000
generated: 691277 / 800000
generated: 691314 / 800000
generated: 691361 / 800000
generated: 691401 / 800000
generated: 691441 / 800000
generated: 691497 / 800000
generated: 691550 / 800000
generated: 691602 / 800000
generated: 691650 / 800000
generated: 691688 / 800000
generated: 691736 / 800000
generated: 691787 / 800000
generated: 691826 / 800000
generated: 691876 / 800000
generated: 691917 / 800000
generated: 691966 / 800000
generated: 692004 / 800000
generated: 692051 / 800000
generated: 692086 / 800000
generated: 692137 / 800000
generated: 692184 / 800000
generated: 692226 / 800000
generated: 692260 / 800000
generated: 692307 / 800000
generated: 692352 / 800000
generated: 692390 / 800000
generated: 692430 / 800000
generated: 692466 / 800000
generated: 692499 / 800000
generated: 692543 / 800000
generated: 692582 / 800000
generated: 692627 / 800000
generated: 692671 / 800000
generated: 692708 / 800000
generated: 692761 / 800000
generated: 692808 / 800000
generated: 692842 / 800000
generated: 692885 / 800000
generated: 692929 / 800000
generated: 692960 / 800000
generated: 693007 / 800000
generated: 693048 / 800000
generated: 693086 / 800000
generated: 693129 / 800000
generated: 693177 / 800000
generated: 693213 / 800000
generated: 693255 / 800000
generated: 693292 / 800000
generated: 693343 / 800000
generated: 693388 / 800000
generated: 693442 / 800000
generated: 693485 / 800000
generated: 693532 / 800000
generated: 693575 / 800000
generated: 693617 / 800000
generated: 693672 / 800000
generated: 693718 / 800000
generated: 693759 / 800000
generated: 693808 / 800000
generated: 693850 / 800000
generated: 693898 / 800000
generated: 693950 / 800000
generated: 693998 / 800000
generated: 694049 / 800000
generated: 694101 / 800000
generated: 694138 / 800000
generated: 694177 / 800000
generated: 694215 / 800000
generated: 694268 / 800000
generated: 694313 / 800000
generated: 694357 / 800000
generated: 694406 / 800000
generated: 694457 / 800000
generated: 694494 / 800000
generated: 694538 / 800000
generated: 694590 / 800000
generated: 694634 / 800000
generated: 694681 / 800000
generated: 694728 / 800000
generated: 694781 / 800000
generated: 694833 / 800000
generated: 694878 / 800000
generated: 694918 / 800000
generated: 694973 / 800000
generated: 695019 / 800000
generated: 695063 / 800000
generated: 695104 / 800000
generated: 695145 / 800000
generated: 695183 / 800000
generated: 695224 / 800000
generated: 695267 / 800000
generated: 695305 / 800000
generated: 695352 / 800000
generated: 695405 / 800000
generated: 695456 / 800000
generated: 695510 / 800000
generated: 695552 / 800000
generated: 695598 / 800000
generated: 695632 / 800000
generated: 695669 / 800000
generated: 695713 / 800000
generated: 695764 / 800000
generated: 695797 / 800000
generated: 695840 / 800000
generated: 695886 / 800000
generated: 695936 / 800000
generated: 695980 / 800000
generated: 696024 / 800000
generated: 696069 / 800000
generated: 696102 / 800000
generated: 696155 / 800000
generated: 696205 / 800000
generated: 696262 / 800000
generated: 696303 / 800000
generated: 696363 / 800000
generated: 696407 / 800000
generated: 696456 / 800000
generated: 696495 / 800000
generated: 696533 / 800000
generated: 696576 / 800000
generated: 696624 / 800000
generated: 696671 / 800000
generated: 696717 / 800000
generated: 696759 / 800000
generated: 696816 / 800000
generated: 696865 / 800000
generated: 696916 / 800000
generated: 696957 / 800000
generated: 697002 / 800000
generated: 697035 / 800000
generated: 697082 / 800000
generated: 697139 / 800000
generated: 697176 / 800000
generated: 697221 / 800000
generated: 697268 / 800000
generated: 697313 / 800000
generated: 697360 / 800000
generated: 697395 / 800000
generated: 697440 / 800000
generated: 697484 / 800000
generated: 697533 / 800000
generated: 697577 / 800000
generated: 697633 / 800000
generated: 697672 / 800000
generated: 697719 / 800000
generated: 697773 / 800000
generated: 697817 / 800000
generated: 697868 / 800000
generated: 697910 / 800000
generated: 697945 / 800000
generated: 697994 / 800000
generated: 698029 / 800000
generated: 698075 / 800000
generated: 698127 / 800000
generated: 698165 / 800000
generated: 698218 / 800000
generated: 698255 / 800000
generated: 698297 / 800000
generated: 698343 / 800000
generated: 698388 / 800000
generated: 698423 / 800000
generated: 698472 / 800000
generated: 698512 / 800000
generated: 698550 / 800000
generated: 698600 / 800000
generated: 698643 / 800000
generated: 698697 / 800000
generated: 698725 / 800000
generated: 698780 / 800000
generated: 698829 / 800000
generated: 698880 / 800000
generated: 698923 / 800000
generated: 698973 / 800000
generated: 699015 / 800000
generated: 699058 / 800000
generated: 699104 / 800000
generated: 699136 / 800000
generated: 699178 / 800000
generated: 699226 / 800000
generated: 699284 / 800000
generated: 699337 / 800000
generated: 699390 / 800000
generated: 699443 / 800000
generated: 699476 / 800000
generated: 699524 / 800000
generated: 699569 / 800000
generated: 699619 / 800000
generated: 699650 / 800000
generated: 699695 / 800000
generated: 699744 / 800000
generated: 699791 / 800000
generated: 699836 / 800000
generated: 699894 / 800000
generated: 699941 / 800000
generated: 699986 / 800000
generated: 700023 / 800000
generated: 700080 / 800000
generated: 700130 / 800000
generated: 700177 / 800000
generated: 700229 / 800000
generated: 700281 / 800000
generated: 700324 / 800000
generated: 700372 / 800000
generated: 700424 / 800000
generated: 700455 / 800000
generated: 700508 / 800000
generated: 700560 / 800000
generated: 700603 / 800000
generated: 700655 / 800000
generated: 700711 / 800000
generated: 700767 / 800000
generated: 700812 / 800000
generated: 700862 / 800000
generated: 700910 / 800000
generated: 700964 / 800000
generated: 701006 / 800000
generated: 701050 / 800000
generated: 701096 / 800000
generated: 701141 / 800000
generated: 701172 / 800000
generated: 701229 / 800000
generated: 701270 / 800000
generated: 701311 / 800000
generated: 701363 / 800000
generated: 701414 / 800000
generated: 701454 / 800000
generated: 701507 / 800000
generated: 701558 / 800000
generated: 701614 / 800000
generated: 701662 / 800000
generated: 701713 / 800000
generated: 701759 / 800000
generated: 701797 / 800000
generated: 701843 / 800000
generated: 701882 / 800000
generated: 701943 / 800000
generated: 701998 / 800000
generated: 702049 / 800000
generated: 702094 / 800000
generated: 702144 / 800000
generated: 702175 / 800000
generated: 702219 / 800000
generated: 702252 / 800000
generated: 702295 / 800000
generated: 702341 / 800000
generated: 702390 / 800000
generated: 702427 / 800000
generated: 702480 / 800000
generated: 702528 / 800000
generated: 702567 / 800000
generated: 702599 / 800000
generated: 702641 / 800000
generated: 702691 / 800000
generated: 702741 / 800000
generated: 702793 / 800000
generated: 702837 / 800000
generated: 702884 / 800000
generated: 702932 / 800000
generated: 702974 / 800000
generated: 703012 / 800000
generated: 703056 / 800000
generated: 703095 / 800000
generated: 703144 / 800000
generated: 703194 / 800000
generated: 703240 / 800000
generated: 703287 / 800000
generated: 703329 / 800000
generated: 703385 / 800000
generated: 703432 / 800000
generated: 703486 / 800000
generated: 703533 / 800000
generated: 703587 / 800000
generated: 703643 / 800000
generated: 703677 / 800000
generated: 703712 / 800000
generated: 703754 / 800000
generated: 703801 / 800000
generated: 703843 / 800000
generated: 703889 / 800000
generated: 703925 / 800000
generated: 703980 / 800000
generated: 704026 / 800000
generated: 704074 / 800000
generated: 704127 / 800000
generated: 704165 / 800000
generated: 704205 / 800000
generated: 704246 / 800000
generated: 704284 / 800000
generated: 704331 / 800000
generated: 704388 / 800000
generated: 704437 / 800000
generated: 704495 / 800000
generated: 704528 / 800000
generated: 704585 / 800000
generated: 704636 / 800000
generated: 704678 / 800000
generated: 704721 / 800000
generated: 704766 / 800000
generated: 704803 / 800000
generated: 704845 / 800000
generated: 704878 / 800000
generated: 704931 / 800000
generated: 704973 / 800000
generated: 705030 / 800000
generated: 705077 / 800000
generated: 705110 / 800000
generated: 705154 / 800000
generated: 705196 / 800000
generated: 705238 / 800000
generated: 705292 / 800000
generated: 705337 / 800000
generated: 705372 / 800000
generated: 705416 / 800000
generated: 705459 / 800000
generated: 705499 / 800000
generated: 705550 / 800000
generated: 705593 / 800000
generated: 705644 / 800000
generated: 705687 / 800000
generated: 705729 / 800000
generated: 705784 / 800000
generated: 705836 / 800000
generated: 705895 / 800000
generated: 705943 / 800000
generated: 705987 / 800000
generated: 706020 / 800000
generated: 706071 / 800000
generated: 706117 / 800000
generated: 706177 / 800000
generated: 706220 / 800000
generated: 706259 / 800000
generated: 706300 / 800000
generated: 706353 / 800000
generated: 706407 / 800000
generated: 706457 / 800000
generated: 706498 / 800000
generated: 706545 / 800000
generated: 706597 / 800000
generated: 706643 / 800000
generated: 706702 / 800000
generated: 706761 / 800000
generated: 706814 / 800000
generated: 706860 / 800000
generated: 706902 / 800000
generated: 706935 / 800000
generated: 706976 / 800000
generated: 707004 / 800000
generated: 707060 / 800000
generated: 707099 / 800000
generated: 707143 / 800000
generated: 707185 / 800000
generated: 707226 / 800000
generated: 707268 / 800000
generated: 707310 / 800000
generated: 707366 / 800000
generated: 707414 / 800000
generated: 707462 / 800000
generated: 707512 / 800000
generated: 707555 / 800000
generated: 707604 / 800000
generated: 707651 / 800000
generated: 707700 / 800000
generated: 707756 / 800000
generated: 707803 / 800000
generated: 707848 / 800000
generated: 707895 / 800000
generated: 707948 / 800000
generated: 708000 / 800000
generated: 708050 / 800000
generated: 708100 / 800000
generated: 708147 / 800000
generated: 708197 / 800000
generated: 708245 / 800000
generated: 708291 / 800000
generated: 708333 / 800000
generated: 708380 / 800000
generated: 708422 / 800000
generated: 708458 / 800000
generated: 708506 / 800000
generated: 708554 / 800000
generated: 708594 / 800000
generated: 708635 / 800000
generated: 708678 / 800000
generated: 708724 / 800000
generated: 708766 / 800000
generated: 708811 / 800000
generated: 708851 / 800000
generated: 708893 / 800000
generated: 708932 / 800000
generated: 708968 / 800000
generated: 709006 / 800000
generated: 709052 / 800000
generated: 709093 / 800000
generated: 709136 / 800000
generated: 709185 / 800000
generated: 709223 / 800000
generated: 709259 / 800000
generated: 709307 / 800000
generated: 709351 / 800000
generated: 709381 / 800000
generated: 709422 / 800000
generated: 709466 / 800000
generated: 709516 / 800000
generated: 709551 / 800000
generated: 709580 / 800000
generated: 709621 / 800000
generated: 709662 / 800000
generated: 709708 / 800000
generated: 709748 / 800000
generated: 709792 / 800000
generated: 709831 / 800000
generated: 709872 / 800000
generated: 709908 / 800000
generated: 709958 / 800000
generated: 709994 / 800000
generated: 710041 / 800000
generated: 710090 / 800000
generated: 710134 / 800000
generated: 710186 / 800000
generated: 710232 / 800000
generated: 710285 / 800000
generated: 710322 / 800000
generated: 710359 / 800000
generated: 710418 / 800000
generated: 710455 / 800000
generated: 710494 / 800000
generated: 710538 / 800000
generated: 710584 / 800000
generated: 710625 / 800000
generated: 710662 / 800000
generated: 710698 / 800000
generated: 710754 / 800000
generated: 710788 / 800000
generated: 710830 / 800000
generated: 710881 / 800000
generated: 710915 / 800000
generated: 710955 / 800000
generated: 710996 / 800000
generated: 711041 / 800000
generated: 711079 / 800000
generated: 711119 / 800000
generated: 711161 / 800000
generated: 711203 / 800000
generated: 711243 / 800000
generated: 711281 / 800000
generated: 711318 / 800000
generated: 711360 / 800000
generated: 711397 / 800000
generated: 711437 / 800000
generated: 711475 / 800000
generated: 711516 / 800000
generated: 711558 / 800000
generated: 711602 / 800000
generated: 711649 / 800000
generated: 711687 / 800000
generated: 711738 / 800000
generated: 711777 / 800000
generated: 711826 / 800000
generated: 711866 / 800000
generated: 711918 / 800000
generated: 711975 / 800000
generated: 712014 / 800000
generated: 712052 / 800000
generated: 712102 / 800000
generated: 712151 / 800000
generated: 712195 / 800000
generated: 712249 / 800000
generated: 712307 / 800000
generated: 712349 / 800000
generated: 712392 / 800000
generated: 712439 / 800000
generated: 712486 / 800000
generated: 712535 / 800000
generated: 712586 / 800000
generated: 712627 / 800000
generated: 712666 / 800000
generated: 712715 / 800000
generated: 712762 / 800000
generated: 712801 / 800000
generated: 712843 / 800000
generated: 712888 / 800000
generated: 712936 / 800000
generated: 712989 / 800000
generated: 713039 / 800000
generated: 713097 / 800000
generated: 713142 / 800000
generated: 713201 / 800000
generated: 713240 / 800000
generated: 713282 / 800000
generated: 713323 / 800000
generated: 713369 / 800000
generated: 713417 / 800000
generated: 713452 / 800000
generated: 713492 / 800000
generated: 713532 / 800000
generated: 713572 / 800000
generated: 713641 / 800000
generated: 713687 / 800000
generated: 713725 / 800000
generated: 713765 / 800000
generated: 713809 / 800000
generated: 713850 / 800000
generated: 713887 / 800000
generated: 713926 / 800000
generated: 713963 / 800000
generated: 714011 / 800000
generated: 714054 / 800000
generated: 714091 / 800000
generated: 714134 / 800000
generated: 714176 / 800000
generated: 714225 / 800000
generated: 714262 / 800000
generated: 714313 / 800000
generated: 714356 / 800000
generated: 714401 / 800000
generated: 714444 / 800000
generated: 714500 / 800000
generated: 714551 / 800000
generated: 714592 / 800000
generated: 714644 / 800000
generated: 714691 / 800000
generated: 714722 / 800000
generated: 714757 / 800000
generated: 714813 / 800000
generated: 714864 / 800000
generated: 714909 / 800000
generated: 714952 / 800000
generated: 715000 / 800000
generated: 715041 / 800000
generated: 715086 / 800000
generated: 715121 / 800000
generated: 715175 / 800000
generated: 715225 / 800000
generated: 715267 / 800000
generated: 715308 / 800000
generated: 715356 / 800000
generated: 715398 / 800000
generated: 715437 / 800000
generated: 715481 / 800000
generated: 715529 / 800000
generated: 715563 / 800000
generated: 715607 / 800000
generated: 715655 / 800000
generated: 715694 / 800000
generated: 715734 / 800000
generated: 715787 / 800000
generated: 715838 / 800000
generated: 715883 / 800000
generated: 715922 / 800000
generated: 715965 / 800000
generated: 716003 / 800000
generated: 716050 / 800000
generated: 716084 / 800000
generated: 716115 / 800000
generated: 716164 / 800000
generated: 716202 / 800000
generated: 716247 / 800000
generated: 716290 / 800000
generated: 716329 / 800000
generated: 716388 / 800000
generated: 716457 / 800000
generated: 716494 / 800000
generated: 716554 / 800000
generated: 716603 / 800000
generated: 716647 / 800000
generated: 716696 / 800000
generated: 716741 / 800000
generated: 716783 / 800000
generated: 716831 / 800000
generated: 716871 / 800000
generated: 716912 / 800000
generated: 716962 / 800000
generated: 717020 / 800000
generated: 717074 / 800000
generated: 717111 / 800000
generated: 717167 / 800000
generated: 717215 / 800000
generated: 717270 / 800000
generated: 717307 / 800000
generated: 717349 / 800000
generated: 717401 / 800000
generated: 717447 / 800000
generated: 717510 / 800000
generated: 717553 / 800000
generated: 717593 / 800000
generated: 717642 / 800000
generated: 717695 / 800000
generated: 717730 / 800000
generated: 717778 / 800000
generated: 717823 / 800000
generated: 717866 / 800000
generated: 717910 / 800000
generated: 717950 / 800000
generated: 717991 / 800000
generated: 718034 / 800000
generated: 718075 / 800000
generated: 718128 / 800000
generated: 718173 / 800000
generated: 718213 / 800000
generated: 718261 / 800000
generated: 718308 / 800000
generated: 718339 / 800000
generated: 718377 / 800000
generated: 718424 / 800000
generated: 718474 / 800000
generated: 718526 / 800000
generated: 718561 / 800000
generated: 718600 / 800000
generated: 718637 / 800000
generated: 718677 / 800000
generated: 718729 / 800000
generated: 718771 / 800000
generated: 718814 / 800000
generated: 718857 / 800000
generated: 718898 / 800000
generated: 718943 / 800000
generated: 718985 / 800000
generated: 719039 / 800000
generated: 719081 / 800000
generated: 719127 / 800000
generated: 719187 / 800000
generated: 719221 / 800000
generated: 719273 / 800000
generated: 719316 / 800000
generated: 719363 / 800000
generated: 719410 / 800000
generated: 719452 / 800000
generated: 719498 / 800000
generated: 719538 / 800000
generated: 719585 / 800000
generated: 719625 / 800000
generated: 719672 / 800000
generated: 719714 / 800000
generated: 719770 / 800000
generated: 719811 / 800000
generated: 719868 / 800000
generated: 719904 / 800000
generated: 719957 / 800000
generated: 720004 / 800000
generated: 720047 / 800000
generated: 720094 / 800000
generated: 720144 / 800000
generated: 720185 / 800000
generated: 720226 / 800000
generated: 720275 / 800000
generated: 720325 / 800000
generated: 720373 / 800000
generated: 720419 / 800000
generated: 720474 / 800000
generated: 720527 / 800000
generated: 720563 / 800000
generated: 720606 / 800000
generated: 720652 / 800000
generated: 720696 / 800000
generated: 720742 / 800000
generated: 720792 / 800000
generated: 720837 / 800000
generated: 720874 / 800000
generated: 720920 / 800000
generated: 720963 / 800000
generated: 721015 / 800000
generated: 721064 / 800000
generated: 721106 / 800000
generated: 721149 / 800000
generated: 721178 / 800000
generated: 721228 / 800000
generated: 721270 / 800000
generated: 721322 / 800000
generated: 721371 / 800000
generated: 721420 / 800000
generated: 721469 / 800000
generated: 721506 / 800000
generated: 721546 / 800000
generated: 721588 / 800000
generated: 721638 / 800000
generated: 721682 / 800000
generated: 721724 / 800000
generated: 721776 / 800000
generated: 721813 / 800000
generated: 721853 / 800000
generated: 721903 / 800000
generated: 721952 / 800000
generated: 721994 / 800000
generated: 722035 / 800000
generated: 722068 / 800000
generated: 722122 / 800000
generated: 722164 / 800000
generated: 722209 / 800000
generated: 722238 / 800000
generated: 722293 / 800000
generated: 722337 / 800000
generated: 722388 / 800000
generated: 722438 / 800000
generated: 722489 / 800000
generated: 722540 / 800000
generated: 722592 / 800000
generated: 722632 / 800000
generated: 722683 / 800000
generated: 722723 / 800000
generated: 722760 / 800000
generated: 722812 / 800000
generated: 722860 / 800000
generated: 722903 / 800000
generated: 722951 / 800000
generated: 723001 / 800000
generated: 723034 / 800000
generated: 723083 / 800000
generated: 723121 / 800000
generated: 723163 / 800000
generated: 723207 / 800000
generated: 723254 / 800000
generated: 723301 / 800000
generated: 723341 / 800000
generated: 723382 / 800000
generated: 723436 / 800000
generated: 723478 / 800000
generated: 723526 / 800000
generated: 723565 / 800000
generated: 723599 / 800000
generated: 723646 / 800000
generated: 723695 / 800000
generated: 723731 / 800000
generated: 723772 / 800000
generated: 723815 / 800000
generated: 723864 / 800000
generated: 723913 / 800000
generated: 723955 / 800000
generated: 723986 / 800000
generated: 724037 / 800000
generated: 724091 / 800000
generated: 724146 / 800000
generated: 724185 / 800000
generated: 724238 / 800000
generated: 724287 / 800000
generated: 724338 / 800000
generated: 724385 / 800000
generated: 724436 / 800000
generated: 724484 / 800000
generated: 724527 / 800000
generated: 724574 / 800000
generated: 724640 / 800000
generated: 724685 / 800000
generated: 724732 / 800000
generated: 724769 / 800000
generated: 724812 / 800000
generated: 724858 / 800000
generated: 724911 / 800000
generated: 724953 / 800000
generated: 725001 / 800000
generated: 725063 / 800000
generated: 725103 / 800000
generated: 725149 / 800000
generated: 725184 / 800000
generated: 725236 / 800000
generated: 725280 / 800000
generated: 725328 / 800000
generated: 725371 / 800000
generated: 725426 / 800000
generated: 725470 / 800000
generated: 725520 / 800000
generated: 725567 / 800000
generated: 725612 / 800000
generated: 725667 / 800000
generated: 725715 / 800000
generated: 725749 / 800000
generated: 725789 / 800000
generated: 725831 / 800000
generated: 725874 / 800000
generated: 725924 / 800000
generated: 725961 / 800000
generated: 726017 / 800000
generated: 726060 / 800000
generated: 726105 / 800000
generated: 726149 / 800000
generated: 726203 / 800000
generated: 726249 / 800000
generated: 726300 / 800000
generated: 726348 / 800000
generated: 726394 / 800000
generated: 726436 / 800000
generated: 726475 / 800000
generated: 726518 / 800000
generated: 726559 / 800000
generated: 726608 / 800000
generated: 726645 / 800000
generated: 726691 / 800000
generated: 726729 / 800000
generated: 726777 / 800000
generated: 726828 / 800000
generated: 726876 / 800000
generated: 726918 / 800000
generated: 726972 / 800000
generated: 727012 / 800000
generated: 727053 / 800000
generated: 727101 / 800000
generated: 727141 / 800000
generated: 727194 / 800000
generated: 727238 / 800000
generated: 727273 / 800000
generated: 727320 / 800000
generated: 727368 / 800000
generated: 727414 / 800000
generated: 727466 / 800000
generated: 727507 / 800000
generated: 727555 / 800000
generated: 727595 / 800000
generated: 727639 / 800000
generated: 727693 / 800000
generated: 727755 / 800000
generated: 727794 / 800000
generated: 727834 / 800000
generated: 727874 / 800000
generated: 727915 / 800000
generated: 727952 / 800000
generated: 727989 / 800000
generated: 728042 / 800000
generated: 728084 / 800000
generated: 728127 / 800000
generated: 728169 / 800000
generated: 728212 / 800000
generated: 728256 / 800000
generated: 728302 / 800000
generated: 728352 / 800000
generated: 728389 / 800000
generated: 728439 / 800000
generated: 728482 / 800000
generated: 728527 / 800000
generated: 728570 / 800000
generated: 728606 / 800000
generated: 728644 / 800000
generated: 728693 / 800000
generated: 728743 / 800000
generated: 728777 / 800000
generated: 728820 / 800000
generated: 728852 / 800000
generated: 728895 / 800000
generated: 728936 / 800000
generated: 728975 / 800000
generated: 729014 / 800000
generated: 729047 / 800000
generated: 729098 / 800000
generated: 729146 / 800000
generated: 729187 / 800000
generated: 729242 / 800000
generated: 729294 / 800000
generated: 729341 / 800000
generated: 729392 / 800000
generated: 729434 / 800000
generated: 729482 / 800000
generated: 729537 / 800000
generated: 729585 / 800000
generated: 729636 / 800000
generated: 729674 / 800000
generated: 729721 / 800000
generated: 729768 / 800000
generated: 729808 / 800000
generated: 729858 / 800000
generated: 729911 / 800000
generated: 729960 / 800000
generated: 730009 / 800000
generated: 730062 / 800000
generated: 730111 / 800000
generated: 730150 / 800000
generated: 730190 / 800000
generated: 730228 / 800000
generated: 730273 / 800000
generated: 730323 / 800000
generated: 730376 / 800000
generated: 730416 / 800000
generated: 730466 / 800000
generated: 730513 / 800000
generated: 730563 / 800000
generated: 730605 / 800000
generated: 730651 / 800000
generated: 730689 / 800000
generated: 730730 / 800000
generated: 730767 / 800000
generated: 730825 / 800000
generated: 730874 / 800000
generated: 730913 / 800000
generated: 730958 / 800000
generated: 731018 / 800000
generated: 731054 / 800000
generated: 731091 / 800000
generated: 731130 / 800000
generated: 731190 / 800000
generated: 731229 / 800000
generated: 731273 / 800000
generated: 731322 / 800000
generated: 731362 / 800000
generated: 731409 / 800000
generated: 731463 / 800000
generated: 731498 / 800000
generated: 731538 / 800000
generated: 731588 / 800000
generated: 731641 / 800000
generated: 731670 / 800000
generated: 731715 / 800000
generated: 731761 / 800000
generated: 731802 / 800000
generated: 731846 / 800000
generated: 731875 / 800000
generated: 731923 / 800000
generated: 731967 / 800000
generated: 732009 / 800000
generated: 732058 / 800000
generated: 732110 / 800000
generated: 732149 / 800000
generated: 732194 / 800000
generated: 732242 / 800000
generated: 732300 / 800000
generated: 732337 / 800000
generated: 732385 / 800000
generated: 732432 / 800000
generated: 732471 / 800000
generated: 732524 / 800000
generated: 732575 / 800000
generated: 732620 / 800000
generated: 732651 / 800000
generated: 732690 / 800000
generated: 732736 / 800000
generated: 732778 / 800000
generated: 732819 / 800000
generated: 732855 / 800000
generated: 732902 / 800000
generated: 732934 / 800000
generated: 732969 / 800000
generated: 733018 / 800000
generated: 733068 / 800000
generated: 733125 / 800000
generated: 733169 / 800000
generated: 733208 / 800000
generated: 733255 / 800000
generated: 733290 / 800000
generated: 733342 / 800000
generated: 733403 / 800000
generated: 733453 / 800000
generated: 733505 / 800000
generated: 733551 / 800000
generated: 733597 / 800000
generated: 733635 / 800000
generated: 733681 / 800000
generated: 733724 / 800000
generated: 733761 / 800000
generated: 733807 / 800000
generated: 733864 / 800000
generated: 733906 / 800000
generated: 733957 / 800000
generated: 734004 / 800000
generated: 734057 / 800000
generated: 734101 / 800000
generated: 734143 / 800000
generated: 734197 / 800000
generated: 734237 / 800000
generated: 734280 / 800000
generated: 734324 / 800000
generated: 734368 / 800000
generated: 734416 / 800000
generated: 734458 / 800000
generated: 734504 / 800000
generated: 734551 / 800000
generated: 734595 / 800000
generated: 734642 / 800000
generated: 734696 / 800000
generated: 734737 / 800000
generated: 734782 / 800000
generated: 734819 / 800000
generated: 734861 / 800000
generated: 734903 / 800000
generated: 734950 / 800000
generated: 735004 / 800000
generated: 735050 / 800000
generated: 735099 / 800000
generated: 735145 / 800000
generated: 735198 / 800000
generated: 735248 / 800000
generated: 735290 / 800000
generated: 735334 / 800000
generated: 735372 / 800000
generated: 735420 / 800000
generated: 735473 / 800000
generated: 735512 / 800000
generated: 735557 / 800000
generated: 735600 / 800000
generated: 735639 / 800000
generated: 735689 / 800000
generated: 735733 / 800000
generated: 735779 / 800000
generated: 735827 / 800000
generated: 735881 / 800000
generated: 735919 / 800000
generated: 735969 / 800000
generated: 736016 / 800000
generated: 736050 / 800000
generated: 736091 / 800000
generated: 736136 / 800000
generated: 736189 / 800000
generated: 736239 / 800000
generated: 736281 / 800000
generated: 736323 / 800000
generated: 736361 / 800000
generated: 736409 / 800000
generated: 736459 / 800000
generated: 736508 / 800000
generated: 736555 / 800000
generated: 736593 / 800000
generated: 736639 / 800000
generated: 736686 / 800000
generated: 736727 / 800000
generated: 736768 / 800000
generated: 736822 / 800000
generated: 736876 / 800000
generated: 736924 / 800000
generated: 736964 / 800000
generated: 737009 / 800000
generated: 737055 / 800000
generated: 737101 / 800000
generated: 737144 / 800000
generated: 737188 / 800000
generated: 737224 / 800000
generated: 737276 / 800000
generated: 737313 / 800000
generated: 737362 / 800000
generated: 737402 / 800000
generated: 737449 / 800000
generated: 737493 / 800000
generated: 737544 / 800000
generated: 737600 / 800000
generated: 737642 / 800000
generated: 737692 / 800000
generated: 737739 / 800000
generated: 737786 / 800000
generated: 737839 / 800000
generated: 737876 / 800000
generated: 737918 / 800000
generated: 737960 / 800000
generated: 738003 / 800000
generated: 738059 / 800000
generated: 738118 / 800000
generated: 738150 / 800000
generated: 738200 / 800000
generated: 738248 / 800000
generated: 738287 / 800000
generated: 738330 / 800000
generated: 738373 / 800000
generated: 738418 / 800000
generated: 738458 / 800000
generated: 738498 / 800000
generated: 738555 / 800000
generated: 738606 / 800000
generated: 738651 / 800000
generated: 738694 / 800000
generated: 738740 / 800000
generated: 738783 / 800000
generated: 738826 / 800000
generated: 738872 / 800000
generated: 738924 / 800000
generated: 738962 / 800000
generated: 739010 / 800000
generated: 739051 / 800000
generated: 739095 / 800000
generated: 739130 / 800000
generated: 739176 / 800000
generated: 739230 / 800000
generated: 739272 / 800000
generated: 739309 / 800000
generated: 739352 / 800000
generated: 739397 / 800000
generated: 739447 / 800000
generated: 739493 / 800000
generated: 739540 / 800000
generated: 739581 / 800000
generated: 739626 / 800000
generated: 739678 / 800000
generated: 739711 / 800000
generated: 739757 / 800000
generated: 739800 / 800000
generated: 739844 / 800000
generated: 739894 / 800000
generated: 739940 / 800000
generated: 739987 / 800000
generated: 740027 / 800000
generated: 740072 / 800000
generated: 740112 / 800000
generated: 740161 / 800000
generated: 740216 / 800000
generated: 740267 / 800000
generated: 740309 / 800000
generated: 740352 / 800000
generated: 740393 / 800000
generated: 740444 / 800000
generated: 740496 / 800000
generated: 740531 / 800000
generated: 740580 / 800000
generated: 740620 / 800000
generated: 740656 / 800000
generated: 740707 / 800000
generated: 740743 / 800000
generated: 740798 / 800000
generated: 740839 / 800000
generated: 740880 / 800000
generated: 740909 / 800000
generated: 740959 / 800000
generated: 741006 / 800000
generated: 741052 / 800000
generated: 741093 / 800000
generated: 741139 / 800000
generated: 741175 / 800000
generated: 741211 / 800000
generated: 741255 / 800000
generated: 741294 / 800000
generated: 741349 / 800000
generated: 741389 / 800000
generated: 741436 / 800000
generated: 741475 / 800000
generated: 741530 / 800000
generated: 741586 / 800000
generated: 741635 / 800000
generated: 741677 / 800000
generated: 741728 / 800000
generated: 741763 / 800000
generated: 741807 / 800000
generated: 741850 / 800000
generated: 741901 / 800000
generated: 741945 / 800000
generated: 741983 / 800000
generated: 742028 / 800000
generated: 742071 / 800000
generated: 742108 / 800000
generated: 742148 / 800000
generated: 742198 / 800000
generated: 742237 / 800000
generated: 742281 / 800000
generated: 742313 / 800000
generated: 742354 / 800000
generated: 742406 / 800000
generated: 742448 / 800000
generated: 742494 / 800000
generated: 742529 / 800000
generated: 742570 / 800000
generated: 742619 / 800000
generated: 742663 / 800000
generated: 742712 / 800000
generated: 742752 / 800000
generated: 742794 / 800000
generated: 742840 / 800000
generated: 742884 / 800000
generated: 742930 / 800000
generated: 742967 / 800000
generated: 743004 / 800000
generated: 743052 / 800000
generated: 743097 / 800000
generated: 743146 / 800000
generated: 743193 / 800000
generated: 743238 / 800000
generated: 743274 / 800000
generated: 743315 / 800000
generated: 743356 / 800000
generated: 743401 / 800000
generated: 743440 / 800000
generated: 743485 / 800000
generated: 743541 / 800000
generated: 743578 / 800000
generated: 743629 / 800000
generated: 743666 / 800000
generated: 743702 / 800000
generated: 743740 / 800000
generated: 743788 / 800000
generated: 743836 / 800000
generated: 743873 / 800000
generated: 743913 / 800000
generated: 743960 / 800000
generated: 744009 / 800000
generated: 744058 / 800000
generated: 744104 / 800000
generated: 744151 / 800000
generated: 744201 / 800000
generated: 744247 / 800000
generated: 744291 / 800000
generated: 744340 / 800000
generated: 744376 / 800000
generated: 744433 / 800000
generated: 744489 / 800000
generated: 744531 / 800000
generated: 744571 / 800000
generated: 744618 / 800000
generated: 744665 / 800000
generated: 744704 / 800000
generated: 744746 / 800000
generated: 744785 / 800000
generated: 744824 / 800000
generated: 744873 / 800000
generated: 744920 / 800000
generated: 744968 / 800000
generated: 745013 / 800000
generated: 745047 / 800000
generated: 745091 / 800000
generated: 745140 / 800000
generated: 745192 / 800000
generated: 745246 / 800000
generated: 745294 / 800000
generated: 745351 / 800000
generated: 745397 / 800000
generated: 745451 / 800000
generated: 745501 / 800000
generated: 745546 / 800000
generated: 745596 / 800000
generated: 745633 / 800000
generated: 745687 / 800000
generated: 745729 / 800000
generated: 745777 / 800000
generated: 745822 / 800000
generated: 745864 / 800000
generated: 745906 / 800000
generated: 745956 / 800000
generated: 745996 / 800000
generated: 746026 / 800000
generated: 746073 / 800000
generated: 746118 / 800000
generated: 746172 / 800000
generated: 746217 / 800000
generated: 746251 / 800000
generated: 746303 / 800000
generated: 746346 / 800000
generated: 746393 / 800000
generated: 746443 / 800000
generated: 746492 / 800000
generated: 746539 / 800000
generated: 746585 / 800000
generated: 746622 / 800000
generated: 746658 / 800000
generated: 746702 / 800000
generated: 746752 / 800000
generated: 746791 / 800000
generated: 746838 / 800000
generated: 746881 / 800000
generated: 746935 / 800000
generated: 746984 / 800000
generated: 747033 / 800000
generated: 747080 / 800000
generated: 747132 / 800000
generated: 747173 / 800000
generated: 747221 / 800000
generated: 747267 / 800000
generated: 747316 / 800000
generated: 747379 / 800000
generated: 747415 / 800000
generated: 747455 / 800000
generated: 747506 / 800000
generated: 747554 / 800000
generated: 747594 / 800000
generated: 747653 / 800000
generated: 747701 / 800000
generated: 747756 / 800000
generated: 747817 / 800000
generated: 747848 / 800000
generated: 747909 / 800000
generated: 747963 / 800000
generated: 748007 / 800000
generated: 748047 / 800000
generated: 748090 / 800000
generated: 748127 / 800000
generated: 748166 / 800000
generated: 748211 / 800000
generated: 748255 / 800000
generated: 748305 / 800000
generated: 748359 / 800000
generated: 748397 / 800000
generated: 748446 / 800000
generated: 748495 / 800000
generated: 748532 / 800000
generated: 748577 / 800000
generated: 748631 / 800000
generated: 748669 / 800000
generated: 748716 / 800000
generated: 748765 / 800000
generated: 748810 / 800000
generated: 748856 / 800000
generated: 748904 / 800000
generated: 748946 / 800000
generated: 748988 / 800000
generated: 749038 / 800000
generated: 749080 / 800000
generated: 749134 / 800000
generated: 749186 / 800000
generated: 749224 / 800000
generated: 749271 / 800000
generated: 749321 / 800000
generated: 749377 / 800000
generated: 749410 / 800000
generated: 749456 / 800000
generated: 749496 / 800000
generated: 749544 / 800000
generated: 749586 / 800000
generated: 749621 / 800000
generated: 749663 / 800000
generated: 749705 / 800000
generated: 749756 / 800000
generated: 749792 / 800000
generated: 749853 / 800000
generated: 749902 / 800000
generated: 749950 / 800000
generated: 749998 / 800000
generated: 750037 / 800000
generated: 750077 / 800000
generated: 750130 / 800000
generated: 750177 / 800000
generated: 750223 / 800000
generated: 750267 / 800000
generated: 750317 / 800000
generated: 750363 / 800000
generated: 750404 / 800000
generated: 750454 / 800000
generated: 750494 / 800000
generated: 750528 / 800000
generated: 750580 / 800000
generated: 750619 / 800000
generated: 750667 / 800000
generated: 750722 / 800000
generated: 750770 / 800000
generated: 750810 / 800000
generated: 750868 / 800000
generated: 750905 / 800000
generated: 750959 / 800000
generated: 751008 / 800000
generated: 751061 / 800000
generated: 751105 / 800000
generated: 751135 / 800000
generated: 751175 / 800000
generated: 751228 / 800000
generated: 751261 / 800000
generated: 751308 / 800000
generated: 751353 / 800000
generated: 751399 / 800000
generated: 751444 / 800000
generated: 751483 / 800000
generated: 751526 / 800000
generated: 751572 / 800000
generated: 751615 / 800000
generated: 751655 / 800000
generated: 751695 / 800000
generated: 751747 / 800000
generated: 751776 / 800000
generated: 751826 / 800000
generated: 751874 / 800000
generated: 751919 / 800000
generated: 751952 / 800000
generated: 751989 / 800000
generated: 752040 / 800000
generated: 752093 / 800000
generated: 752140 / 800000
generated: 752186 / 800000
generated: 752229 / 800000
generated: 752284 / 800000
generated: 752338 / 800000
generated: 752374 / 800000
generated: 752420 / 800000
generated: 752468 / 800000
generated: 752520 / 800000
generated: 752564 / 800000
generated: 752622 / 800000
generated: 752668 / 800000
generated: 752710 / 800000
generated: 752746 / 800000
generated: 752805 / 800000
generated: 752850 / 800000
generated: 752896 / 800000
generated: 752947 / 800000
generated: 753003 / 800000
generated: 753040 / 800000
generated: 753080 / 800000
generated: 753130 / 800000
generated: 753185 / 800000
generated: 753234 / 800000
generated: 753279 / 800000
generated: 753325 / 800000
generated: 753373 / 800000
generated: 753421 / 800000
generated: 753462 / 800000
generated: 753496 / 800000
generated: 753551 / 800000
generated: 753602 / 800000
generated: 753647 / 800000
generated: 753700 / 800000
generated: 753747 / 800000
generated: 753772 / 800000
generated: 753814 / 800000
generated: 753860 / 800000
generated: 753905 / 800000
generated: 753953 / 800000
generated: 754000 / 800000
generated: 754043 / 800000
generated: 754083 / 800000
generated: 754124 / 800000
generated: 754171 / 800000
generated: 754218 / 800000
generated: 754264 / 800000
generated: 754313 / 800000
generated: 754355 / 800000
generated: 754407 / 800000
generated: 754446 / 800000
generated: 754488 / 800000
generated: 754534 / 800000
generated: 754573 / 800000
generated: 754619 / 800000
generated: 754667 / 800000
generated: 754717 / 800000
generated: 754763 / 800000
generated: 754808 / 800000
generated: 754846 / 800000
generated: 754887 / 800000
generated: 754941 / 800000
generated: 754981 / 800000
generated: 755025 / 800000
generated: 755076 / 800000
generated: 755119 / 800000
generated: 755156 / 800000
generated: 755208 / 800000
generated: 755270 / 800000
generated: 755307 / 800000
generated: 755357 / 800000
generated: 755395 / 800000
generated: 755433 / 800000
generated: 755472 / 800000
generated: 755508 / 800000
generated: 755549 / 800000
generated: 755595 / 800000
generated: 755643 / 800000
generated: 755685 / 800000
generated: 755735 / 800000
generated: 755778 / 800000
generated: 755814 / 800000
generated: 755852 / 800000
generated: 755898 / 800000
generated: 755942 / 800000
generated: 755986 / 800000
generated: 756026 / 800000
generated: 756073 / 800000
generated: 756116 / 800000
generated: 756160 / 800000
generated: 756199 / 800000
generated: 756242 / 800000
generated: 756293 / 800000
generated: 756341 / 800000
generated: 756375 / 800000
generated: 756420 / 800000
generated: 756451 / 800000
generated: 756491 / 800000
generated: 756541 / 800000
generated: 756586 / 800000
generated: 756622 / 800000
generated: 756669 / 800000
generated: 756729 / 800000
generated: 756774 / 800000
generated: 756812 / 800000
generated: 756864 / 800000
generated: 756901 / 800000
generated: 756950 / 800000
generated: 757008 / 800000
generated: 757044 / 800000
generated: 757090 / 800000
generated: 757143 / 800000
generated: 757188 / 800000
generated: 757228 / 800000
generated: 757271 / 800000
generated: 757301 / 800000
generated: 757335 / 800000
generated: 757387 / 800000
generated: 757430 / 800000
generated: 757469 / 800000
generated: 757499 / 800000
generated: 757547 / 800000
generated: 757601 / 800000
generated: 757646 / 800000
generated: 757708 / 800000
generated: 757744 / 800000
generated: 757779 / 800000
generated: 757826 / 800000
generated: 757875 / 800000
generated: 757914 / 800000
generated: 757951 / 800000
generated: 757993 / 800000
generated: 758035 / 800000
generated: 758077 / 800000
generated: 758121 / 800000
generated: 758173 / 800000
generated: 758212 / 800000
generated: 758254 / 800000
generated: 758307 / 800000
generated: 758342 / 800000
generated: 758393 / 800000
generated: 758422 / 800000
generated: 758468 / 800000
generated: 758511 / 800000
generated: 758551 / 800000
generated: 758590 / 800000
generated: 758628 / 800000
generated: 758674 / 800000
generated: 758719 / 800000
generated: 758762 / 800000
generated: 758813 / 800000
generated: 758843 / 800000
generated: 758878 / 800000
generated: 758913 / 800000
generated: 758963 / 800000
generated: 759001 / 800000
generated: 759047 / 800000
generated: 759092 / 800000
generated: 759137 / 800000
generated: 759177 / 800000
generated: 759227 / 800000
generated: 759271 / 800000
generated: 759308 / 800000
generated: 759341 / 800000
generated: 759387 / 800000
generated: 759431 / 800000
generated: 759477 / 800000
generated: 759522 / 800000
generated: 759565 / 800000
generated: 759604 / 800000
generated: 759650 / 800000
generated: 759697 / 800000
generated: 759734 / 800000
generated: 759790 / 800000
generated: 759832 / 800000
generated: 759871 / 800000
generated: 759915 / 800000
generated: 759953 / 800000
generated: 759988 / 800000
generated: 760044 / 800000
generated: 760101 / 800000
generated: 760144 / 800000
generated: 760194 / 800000
generated: 760233 / 800000
generated: 760273 / 800000
generated: 760327 / 800000
generated: 760369 / 800000
generated: 760417 / 800000
generated: 760463 / 800000
generated: 760507 / 800000
generated: 760545 / 800000
generated: 760600 / 800000
generated: 760639 / 800000
generated: 760685 / 800000
generated: 760728 / 800000
generated: 760766 / 800000
generated: 760809 / 800000
generated: 760846 / 800000
generated: 760887 / 800000
generated: 760931 / 800000
generated: 760972 / 800000
generated: 761017 / 800000
generated: 761060 / 800000
generated: 761099 / 800000
generated: 761153 / 800000
generated: 761199 / 800000
generated: 761251 / 800000
generated: 761304 / 800000
generated: 761357 / 800000
generated: 761409 / 800000
generated: 761453 / 800000
generated: 761497 / 800000
generated: 761541 / 800000
generated: 761590 / 800000
generated: 761635 / 800000
generated: 761678 / 800000
generated: 761726 / 800000
generated: 761780 / 800000
generated: 761824 / 800000
generated: 761870 / 800000
generated: 761915 / 800000
generated: 761959 / 800000
generated: 762001 / 800000
generated: 762051 / 800000
generated: 762094 / 800000
generated: 762141 / 800000
generated: 762190 / 800000
generated: 762249 / 800000
generated: 762300 / 800000
generated: 762336 / 800000
generated: 762387 / 800000
generated: 762441 / 800000
generated: 762490 / 800000
generated: 762528 / 800000
generated: 762563 / 800000
generated: 762605 / 800000
generated: 762659 / 800000
generated: 762703 / 800000
generated: 762758 / 800000
generated: 762803 / 800000
generated: 762844 / 800000
generated: 762877 / 800000
generated: 762914 / 800000
generated: 762962 / 800000
generated: 763007 / 800000
generated: 763045 / 800000
generated: 763087 / 800000
generated: 763124 / 800000
generated: 763150 / 800000
generated: 763200 / 800000
generated: 763249 / 800000
generated: 763306 / 800000
generated: 763343 / 800000
generated: 763390 / 800000
generated: 763439 / 800000
generated: 763493 / 800000
generated: 763543 / 800000
generated: 763592 / 800000
generated: 763634 / 800000
generated: 763684 / 800000
generated: 763730 / 800000
generated: 763784 / 800000
generated: 763831 / 800000
generated: 763869 / 800000
generated: 763901 / 800000
generated: 763955 / 800000
generated: 764004 / 800000
generated: 764051 / 800000
generated: 764089 / 800000
generated: 764134 / 800000
generated: 764176 / 800000
generated: 764213 / 800000
generated: 764259 / 800000
generated: 764306 / 800000
generated: 764343 / 800000
generated: 764392 / 800000
generated: 764426 / 800000
generated: 764484 / 800000
generated: 764520 / 800000
generated: 764570 / 800000
generated: 764610 / 800000
generated: 764649 / 800000
generated: 764696 / 800000
generated: 764743 / 800000
generated: 764794 / 800000
generated: 764837 / 800000
generated: 764880 / 800000
generated: 764937 / 800000
generated: 764983 / 800000
generated: 765030 / 800000
generated: 765066 / 800000
generated: 765107 / 800000
generated: 765148 / 800000
generated: 765183 / 800000
generated: 765228 / 800000
generated: 765268 / 800000
generated: 765312 / 800000
generated: 765364 / 800000
generated: 765407 / 800000
generated: 765447 / 800000
generated: 765485 / 800000
generated: 765536 / 800000
generated: 765583 / 800000
generated: 765632 / 800000
generated: 765669 / 800000
generated: 765714 / 800000
generated: 765764 / 800000
generated: 765809 / 800000
generated: 765850 / 800000
generated: 765893 / 800000
generated: 765941 / 800000
generated: 765980 / 800000
generated: 766030 / 800000
generated: 766072 / 800000
generated: 766115 / 800000
generated: 766172 / 800000
generated: 766222 / 800000
generated: 766263 / 800000
generated: 766319 / 800000
generated: 766370 / 800000
generated: 766420 / 800000
generated: 766467 / 800000
generated: 766509 / 800000
generated: 766555 / 800000
generated: 766613 / 800000
generated: 766651 / 800000
generated: 766696 / 800000
generated: 766748 / 800000
generated: 766793 / 800000
generated: 766828 / 800000
generated: 766868 / 800000
generated: 766923 / 800000
generated: 766975 / 800000
generated: 767025 / 800000
generated: 767069 / 800000
generated: 767109 / 800000
generated: 767145 / 800000
generated: 767194 / 800000
generated: 767244 / 800000
generated: 767287 / 800000
generated: 767328 / 800000
generated: 767381 / 800000
generated: 767438 / 800000
generated: 767487 / 800000
generated: 767519 / 800000
generated: 767554 / 800000
generated: 767595 / 800000
generated: 767639 / 800000
generated: 767678 / 800000
generated: 767722 / 800000
generated: 767763 / 800000
generated: 767808 / 800000
generated: 767846 / 800000
generated: 767889 / 800000
generated: 767945 / 800000
generated: 767994 / 800000
generated: 768032 / 800000
generated: 768093 / 800000
generated: 768140 / 800000
generated: 768180 / 800000
generated: 768218 / 800000
generated: 768270 / 800000
generated: 768317 / 800000
generated: 768367 / 800000
generated: 768407 / 800000
generated: 768455 / 800000
generated: 768507 / 800000
generated: 768547 / 800000
generated: 768584 / 800000
generated: 768635 / 800000
generated: 768674 / 800000
generated: 768723 / 800000
generated: 768769 / 800000
generated: 768798 / 800000
generated: 768845 / 800000
generated: 768881 / 800000
generated: 768925 / 800000
generated: 768976 / 800000
generated: 769024 / 800000
generated: 769066 / 800000
generated: 769103 / 800000
generated: 769140 / 800000
generated: 769195 / 800000
generated: 769241 / 800000
generated: 769283 / 800000
generated: 769328 / 800000
generated: 769371 / 800000
generated: 769415 / 800000
generated: 769467 / 800000
generated: 769501 / 800000
generated: 769546 / 800000
generated: 769601 / 800000
generated: 769644 / 800000
generated: 769692 / 800000
generated: 769731 / 800000
generated: 769770 / 800000
generated: 769812 / 800000
generated: 769858 / 800000
generated: 769906 / 800000
generated: 769951 / 800000
generated: 769993 / 800000
generated: 770043 / 800000
generated: 770082 / 800000
generated: 770120 / 800000
generated: 770175 / 800000
generated: 770239 / 800000
generated: 770275 / 800000
generated: 770326 / 800000
generated: 770365 / 800000
generated: 770412 / 800000
generated: 770452 / 800000
generated: 770490 / 800000
generated: 770531 / 800000
generated: 770561 / 800000
generated: 770603 / 800000
generated: 770646 / 800000
generated: 770686 / 800000
generated: 770735 / 800000
generated: 770770 / 800000
generated: 770812 / 800000
generated: 770845 / 800000
generated: 770893 / 800000
generated: 770942 / 800000
generated: 770983 / 800000
generated: 771029 / 800000
generated: 771079 / 800000
generated: 771126 / 800000
generated: 771174 / 800000
generated: 771205 / 800000
generated: 771243 / 800000
generated: 771289 / 800000
generated: 771329 / 800000
generated: 771375 / 800000
generated: 771423 / 800000
generated: 771469 / 800000
generated: 771515 / 800000
generated: 771567 / 800000
generated: 771606 / 800000
generated: 771649 / 800000
generated: 771703 / 800000
generated: 771744 / 800000
generated: 771783 / 800000
generated: 771840 / 800000
generated: 771887 / 800000
generated: 771953 / 800000
generated: 771995 / 800000
generated: 772037 / 800000
generated: 772087 / 800000
generated: 772131 / 800000
generated: 772164 / 800000
generated: 772210 / 800000
generated: 772257 / 800000
generated: 772302 / 800000
generated: 772349 / 800000
generated: 772386 / 800000
generated: 772435 / 800000
generated: 772486 / 800000
generated: 772526 / 800000
generated: 772581 / 800000
generated: 772639 / 800000
generated: 772684 / 800000
generated: 772727 / 800000
generated: 772773 / 800000
generated: 772815 / 800000
generated: 772853 / 800000
generated: 772907 / 800000
generated: 772955 / 800000
generated: 772996 / 800000
generated: 773037 / 800000
generated: 773085 / 800000
generated: 773135 / 800000
generated: 773195 / 800000
generated: 773247 / 800000
generated: 773287 / 800000
generated: 773333 / 800000
generated: 773376 / 800000
generated: 773417 / 800000
generated: 773459 / 800000
generated: 773507 / 800000
generated: 773552 / 800000
generated: 773595 / 800000
generated: 773636 / 800000
generated: 773682 / 800000
generated: 773732 / 800000
generated: 773783 / 800000
generated: 773838 / 800000
generated: 773891 / 800000
generated: 773931 / 800000
generated: 773979 / 800000
generated: 774030 / 800000
generated: 774080 / 800000
generated: 774116 / 800000
generated: 774159 / 800000
generated: 774201 / 800000
generated: 774252 / 800000
generated: 774307 / 800000
generated: 774362 / 800000
generated: 774403 / 800000
generated: 774448 / 800000
generated: 774499 / 800000
generated: 774531 / 800000
generated: 774573 / 800000
generated: 774626 / 800000
generated: 774671 / 800000
generated: 774713 / 800000
generated: 774764 / 800000
generated: 774808 / 800000
generated: 774852 / 800000
generated: 774906 / 800000
generated: 774941 / 800000
generated: 774992 / 800000
generated: 775048 / 800000
generated: 775088 / 800000
generated: 775130 / 800000
generated: 775174 / 800000
generated: 775222 / 800000
generated: 775262 / 800000
generated: 775315 / 800000
generated: 775358 / 800000
generated: 775408 / 800000
generated: 775458 / 800000
generated: 775502 / 800000
generated: 775551 / 800000
generated: 775580 / 800000
generated: 775617 / 800000
generated: 775664 / 800000
generated: 775708 / 800000
generated: 775741 / 800000
generated: 775776 / 800000
generated: 775823 / 800000
generated: 775863 / 800000
generated: 775904 / 800000
generated: 775943 / 800000
generated: 775989 / 800000
generated: 776030 / 800000
generated: 776074 / 800000
generated: 776109 / 800000
generated: 776154 / 800000
generated: 776217 / 800000
generated: 776261 / 800000
generated: 776300 / 800000
generated: 776355 / 800000
generated: 776406 / 800000
generated: 776448 / 800000
generated: 776484 / 800000
generated: 776526 / 800000
generated: 776570 / 800000
generated: 776609 / 800000
generated: 776657 / 800000
generated: 776693 / 800000
generated: 776740 / 800000
generated: 776788 / 800000
generated: 776838 / 800000
generated: 776880 / 800000
generated: 776913 / 800000
generated: 776966 / 800000
generated: 777016 / 800000
generated: 777057 / 800000
generated: 777097 / 800000
generated: 777143 / 800000
generated: 777183 / 800000
generated: 777228 / 800000
generated: 777269 / 800000
generated: 777314 / 800000
generated: 777353 / 800000
generated: 777397 / 800000
generated: 777441 / 800000
generated: 777478 / 800000
generated: 777528 / 800000
generated: 777569 / 800000
generated: 777616 / 800000
generated: 777652 / 800000
generated: 777687 / 800000
generated: 777737 / 800000
generated: 777781 / 800000
generated: 777828 / 800000
generated: 777872 / 800000
generated: 777919 / 800000
generated: 777964 / 800000
generated: 778006 / 800000
generated: 778067 / 800000
generated: 778103 / 800000
generated: 778143 / 800000
generated: 778181 / 800000
generated: 778239 / 800000
generated: 778290 / 800000
generated: 778337 / 800000
generated: 778366 / 800000
generated: 778404 / 800000
generated: 778449 / 800000
generated: 778486 / 800000
generated: 778536 / 800000
generated: 778582 / 800000
generated: 778620 / 800000
generated: 778663 / 800000
generated: 778707 / 800000
generated: 778762 / 800000
generated: 778818 / 800000
generated: 778857 / 800000
generated: 778905 / 800000
generated: 778946 / 800000
generated: 778989 / 800000
generated: 779030 / 800000
generated: 779072 / 800000
generated: 779123 / 800000
generated: 779172 / 800000
generated: 779214 / 800000
generated: 779254 / 800000
generated: 779307 / 800000
generated: 779348 / 800000
generated: 779391 / 800000
generated: 779422 / 800000
generated: 779466 / 800000
generated: 779504 / 800000
generated: 779538 / 800000
generated: 779583 / 800000
generated: 779627 / 800000
generated: 779664 / 800000
generated: 779708 / 800000
generated: 779742 / 800000
generated: 779804 / 800000
generated: 779853 / 800000
generated: 779907 / 800000
generated: 779951 / 800000
generated: 780003 / 800000
generated: 780046 / 800000
generated: 780095 / 800000
generated: 780141 / 800000
generated: 780201 / 800000
generated: 780242 / 800000
generated: 780280 / 800000
generated: 780326 / 800000
generated: 780381 / 800000
generated: 780422 / 800000
generated: 780463 / 800000
generated: 780521 / 800000
generated: 780570 / 800000
generated: 780620 / 800000
generated: 780662 / 800000
generated: 780702 / 800000
generated: 780753 / 800000
generated: 780799 / 800000
generated: 780848 / 800000
generated: 780895 / 800000
generated: 780931 / 800000
generated: 780973 / 800000
generated: 781031 / 800000
generated: 781067 / 800000
generated: 781110 / 800000
generated: 781154 / 800000
generated: 781199 / 800000
generated: 781251 / 800000
generated: 781292 / 800000
generated: 781348 / 800000
generated: 781393 / 800000
generated: 781433 / 800000
generated: 781480 / 800000
generated: 781526 / 800000
generated: 781566 / 800000
generated: 781611 / 800000
generated: 781658 / 800000
generated: 781714 / 800000
generated: 781761 / 800000
generated: 781805 / 800000
generated: 781848 / 800000
generated: 781896 / 800000
generated: 781937 / 800000
generated: 781976 / 800000
generated: 782026 / 800000
generated: 782073 / 800000
generated: 782131 / 800000
generated: 782177 / 800000
generated: 782231 / 800000
generated: 782269 / 800000
generated: 782312 / 800000
generated: 782369 / 800000
generated: 782425 / 800000
generated: 782474 / 800000
generated: 782516 / 800000
generated: 782564 / 800000
generated: 782610 / 800000
generated: 782647 / 800000
generated: 782702 / 800000
generated: 782735 / 800000
generated: 782782 / 800000
generated: 782836 / 800000
generated: 782880 / 800000
generated: 782918 / 800000
generated: 782970 / 800000
generated: 783016 / 800000
generated: 783066 / 800000
generated: 783113 / 800000
generated: 783160 / 800000
generated: 783202 / 800000
generated: 783247 / 800000
generated: 783290 / 800000
generated: 783334 / 800000
generated: 783382 / 800000
generated: 783426 / 800000
generated: 783487 / 800000
generated: 783524 / 800000
generated: 783573 / 800000
generated: 783600 / 800000
generated: 783650 / 800000
generated: 783711 / 800000
generated: 783753 / 800000
generated: 783794 / 800000
generated: 783849 / 800000
generated: 783893 / 800000
generated: 783936 / 800000
generated: 783972 / 800000
generated: 784030 / 800000
generated: 784083 / 800000
generated: 784128 / 800000
generated: 784166 / 800000
generated: 784209 / 800000
generated: 784267 / 800000
generated: 784311 / 800000
generated: 784357 / 800000
generated: 784404 / 800000
generated: 784460 / 800000
generated: 784509 / 800000
generated: 784552 / 800000
generated: 784587 / 800000
generated: 784631 / 800000
generated: 784689 / 800000
generated: 784739 / 800000
generated: 784785 / 800000
generated: 784813 / 800000
generated: 784855 / 800000
generated: 784904 / 800000
generated: 784947 / 800000
generated: 784984 / 800000
generated: 785026 / 800000
generated: 785075 / 800000
generated: 785124 / 800000
generated: 785163 / 800000
generated: 785211 / 800000
generated: 785265 / 800000
generated: 785317 / 800000
generated: 785353 / 800000
generated: 785407 / 800000
generated: 785458 / 800000
generated: 785505 / 800000
generated: 785553 / 800000
generated: 785602 / 800000
generated: 785654 / 800000
generated: 785702 / 800000
generated: 785743 / 800000
generated: 785783 / 800000
generated: 785826 / 800000
generated: 785870 / 800000
generated: 785903 / 800000
generated: 785949 / 800000
generated: 785987 / 800000
generated: 786035 / 800000
generated: 786092 / 800000
generated: 786139 / 800000
generated: 786177 / 800000
generated: 786230 / 800000
generated: 786283 / 800000
generated: 786322 / 800000
generated: 786363 / 800000
generated: 786414 / 800000
generated: 786460 / 800000
generated: 786499 / 800000
generated: 786543 / 800000
generated: 786573 / 800000
generated: 786614 / 800000
generated: 786657 / 800000
generated: 786697 / 800000
generated: 786737 / 800000
generated: 786780 / 800000
generated: 786825 / 800000
generated: 786865 / 800000
generated: 786905 / 800000
generated: 786953 / 800000
generated: 786997 / 800000
generated: 787044 / 800000
generated: 787098 / 800000
generated: 787142 / 800000
generated: 787184 / 800000
generated: 787238 / 800000
generated: 787294 / 800000
generated: 787335 / 800000
generated: 787388 / 800000
generated: 787445 / 800000
generated: 787486 / 800000
generated: 787528 / 800000
generated: 787577 / 800000
generated: 787629 / 800000
generated: 787678 / 800000
generated: 787717 / 800000
generated: 787769 / 800000
generated: 787822 / 800000
generated: 787868 / 800000
generated: 787918 / 800000
generated: 787955 / 800000
generated: 788007 / 800000
generated: 788042 / 800000
generated: 788091 / 800000
generated: 788133 / 800000
generated: 788184 / 800000
generated: 788229 / 800000
generated: 788287 / 800000
generated: 788324 / 800000
generated: 788375 / 800000
generated: 788430 / 800000
generated: 788459 / 800000
generated: 788505 / 800000
generated: 788552 / 800000
generated: 788599 / 800000
generated: 788643 / 800000
generated: 788684 / 800000
generated: 788735 / 800000
generated: 788794 / 800000
generated: 788860 / 800000
generated: 788912 / 800000
generated: 788955 / 800000
generated: 789005 / 800000
generated: 789039 / 800000
generated: 789074 / 800000
generated: 789121 / 800000
generated: 789163 / 800000
generated: 789218 / 800000
generated: 789260 / 800000
generated: 789308 / 800000
generated: 789344 / 800000
generated: 789379 / 800000
generated: 789424 / 800000
generated: 789474 / 800000
generated: 789530 / 800000
generated: 789575 / 800000
generated: 789623 / 800000
generated: 789671 / 800000
generated: 789730 / 800000
generated: 789773 / 800000
generated: 789813 / 800000
generated: 789847 / 800000
generated: 789886 / 800000
generated: 789928 / 800000
generated: 789975 / 800000
generated: 790012 / 800000
generated: 790058 / 800000
generated: 790102 / 800000
generated: 790142 / 800000
generated: 790203 / 800000
generated: 790251 / 800000
generated: 790287 / 800000
generated: 790338 / 800000
generated: 790383 / 800000
generated: 790435 / 800000
generated: 790477 / 800000
generated: 790526 / 800000
generated: 790566 / 800000
generated: 790626 / 800000
generated: 790665 / 800000
generated: 790708 / 800000
generated: 790754 / 800000
generated: 790800 / 800000
generated: 790849 / 800000
generated: 790897 / 800000
generated: 790947 / 800000
generated: 790996 / 800000
generated: 791035 / 800000
generated: 791107 / 800000
generated: 791144 / 800000
generated: 791183 / 800000
generated: 791233 / 800000
generated: 791274 / 800000
generated: 791302 / 800000
generated: 791340 / 800000
generated: 791390 / 800000
generated: 791435 / 800000
generated: 791479 / 800000
generated: 791519 / 800000
generated: 791565 / 800000
generated: 791599 / 800000
generated: 791641 / 800000
generated: 791694 / 800000
generated: 791738 / 800000
generated: 791783 / 800000
generated: 791818 / 800000
generated: 791854 / 800000
generated: 791907 / 800000
generated: 791960 / 800000
generated: 792002 / 800000
generated: 792054 / 800000
generated: 792097 / 800000
generated: 792129 / 800000
generated: 792169 / 800000
generated: 792220 / 800000
generated: 792262 / 800000
generated: 792316 / 800000
generated: 792366 / 800000
generated: 792411 / 800000
generated: 792460 / 800000
generated: 792505 / 800000
generated: 792550 / 800000
generated: 792597 / 800000
generated: 792641 / 800000
generated: 792684 / 800000
generated: 792724 / 800000
generated: 792774 / 800000
generated: 792821 / 800000
generated: 792856 / 800000
generated: 792901 / 800000
generated: 792952 / 800000
generated: 792992 / 800000
generated: 793044 / 800000
generated: 793080 / 800000
generated: 793123 / 800000
generated: 793167 / 800000
generated: 793213 / 800000
generated: 793265 / 800000
generated: 793304 / 800000
generated: 793338 / 800000
generated: 793394 / 800000
generated: 793431 / 800000
generated: 793471 / 800000
generated: 793509 / 800000
generated: 793556 / 800000
generated: 793615 / 800000
generated: 793662 / 800000
generated: 793701 / 800000
generated: 793747 / 800000
generated: 793797 / 800000
generated: 793844 / 800000
generated: 793899 / 800000
generated: 793953 / 800000
generated: 793998 / 800000
generated: 794051 / 800000
generated: 794084 / 800000
generated: 794121 / 800000
generated: 794161 / 800000
generated: 794206 / 800000
generated: 794248 / 800000
generated: 794292 / 800000
generated: 794350 / 800000
generated: 794404 / 800000
generated: 794443 / 800000
generated: 794484 / 800000
generated: 794536 / 800000
generated: 794584 / 800000
generated: 794642 / 800000
generated: 794679 / 800000
generated: 794738 / 800000
generated: 794785 / 800000
generated: 794822 / 800000
generated: 794860 / 800000
generated: 794906 / 800000
generated: 794960 / 800000
generated: 795001 / 800000
generated: 795045 / 800000
generated: 795089 / 800000
generated: 795137 / 800000
generated: 795174 / 800000
generated: 795220 / 800000
generated: 795258 / 800000
generated: 795296 / 800000
generated: 795350 / 800000
generated: 795396 / 800000
generated: 795433 / 800000
generated: 795479 / 800000
generated: 795512 / 800000
generated: 795557 / 800000
generated: 795615 / 800000
generated: 795652 / 800000
generated: 795704 / 800000
generated: 795756 / 800000
generated: 795806 / 800000
generated: 795844 / 800000
generated: 795885 / 800000
generated: 795931 / 800000
generated: 795981 / 800000
generated: 796023 / 800000
generated: 796066 / 800000
generated: 796115 / 800000
generated: 796156 / 800000
generated: 796197 / 800000
generated: 796238 / 800000
generated: 796286 / 800000
generated: 796327 / 800000
generated: 796370 / 800000
generated: 796413 / 800000
generated: 796470 / 800000
generated: 796519 / 800000
generated: 796572 / 800000
generated: 796608 / 800000
generated: 796655 / 800000
generated: 796700 / 800000
generated: 796750 / 800000
generated: 796792 / 800000
generated: 796841 / 800000
generated: 796900 / 800000
generated: 796950 / 800000
generated: 797004 / 800000
generated: 797051 / 800000
generated: 797093 / 800000
generated: 797138 / 800000
generated: 797183 / 800000
generated: 797226 / 800000
generated: 797263 / 800000
generated: 797298 / 800000
generated: 797350 / 800000
generated: 797405 / 800000
generated: 797443 / 800000
generated: 797480 / 800000
generated: 797530 / 800000
generated: 797579 / 800000
generated: 797619 / 800000
generated: 797667 / 800000
generated: 797709 / 800000
generated: 797763 / 800000
generated: 797812 / 800000
generated: 797854 / 800000
generated: 797899 / 800000
generated: 797946 / 800000
generated: 797985 / 800000
generated: 798032 / 800000
generated: 798078 / 800000
generated: 798129 / 800000
generated: 798174 / 800000
generated: 798218 / 800000
generated: 798263 / 800000
generated: 798310 / 800000
generated: 798368 / 800000
generated: 798416 / 800000
generated: 798449 / 800000
generated: 798494 / 800000
generated: 798543 / 800000
generated: 798580 / 800000
generated: 798633 / 800000
generated: 798672 / 800000
generated: 798731 / 800000
generated: 798785 / 800000
generated: 798836 / 800000
generated: 798882 / 800000
generated: 798931 / 800000
generated: 798978 / 800000
generated: 799024 / 800000
generated: 799072 / 800000
generated: 799118 / 800000
generated: 799161 / 800000
generated: 799213 / 800000
generated: 799256 / 800000
generated: 799302 / 800000
generated: 799349 / 800000
generated: 799383 / 800000
generated: 799439 / 800000
generated: 799502 / 800000
generated: 799550 / 800000
generated: 799595 / 800000
generated: 799642 / 800000
generated: 799692 / 800000
generated: 799737 / 800000
generated: 799783 / 800000
generated: 799829 / 800000
generated: 799869 / 800000
generated: 799917 / 800000
generated: 799946 / 800000
generated: 799978 / 800000
generated: 800000 / 800000
Sampling done in 4389.2s
Saved sample visualization: datasets/3dshape/Tshape3d_2denv3/sampled_placements.html
Saved speed distribution: datasets/3dshape/Tshape3d_2denv3/speed_distribution.html
Saved speed_angles distribution: datasets/3dshape/Tshape3d_2denv3/speed_angles_distribution.html
Saved speed_dists distribution: datasets/3dshape/Tshape3d_2denv3/speed_dists_distribution.html
x0 pos    : x=[-0.436,0.436]  y=[-0.436,0.436]  z=[0.000,0.000]
speed x0  : [0.010, 1.000]   (band [0.020, 1.0])
speed x1  : [0.010, 1.000]
Wrote 800000 training pairs to datasets/3dshape/Tshape3d_2denv3
  sampled_points.npy (800000, 12)
  speed.npy          (800000, 2)
  normal.npy         (800000, 12)
  trans_n.npy        (800000, 12)
  rot_n.npy          (800000, 12)
  env.npy            (10000, 3)
[load_obj] 'datasets/3dshape/2denv3_zup.obj': 6 objects/groups
  [0] 'Body8'  (32 triangles)
  [1] 'Body14'  (12 triangles)
  [2] 'Body15'  (12 triangles)
  [3] 'Body17'  (12 triangles)
  [4] 'Body20'  (12 triangles)
  [5] 'Body21'  (12 triangles)
[--2d] environment flattened onto z=0
[load_obj] 'datasets/3dshape/Tshape3d_zup.obj': 1 objects/groups
  [0] 'Body1'  (28 triangles)
[--2d] shape z extent 0.0286 -> 0.0100 (env-normalized units)
Delaunizing vertices...
Delaunay seconds:  0.000466
Creating surface mesh ...
Surface mesh seconds:  4.7e-05
Recovering boundaries...
Boundary recovery seconds:  0.000804
Removing exterior tetrahedra ...
Exterior tets removal seconds:  2.6e-05
Suppressing Steiner points ...
Steiner suppression seconds:  4e-06
Recovering Delaunayness...
Delaunay recovery seconds:  0.000243
Refining mesh...
  22 insertions, added 1 points, 8 tetrahedra in queue.
  7 insertions, added 0 points, 0 tetrahedra in queue.
  9 insertions, added 1 points, 6 tetrahedra in queue.
  12 insertions, added 0 points, 3 tetrahedra in queue.
Refinement seconds:  0.000184
Smoothing vertices...
Mesh smoothing seconds:  0.000457
Improving mesh...
Mesh improvement seconds:  2e-05

Writing nodes.
Writing elements.
Writing faces.
Writing edges.

Output seconds:  2.4e-05
Total running seconds:  0.002449

Statistics:

  Input points: 16
  Input facets: 28
  Input segments: 42
  Input holes: 0
  Input regions: 0

  Mesh points: 19
  Mesh tetrahedra: 32
  Mesh faces: 78
  Mesh faces on exterior boundary: 28
  Mesh faces on input facets: 28
  Mesh edges on input segments: 42
  Steiner points inside domain: 3

Tetrahedralized shape: 32 tets, 28 boundary triangles, 19 verts
Sampling 1000 (x0, x1) pairs [TESTING (independent collision-free pairs) | PLANAR 2-D (z=0, rotation about z only)]   margin=0.05  offset=0.02  ...
generated: 83 / 1000
generated: 182 / 1000
generated: 280 / 1000
generated: 382 / 1000
generated: 472 / 1000
generated: 566 / 1000
generated: 674 / 1000
generated: 771 / 1000
generated: 881 / 1000
generated: 996 / 1000
generated: 1000 / 1000
Sampling done in 5.6s
Saved sample visualization: testing_data/3dshape/Tshape3d_2denv3/sampled_placements.html
Saved speed distribution: testing_data/3dshape/Tshape3d_2denv3/speed_distribution.html
Saved speed_angles distribution: testing_data/3dshape/Tshape3d_2denv3/speed_angles_distribution.html
Saved speed_dists distribution: testing_data/3dshape/Tshape3d_2denv3/speed_dists_distribution.html
x0 pos    : x=[-0.400,0.404]  y=[-0.407,0.406]  z=[0.000,0.000]
speed x0  : [0.219, 1.000]   (band [0.400, 1.0])
speed x1  : [0.220, 1.000]
Wrote 1000 training pairs to testing_data/3dshape/Tshape3d_2denv3
  sampled_points.npy (1000, 12)
  speed.npy          (1000, 2)
  normal.npy         (1000, 12)
  trans_n.npy        (1000, 12)
  rot_n.npy          (1000, 12)
  env.npy            (10000, 3)
