[load_obj] 'datasets/3dshape/2denv3_zup.obj': 6 objects/groups
  [0] 'Body8'  (32 triangles)
  [1] 'Body14'  (12 triangles)
  [2] 'Body15'  (12 triangles)
  [3] 'Body17'  (12 triangles)
  [4] 'Body20'  (12 triangles)
  [5] 'Body21'  (12 triangles)
[--2d] environment flattened onto z=0
[load_obj] 'datasets/3dshape/Vshape3d_zup.obj': 1 objects/groups
  [0] 'Body2'  (20 triangles)
[--2d] shape z extent 0.0286 -> 0.0100 (env-normalized units)
Delaunizing vertices...
Delaunay seconds:  0.000267
Creating surface mesh ...
Surface mesh seconds:  4e-05
Recovering boundaries...
Boundary recovery seconds:  0.000571
Removing exterior tetrahedra ...
Exterior tets removal seconds:  2.3e-05
Suppressing Steiner points ...
Steiner suppression seconds:  4e-06
Recovering Delaunayness...
Delaunay recovery seconds:  0.000123
Refining mesh...
  17 insertions, added 0 points, 1 tetrahedra in queue.
  5 insertions, added 0 points, 0 tetrahedra in queue.
  7 insertions, added 1 points, 6 tetrahedra in queue.
  9 insertions, added 0 points, 3 tetrahedra in queue.
Refinement seconds:  0.002494
Smoothing vertices...
Mesh smoothing seconds:  0.000456
Improving mesh...
Mesh improvement seconds:  1.7e-05

Writing nodes.
Writing elements.
Writing faces.
Writing edges.

Output seconds:  2.5e-05
Total running seconds:  0.004193

Statistics:

  Input points: 12
  Input facets: 20
  Input segments: 30
  Input holes: 0
  Input regions: 0

  Mesh points: 14
  Mesh tetrahedra: 22
  Mesh faces: 54
  Mesh faces on exterior boundary: 20
  Mesh faces on input facets: 20
  Mesh edges on input segments: 30
  Steiner points inside domain: 2

Tetrahedralized shape: 22 tets, 20 boundary triangles, 14 verts
Sampling 800000 (x0, x1) pairs [TRAINING (narrow-band correlated pairs) | PLANAR 2-D (z=0, rotation about z only)]   margin=0.05  offset=0.001  ...
generated: 53 / 800000
generated: 116 / 800000
generated: 169 / 800000
generated: 215 / 800000
generated: 270 / 800000
generated: 333 / 800000
generated: 383 / 800000
generated: 432 / 800000
generated: 478 / 800000
generated: 523 / 800000
generated: 579 / 800000
generated: 634 / 800000
generated: 687 / 800000
generated: 745 / 800000
generated: 802 / 800000
generated: 859 / 800000
generated: 912 / 800000
generated: 965 / 800000
generated: 1018 / 800000
generated: 1068 / 800000
generated: 1121 / 800000
generated: 1166 / 800000
generated: 1213 / 800000
generated: 1280 / 800000
generated: 1335 / 800000
generated: 1381 / 800000
generated: 1425 / 800000
generated: 1474 / 800000
generated: 1522 / 800000
generated: 1567 / 800000
generated: 1619 / 800000
generated: 1674 / 800000
generated: 1727 / 800000
generated: 1780 / 800000
generated: 1834 / 800000
generated: 1878 / 800000
generated: 1928 / 800000
generated: 1966 / 800000
generated: 2017 / 800000
generated: 2066 / 800000
generated: 2113 / 800000
generated: 2172 / 800000
generated: 2221 / 800000
generated: 2279 / 800000
generated: 2341 / 800000
generated: 2392 / 800000
generated: 2445 / 800000
generated: 2491 / 800000
generated: 2546 / 800000
generated: 2596 / 800000
generated: 2659 / 800000
generated: 2700 / 800000
generated: 2747 / 800000
generated: 2804 / 800000
generated: 2856 / 800000
generated: 2910 / 800000
generated: 2957 / 800000
generated: 3013 / 800000
generated: 3040 / 800000
generated: 3088 / 800000
generated: 3141 / 800000
generated: 3188 / 800000
generated: 3232 / 800000
generated: 3279 / 800000
generated: 3331 / 800000
generated: 3391 / 800000
generated: 3454 / 800000
generated: 3488 / 800000
generated: 3543 / 800000
generated: 3596 / 800000
generated: 3646 / 800000
generated: 3698 / 800000
generated: 3731 / 800000
generated: 3781 / 800000
generated: 3835 / 800000
generated: 3882 / 800000
generated: 3940 / 800000
generated: 3990 / 800000
generated: 4041 / 800000
generated: 4094 / 800000
generated: 4152 / 800000
generated: 4197 / 800000
generated: 4249 / 800000
generated: 4294 / 800000
generated: 4343 / 800000
generated: 4395 / 800000
generated: 4459 / 800000
generated: 4521 / 800000
generated: 4563 / 800000
generated: 4625 / 800000
generated: 4672 / 800000
generated: 4710 / 800000
generated: 4753 / 800000
generated: 4805 / 800000
generated: 4854 / 800000
generated: 4916 / 800000
generated: 4960 / 800000
generated: 5004 / 800000
generated: 5063 / 800000
generated: 5109 / 800000
generated: 5167 / 800000
generated: 5212 / 800000
generated: 5266 / 800000
generated: 5316 / 800000
generated: 5367 / 800000
generated: 5415 / 800000
generated: 5455 / 800000
generated: 5506 / 800000
generated: 5559 / 800000
generated: 5609 / 800000
generated: 5647 / 800000
generated: 5713 / 800000
generated: 5768 / 800000
generated: 5816 / 800000
generated: 5859 / 800000
generated: 5908 / 800000
generated: 5959 / 800000
generated: 5999 / 800000
generated: 6045 / 800000
generated: 6093 / 800000
generated: 6142 / 800000
generated: 6182 / 800000
generated: 6228 / 800000
generated: 6278 / 800000
generated: 6326 / 800000
generated: 6382 / 800000
generated: 6436 / 800000
generated: 6498 / 800000
generated: 6542 / 800000
generated: 6585 / 800000
generated: 6630 / 800000
generated: 6674 / 800000
generated: 6717 / 800000
generated: 6772 / 800000
generated: 6825 / 800000
generated: 6882 / 800000
generated: 6935 / 800000
generated: 6991 / 800000
generated: 7052 / 800000
generated: 7096 / 800000
generated: 7139 / 800000
generated: 7188 / 800000
generated: 7250 / 800000
generated: 7299 / 800000
generated: 7346 / 800000
generated: 7383 / 800000
generated: 7438 / 800000
generated: 7491 / 800000
generated: 7552 / 800000
generated: 7607 / 800000
generated: 7666 / 800000
generated: 7715 / 800000
generated: 7760 / 800000
generated: 7797 / 800000
generated: 7855 / 800000
generated: 7909 / 800000
generated: 7956 / 800000
generated: 8012 / 800000
generated: 8063 / 800000
generated: 8104 / 800000
generated: 8151 / 800000
generated: 8196 / 800000
generated: 8242 / 800000
generated: 8296 / 800000
generated: 8348 / 800000
generated: 8399 / 800000
generated: 8447 / 800000
generated: 8497 / 800000
generated: 8532 / 800000
generated: 8574 / 800000
generated: 8616 / 800000
generated: 8668 / 800000
generated: 8708 / 800000
generated: 8767 / 800000
generated: 8823 / 800000
generated: 8871 / 800000
generated: 8921 / 800000
generated: 8979 / 800000
generated: 9027 / 800000
generated: 9072 / 800000
generated: 9125 / 800000
generated: 9178 / 800000
generated: 9232 / 800000
generated: 9291 / 800000
generated: 9345 / 800000
generated: 9396 / 800000
generated: 9442 / 800000
generated: 9483 / 800000
generated: 9532 / 800000
generated: 9576 / 800000
generated: 9644 / 800000
generated: 9695 / 800000
generated: 9739 / 800000
generated: 9781 / 800000
generated: 9831 / 800000
generated: 9881 / 800000
generated: 9931 / 800000
generated: 9980 / 800000
generated: 10032 / 800000
generated: 10081 / 800000
generated: 10131 / 800000
generated: 10183 / 800000
generated: 10236 / 800000
generated: 10283 / 800000
generated: 10336 / 800000
generated: 10385 / 800000
generated: 10434 / 800000
generated: 10492 / 800000
generated: 10540 / 800000
generated: 10596 / 800000
generated: 10652 / 800000
generated: 10704 / 800000
generated: 10752 / 800000
generated: 10800 / 800000
generated: 10858 / 800000
generated: 10908 / 800000
generated: 10977 / 800000
generated: 11023 / 800000
generated: 11079 / 800000
generated: 11138 / 800000
generated: 11192 / 800000
generated: 11232 / 800000
generated: 11266 / 800000
generated: 11309 / 800000
generated: 11353 / 800000
generated: 11408 / 800000
generated: 11457 / 800000
generated: 11501 / 800000
generated: 11566 / 800000
generated: 11624 / 800000
generated: 11667 / 800000
generated: 11708 / 800000
generated: 11753 / 800000
generated: 11801 / 800000
generated: 11850 / 800000
generated: 11907 / 800000
generated: 11959 / 800000
generated: 11999 / 800000
generated: 12057 / 800000
generated: 12104 / 800000
generated: 12162 / 800000
generated: 12208 / 800000
generated: 12266 / 800000
generated: 12324 / 800000
generated: 12374 / 800000
generated: 12418 / 800000
generated: 12466 / 800000
generated: 12521 / 800000
generated: 12577 / 800000
generated: 12635 / 800000
generated: 12690 / 800000
generated: 12749 / 800000
generated: 12789 / 800000
generated: 12846 / 800000
generated: 12902 / 800000
generated: 12947 / 800000
generated: 12991 / 800000
generated: 13040 / 800000
generated: 13083 / 800000
generated: 13130 / 800000
generated: 13167 / 800000
generated: 13232 / 800000
generated: 13282 / 800000
generated: 13328 / 800000
generated: 13374 / 800000
generated: 13420 / 800000
generated: 13481 / 800000
generated: 13530 / 800000
generated: 13571 / 800000
generated: 13621 / 800000
generated: 13662 / 800000
generated: 13710 / 800000
generated: 13759 / 800000
generated: 13803 / 800000
generated: 13854 / 800000
generated: 13912 / 800000
generated: 13967 / 800000
generated: 14006 / 800000
generated: 14057 / 800000
generated: 14111 / 800000
generated: 14155 / 800000
generated: 14203 / 800000
generated: 14256 / 800000
generated: 14305 / 800000
generated: 14360 / 800000
generated: 14404 / 800000
generated: 14455 / 800000
generated: 14506 / 800000
generated: 14551 / 800000
generated: 14616 / 800000
generated: 14664 / 800000
generated: 14712 / 800000
generated: 14752 / 800000
generated: 14806 / 800000
generated: 14858 / 800000
generated: 14904 / 800000
generated: 14953 / 800000
generated: 14999 / 800000
generated: 15042 / 800000
generated: 15103 / 800000
generated: 15144 / 800000
generated: 15199 / 800000
generated: 15242 / 800000
generated: 15293 / 800000
generated: 15339 / 800000
generated: 15389 / 800000
generated: 15433 / 800000
generated: 15483 / 800000
generated: 15536 / 800000
generated: 15590 / 800000
generated: 15634 / 800000
generated: 15677 / 800000
generated: 15738 / 800000
generated: 15782 / 800000
generated: 15828 / 800000
generated: 15872 / 800000
generated: 15928 / 800000
generated: 15983 / 800000
generated: 16030 / 800000
generated: 16081 / 800000
generated: 16138 / 800000
generated: 16193 / 800000
generated: 16246 / 800000
generated: 16282 / 800000
generated: 16328 / 800000
generated: 16375 / 800000
generated: 16429 / 800000
generated: 16477 / 800000
generated: 16522 / 800000
generated: 16576 / 800000
generated: 16623 / 800000
generated: 16675 / 800000
generated: 16730 / 800000
generated: 16783 / 800000
generated: 16830 / 800000
generated: 16882 / 800000
generated: 16918 / 800000
generated: 16958 / 800000
generated: 16997 / 800000
generated: 17037 / 800000
generated: 17089 / 800000
generated: 17140 / 800000
generated: 17194 / 800000
generated: 17246 / 800000
generated: 17288 / 800000
generated: 17331 / 800000
generated: 17368 / 800000
generated: 17418 / 800000
generated: 17470 / 800000
generated: 17509 / 800000
generated: 17560 / 800000
generated: 17601 / 800000
generated: 17645 / 800000
generated: 17692 / 800000
generated: 17734 / 800000
generated: 17783 / 800000
generated: 17842 / 800000
generated: 17897 / 800000
generated: 17952 / 800000
generated: 18001 / 800000
generated: 18057 / 800000
generated: 18102 / 800000
generated: 18167 / 800000
generated: 18221 / 800000
generated: 18279 / 800000
generated: 18334 / 800000
generated: 18383 / 800000
generated: 18439 / 800000
generated: 18491 / 800000
generated: 18532 / 800000
generated: 18578 / 800000
generated: 18627 / 800000
generated: 18668 / 800000
generated: 18723 / 800000
generated: 18773 / 800000
generated: 18817 / 800000
generated: 18866 / 800000
generated: 18915 / 800000
generated: 18965 / 800000
generated: 19017 / 800000
generated: 19072 / 800000
generated: 19129 / 800000
generated: 19194 / 800000
generated: 19232 / 800000
generated: 19285 / 800000
generated: 19326 / 800000
generated: 19390 / 800000
generated: 19437 / 800000
generated: 19484 / 800000
generated: 19537 / 800000
generated: 19580 / 800000
generated: 19627 / 800000
generated: 19672 / 800000
generated: 19729 / 800000
generated: 19769 / 800000
generated: 19818 / 800000
generated: 19861 / 800000
generated: 19912 / 800000
generated: 19975 / 800000
generated: 20025 / 800000
generated: 20070 / 800000
generated: 20124 / 800000
generated: 20174 / 800000
generated: 20226 / 800000
generated: 20269 / 800000
generated: 20320 / 800000
generated: 20374 / 800000
generated: 20437 / 800000
generated: 20486 / 800000
generated: 20538 / 800000
generated: 20589 / 800000
generated: 20637 / 800000
generated: 20693 / 800000
generated: 20747 / 800000
generated: 20795 / 800000
generated: 20849 / 800000
generated: 20904 / 800000
generated: 20961 / 800000
generated: 21010 / 800000
generated: 21051 / 800000
generated: 21108 / 800000
generated: 21161 / 800000
generated: 21203 / 800000
generated: 21248 / 800000
generated: 21301 / 800000
generated: 21340 / 800000
generated: 21394 / 800000
generated: 21439 / 800000
generated: 21497 / 800000
generated: 21540 / 800000
generated: 21587 / 800000
generated: 21633 / 800000
generated: 21680 / 800000
generated: 21734 / 800000
generated: 21778 / 800000
generated: 21813 / 800000
generated: 21860 / 800000
generated: 21905 / 800000
generated: 21946 / 800000
generated: 22014 / 800000
generated: 22071 / 800000
generated: 22122 / 800000
generated: 22168 / 800000
generated: 22219 / 800000
generated: 22267 / 800000
generated: 22318 / 800000
generated: 22364 / 800000
generated: 22413 / 800000
generated: 22460 / 800000
generated: 22507 / 800000
generated: 22554 / 800000
generated: 22615 / 800000
generated: 22662 / 800000
generated: 22706 / 800000
generated: 22739 / 800000
generated: 22787 / 800000
generated: 22841 / 800000
generated: 22891 / 800000
generated: 22939 / 800000
generated: 22988 / 800000
generated: 23035 / 800000
generated: 23082 / 800000
generated: 23124 / 800000
generated: 23177 / 800000
generated: 23220 / 800000
generated: 23282 / 800000
generated: 23328 / 800000
generated: 23385 / 800000
generated: 23430 / 800000
generated: 23470 / 800000
generated: 23523 / 800000
generated: 23573 / 800000
generated: 23625 / 800000
generated: 23668 / 800000
generated: 23713 / 800000
generated: 23767 / 800000
generated: 23808 / 800000
generated: 23849 / 800000
generated: 23901 / 800000
generated: 23941 / 800000
generated: 23987 / 800000
generated: 24034 / 800000
generated: 24088 / 800000
generated: 24128 / 800000
generated: 24185 / 800000
generated: 24236 / 800000
generated: 24280 / 800000
generated: 24330 / 800000
generated: 24378 / 800000
generated: 24422 / 800000
generated: 24484 / 800000
generated: 24538 / 800000
generated: 24576 / 800000
generated: 24630 / 800000
generated: 24668 / 800000
generated: 24727 / 800000
generated: 24780 / 800000
generated: 24829 / 800000
generated: 24879 / 800000
generated: 24932 / 800000
generated: 24980 / 800000
generated: 25038 / 800000
generated: 25092 / 800000
generated: 25140 / 800000
generated: 25193 / 800000
generated: 25236 / 800000
generated: 25285 / 800000
generated: 25335 / 800000
generated: 25388 / 800000
generated: 25436 / 800000
generated: 25495 / 800000
generated: 25542 / 800000
generated: 25598 / 800000
generated: 25656 / 800000
generated: 25708 / 800000
generated: 25767 / 800000
generated: 25808 / 800000
generated: 25851 / 800000
generated: 25904 / 800000
generated: 25950 / 800000
generated: 25992 / 800000
generated: 26038 / 800000
generated: 26086 / 800000
generated: 26142 / 800000
generated: 26190 / 800000
generated: 26239 / 800000
generated: 26276 / 800000
generated: 26326 / 800000
generated: 26383 / 800000
generated: 26434 / 800000
generated: 26485 / 800000
generated: 26526 / 800000
generated: 26589 / 800000
generated: 26642 / 800000
generated: 26700 / 800000
generated: 26761 / 800000
generated: 26817 / 800000
generated: 26864 / 800000
generated: 26914 / 800000
generated: 26957 / 800000
generated: 26994 / 800000
generated: 27038 / 800000
generated: 27100 / 800000
generated: 27138 / 800000
generated: 27190 / 800000
generated: 27243 / 800000
generated: 27297 / 800000
generated: 27350 / 800000
generated: 27409 / 800000
generated: 27461 / 800000
generated: 27512 / 800000
generated: 27561 / 800000
generated: 27610 / 800000
generated: 27673 / 800000
generated: 27720 / 800000
generated: 27767 / 800000
generated: 27815 / 800000
generated: 27863 / 800000
generated: 27919 / 800000
generated: 27975 / 800000
generated: 28031 / 800000
generated: 28084 / 800000
generated: 28136 / 800000
generated: 28177 / 800000
generated: 28233 / 800000
generated: 28281 / 800000
generated: 28344 / 800000
generated: 28379 / 800000
generated: 28431 / 800000
generated: 28488 / 800000
generated: 28531 / 800000
generated: 28585 / 800000
generated: 28644 / 800000
generated: 28708 / 800000
generated: 28750 / 800000
generated: 28814 / 800000
generated: 28883 / 800000
generated: 28940 / 800000
generated: 28989 / 800000
generated: 29036 / 800000
generated: 29089 / 800000
generated: 29133 / 800000
generated: 29192 / 800000
generated: 29248 / 800000
generated: 29301 / 800000
generated: 29340 / 800000
generated: 29403 / 800000
generated: 29469 / 800000
generated: 29514 / 800000
generated: 29572 / 800000
generated: 29630 / 800000
generated: 29686 / 800000
generated: 29733 / 800000
generated: 29794 / 800000
generated: 29844 / 800000
generated: 29897 / 800000
generated: 29957 / 800000
generated: 30000 / 800000
generated: 30055 / 800000
generated: 30104 / 800000
generated: 30151 / 800000
generated: 30206 / 800000
generated: 30252 / 800000
generated: 30307 / 800000
generated: 30364 / 800000
generated: 30413 / 800000
generated: 30469 / 800000
generated: 30516 / 800000
generated: 30564 / 800000
generated: 30601 / 800000
generated: 30650 / 800000
generated: 30687 / 800000
generated: 30742 / 800000
generated: 30801 / 800000
generated: 30861 / 800000
generated: 30922 / 800000
generated: 30967 / 800000
generated: 31005 / 800000
generated: 31059 / 800000
generated: 31106 / 800000
generated: 31157 / 800000
generated: 31206 / 800000
generated: 31253 / 800000
generated: 31304 / 800000
generated: 31360 / 800000
generated: 31409 / 800000
generated: 31463 / 800000
generated: 31505 / 800000
generated: 31557 / 800000
generated: 31617 / 800000
generated: 31666 / 800000
generated: 31709 / 800000
generated: 31766 / 800000
generated: 31822 / 800000
generated: 31862 / 800000
generated: 31913 / 800000
generated: 31968 / 800000
generated: 32017 / 800000
generated: 32072 / 800000
generated: 32126 / 800000
generated: 32184 / 800000
generated: 32237 / 800000
generated: 32274 / 800000
generated: 32320 / 800000
generated: 32365 / 800000
generated: 32410 / 800000
generated: 32462 / 800000
generated: 32507 / 800000
generated: 32560 / 800000
generated: 32610 / 800000
generated: 32663 / 800000
generated: 32712 / 800000
generated: 32768 / 800000
generated: 32807 / 800000
generated: 32858 / 800000
generated: 32902 / 800000
generated: 32961 / 800000
generated: 33014 / 800000
generated: 33063 / 800000
generated: 33113 / 800000
generated: 33159 / 800000
generated: 33207 / 800000
generated: 33261 / 800000
generated: 33313 / 800000
generated: 33363 / 800000
generated: 33406 / 800000
generated: 33451 / 800000
generated: 33514 / 800000
generated: 33556 / 800000
generated: 33602 / 800000
generated: 33655 / 800000
generated: 33707 / 800000
generated: 33757 / 800000
generated: 33818 / 800000
generated: 33876 / 800000
generated: 33930 / 800000
generated: 33976 / 800000
generated: 34021 / 800000
generated: 34078 / 800000
generated: 34119 / 800000
generated: 34167 / 800000
generated: 34216 / 800000
generated: 34260 / 800000
generated: 34312 / 800000
generated: 34365 / 800000
generated: 34404 / 800000
generated: 34447 / 800000
generated: 34506 / 800000
generated: 34558 / 800000
generated: 34600 / 800000
generated: 34657 / 800000
generated: 34704 / 800000
generated: 34760 / 800000
generated: 34808 / 800000
generated: 34861 / 800000
generated: 34905 / 800000
generated: 34962 / 800000
generated: 35011 / 800000
generated: 35052 / 800000
generated: 35085 / 800000
generated: 35132 / 800000
generated: 35184 / 800000
generated: 35225 / 800000
generated: 35265 / 800000
generated: 35315 / 800000
generated: 35353 / 800000
generated: 35401 / 800000
generated: 35447 / 800000
generated: 35506 / 800000
generated: 35558 / 800000
generated: 35602 / 800000
generated: 35651 / 800000
generated: 35704 / 800000
generated: 35754 / 800000
generated: 35803 / 800000
generated: 35857 / 800000
generated: 35909 / 800000
generated: 35969 / 800000
generated: 36012 / 800000
generated: 36063 / 800000
generated: 36115 / 800000
generated: 36162 / 800000
generated: 36215 / 800000
generated: 36269 / 800000
generated: 36320 / 800000
generated: 36367 / 800000
generated: 36420 / 800000
generated: 36464 / 800000
generated: 36523 / 800000
generated: 36572 / 800000
generated: 36620 / 800000
generated: 36670 / 800000
generated: 36727 / 800000
generated: 36765 / 800000
generated: 36821 / 800000
generated: 36865 / 800000
generated: 36925 / 800000
generated: 36967 / 800000
generated: 37016 / 800000
generated: 37075 / 800000
generated: 37123 / 800000
generated: 37184 / 800000
generated: 37236 / 800000
generated: 37303 / 800000
generated: 37372 / 800000
generated: 37416 / 800000
generated: 37471 / 800000
generated: 37526 / 800000
generated: 37570 / 800000
generated: 37615 / 800000
generated: 37666 / 800000
generated: 37714 / 800000
generated: 37762 / 800000
generated: 37809 / 800000
generated: 37872 / 800000
generated: 37920 / 800000
generated: 37976 / 800000
generated: 38038 / 800000
generated: 38080 / 800000
generated: 38128 / 800000
generated: 38181 / 800000
generated: 38240 / 800000
generated: 38291 / 800000
generated: 38349 / 800000
generated: 38395 / 800000
generated: 38443 / 800000
generated: 38479 / 800000
generated: 38540 / 800000
generated: 38593 / 800000
generated: 38634 / 800000
generated: 38687 / 800000
generated: 38743 / 800000
generated: 38793 / 800000
generated: 38855 / 800000
generated: 38902 / 800000
generated: 38947 / 800000
generated: 38994 / 800000
generated: 39035 / 800000
generated: 39085 / 800000
generated: 39134 / 800000
generated: 39170 / 800000
generated: 39223 / 800000
generated: 39267 / 800000
generated: 39318 / 800000
generated: 39365 / 800000
generated: 39412 / 800000
generated: 39464 / 800000
generated: 39514 / 800000
generated: 39573 / 800000
generated: 39620 / 800000
generated: 39668 / 800000
generated: 39725 / 800000
generated: 39776 / 800000
generated: 39810 / 800000
generated: 39851 / 800000
generated: 39904 / 800000
generated: 39945 / 800000
generated: 39999 / 800000
generated: 40041 / 800000
generated: 40086 / 800000
generated: 40140 / 800000
generated: 40199 / 800000
generated: 40251 / 800000
generated: 40306 / 800000
generated: 40383 / 800000
generated: 40427 / 800000
generated: 40477 / 800000
generated: 40534 / 800000
generated: 40601 / 800000
generated: 40640 / 800000
generated: 40694 / 800000
generated: 40740 / 800000
generated: 40792 / 800000
generated: 40845 / 800000
generated: 40898 / 800000
generated: 40951 / 800000
generated: 41003 / 800000
generated: 41051 / 800000
generated: 41092 / 800000
generated: 41140 / 800000
generated: 41187 / 800000
generated: 41234 / 800000
generated: 41287 / 800000
generated: 41332 / 800000
generated: 41378 / 800000
generated: 41437 / 800000
generated: 41486 / 800000
generated: 41533 / 800000
generated: 41572 / 800000
generated: 41624 / 800000
generated: 41676 / 800000
generated: 41727 / 800000
generated: 41781 / 800000
generated: 41827 / 800000
generated: 41872 / 800000
generated: 41921 / 800000
generated: 41962 / 800000
generated: 41997 / 800000
generated: 42047 / 800000
generated: 42107 / 800000
generated: 42146 / 800000
generated: 42194 / 800000
generated: 42253 / 800000
generated: 42305 / 800000
generated: 42370 / 800000
generated: 42433 / 800000
generated: 42482 / 800000
generated: 42538 / 800000
generated: 42580 / 800000
generated: 42631 / 800000
generated: 42678 / 800000
generated: 42734 / 800000
generated: 42784 / 800000
generated: 42829 / 800000
generated: 42874 / 800000
generated: 42923 / 800000
generated: 42965 / 800000
generated: 43027 / 800000
generated: 43089 / 800000
generated: 43156 / 800000
generated: 43201 / 800000
generated: 43248 / 800000
generated: 43292 / 800000
generated: 43329 / 800000
generated: 43386 / 800000
generated: 43432 / 800000
generated: 43481 / 800000
generated: 43533 / 800000
generated: 43578 / 800000
generated: 43612 / 800000
generated: 43673 / 800000
generated: 43711 / 800000
generated: 43768 / 800000
generated: 43810 / 800000
generated: 43866 / 800000
generated: 43907 / 800000
generated: 43948 / 800000
generated: 44005 / 800000
generated: 44063 / 800000
generated: 44125 / 800000
generated: 44170 / 800000
generated: 44216 / 800000
generated: 44270 / 800000
generated: 44315 / 800000
generated: 44379 / 800000
generated: 44437 / 800000
generated: 44506 / 800000
generated: 44546 / 800000
generated: 44596 / 800000
generated: 44637 / 800000
generated: 44692 / 800000
generated: 44745 / 800000
generated: 44801 / 800000
generated: 44855 / 800000
generated: 44899 / 800000
generated: 44942 / 800000
generated: 45002 / 800000
generated: 45064 / 800000
generated: 45114 / 800000
generated: 45154 / 800000
generated: 45199 / 800000
generated: 45245 / 800000
generated: 45305 / 800000
generated: 45353 / 800000
generated: 45405 / 800000
generated: 45456 / 800000
generated: 45500 / 800000
generated: 45550 / 800000
generated: 45600 / 800000
generated: 45653 / 800000
generated: 45713 / 800000
generated: 45773 / 800000
generated: 45827 / 800000
generated: 45880 / 800000
generated: 45939 / 800000
generated: 45987 / 800000
generated: 46040 / 800000
generated: 46087 / 800000
generated: 46138 / 800000
generated: 46191 / 800000
generated: 46235 / 800000
generated: 46294 / 800000
generated: 46349 / 800000
generated: 46394 / 800000
generated: 46448 / 800000
generated: 46498 / 800000
generated: 46547 / 800000
generated: 46590 / 800000
generated: 46640 / 800000
generated: 46690 / 800000
generated: 46742 / 800000
generated: 46803 / 800000
generated: 46847 / 800000
generated: 46888 / 800000
generated: 46939 / 800000
generated: 47000 / 800000
generated: 47049 / 800000
generated: 47108 / 800000
generated: 47166 / 800000
generated: 47220 / 800000
generated: 47267 / 800000
generated: 47316 / 800000
generated: 47356 / 800000
generated: 47392 / 800000
generated: 47439 / 800000
generated: 47481 / 800000
generated: 47532 / 800000
generated: 47591 / 800000
generated: 47639 / 800000
generated: 47688 / 800000
generated: 47736 / 800000
generated: 47772 / 800000
generated: 47815 / 800000
generated: 47861 / 800000
generated: 47910 / 800000
generated: 47968 / 800000
generated: 48009 / 800000
generated: 48062 / 800000
generated: 48113 / 800000
generated: 48164 / 800000
generated: 48214 / 800000
generated: 48265 / 800000
generated: 48315 / 800000
generated: 48366 / 800000
generated: 48405 / 800000
generated: 48458 / 800000
generated: 48505 / 800000
generated: 48559 / 800000
generated: 48601 / 800000
generated: 48642 / 800000
generated: 48698 / 800000
generated: 48747 / 800000
generated: 48801 / 800000
generated: 48852 / 800000
generated: 48896 / 800000
generated: 48952 / 800000
generated: 48996 / 800000
generated: 49050 / 800000
generated: 49099 / 800000
generated: 49154 / 800000
generated: 49204 / 800000
generated: 49263 / 800000
generated: 49310 / 800000
generated: 49361 / 800000
generated: 49422 / 800000
generated: 49465 / 800000
generated: 49520 / 800000
generated: 49581 / 800000
generated: 49621 / 800000
generated: 49673 / 800000
generated: 49719 / 800000
generated: 49765 / 800000
generated: 49809 / 800000
generated: 49857 / 800000
generated: 49899 / 800000
generated: 49953 / 800000
generated: 49997 / 800000
generated: 50036 / 800000
generated: 50086 / 800000
generated: 50138 / 800000
generated: 50190 / 800000
generated: 50242 / 800000
generated: 50290 / 800000
generated: 50338 / 800000
generated: 50392 / 800000
generated: 50442 / 800000
generated: 50490 / 800000
generated: 50541 / 800000
generated: 50591 / 800000
generated: 50641 / 800000
generated: 50688 / 800000
generated: 50737 / 800000
generated: 50783 / 800000
generated: 50837 / 800000
generated: 50885 / 800000
generated: 50937 / 800000
generated: 50979 / 800000
generated: 51020 / 800000
generated: 51065 / 800000
generated: 51113 / 800000
generated: 51163 / 800000
generated: 51215 / 800000
generated: 51265 / 800000
generated: 51317 / 800000
generated: 51372 / 800000
generated: 51430 / 800000
generated: 51473 / 800000
generated: 51529 / 800000
generated: 51576 / 800000
generated: 51630 / 800000
generated: 51694 / 800000
generated: 51736 / 800000
generated: 51790 / 800000
generated: 51841 / 800000
generated: 51887 / 800000
generated: 51940 / 800000
generated: 51999 / 800000
generated: 52053 / 800000
generated: 52105 / 800000
generated: 52157 / 800000
generated: 52206 / 800000
generated: 52251 / 800000
generated: 52310 / 800000
generated: 52351 / 800000
generated: 52405 / 800000
generated: 52455 / 800000
generated: 52510 / 800000
generated: 52556 / 800000
generated: 52614 / 800000
generated: 52663 / 800000
generated: 52718 / 800000
generated: 52757 / 800000
generated: 52805 / 800000
generated: 52847 / 800000
generated: 52902 / 800000
generated: 52954 / 800000
generated: 53010 / 800000
generated: 53072 / 800000
generated: 53111 / 800000
generated: 53156 / 800000
generated: 53217 / 800000
generated: 53270 / 800000
generated: 53319 / 800000
generated: 53371 / 800000
generated: 53412 / 800000
generated: 53463 / 800000
generated: 53508 / 800000
generated: 53563 / 800000
generated: 53605 / 800000
generated: 53656 / 800000
generated: 53704 / 800000
generated: 53756 / 800000
generated: 53802 / 800000
generated: 53846 / 800000
generated: 53902 / 800000
generated: 53948 / 800000
generated: 54006 / 800000
generated: 54048 / 800000
generated: 54101 / 800000
generated: 54149 / 800000
generated: 54200 / 800000
generated: 54241 / 800000
generated: 54296 / 800000
generated: 54352 / 800000
generated: 54404 / 800000
generated: 54447 / 800000
generated: 54504 / 800000
generated: 54544 / 800000
generated: 54600 / 800000
generated: 54653 / 800000
generated: 54709 / 800000
generated: 54765 / 800000
generated: 54819 / 800000
generated: 54871 / 800000
generated: 54926 / 800000
generated: 54975 / 800000
generated: 55026 / 800000
generated: 55079 / 800000
generated: 55131 / 800000
generated: 55180 / 800000
generated: 55243 / 800000
generated: 55293 / 800000
generated: 55334 / 800000
generated: 55371 / 800000
generated: 55421 / 800000
generated: 55467 / 800000
generated: 55520 / 800000
generated: 55570 / 800000
generated: 55632 / 800000
generated: 55683 / 800000
generated: 55738 / 800000
generated: 55779 / 800000
generated: 55832 / 800000
generated: 55889 / 800000
generated: 55944 / 800000
generated: 55992 / 800000
generated: 56039 / 800000
generated: 56084 / 800000
generated: 56138 / 800000
generated: 56185 / 800000
generated: 56239 / 800000
generated: 56287 / 800000
generated: 56324 / 800000
generated: 56379 / 800000
generated: 56426 / 800000
generated: 56475 / 800000
generated: 56512 / 800000
generated: 56561 / 800000
generated: 56606 / 800000
generated: 56664 / 800000
generated: 56720 / 800000
generated: 56767 / 800000
generated: 56817 / 800000
generated: 56866 / 800000
generated: 56913 / 800000
generated: 56964 / 800000
generated: 57012 / 800000
generated: 57066 / 800000
generated: 57116 / 800000
generated: 57167 / 800000
generated: 57214 / 800000
generated: 57253 / 800000
generated: 57305 / 800000
generated: 57362 / 800000
generated: 57403 / 800000
generated: 57446 / 800000
generated: 57504 / 800000
generated: 57551 / 800000
generated: 57604 / 800000
generated: 57652 / 800000
generated: 57697 / 800000
generated: 57746 / 800000
generated: 57812 / 800000
generated: 57862 / 800000
generated: 57910 / 800000
generated: 57957 / 800000
generated: 58002 / 800000
generated: 58053 / 800000
generated: 58108 / 800000
generated: 58157 / 800000
generated: 58216 / 800000
generated: 58278 / 800000
generated: 58327 / 800000
generated: 58380 / 800000
generated: 58425 / 800000
generated: 58483 / 800000
generated: 58525 / 800000
generated: 58564 / 800000
generated: 58603 / 800000
generated: 58650 / 800000
generated: 58706 / 800000
generated: 58765 / 800000
generated: 58817 / 800000
generated: 58851 / 800000
generated: 58908 / 800000
generated: 58950 / 800000
generated: 59007 / 800000
generated: 59069 / 800000
generated: 59124 / 800000
generated: 59172 / 800000
generated: 59227 / 800000
generated: 59278 / 800000
generated: 59326 / 800000
generated: 59370 / 800000
generated: 59423 / 800000
generated: 59477 / 800000
generated: 59524 / 800000
generated: 59587 / 800000
generated: 59641 / 800000
generated: 59709 / 800000
generated: 59757 / 800000
generated: 59812 / 800000
generated: 59876 / 800000
generated: 59922 / 800000
generated: 59978 / 800000
generated: 60029 / 800000
generated: 60064 / 800000
generated: 60112 / 800000
generated: 60165 / 800000
generated: 60217 / 800000
generated: 60263 / 800000
generated: 60311 / 800000
generated: 60356 / 800000
generated: 60402 / 800000
generated: 60453 / 800000
generated: 60500 / 800000
generated: 60555 / 800000
generated: 60610 / 800000
generated: 60671 / 800000
generated: 60726 / 800000
generated: 60776 / 800000
generated: 60822 / 800000
generated: 60868 / 800000
generated: 60922 / 800000
generated: 60973 / 800000
generated: 61027 / 800000
generated: 61069 / 800000
generated: 61124 / 800000
generated: 61174 / 800000
generated: 61221 / 800000
generated: 61272 / 800000
generated: 61322 / 800000
generated: 61390 / 800000
generated: 61434 / 800000
generated: 61480 / 800000
generated: 61533 / 800000
generated: 61581 / 800000
generated: 61628 / 800000
generated: 61681 / 800000
generated: 61726 / 800000
generated: 61768 / 800000
generated: 61824 / 800000
generated: 61878 / 800000
generated: 61933 / 800000
generated: 62000 / 800000
generated: 62054 / 800000
generated: 62113 / 800000
generated: 62163 / 800000
generated: 62217 / 800000
generated: 62284 / 800000
generated: 62336 / 800000
generated: 62376 / 800000
generated: 62424 / 800000
generated: 62474 / 800000
generated: 62510 / 800000
generated: 62557 / 800000
generated: 62597 / 800000
generated: 62648 / 800000
generated: 62704 / 800000
generated: 62754 / 800000
generated: 62799 / 800000
generated: 62843 / 800000
generated: 62893 / 800000
generated: 62948 / 800000
generated: 62994 / 800000
generated: 63038 / 800000
generated: 63078 / 800000
generated: 63118 / 800000
generated: 63187 / 800000
generated: 63245 / 800000
generated: 63293 / 800000
generated: 63339 / 800000
generated: 63386 / 800000
generated: 63435 / 800000
generated: 63488 / 800000
generated: 63544 / 800000
generated: 63588 / 800000
generated: 63643 / 800000
generated: 63691 / 800000
generated: 63764 / 800000
generated: 63812 / 800000
generated: 63867 / 800000
generated: 63923 / 800000
generated: 63972 / 800000
generated: 64016 / 800000
generated: 64069 / 800000
generated: 64126 / 800000
generated: 64182 / 800000
generated: 64227 / 800000
generated: 64294 / 800000
generated: 64344 / 800000
generated: 64397 / 800000
generated: 64455 / 800000
generated: 64504 / 800000
generated: 64553 / 800000
generated: 64599 / 800000
generated: 64648 / 800000
generated: 64699 / 800000
generated: 64740 / 800000
generated: 64791 / 800000
generated: 64836 / 800000
generated: 64883 / 800000
generated: 64933 / 800000
generated: 64994 / 800000
generated: 65047 / 800000
generated: 65106 / 800000
generated: 65157 / 800000
generated: 65194 / 800000
generated: 65246 / 800000
generated: 65303 / 800000
generated: 65349 / 800000
generated: 65406 / 800000
generated: 65454 / 800000
generated: 65499 / 800000
generated: 65561 / 800000
generated: 65605 / 800000
generated: 65651 / 800000
generated: 65704 / 800000
generated: 65751 / 800000
generated: 65801 / 800000
generated: 65850 / 800000
generated: 65904 / 800000
generated: 65956 / 800000
generated: 66018 / 800000
generated: 66072 / 800000
generated: 66129 / 800000
generated: 66172 / 800000
generated: 66234 / 800000
generated: 66273 / 800000
generated: 66324 / 800000
generated: 66376 / 800000
generated: 66427 / 800000
generated: 66478 / 800000
generated: 66523 / 800000
generated: 66569 / 800000
generated: 66619 / 800000
generated: 66663 / 800000
generated: 66722 / 800000
generated: 66788 / 800000
generated: 66830 / 800000
generated: 66875 / 800000
generated: 66916 / 800000
generated: 66973 / 800000
generated: 67016 / 800000
generated: 67055 / 800000
generated: 67113 / 800000
generated: 67163 / 800000
generated: 67207 / 800000
generated: 67255 / 800000
generated: 67301 / 800000
generated: 67345 / 800000
generated: 67395 / 800000
generated: 67448 / 800000
generated: 67492 / 800000
generated: 67553 / 800000
generated: 67600 / 800000
generated: 67655 / 800000
generated: 67702 / 800000
generated: 67754 / 800000
generated: 67800 / 800000
generated: 67848 / 800000
generated: 67898 / 800000
generated: 67950 / 800000
generated: 68014 / 800000
generated: 68068 / 800000
generated: 68104 / 800000
generated: 68161 / 800000
generated: 68204 / 800000
generated: 68247 / 800000
generated: 68299 / 800000
generated: 68346 / 800000
generated: 68397 / 800000
generated: 68436 / 800000
generated: 68488 / 800000
generated: 68527 / 800000
generated: 68569 / 800000
generated: 68616 / 800000
generated: 68671 / 800000
generated: 68715 / 800000
generated: 68778 / 800000
generated: 68833 / 800000
generated: 68882 / 800000
generated: 68916 / 800000
generated: 68970 / 800000
generated: 69010 / 800000
generated: 69056 / 800000
generated: 69113 / 800000
generated: 69160 / 800000
generated: 69208 / 800000
generated: 69254 / 800000
generated: 69306 / 800000
generated: 69346 / 800000
generated: 69399 / 800000
generated: 69455 / 800000
generated: 69506 / 800000
generated: 69541 / 800000
generated: 69589 / 800000
generated: 69633 / 800000
generated: 69680 / 800000
generated: 69729 / 800000
generated: 69779 / 800000
generated: 69837 / 800000
generated: 69891 / 800000
generated: 69941 / 800000
generated: 69983 / 800000
generated: 70029 / 800000
generated: 70081 / 800000
generated: 70119 / 800000
generated: 70157 / 800000
generated: 70191 / 800000
generated: 70249 / 800000
generated: 70298 / 800000
generated: 70340 / 800000
generated: 70393 / 800000
generated: 70425 / 800000
generated: 70471 / 800000
generated: 70517 / 800000
generated: 70579 / 800000
generated: 70624 / 800000
generated: 70664 / 800000
generated: 70698 / 800000
generated: 70757 / 800000
generated: 70808 / 800000
generated: 70854 / 800000
generated: 70896 / 800000
generated: 70944 / 800000
generated: 70989 / 800000
generated: 71040 / 800000
generated: 71100 / 800000
generated: 71144 / 800000
generated: 71193 / 800000
generated: 71241 / 800000
generated: 71282 / 800000
generated: 71328 / 800000
generated: 71374 / 800000
generated: 71427 / 800000
generated: 71481 / 800000
generated: 71528 / 800000
generated: 71576 / 800000
generated: 71622 / 800000
generated: 71663 / 800000
generated: 71712 / 800000
generated: 71752 / 800000
generated: 71803 / 800000
generated: 71864 / 800000
generated: 71914 / 800000
generated: 71961 / 800000
generated: 72017 / 800000
generated: 72066 / 800000
generated: 72114 / 800000
generated: 72157 / 800000
generated: 72220 / 800000
generated: 72259 / 800000
generated: 72302 / 800000
generated: 72353 / 800000
generated: 72397 / 800000
generated: 72451 / 800000
generated: 72506 / 800000
generated: 72564 / 800000
generated: 72615 / 800000
generated: 72669 / 800000
generated: 72711 / 800000
generated: 72763 / 800000
generated: 72810 / 800000
generated: 72857 / 800000
generated: 72902 / 800000
generated: 72962 / 800000
generated: 73007 / 800000
generated: 73061 / 800000
generated: 73123 / 800000
generated: 73177 / 800000
generated: 73229 / 800000
generated: 73284 / 800000
generated: 73334 / 800000
generated: 73395 / 800000
generated: 73450 / 800000
generated: 73495 / 800000
generated: 73544 / 800000
generated: 73606 / 800000
generated: 73663 / 800000
generated: 73709 / 800000
generated: 73760 / 800000
generated: 73812 / 800000
generated: 73866 / 800000
generated: 73906 / 800000
generated: 73948 / 800000
generated: 74001 / 800000
generated: 74048 / 800000
generated: 74108 / 800000
generated: 74160 / 800000
generated: 74219 / 800000
generated: 74273 / 800000
generated: 74313 / 800000
generated: 74371 / 800000
generated: 74403 / 800000
generated: 74447 / 800000
generated: 74495 / 800000
generated: 74544 / 800000
generated: 74583 / 800000
generated: 74632 / 800000
generated: 74680 / 800000
generated: 74737 / 800000
generated: 74788 / 800000
generated: 74831 / 800000
generated: 74875 / 800000
generated: 74917 / 800000
generated: 74969 / 800000
generated: 75030 / 800000
generated: 75069 / 800000
generated: 75101 / 800000
generated: 75158 / 800000
generated: 75199 / 800000
generated: 75252 / 800000
generated: 75291 / 800000
generated: 75342 / 800000
generated: 75392 / 800000
generated: 75436 / 800000
generated: 75485 / 800000
generated: 75535 / 800000
generated: 75584 / 800000
generated: 75622 / 800000
generated: 75675 / 800000
generated: 75718 / 800000
generated: 75777 / 800000
generated: 75831 / 800000
generated: 75895 / 800000
generated: 75944 / 800000
generated: 76006 / 800000
generated: 76049 / 800000
generated: 76102 / 800000
generated: 76164 / 800000
generated: 76204 / 800000
generated: 76256 / 800000
generated: 76295 / 800000
generated: 76352 / 800000
generated: 76405 / 800000
generated: 76458 / 800000
generated: 76508 / 800000
generated: 76551 / 800000
generated: 76603 / 800000
generated: 76647 / 800000
generated: 76705 / 800000
generated: 76758 / 800000
generated: 76813 / 800000
generated: 76854 / 800000
generated: 76908 / 800000
generated: 76959 / 800000
generated: 77015 / 800000
generated: 77077 / 800000
generated: 77130 / 800000
generated: 77169 / 800000
generated: 77219 / 800000
generated: 77279 / 800000
generated: 77344 / 800000
generated: 77397 / 800000
generated: 77457 / 800000
generated: 77510 / 800000
generated: 77570 / 800000
generated: 77629 / 800000
generated: 77677 / 800000
generated: 77731 / 800000
generated: 77786 / 800000
generated: 77843 / 800000
generated: 77881 / 800000
generated: 77935 / 800000
generated: 77988 / 800000
generated: 78037 / 800000
generated: 78086 / 800000
generated: 78134 / 800000
generated: 78183 / 800000
generated: 78232 / 800000
generated: 78288 / 800000
generated: 78335 / 800000
generated: 78389 / 800000
generated: 78437 / 800000
generated: 78484 / 800000
generated: 78530 / 800000
generated: 78578 / 800000
generated: 78624 / 800000
generated: 78677 / 800000
generated: 78729 / 800000
generated: 78778 / 800000
generated: 78823 / 800000
generated: 78877 / 800000
generated: 78924 / 800000
generated: 78968 / 800000
generated: 79021 / 800000
generated: 79066 / 800000
generated: 79114 / 800000
generated: 79168 / 800000
generated: 79215 / 800000
generated: 79271 / 800000
generated: 79319 / 800000
generated: 79373 / 800000
generated: 79426 / 800000
generated: 79484 / 800000
generated: 79541 / 800000
generated: 79586 / 800000
generated: 79639 / 800000
generated: 79690 / 800000
generated: 79749 / 800000
generated: 79796 / 800000
generated: 79842 / 800000
generated: 79889 / 800000
generated: 79936 / 800000
generated: 79990 / 800000
generated: 80035 / 800000
generated: 80073 / 800000
generated: 80133 / 800000
generated: 80184 / 800000
generated: 80254 / 800000
generated: 80314 / 800000
generated: 80367 / 800000
generated: 80408 / 800000
generated: 80456 / 800000
generated: 80504 / 800000
generated: 80550 / 800000
generated: 80598 / 800000
generated: 80642 / 800000
generated: 80682 / 800000
generated: 80739 / 800000
generated: 80787 / 800000
generated: 80840 / 800000
generated: 80902 / 800000
generated: 80953 / 800000
generated: 81011 / 800000
generated: 81065 / 800000
generated: 81107 / 800000
generated: 81156 / 800000
generated: 81215 / 800000
generated: 81252 / 800000
generated: 81302 / 800000
generated: 81350 / 800000
generated: 81386 / 800000
generated: 81448 / 800000
generated: 81503 / 800000
generated: 81554 / 800000
generated: 81607 / 800000
generated: 81660 / 800000
generated: 81709 / 800000
generated: 81765 / 800000
generated: 81815 / 800000
generated: 81861 / 800000
generated: 81918 / 800000
generated: 81974 / 800000
generated: 82027 / 800000
generated: 82072 / 800000
generated: 82116 / 800000
generated: 82159 / 800000
generated: 82210 / 800000
generated: 82270 / 800000
generated: 82338 / 800000
generated: 82380 / 800000
generated: 82435 / 800000
generated: 82481 / 800000
generated: 82534 / 800000
generated: 82595 / 800000
generated: 82649 / 800000
generated: 82686 / 800000
generated: 82759 / 800000
generated: 82802 / 800000
generated: 82843 / 800000
generated: 82886 / 800000
generated: 82943 / 800000
generated: 82984 / 800000
generated: 83028 / 800000
generated: 83079 / 800000
generated: 83126 / 800000
generated: 83170 / 800000
generated: 83218 / 800000
generated: 83283 / 800000
generated: 83324 / 800000
generated: 83372 / 800000
generated: 83413 / 800000
generated: 83464 / 800000
generated: 83509 / 800000
generated: 83555 / 800000
generated: 83612 / 800000
generated: 83650 / 800000
generated: 83707 / 800000
generated: 83757 / 800000
generated: 83797 / 800000
generated: 83860 / 800000
generated: 83906 / 800000
generated: 83959 / 800000
generated: 84012 / 800000
generated: 84052 / 800000
generated: 84087 / 800000
generated: 84130 / 800000
generated: 84180 / 800000
generated: 84228 / 800000
generated: 84283 / 800000
generated: 84332 / 800000
generated: 84375 / 800000
generated: 84415 / 800000
generated: 84462 / 800000
generated: 84508 / 800000
generated: 84558 / 800000
generated: 84604 / 800000
generated: 84659 / 800000
generated: 84707 / 800000
generated: 84760 / 800000
generated: 84796 / 800000
generated: 84849 / 800000
generated: 84899 / 800000
generated: 84951 / 800000
generated: 85003 / 800000
generated: 85040 / 800000
generated: 85092 / 800000
generated: 85144 / 800000
generated: 85195 / 800000
generated: 85242 / 800000
generated: 85286 / 800000
generated: 85329 / 800000
generated: 85383 / 800000
generated: 85442 / 800000
generated: 85495 / 800000
generated: 85559 / 800000
generated: 85605 / 800000
generated: 85662 / 800000
generated: 85718 / 800000
generated: 85775 / 800000
generated: 85832 / 800000
generated: 85887 / 800000
generated: 85931 / 800000
generated: 85974 / 800000
generated: 86028 / 800000
generated: 86084 / 800000
generated: 86137 / 800000
generated: 86199 / 800000
generated: 86264 / 800000
generated: 86308 / 800000
generated: 86359 / 800000
generated: 86419 / 800000
generated: 86471 / 800000
generated: 86517 / 800000
generated: 86562 / 800000
generated: 86627 / 800000
generated: 86694 / 800000
generated: 86752 / 800000
generated: 86804 / 800000
generated: 86856 / 800000
generated: 86895 / 800000
generated: 86952 / 800000
generated: 87006 / 800000
generated: 87041 / 800000
generated: 87096 / 800000
generated: 87150 / 800000
generated: 87203 / 800000
generated: 87261 / 800000
generated: 87315 / 800000
generated: 87365 / 800000
generated: 87417 / 800000
generated: 87473 / 800000
generated: 87538 / 800000
generated: 87586 / 800000
generated: 87643 / 800000
generated: 87692 / 800000
generated: 87738 / 800000
generated: 87787 / 800000
generated: 87821 / 800000
generated: 87874 / 800000
generated: 87929 / 800000
generated: 87968 / 800000
generated: 88013 / 800000
generated: 88063 / 800000
generated: 88099 / 800000
generated: 88137 / 800000
generated: 88202 / 800000
generated: 88242 / 800000
generated: 88300 / 800000
generated: 88346 / 800000
generated: 88390 / 800000
generated: 88436 / 800000
generated: 88486 / 800000
generated: 88523 / 800000
generated: 88578 / 800000
generated: 88640 / 800000
generated: 88685 / 800000
generated: 88725 / 800000
generated: 88768 / 800000
generated: 88820 / 800000
generated: 88865 / 800000
generated: 88908 / 800000
generated: 88944 / 800000
generated: 89000 / 800000
generated: 89050 / 800000
generated: 89110 / 800000
generated: 89166 / 800000
generated: 89217 / 800000
generated: 89259 / 800000
generated: 89314 / 800000
generated: 89367 / 800000
generated: 89420 / 800000
generated: 89468 / 800000
generated: 89523 / 800000
generated: 89569 / 800000
generated: 89617 / 800000
generated: 89660 / 800000
generated: 89714 / 800000
generated: 89766 / 800000
generated: 89817 / 800000
generated: 89866 / 800000
generated: 89910 / 800000
generated: 89962 / 800000
generated: 90012 / 800000
generated: 90068 / 800000
generated: 90104 / 800000
generated: 90155 / 800000
generated: 90200 / 800000
generated: 90253 / 800000
generated: 90300 / 800000
generated: 90359 / 800000
generated: 90403 / 800000
generated: 90462 / 800000
generated: 90505 / 800000
generated: 90549 / 800000
generated: 90595 / 800000
generated: 90651 / 800000
generated: 90692 / 800000
generated: 90734 / 800000
generated: 90793 / 800000
generated: 90841 / 800000
generated: 90888 / 800000
generated: 90943 / 800000
generated: 90978 / 800000
generated: 91017 / 800000
generated: 91079 / 800000
generated: 91128 / 800000
generated: 91184 / 800000
generated: 91236 / 800000
generated: 91284 / 800000
generated: 91323 / 800000
generated: 91372 / 800000
generated: 91418 / 800000
generated: 91477 / 800000
generated: 91535 / 800000
generated: 91581 / 800000
generated: 91630 / 800000
generated: 91680 / 800000
generated: 91736 / 800000
generated: 91785 / 800000
generated: 91835 / 800000
generated: 91876 / 800000
generated: 91917 / 800000
generated: 91966 / 800000
generated: 91997 / 800000
generated: 92035 / 800000
generated: 92076 / 800000
generated: 92127 / 800000
generated: 92172 / 800000
generated: 92224 / 800000
generated: 92267 / 800000
generated: 92319 / 800000
generated: 92370 / 800000
generated: 92425 / 800000
generated: 92481 / 800000
generated: 92540 / 800000
generated: 92592 / 800000
generated: 92641 / 800000
generated: 92688 / 800000
generated: 92745 / 800000
generated: 92786 / 800000
generated: 92824 / 800000
generated: 92881 / 800000
generated: 92928 / 800000
generated: 92975 / 800000
generated: 93024 / 800000
generated: 93086 / 800000
generated: 93133 / 800000
generated: 93193 / 800000
generated: 93242 / 800000
generated: 93295 / 800000
generated: 93342 / 800000
generated: 93400 / 800000
generated: 93461 / 800000
generated: 93514 / 800000
generated: 93562 / 800000
generated: 93621 / 800000
generated: 93677 / 800000
generated: 93724 / 800000
generated: 93773 / 800000
generated: 93822 / 800000
generated: 93878 / 800000
generated: 93928 / 800000
generated: 93963 / 800000
generated: 94030 / 800000
generated: 94085 / 800000
generated: 94134 / 800000
generated: 94181 / 800000
generated: 94232 / 800000
generated: 94284 / 800000
generated: 94328 / 800000
generated: 94398 / 800000
generated: 94453 / 800000
generated: 94501 / 800000
generated: 94545 / 800000
generated: 94617 / 800000
generated: 94668 / 800000
generated: 94721 / 800000
generated: 94756 / 800000
generated: 94805 / 800000
generated: 94850 / 800000
generated: 94904 / 800000
generated: 94963 / 800000
generated: 95007 / 800000
generated: 95056 / 800000
generated: 95103 / 800000
generated: 95148 / 800000
generated: 95193 / 800000
generated: 95239 / 800000
generated: 95299 / 800000
generated: 95338 / 800000
generated: 95379 / 800000
generated: 95430 / 800000
generated: 95482 / 800000
generated: 95536 / 800000
generated: 95594 / 800000
generated: 95639 / 800000
generated: 95682 / 800000
generated: 95728 / 800000
generated: 95793 / 800000
generated: 95846 / 800000
generated: 95891 / 800000
generated: 95938 / 800000
generated: 96002 / 800000
generated: 96052 / 800000
generated: 96091 / 800000
generated: 96136 / 800000
generated: 96188 / 800000
generated: 96236 / 800000
generated: 96295 / 800000
generated: 96351 / 800000
generated: 96402 / 800000
generated: 96458 / 800000
generated: 96499 / 800000
generated: 96551 / 800000
generated: 96595 / 800000
generated: 96649 / 800000
generated: 96692 / 800000
generated: 96743 / 800000
generated: 96787 / 800000
generated: 96830 / 800000
generated: 96888 / 800000
generated: 96934 / 800000
generated: 96987 / 800000
generated: 97039 / 800000
generated: 97091 / 800000
generated: 97145 / 800000
generated: 97192 / 800000
generated: 97230 / 800000
generated: 97274 / 800000
generated: 97315 / 800000
generated: 97361 / 800000
generated: 97410 / 800000
generated: 97463 / 800000
generated: 97514 / 800000
generated: 97572 / 800000
generated: 97617 / 800000
generated: 97665 / 800000
generated: 97710 / 800000
generated: 97769 / 800000
generated: 97810 / 800000
generated: 97842 / 800000
generated: 97891 / 800000
generated: 97933 / 800000
generated: 97981 / 800000
generated: 98033 / 800000
generated: 98074 / 800000
generated: 98126 / 800000
generated: 98167 / 800000
generated: 98201 / 800000
generated: 98257 / 800000
generated: 98307 / 800000
generated: 98357 / 800000
generated: 98414 / 800000
generated: 98460 / 800000
generated: 98517 / 800000
generated: 98571 / 800000
generated: 98616 / 800000
generated: 98667 / 800000
generated: 98715 / 800000
generated: 98756 / 800000
generated: 98812 / 800000
generated: 98861 / 800000
generated: 98915 / 800000
generated: 98972 / 800000
generated: 99018 / 800000
generated: 99062 / 800000
generated: 99118 / 800000
generated: 99166 / 800000
generated: 99212 / 800000
generated: 99260 / 800000
generated: 99312 / 800000
generated: 99366 / 800000
generated: 99411 / 800000
generated: 99449 / 800000
generated: 99497 / 800000
generated: 99538 / 800000
generated: 99603 / 800000
generated: 99664 / 800000
generated: 99718 / 800000
generated: 99762 / 800000
generated: 99807 / 800000
generated: 99858 / 800000
generated: 99910 / 800000
generated: 99973 / 800000
generated: 100006 / 800000
generated: 100050 / 800000
generated: 100098 / 800000
generated: 100152 / 800000
generated: 100186 / 800000
generated: 100242 / 800000
generated: 100294 / 800000
generated: 100340 / 800000
generated: 100386 / 800000
generated: 100426 / 800000
generated: 100470 / 800000
generated: 100535 / 800000
generated: 100579 / 800000
generated: 100627 / 800000
generated: 100658 / 800000
generated: 100704 / 800000
generated: 100765 / 800000
generated: 100820 / 800000
generated: 100863 / 800000
generated: 100908 / 800000
generated: 100957 / 800000
generated: 100996 / 800000
generated: 101052 / 800000
generated: 101097 / 800000
generated: 101154 / 800000
generated: 101205 / 800000
generated: 101250 / 800000
generated: 101294 / 800000
generated: 101345 / 800000
generated: 101393 / 800000
generated: 101435 / 800000
generated: 101495 / 800000
generated: 101541 / 800000
generated: 101589 / 800000
generated: 101636 / 800000
generated: 101686 / 800000
generated: 101720 / 800000
generated: 101771 / 800000
generated: 101829 / 800000
generated: 101866 / 800000
generated: 101910 / 800000
generated: 101966 / 800000
generated: 102007 / 800000
generated: 102060 / 800000
generated: 102105 / 800000
generated: 102157 / 800000
generated: 102206 / 800000
generated: 102244 / 800000
generated: 102293 / 800000
generated: 102336 / 800000
generated: 102396 / 800000
generated: 102454 / 800000
generated: 102508 / 800000
generated: 102568 / 800000
generated: 102606 / 800000
generated: 102664 / 800000
generated: 102719 / 800000
generated: 102766 / 800000
generated: 102817 / 800000
generated: 102871 / 800000
generated: 102940 / 800000
generated: 102989 / 800000
generated: 103044 / 800000
generated: 103096 / 800000
generated: 103142 / 800000
generated: 103181 / 800000
generated: 103246 / 800000
generated: 103294 / 800000
generated: 103344 / 800000
generated: 103387 / 800000
generated: 103442 / 800000
generated: 103503 / 800000
generated: 103550 / 800000
generated: 103615 / 800000
generated: 103673 / 800000
generated: 103734 / 800000
generated: 103784 / 800000
generated: 103834 / 800000
generated: 103889 / 800000
generated: 103941 / 800000
generated: 103995 / 800000
generated: 104039 / 800000
generated: 104088 / 800000
generated: 104127 / 800000
generated: 104175 / 800000
generated: 104223 / 800000
generated: 104281 / 800000
generated: 104317 / 800000
generated: 104367 / 800000
generated: 104413 / 800000
generated: 104463 / 800000
generated: 104503 / 800000
generated: 104553 / 800000
generated: 104602 / 800000
generated: 104650 / 800000
generated: 104704 / 800000
generated: 104753 / 800000
generated: 104810 / 800000
generated: 104867 / 800000
generated: 104907 / 800000
generated: 104961 / 800000
generated: 105011 / 800000
generated: 105059 / 800000
generated: 105105 / 800000
generated: 105148 / 800000
generated: 105201 / 800000
generated: 105254 / 800000
generated: 105297 / 800000
generated: 105349 / 800000
generated: 105391 / 800000
generated: 105443 / 800000
generated: 105501 / 800000
generated: 105545 / 800000
generated: 105604 / 800000
generated: 105651 / 800000
generated: 105704 / 800000
generated: 105759 / 800000
generated: 105811 / 800000
generated: 105861 / 800000
generated: 105907 / 800000
generated: 105966 / 800000
generated: 106015 / 800000
generated: 106063 / 800000
generated: 106116 / 800000
generated: 106162 / 800000
generated: 106206 / 800000
generated: 106251 / 800000
generated: 106295 / 800000
generated: 106352 / 800000
generated: 106411 / 800000
generated: 106453 / 800000
generated: 106504 / 800000
generated: 106549 / 800000
generated: 106601 / 800000
generated: 106650 / 800000
generated: 106699 / 800000
generated: 106759 / 800000
generated: 106801 / 800000
generated: 106854 / 800000
generated: 106894 / 800000
generated: 106944 / 800000
generated: 106998 / 800000
generated: 107049 / 800000
generated: 107102 / 800000
generated: 107142 / 800000
generated: 107183 / 800000
generated: 107234 / 800000
generated: 107281 / 800000
generated: 107346 / 800000
generated: 107405 / 800000
generated: 107457 / 800000
generated: 107505 / 800000
generated: 107545 / 800000
generated: 107595 / 800000
generated: 107658 / 800000
generated: 107715 / 800000
generated: 107774 / 800000
generated: 107818 / 800000
generated: 107864 / 800000
generated: 107923 / 800000
generated: 107969 / 800000
generated: 108025 / 800000
generated: 108069 / 800000
generated: 108115 / 800000
generated: 108164 / 800000
generated: 108208 / 800000
generated: 108253 / 800000
generated: 108298 / 800000
generated: 108346 / 800000
generated: 108393 / 800000
generated: 108443 / 800000
generated: 108484 / 800000
generated: 108519 / 800000
generated: 108556 / 800000
generated: 108598 / 800000
generated: 108653 / 800000
generated: 108696 / 800000
generated: 108737 / 800000
generated: 108794 / 800000
generated: 108841 / 800000
generated: 108884 / 800000
generated: 108930 / 800000
generated: 108981 / 800000
generated: 109046 / 800000
generated: 109087 / 800000
generated: 109147 / 800000
generated: 109188 / 800000
generated: 109235 / 800000
generated: 109281 / 800000
generated: 109337 / 800000
generated: 109384 / 800000
generated: 109425 / 800000
generated: 109478 / 800000
generated: 109535 / 800000
generated: 109590 / 800000
generated: 109636 / 800000
generated: 109671 / 800000
generated: 109733 / 800000
generated: 109773 / 800000
generated: 109830 / 800000
generated: 109876 / 800000
generated: 109922 / 800000
generated: 109972 / 800000
generated: 110028 / 800000
generated: 110075 / 800000
generated: 110126 / 800000
generated: 110181 / 800000
generated: 110230 / 800000
generated: 110278 / 800000
generated: 110336 / 800000
generated: 110384 / 800000
generated: 110425 / 800000
generated: 110477 / 800000
generated: 110526 / 800000
generated: 110580 / 800000
generated: 110625 / 800000
generated: 110684 / 800000
generated: 110741 / 800000
generated: 110796 / 800000
generated: 110843 / 800000
generated: 110898 / 800000
generated: 110945 / 800000
generated: 111000 / 800000
generated: 111036 / 800000
generated: 111086 / 800000
generated: 111136 / 800000
generated: 111195 / 800000
generated: 111243 / 800000
generated: 111291 / 800000
generated: 111332 / 800000
generated: 111374 / 800000
generated: 111425 / 800000
generated: 111461 / 800000
generated: 111519 / 800000
generated: 111567 / 800000
generated: 111615 / 800000
generated: 111668 / 800000
generated: 111724 / 800000
generated: 111765 / 800000
generated: 111801 / 800000
generated: 111859 / 800000
generated: 111911 / 800000
generated: 111961 / 800000
generated: 112009 / 800000
generated: 112063 / 800000
generated: 112111 / 800000
generated: 112163 / 800000
generated: 112216 / 800000
generated: 112267 / 800000
generated: 112315 / 800000
generated: 112372 / 800000
generated: 112414 / 800000
generated: 112459 / 800000
generated: 112507 / 800000
generated: 112543 / 800000
generated: 112593 / 800000
generated: 112642 / 800000
generated: 112690 / 800000
generated: 112724 / 800000
generated: 112776 / 800000
generated: 112837 / 800000
generated: 112893 / 800000
generated: 112949 / 800000
generated: 112998 / 800000
generated: 113044 / 800000
generated: 113102 / 800000
generated: 113158 / 800000
generated: 113202 / 800000
generated: 113246 / 800000
generated: 113306 / 800000
generated: 113352 / 800000
generated: 113398 / 800000
generated: 113446 / 800000
generated: 113505 / 800000
generated: 113545 / 800000
generated: 113593 / 800000
generated: 113638 / 800000
generated: 113678 / 800000
generated: 113727 / 800000
generated: 113776 / 800000
generated: 113820 / 800000
generated: 113864 / 800000
generated: 113922 / 800000
generated: 113970 / 800000
generated: 114015 / 800000
generated: 114071 / 800000
generated: 114115 / 800000
generated: 114181 / 800000
generated: 114226 / 800000
generated: 114267 / 800000
generated: 114313 / 800000
generated: 114367 / 800000
generated: 114412 / 800000
generated: 114458 / 800000
generated: 114488 / 800000
generated: 114541 / 800000
generated: 114584 / 800000
generated: 114627 / 800000
generated: 114680 / 800000
generated: 114724 / 800000
generated: 114780 / 800000
generated: 114828 / 800000
generated: 114873 / 800000
generated: 114927 / 800000
generated: 114980 / 800000
generated: 115041 / 800000
generated: 115097 / 800000
generated: 115149 / 800000
generated: 115204 / 800000
generated: 115259 / 800000
generated: 115310 / 800000
generated: 115369 / 800000
generated: 115419 / 800000
generated: 115466 / 800000
generated: 115526 / 800000
generated: 115568 / 800000
generated: 115616 / 800000
generated: 115672 / 800000
generated: 115726 / 800000
generated: 115777 / 800000
generated: 115830 / 800000
generated: 115879 / 800000
generated: 115927 / 800000
generated: 115970 / 800000
generated: 116029 / 800000
generated: 116085 / 800000
generated: 116143 / 800000
generated: 116188 / 800000
generated: 116252 / 800000
generated: 116288 / 800000
generated: 116349 / 800000
generated: 116406 / 800000
generated: 116459 / 800000
generated: 116498 / 800000
generated: 116531 / 800000
generated: 116566 / 800000
generated: 116607 / 800000
generated: 116663 / 800000
generated: 116711 / 800000
generated: 116771 / 800000
generated: 116832 / 800000
generated: 116879 / 800000
generated: 116939 / 800000
generated: 116987 / 800000
generated: 117037 / 800000
generated: 117104 / 800000
generated: 117163 / 800000
generated: 117207 / 800000
generated: 117254 / 800000
generated: 117302 / 800000
generated: 117344 / 800000
generated: 117386 / 800000
generated: 117431 / 800000
generated: 117487 / 800000
generated: 117535 / 800000
generated: 117587 / 800000
generated: 117649 / 800000
generated: 117694 / 800000
generated: 117743 / 800000
generated: 117789 / 800000
generated: 117840 / 800000
generated: 117878 / 800000
generated: 117921 / 800000
generated: 117974 / 800000
generated: 118022 / 800000
generated: 118069 / 800000
generated: 118130 / 800000
generated: 118189 / 800000
generated: 118238 / 800000
generated: 118295 / 800000
generated: 118345 / 800000
generated: 118401 / 800000
generated: 118446 / 800000
generated: 118489 / 800000
generated: 118547 / 800000
generated: 118607 / 800000
generated: 118656 / 800000
generated: 118692 / 800000
generated: 118728 / 800000
generated: 118780 / 800000
generated: 118842 / 800000
generated: 118888 / 800000
generated: 118948 / 800000
generated: 119005 / 800000
generated: 119056 / 800000
generated: 119115 / 800000
generated: 119165 / 800000
generated: 119217 / 800000
generated: 119263 / 800000
generated: 119306 / 800000
generated: 119353 / 800000
generated: 119403 / 800000
generated: 119449 / 800000
generated: 119506 / 800000
generated: 119550 / 800000
generated: 119594 / 800000
generated: 119634 / 800000
generated: 119681 / 800000
generated: 119718 / 800000
generated: 119767 / 800000
generated: 119814 / 800000
generated: 119852 / 800000
generated: 119913 / 800000
generated: 119959 / 800000
generated: 120024 / 800000
generated: 120074 / 800000
generated: 120129 / 800000
generated: 120176 / 800000
generated: 120220 / 800000
generated: 120268 / 800000
generated: 120311 / 800000
generated: 120349 / 800000
generated: 120404 / 800000
generated: 120446 / 800000
generated: 120490 / 800000
generated: 120536 / 800000
generated: 120585 / 800000
generated: 120636 / 800000
generated: 120681 / 800000
generated: 120726 / 800000
generated: 120789 / 800000
generated: 120845 / 800000
generated: 120902 / 800000
generated: 120950 / 800000
generated: 121003 / 800000
generated: 121051 / 800000
generated: 121105 / 800000
generated: 121153 / 800000
generated: 121208 / 800000
generated: 121253 / 800000
generated: 121305 / 800000
generated: 121355 / 800000
generated: 121405 / 800000
generated: 121455 / 800000
generated: 121506 / 800000
generated: 121556 / 800000
generated: 121610 / 800000
generated: 121663 / 800000
generated: 121712 / 800000
generated: 121749 / 800000
generated: 121806 / 800000
generated: 121851 / 800000
generated: 121916 / 800000
generated: 121969 / 800000
generated: 122021 / 800000
generated: 122074 / 800000
generated: 122127 / 800000
generated: 122190 / 800000
generated: 122237 / 800000
generated: 122285 / 800000
generated: 122325 / 800000
generated: 122372 / 800000
generated: 122422 / 800000
generated: 122457 / 800000
generated: 122512 / 800000
generated: 122563 / 800000
generated: 122608 / 800000
generated: 122661 / 800000
generated: 122698 / 800000
generated: 122748 / 800000
generated: 122795 / 800000
generated: 122850 / 800000
generated: 122902 / 800000
generated: 122950 / 800000
generated: 123011 / 800000
generated: 123069 / 800000
generated: 123113 / 800000
generated: 123161 / 800000
generated: 123208 / 800000
generated: 123264 / 800000
generated: 123302 / 800000
generated: 123361 / 800000
generated: 123398 / 800000
generated: 123459 / 800000
generated: 123505 / 800000
generated: 123560 / 800000
generated: 123616 / 800000
generated: 123666 / 800000
generated: 123713 / 800000
generated: 123763 / 800000
generated: 123809 / 800000
generated: 123863 / 800000
generated: 123916 / 800000
generated: 123974 / 800000
generated: 124023 / 800000
generated: 124079 / 800000
generated: 124135 / 800000
generated: 124188 / 800000
generated: 124242 / 800000
generated: 124292 / 800000
generated: 124340 / 800000
generated: 124372 / 800000
generated: 124415 / 800000
generated: 124472 / 800000
generated: 124505 / 800000
generated: 124559 / 800000
generated: 124611 / 800000
generated: 124654 / 800000
generated: 124707 / 800000
generated: 124753 / 800000
generated: 124807 / 800000
generated: 124848 / 800000
generated: 124895 / 800000
generated: 124939 / 800000
generated: 124982 / 800000
generated: 125030 / 800000
generated: 125080 / 800000
generated: 125124 / 800000
generated: 125162 / 800000
generated: 125208 / 800000
generated: 125251 / 800000
generated: 125304 / 800000
generated: 125360 / 800000
generated: 125408 / 800000
generated: 125440 / 800000
generated: 125497 / 800000
generated: 125541 / 800000
generated: 125594 / 800000
generated: 125647 / 800000
generated: 125697 / 800000
generated: 125740 / 800000
generated: 125784 / 800000
generated: 125846 / 800000
generated: 125897 / 800000
generated: 125948 / 800000
generated: 126001 / 800000
generated: 126051 / 800000
generated: 126102 / 800000
generated: 126148 / 800000
generated: 126197 / 800000
generated: 126251 / 800000
generated: 126305 / 800000
generated: 126357 / 800000
generated: 126426 / 800000
generated: 126477 / 800000
generated: 126522 / 800000
generated: 126582 / 800000
generated: 126636 / 800000
generated: 126695 / 800000
generated: 126746 / 800000
generated: 126789 / 800000
generated: 126833 / 800000
generated: 126878 / 800000
generated: 126936 / 800000
generated: 126982 / 800000
generated: 127030 / 800000
generated: 127088 / 800000
generated: 127130 / 800000
generated: 127181 / 800000
generated: 127229 / 800000
generated: 127273 / 800000
generated: 127315 / 800000
generated: 127369 / 800000
generated: 127422 / 800000
generated: 127467 / 800000
generated: 127539 / 800000
generated: 127594 / 800000
generated: 127640 / 800000
generated: 127693 / 800000
generated: 127747 / 800000
generated: 127782 / 800000
generated: 127832 / 800000
generated: 127880 / 800000
generated: 127912 / 800000
generated: 127959 / 800000
generated: 128020 / 800000
generated: 128077 / 800000
generated: 128121 / 800000
generated: 128162 / 800000
generated: 128204 / 800000
generated: 128260 / 800000
generated: 128310 / 800000
generated: 128368 / 800000
generated: 128415 / 800000
generated: 128464 / 800000
generated: 128506 / 800000
generated: 128545 / 800000
generated: 128606 / 800000
generated: 128659 / 800000
generated: 128703 / 800000
generated: 128750 / 800000
generated: 128796 / 800000
generated: 128844 / 800000
generated: 128899 / 800000
generated: 128944 / 800000
generated: 129001 / 800000
generated: 129045 / 800000
generated: 129092 / 800000
generated: 129137 / 800000
generated: 129183 / 800000
generated: 129230 / 800000
generated: 129281 / 800000
generated: 129333 / 800000
generated: 129403 / 800000
generated: 129456 / 800000
generated: 129510 / 800000
generated: 129562 / 800000
generated: 129617 / 800000
generated: 129660 / 800000
generated: 129712 / 800000
generated: 129771 / 800000
generated: 129818 / 800000
generated: 129867 / 800000
generated: 129926 / 800000
generated: 129982 / 800000
generated: 130030 / 800000
generated: 130084 / 800000
generated: 130136 / 800000
generated: 130180 / 800000
generated: 130231 / 800000
generated: 130264 / 800000
generated: 130315 / 800000
generated: 130370 / 800000
generated: 130418 / 800000
generated: 130472 / 800000
generated: 130530 / 800000
generated: 130590 / 800000
generated: 130645 / 800000
generated: 130705 / 800000
generated: 130759 / 800000
generated: 130820 / 800000
generated: 130868 / 800000
generated: 130913 / 800000
generated: 130954 / 800000
generated: 131011 / 800000
generated: 131066 / 800000
generated: 131128 / 800000
generated: 131175 / 800000
generated: 131227 / 800000
generated: 131285 / 800000
generated: 131332 / 800000
generated: 131388 / 800000
generated: 131445 / 800000
generated: 131494 / 800000
generated: 131539 / 800000
generated: 131585 / 800000
generated: 131620 / 800000
generated: 131677 / 800000
generated: 131730 / 800000
generated: 131776 / 800000
generated: 131819 / 800000
generated: 131881 / 800000
generated: 131935 / 800000
generated: 131982 / 800000
generated: 132032 / 800000
generated: 132078 / 800000
generated: 132129 / 800000
generated: 132182 / 800000
generated: 132236 / 800000
generated: 132286 / 800000
generated: 132362 / 800000
generated: 132409 / 800000
generated: 132463 / 800000
generated: 132518 / 800000
generated: 132559 / 800000
generated: 132617 / 800000
generated: 132674 / 800000
generated: 132726 / 800000
generated: 132788 / 800000
generated: 132836 / 800000
generated: 132892 / 800000
generated: 132945 / 800000
generated: 132987 / 800000
generated: 133032 / 800000
generated: 133078 / 800000
generated: 133135 / 800000
generated: 133181 / 800000
generated: 133231 / 800000
generated: 133282 / 800000
generated: 133325 / 800000
generated: 133370 / 800000
generated: 133420 / 800000
generated: 133476 / 800000
generated: 133528 / 800000
generated: 133577 / 800000
generated: 133624 / 800000
generated: 133679 / 800000
generated: 133730 / 800000
generated: 133783 / 800000
generated: 133828 / 800000
generated: 133883 / 800000
generated: 133931 / 800000
generated: 133977 / 800000
generated: 134032 / 800000
generated: 134081 / 800000
generated: 134137 / 800000
generated: 134196 / 800000
generated: 134246 / 800000
generated: 134290 / 800000
generated: 134345 / 800000
generated: 134391 / 800000
generated: 134432 / 800000
generated: 134491 / 800000
generated: 134536 / 800000
generated: 134577 / 800000
generated: 134640 / 800000
generated: 134690 / 800000
generated: 134733 / 800000
generated: 134780 / 800000
generated: 134827 / 800000
generated: 134877 / 800000
generated: 134933 / 800000
generated: 134988 / 800000
generated: 135040 / 800000
generated: 135095 / 800000
generated: 135142 / 800000
generated: 135206 / 800000
generated: 135265 / 800000
generated: 135321 / 800000
generated: 135379 / 800000
generated: 135418 / 800000
generated: 135468 / 800000
generated: 135525 / 800000
generated: 135571 / 800000
generated: 135616 / 800000
generated: 135679 / 800000
generated: 135726 / 800000
generated: 135797 / 800000
generated: 135855 / 800000
generated: 135909 / 800000
generated: 135961 / 800000
generated: 135996 / 800000
generated: 136036 / 800000
generated: 136082 / 800000
generated: 136129 / 800000
generated: 136187 / 800000
generated: 136225 / 800000
generated: 136277 / 800000
generated: 136316 / 800000
generated: 136365 / 800000
generated: 136421 / 800000
generated: 136465 / 800000
generated: 136513 / 800000
generated: 136566 / 800000
generated: 136616 / 800000
generated: 136669 / 800000
generated: 136726 / 800000
generated: 136771 / 800000
generated: 136810 / 800000
generated: 136847 / 800000
generated: 136908 / 800000
generated: 136967 / 800000
generated: 137025 / 800000
generated: 137077 / 800000
generated: 137122 / 800000
generated: 137179 / 800000
generated: 137228 / 800000
generated: 137276 / 800000
generated: 137329 / 800000
generated: 137379 / 800000
generated: 137424 / 800000
generated: 137476 / 800000
generated: 137537 / 800000
generated: 137599 / 800000
generated: 137647 / 800000
generated: 137691 / 800000
generated: 137744 / 800000
generated: 137809 / 800000
generated: 137859 / 800000
generated: 137902 / 800000
generated: 137954 / 800000
generated: 138007 / 800000
generated: 138064 / 800000
generated: 138119 / 800000
generated: 138167 / 800000
generated: 138208 / 800000
generated: 138248 / 800000
generated: 138304 / 800000
generated: 138354 / 800000
generated: 138414 / 800000
generated: 138455 / 800000
generated: 138492 / 800000
generated: 138545 / 800000
generated: 138595 / 800000
generated: 138649 / 800000
generated: 138691 / 800000
generated: 138747 / 800000
generated: 138799 / 800000
generated: 138841 / 800000
generated: 138894 / 800000
generated: 138953 / 800000
generated: 138999 / 800000
generated: 139048 / 800000
generated: 139086 / 800000
generated: 139141 / 800000
generated: 139180 / 800000
generated: 139228 / 800000
generated: 139273 / 800000
generated: 139318 / 800000
generated: 139356 / 800000
generated: 139418 / 800000
generated: 139468 / 800000
generated: 139523 / 800000
generated: 139561 / 800000
generated: 139604 / 800000
generated: 139651 / 800000
generated: 139707 / 800000
generated: 139763 / 800000
generated: 139810 / 800000
generated: 139859 / 800000
generated: 139905 / 800000
generated: 139952 / 800000
generated: 140004 / 800000
generated: 140058 / 800000
generated: 140113 / 800000
generated: 140151 / 800000
generated: 140192 / 800000
generated: 140247 / 800000
generated: 140289 / 800000
generated: 140336 / 800000
generated: 140382 / 800000
generated: 140428 / 800000
generated: 140478 / 800000
generated: 140519 / 800000
generated: 140560 / 800000
generated: 140599 / 800000
generated: 140642 / 800000
generated: 140675 / 800000
generated: 140726 / 800000
generated: 140792 / 800000
generated: 140837 / 800000
generated: 140884 / 800000
generated: 140935 / 800000
generated: 140977 / 800000
generated: 141030 / 800000
generated: 141079 / 800000
generated: 141119 / 800000
generated: 141168 / 800000
generated: 141218 / 800000
generated: 141270 / 800000
generated: 141323 / 800000
generated: 141370 / 800000
generated: 141425 / 800000
generated: 141476 / 800000
generated: 141530 / 800000
generated: 141582 / 800000
generated: 141621 / 800000
generated: 141671 / 800000
generated: 141716 / 800000
generated: 141767 / 800000
generated: 141817 / 800000
generated: 141869 / 800000
generated: 141921 / 800000
generated: 141972 / 800000
generated: 142008 / 800000
generated: 142057 / 800000
generated: 142110 / 800000
generated: 142157 / 800000
generated: 142202 / 800000
generated: 142238 / 800000
generated: 142288 / 800000
generated: 142337 / 800000
generated: 142382 / 800000
generated: 142427 / 800000
generated: 142468 / 800000
generated: 142495 / 800000
generated: 142534 / 800000
generated: 142592 / 800000
generated: 142634 / 800000
generated: 142680 / 800000
generated: 142731 / 800000
generated: 142779 / 800000
generated: 142830 / 800000
generated: 142871 / 800000
generated: 142919 / 800000
generated: 142971 / 800000
generated: 143017 / 800000
generated: 143073 / 800000
generated: 143117 / 800000
generated: 143161 / 800000
generated: 143207 / 800000
generated: 143266 / 800000
generated: 143327 / 800000
generated: 143375 / 800000
generated: 143436 / 800000
generated: 143476 / 800000
generated: 143525 / 800000
generated: 143565 / 800000
generated: 143622 / 800000
generated: 143678 / 800000
generated: 143744 / 800000
generated: 143782 / 800000
generated: 143830 / 800000
generated: 143876 / 800000
generated: 143933 / 800000
generated: 143981 / 800000
generated: 144030 / 800000
generated: 144070 / 800000
generated: 144118 / 800000
generated: 144179 / 800000
generated: 144222 / 800000
generated: 144272 / 800000
generated: 144319 / 800000
generated: 144373 / 800000
generated: 144424 / 800000
generated: 144471 / 800000
generated: 144523 / 800000
generated: 144568 / 800000
generated: 144624 / 800000
generated: 144668 / 800000
generated: 144711 / 800000
generated: 144764 / 800000
generated: 144813 / 800000
generated: 144864 / 800000
generated: 144909 / 800000
generated: 144951 / 800000
generated: 145004 / 800000
generated: 145048 / 800000
generated: 145100 / 800000
generated: 145139 / 800000
generated: 145194 / 800000
generated: 145238 / 800000
generated: 145274 / 800000
generated: 145310 / 800000
generated: 145362 / 800000
generated: 145404 / 800000
generated: 145450 / 800000
generated: 145496 / 800000
generated: 145550 / 800000
generated: 145611 / 800000
generated: 145664 / 800000
generated: 145713 / 800000
generated: 145762 / 800000
generated: 145811 / 800000
generated: 145864 / 800000
generated: 145914 / 800000
generated: 145965 / 800000
generated: 146005 / 800000
generated: 146046 / 800000
generated: 146090 / 800000
generated: 146149 / 800000
generated: 146193 / 800000
generated: 146236 / 800000
generated: 146270 / 800000
generated: 146310 / 800000
generated: 146369 / 800000
generated: 146422 / 800000
generated: 146472 / 800000
generated: 146527 / 800000
generated: 146575 / 800000
generated: 146628 / 800000
generated: 146675 / 800000
generated: 146725 / 800000
generated: 146774 / 800000
generated: 146827 / 800000
generated: 146880 / 800000
generated: 146929 / 800000
generated: 146976 / 800000
generated: 147034 / 800000
generated: 147091 / 800000
generated: 147139 / 800000
generated: 147190 / 800000
generated: 147238 / 800000
generated: 147291 / 800000
generated: 147338 / 800000
generated: 147380 / 800000
generated: 147433 / 800000
generated: 147479 / 800000
generated: 147527 / 800000
generated: 147578 / 800000
generated: 147628 / 800000
generated: 147679 / 800000
generated: 147735 / 800000
generated: 147777 / 800000
generated: 147835 / 800000
generated: 147881 / 800000
generated: 147934 / 800000
generated: 147984 / 800000
generated: 148035 / 800000
generated: 148077 / 800000
generated: 148116 / 800000
generated: 148176 / 800000
generated: 148240 / 800000
generated: 148275 / 800000
generated: 148333 / 800000
generated: 148394 / 800000
generated: 148444 / 800000
generated: 148499 / 800000
generated: 148549 / 800000
generated: 148607 / 800000
generated: 148653 / 800000
generated: 148684 / 800000
generated: 148739 / 800000
generated: 148790 / 800000
generated: 148833 / 800000
generated: 148882 / 800000
generated: 148922 / 800000
generated: 148973 / 800000
generated: 149009 / 800000
generated: 149060 / 800000
generated: 149112 / 800000
generated: 149159 / 800000
generated: 149211 / 800000
generated: 149255 / 800000
generated: 149315 / 800000
generated: 149356 / 800000
generated: 149405 / 800000
generated: 149451 / 800000
generated: 149495 / 800000
generated: 149542 / 800000
generated: 149575 / 800000
generated: 149630 / 800000
generated: 149677 / 800000
generated: 149722 / 800000
generated: 149776 / 800000
generated: 149819 / 800000
generated: 149857 / 800000
generated: 149896 / 800000
generated: 149940 / 800000
generated: 149988 / 800000
generated: 150037 / 800000
generated: 150076 / 800000
generated: 150122 / 800000
generated: 150189 / 800000
generated: 150234 / 800000
generated: 150293 / 800000
generated: 150351 / 800000
generated: 150407 / 800000
generated: 150457 / 800000
generated: 150492 / 800000
generated: 150537 / 800000
generated: 150586 / 800000
generated: 150644 / 800000
generated: 150685 / 800000
generated: 150738 / 800000
generated: 150801 / 800000
generated: 150849 / 800000
generated: 150905 / 800000
generated: 150947 / 800000
generated: 150993 / 800000
generated: 151043 / 800000
generated: 151089 / 800000
generated: 151136 / 800000
generated: 151191 / 800000
generated: 151237 / 800000
generated: 151289 / 800000
generated: 151336 / 800000
generated: 151376 / 800000
generated: 151425 / 800000
generated: 151465 / 800000
generated: 151515 / 800000
generated: 151556 / 800000
generated: 151608 / 800000
generated: 151656 / 800000
generated: 151697 / 800000
generated: 151746 / 800000
generated: 151794 / 800000
generated: 151850 / 800000
generated: 151909 / 800000
generated: 151962 / 800000
generated: 152014 / 800000
generated: 152062 / 800000
generated: 152117 / 800000
generated: 152157 / 800000
generated: 152203 / 800000
generated: 152247 / 800000
generated: 152303 / 800000
generated: 152352 / 800000
generated: 152407 / 800000
generated: 152453 / 800000
generated: 152501 / 800000
generated: 152540 / 800000
generated: 152587 / 800000
generated: 152631 / 800000
generated: 152688 / 800000
generated: 152732 / 800000
generated: 152771 / 800000
generated: 152826 / 800000
generated: 152876 / 800000
generated: 152919 / 800000
generated: 152966 / 800000
generated: 153020 / 800000
generated: 153074 / 800000
generated: 153121 / 800000
generated: 153172 / 800000
generated: 153215 / 800000
generated: 153266 / 800000
generated: 153318 / 800000
generated: 153361 / 800000
generated: 153416 / 800000
generated: 153448 / 800000
generated: 153499 / 800000
generated: 153540 / 800000
generated: 153580 / 800000
generated: 153634 / 800000
generated: 153678 / 800000
generated: 153727 / 800000
generated: 153782 / 800000
generated: 153830 / 800000
generated: 153882 / 800000
generated: 153945 / 800000
generated: 153999 / 800000
generated: 154051 / 800000
generated: 154090 / 800000
generated: 154140 / 800000
generated: 154187 / 800000
generated: 154245 / 800000
generated: 154298 / 800000
generated: 154360 / 800000
generated: 154405 / 800000
generated: 154462 / 800000
generated: 154515 / 800000
generated: 154556 / 800000
generated: 154608 / 800000
generated: 154667 / 800000
generated: 154722 / 800000
generated: 154771 / 800000
generated: 154821 / 800000
generated: 154874 / 800000
generated: 154924 / 800000
generated: 154970 / 800000
generated: 155022 / 800000
generated: 155069 / 800000
generated: 155106 / 800000
generated: 155145 / 800000
generated: 155198 / 800000
generated: 155254 / 800000
generated: 155317 / 800000
generated: 155365 / 800000
generated: 155429 / 800000
generated: 155473 / 800000
generated: 155523 / 800000
generated: 155567 / 800000
generated: 155632 / 800000
generated: 155675 / 800000
generated: 155726 / 800000
generated: 155769 / 800000
generated: 155820 / 800000
generated: 155878 / 800000
generated: 155926 / 800000
generated: 155977 / 800000
generated: 156030 / 800000
generated: 156077 / 800000
generated: 156128 / 800000
generated: 156185 / 800000
generated: 156239 / 800000
generated: 156299 / 800000
generated: 156350 / 800000
generated: 156400 / 800000
generated: 156457 / 800000
generated: 156506 / 800000
generated: 156561 / 800000
generated: 156617 / 800000
generated: 156664 / 800000
generated: 156704 / 800000
generated: 156762 / 800000
generated: 156802 / 800000
generated: 156847 / 800000
generated: 156893 / 800000
generated: 156937 / 800000
generated: 156984 / 800000
generated: 157031 / 800000
generated: 157075 / 800000
generated: 157137 / 800000
generated: 157181 / 800000
generated: 157229 / 800000
generated: 157286 / 800000
generated: 157340 / 800000
generated: 157391 / 800000
generated: 157431 / 800000
generated: 157486 / 800000
generated: 157536 / 800000
generated: 157586 / 800000
generated: 157638 / 800000
generated: 157692 / 800000
generated: 157731 / 800000
generated: 157776 / 800000
generated: 157833 / 800000
generated: 157887 / 800000
generated: 157943 / 800000
generated: 157990 / 800000
generated: 158035 / 800000
generated: 158085 / 800000
generated: 158131 / 800000
generated: 158184 / 800000
generated: 158234 / 800000
generated: 158279 / 800000
generated: 158330 / 800000
generated: 158377 / 800000
generated: 158430 / 800000
generated: 158492 / 800000
generated: 158545 / 800000
generated: 158600 / 800000
generated: 158658 / 800000
generated: 158708 / 800000
generated: 158765 / 800000
generated: 158821 / 800000
generated: 158880 / 800000
generated: 158931 / 800000
generated: 158980 / 800000
generated: 159027 / 800000
generated: 159086 / 800000
generated: 159143 / 800000
generated: 159198 / 800000
generated: 159257 / 800000
generated: 159308 / 800000
generated: 159350 / 800000
generated: 159410 / 800000
generated: 159461 / 800000
generated: 159506 / 800000
generated: 159552 / 800000
generated: 159603 / 800000
generated: 159649 / 800000
generated: 159689 / 800000
generated: 159735 / 800000
generated: 159783 / 800000
generated: 159829 / 800000
generated: 159874 / 800000
generated: 159926 / 800000
generated: 159974 / 800000
generated: 160039 / 800000
generated: 160083 / 800000
generated: 160136 / 800000
generated: 160182 / 800000
generated: 160226 / 800000
generated: 160277 / 800000
generated: 160326 / 800000
generated: 160372 / 800000
generated: 160414 / 800000
generated: 160462 / 800000
generated: 160515 / 800000
generated: 160566 / 800000
generated: 160619 / 800000
generated: 160674 / 800000
generated: 160719 / 800000
generated: 160767 / 800000
generated: 160819 / 800000
generated: 160869 / 800000
generated: 160917 / 800000
generated: 160957 / 800000
generated: 161012 / 800000
generated: 161059 / 800000
generated: 161095 / 800000
generated: 161146 / 800000
generated: 161191 / 800000
generated: 161249 / 800000
generated: 161310 / 800000
generated: 161366 / 800000
generated: 161416 / 800000
generated: 161467 / 800000
generated: 161518 / 800000
generated: 161576 / 800000
generated: 161625 / 800000
generated: 161682 / 800000
generated: 161725 / 800000
generated: 161771 / 800000
generated: 161817 / 800000
generated: 161865 / 800000
generated: 161914 / 800000
generated: 161955 / 800000
generated: 162007 / 800000
generated: 162060 / 800000
generated: 162100 / 800000
generated: 162152 / 800000
generated: 162200 / 800000
generated: 162250 / 800000
generated: 162291 / 800000
generated: 162349 / 800000
generated: 162392 / 800000
generated: 162443 / 800000
generated: 162484 / 800000
generated: 162536 / 800000
generated: 162586 / 800000
generated: 162626 / 800000
generated: 162673 / 800000
generated: 162727 / 800000
generated: 162782 / 800000
generated: 162833 / 800000
generated: 162885 / 800000
generated: 162940 / 800000
generated: 162991 / 800000
generated: 163040 / 800000
generated: 163094 / 800000
generated: 163151 / 800000
generated: 163192 / 800000
generated: 163225 / 800000
generated: 163275 / 800000
generated: 163324 / 800000
generated: 163364 / 800000
generated: 163407 / 800000
generated: 163453 / 800000
generated: 163493 / 800000
generated: 163548 / 800000
generated: 163599 / 800000
generated: 163664 / 800000
generated: 163720 / 800000
generated: 163758 / 800000
generated: 163809 / 800000
generated: 163847 / 800000
generated: 163893 / 800000
generated: 163932 / 800000
generated: 163985 / 800000
generated: 164035 / 800000
generated: 164086 / 800000
generated: 164140 / 800000
generated: 164187 / 800000
generated: 164240 / 800000
generated: 164281 / 800000
generated: 164343 / 800000
generated: 164388 / 800000
generated: 164439 / 800000
generated: 164480 / 800000
generated: 164530 / 800000
generated: 164583 / 800000
generated: 164636 / 800000
generated: 164682 / 800000
generated: 164733 / 800000
generated: 164782 / 800000
generated: 164840 / 800000
generated: 164882 / 800000
generated: 164934 / 800000
generated: 164984 / 800000
generated: 165036 / 800000
generated: 165093 / 800000
generated: 165155 / 800000
generated: 165206 / 800000
generated: 165252 / 800000
generated: 165299 / 800000
generated: 165342 / 800000
generated: 165389 / 800000
generated: 165434 / 800000
generated: 165478 / 800000
generated: 165532 / 800000
generated: 165585 / 800000
generated: 165636 / 800000
generated: 165681 / 800000
generated: 165730 / 800000
generated: 165780 / 800000
generated: 165829 / 800000
generated: 165880 / 800000
generated: 165926 / 800000
generated: 165975 / 800000
generated: 166024 / 800000
generated: 166083 / 800000
generated: 166130 / 800000
generated: 166170 / 800000
generated: 166221 / 800000
generated: 166266 / 800000
generated: 166326 / 800000
generated: 166367 / 800000
generated: 166415 / 800000
generated: 166461 / 800000
generated: 166519 / 800000
generated: 166570 / 800000
generated: 166606 / 800000
generated: 166665 / 800000
generated: 166713 / 800000
generated: 166756 / 800000
generated: 166819 / 800000
generated: 166857 / 800000
generated: 166912 / 800000
generated: 166957 / 800000
generated: 167014 / 800000
generated: 167062 / 800000
generated: 167115 / 800000
generated: 167169 / 800000
generated: 167223 / 800000
generated: 167270 / 800000
generated: 167324 / 800000
generated: 167373 / 800000
generated: 167417 / 800000
generated: 167472 / 800000
generated: 167524 / 800000
generated: 167581 / 800000
generated: 167621 / 800000
generated: 167659 / 800000
generated: 167703 / 800000
generated: 167761 / 800000
generated: 167824 / 800000
generated: 167872 / 800000
generated: 167920 / 800000
generated: 167978 / 800000
generated: 168024 / 800000
generated: 168074 / 800000
generated: 168126 / 800000
generated: 168169 / 800000
generated: 168226 / 800000
generated: 168277 / 800000
generated: 168332 / 800000
generated: 168383 / 800000
generated: 168432 / 800000
generated: 168487 / 800000
generated: 168519 / 800000
generated: 168563 / 800000
generated: 168614 / 800000
generated: 168663 / 800000
generated: 168722 / 800000
generated: 168765 / 800000
generated: 168826 / 800000
generated: 168875 / 800000
generated: 168930 / 800000
generated: 168972 / 800000
generated: 169015 / 800000
generated: 169062 / 800000
generated: 169108 / 800000
generated: 169149 / 800000
generated: 169193 / 800000
generated: 169249 / 800000
generated: 169307 / 800000
generated: 169357 / 800000
generated: 169401 / 800000
generated: 169445 / 800000
generated: 169505 / 800000
generated: 169554 / 800000
generated: 169601 / 800000
generated: 169652 / 800000
generated: 169713 / 800000
generated: 169761 / 800000
generated: 169824 / 800000
generated: 169880 / 800000
generated: 169921 / 800000
generated: 169980 / 800000
generated: 170032 / 800000
generated: 170077 / 800000
generated: 170114 / 800000
generated: 170173 / 800000
generated: 170220 / 800000
generated: 170281 / 800000
generated: 170331 / 800000
generated: 170379 / 800000
generated: 170419 / 800000
generated: 170464 / 800000
generated: 170522 / 800000
generated: 170577 / 800000
generated: 170630 / 800000
generated: 170680 / 800000
generated: 170726 / 800000
generated: 170770 / 800000
generated: 170819 / 800000
generated: 170867 / 800000
generated: 170923 / 800000
generated: 170967 / 800000
generated: 171022 / 800000
generated: 171078 / 800000
generated: 171135 / 800000
generated: 171192 / 800000
generated: 171251 / 800000
generated: 171303 / 800000
generated: 171357 / 800000
generated: 171406 / 800000
generated: 171457 / 800000
generated: 171502 / 800000
generated: 171552 / 800000
generated: 171602 / 800000
generated: 171658 / 800000
generated: 171717 / 800000
generated: 171762 / 800000
generated: 171811 / 800000
generated: 171852 / 800000
generated: 171901 / 800000
generated: 171959 / 800000
generated: 172012 / 800000
generated: 172072 / 800000
generated: 172117 / 800000
generated: 172170 / 800000
generated: 172225 / 800000
generated: 172269 / 800000
generated: 172315 / 800000
generated: 172363 / 800000
generated: 172426 / 800000
generated: 172460 / 800000
generated: 172510 / 800000
generated: 172560 / 800000
generated: 172608 / 800000
generated: 172657 / 800000
generated: 172714 / 800000
generated: 172759 / 800000
generated: 172805 / 800000
generated: 172851 / 800000
generated: 172892 / 800000
generated: 172937 / 800000
generated: 172986 / 800000
generated: 173039 / 800000
generated: 173093 / 800000
generated: 173152 / 800000
generated: 173196 / 800000
generated: 173250 / 800000
generated: 173295 / 800000
generated: 173337 / 800000
generated: 173382 / 800000
generated: 173445 / 800000
generated: 173491 / 800000
generated: 173546 / 800000
generated: 173597 / 800000
generated: 173650 / 800000
generated: 173700 / 800000
generated: 173747 / 800000
generated: 173803 / 800000
generated: 173852 / 800000
generated: 173892 / 800000
generated: 173936 / 800000
generated: 173991 / 800000
generated: 174032 / 800000
generated: 174079 / 800000
generated: 174124 / 800000
generated: 174188 / 800000
generated: 174239 / 800000
generated: 174291 / 800000
generated: 174351 / 800000
generated: 174402 / 800000
generated: 174460 / 800000
generated: 174512 / 800000
generated: 174571 / 800000
generated: 174612 / 800000
generated: 174658 / 800000
generated: 174699 / 800000
generated: 174766 / 800000
generated: 174811 / 800000
generated: 174871 / 800000
generated: 174925 / 800000
generated: 174972 / 800000
generated: 175020 / 800000
generated: 175084 / 800000
generated: 175141 / 800000
generated: 175200 / 800000
generated: 175251 / 800000
generated: 175305 / 800000
generated: 175341 / 800000
generated: 175397 / 800000
generated: 175451 / 800000
generated: 175506 / 800000
generated: 175556 / 800000
generated: 175616 / 800000
generated: 175663 / 800000
generated: 175708 / 800000
generated: 175766 / 800000
generated: 175814 / 800000
generated: 175877 / 800000
generated: 175927 / 800000
generated: 175978 / 800000
generated: 176037 / 800000
generated: 176085 / 800000
generated: 176131 / 800000
generated: 176179 / 800000
generated: 176223 / 800000
generated: 176262 / 800000
generated: 176311 / 800000
generated: 176363 / 800000
generated: 176413 / 800000
generated: 176471 / 800000
generated: 176517 / 800000
generated: 176563 / 800000
generated: 176604 / 800000
generated: 176648 / 800000
generated: 176690 / 800000
generated: 176743 / 800000
generated: 176800 / 800000
generated: 176849 / 800000
generated: 176892 / 800000
generated: 176936 / 800000
generated: 176987 / 800000
generated: 177034 / 800000
generated: 177081 / 800000
generated: 177132 / 800000
generated: 177194 / 800000
generated: 177257 / 800000
generated: 177303 / 800000
generated: 177360 / 800000
generated: 177418 / 800000
generated: 177456 / 800000
generated: 177507 / 800000
generated: 177561 / 800000
generated: 177608 / 800000
generated: 177670 / 800000
generated: 177714 / 800000
generated: 177764 / 800000
generated: 177825 / 800000
generated: 177879 / 800000
generated: 177925 / 800000
generated: 177974 / 800000
generated: 178023 / 800000
generated: 178066 / 800000
generated: 178122 / 800000
generated: 178177 / 800000
generated: 178231 / 800000
generated: 178279 / 800000
generated: 178333 / 800000
generated: 178380 / 800000
generated: 178435 / 800000
generated: 178474 / 800000
generated: 178512 / 800000
generated: 178567 / 800000
generated: 178631 / 800000
generated: 178678 / 800000
generated: 178725 / 800000
generated: 178770 / 800000
generated: 178829 / 800000
generated: 178889 / 800000
generated: 178946 / 800000
generated: 179010 / 800000
generated: 179065 / 800000
generated: 179107 / 800000
generated: 179150 / 800000
generated: 179189 / 800000
generated: 179250 / 800000
generated: 179299 / 800000
generated: 179361 / 800000
generated: 179404 / 800000
generated: 179457 / 800000
generated: 179507 / 800000
generated: 179558 / 800000
generated: 179609 / 800000
generated: 179651 / 800000
generated: 179698 / 800000
generated: 179745 / 800000
generated: 179794 / 800000
generated: 179844 / 800000
generated: 179894 / 800000
generated: 179943 / 800000
generated: 179996 / 800000
generated: 180047 / 800000
generated: 180094 / 800000
generated: 180137 / 800000
generated: 180184 / 800000
generated: 180236 / 800000
generated: 180291 / 800000
generated: 180340 / 800000
generated: 180388 / 800000
generated: 180448 / 800000
generated: 180494 / 800000
generated: 180547 / 800000
generated: 180603 / 800000
generated: 180656 / 800000
generated: 180694 / 800000
generated: 180744 / 800000
generated: 180777 / 800000
generated: 180825 / 800000
generated: 180880 / 800000
generated: 180925 / 800000
generated: 180979 / 800000
generated: 181023 / 800000
generated: 181082 / 800000
generated: 181150 / 800000
generated: 181204 / 800000
generated: 181252 / 800000
generated: 181295 / 800000
generated: 181352 / 800000
generated: 181401 / 800000
generated: 181453 / 800000
generated: 181508 / 800000
generated: 181559 / 800000
generated: 181607 / 800000
generated: 181652 / 800000
generated: 181696 / 800000
generated: 181730 / 800000
generated: 181772 / 800000
generated: 181825 / 800000
generated: 181871 / 800000
generated: 181922 / 800000
generated: 181964 / 800000
generated: 182020 / 800000
generated: 182059 / 800000
generated: 182103 / 800000
generated: 182153 / 800000
generated: 182203 / 800000
generated: 182268 / 800000
generated: 182311 / 800000
generated: 182359 / 800000
generated: 182408 / 800000
generated: 182472 / 800000
generated: 182526 / 800000
generated: 182579 / 800000
generated: 182619 / 800000
generated: 182659 / 800000
generated: 182712 / 800000
generated: 182763 / 800000
generated: 182823 / 800000
generated: 182864 / 800000
generated: 182920 / 800000
generated: 182973 / 800000
generated: 183035 / 800000
generated: 183081 / 800000
generated: 183122 / 800000
generated: 183180 / 800000
generated: 183225 / 800000
generated: 183285 / 800000
generated: 183335 / 800000
generated: 183373 / 800000
generated: 183427 / 800000
generated: 183476 / 800000
generated: 183529 / 800000
generated: 183589 / 800000
generated: 183650 / 800000
generated: 183712 / 800000
generated: 183751 / 800000
generated: 183798 / 800000
generated: 183848 / 800000
generated: 183887 / 800000
generated: 183951 / 800000
generated: 183989 / 800000
generated: 184048 / 800000
generated: 184092 / 800000
generated: 184143 / 800000
generated: 184198 / 800000
generated: 184239 / 800000
generated: 184288 / 800000
generated: 184337 / 800000
generated: 184378 / 800000
generated: 184436 / 800000
generated: 184476 / 800000
generated: 184531 / 800000
generated: 184578 / 800000
generated: 184630 / 800000
generated: 184680 / 800000
generated: 184730 / 800000
generated: 184780 / 800000
generated: 184830 / 800000
generated: 184887 / 800000
generated: 184939 / 800000
generated: 184988 / 800000
generated: 185055 / 800000
generated: 185099 / 800000
generated: 185144 / 800000
generated: 185187 / 800000
generated: 185244 / 800000
generated: 185295 / 800000
generated: 185343 / 800000
generated: 185401 / 800000
generated: 185441 / 800000
generated: 185481 / 800000
generated: 185534 / 800000
generated: 185573 / 800000
generated: 185627 / 800000
generated: 185675 / 800000
generated: 185721 / 800000
generated: 185759 / 800000
generated: 185801 / 800000
generated: 185855 / 800000
generated: 185910 / 800000
generated: 185967 / 800000
generated: 186012 / 800000
generated: 186062 / 800000
generated: 186108 / 800000
generated: 186161 / 800000
generated: 186218 / 800000
generated: 186269 / 800000
generated: 186324 / 800000
generated: 186368 / 800000
generated: 186410 / 800000
generated: 186455 / 800000
generated: 186495 / 800000
generated: 186552 / 800000
generated: 186604 / 800000
generated: 186652 / 800000
generated: 186709 / 800000
generated: 186766 / 800000
generated: 186821 / 800000
generated: 186859 / 800000
generated: 186918 / 800000
generated: 186972 / 800000
generated: 187022 / 800000
generated: 187072 / 800000
generated: 187119 / 800000
generated: 187175 / 800000
generated: 187226 / 800000
generated: 187284 / 800000
generated: 187342 / 800000
generated: 187379 / 800000
generated: 187430 / 800000
generated: 187491 / 800000
generated: 187544 / 800000
generated: 187592 / 800000
generated: 187628 / 800000
generated: 187671 / 800000
generated: 187723 / 800000
generated: 187765 / 800000
generated: 187817 / 800000
generated: 187863 / 800000
generated: 187909 / 800000
generated: 187950 / 800000
generated: 187999 / 800000
generated: 188045 / 800000
generated: 188093 / 800000
generated: 188150 / 800000
generated: 188199 / 800000
generated: 188247 / 800000
generated: 188293 / 800000
generated: 188352 / 800000
generated: 188392 / 800000
generated: 188440 / 800000
generated: 188493 / 800000
generated: 188539 / 800000
generated: 188606 / 800000
generated: 188655 / 800000
generated: 188697 / 800000
generated: 188758 / 800000
generated: 188811 / 800000
generated: 188856 / 800000
generated: 188896 / 800000
generated: 188949 / 800000
generated: 189002 / 800000
generated: 189052 / 800000
generated: 189096 / 800000
generated: 189146 / 800000
generated: 189192 / 800000
generated: 189247 / 800000
generated: 189288 / 800000
generated: 189336 / 800000
generated: 189396 / 800000
generated: 189439 / 800000
generated: 189497 / 800000
generated: 189557 / 800000
generated: 189605 / 800000
generated: 189656 / 800000
generated: 189705 / 800000
generated: 189757 / 800000
generated: 189803 / 800000
generated: 189847 / 800000
generated: 189898 / 800000
generated: 189938 / 800000
generated: 189979 / 800000
generated: 190020 / 800000
generated: 190065 / 800000
generated: 190114 / 800000
generated: 190166 / 800000
generated: 190230 / 800000
generated: 190270 / 800000
generated: 190326 / 800000
generated: 190374 / 800000
generated: 190423 / 800000
generated: 190472 / 800000
generated: 190530 / 800000
generated: 190584 / 800000
generated: 190636 / 800000
generated: 190693 / 800000
generated: 190739 / 800000
generated: 190804 / 800000
generated: 190840 / 800000
generated: 190893 / 800000
generated: 190941 / 800000
generated: 190976 / 800000
generated: 191024 / 800000
generated: 191078 / 800000
generated: 191120 / 800000
generated: 191162 / 800000
generated: 191209 / 800000
generated: 191257 / 800000
generated: 191312 / 800000
generated: 191351 / 800000
generated: 191402 / 800000
generated: 191437 / 800000
generated: 191478 / 800000
generated: 191535 / 800000
generated: 191588 / 800000
generated: 191641 / 800000
generated: 191694 / 800000
generated: 191735 / 800000
generated: 191778 / 800000
generated: 191821 / 800000
generated: 191880 / 800000
generated: 191936 / 800000
generated: 191979 / 800000
generated: 192016 / 800000
generated: 192068 / 800000
generated: 192121 / 800000
generated: 192164 / 800000
generated: 192220 / 800000
generated: 192264 / 800000
generated: 192314 / 800000
generated: 192368 / 800000
generated: 192418 / 800000
generated: 192470 / 800000
generated: 192515 / 800000
generated: 192571 / 800000
generated: 192619 / 800000
generated: 192671 / 800000
generated: 192721 / 800000
generated: 192772 / 800000
generated: 192811 / 800000
generated: 192861 / 800000
generated: 192915 / 800000
generated: 192959 / 800000
generated: 193015 / 800000
generated: 193061 / 800000
generated: 193118 / 800000
generated: 193166 / 800000
generated: 193207 / 800000
generated: 193259 / 800000
generated: 193305 / 800000
generated: 193353 / 800000
generated: 193400 / 800000
generated: 193448 / 800000
generated: 193498 / 800000
generated: 193550 / 800000
generated: 193598 / 800000
generated: 193647 / 800000
generated: 193694 / 800000
generated: 193755 / 800000
generated: 193801 / 800000
generated: 193846 / 800000
generated: 193894 / 800000
generated: 193944 / 800000
generated: 194011 / 800000
generated: 194057 / 800000
generated: 194109 / 800000
generated: 194164 / 800000
generated: 194225 / 800000
generated: 194266 / 800000
generated: 194315 / 800000
generated: 194367 / 800000
generated: 194431 / 800000
generated: 194477 / 800000
generated: 194530 / 800000
generated: 194589 / 800000
generated: 194632 / 800000
generated: 194674 / 800000
generated: 194721 / 800000
generated: 194785 / 800000
generated: 194831 / 800000
generated: 194897 / 800000
generated: 194944 / 800000
generated: 194988 / 800000
generated: 195042 / 800000
generated: 195087 / 800000
generated: 195135 / 800000
generated: 195181 / 800000
generated: 195243 / 800000
generated: 195288 / 800000
generated: 195331 / 800000
generated: 195378 / 800000
generated: 195429 / 800000
generated: 195484 / 800000
generated: 195545 / 800000
generated: 195590 / 800000
generated: 195634 / 800000
generated: 195681 / 800000
generated: 195723 / 800000
generated: 195761 / 800000
generated: 195803 / 800000
generated: 195863 / 800000
generated: 195919 / 800000
generated: 195973 / 800000
generated: 196022 / 800000
generated: 196066 / 800000
generated: 196112 / 800000
generated: 196167 / 800000
generated: 196222 / 800000
generated: 196271 / 800000
generated: 196327 / 800000
generated: 196376 / 800000
generated: 196429 / 800000
generated: 196473 / 800000
generated: 196519 / 800000
generated: 196562 / 800000
generated: 196609 / 800000
generated: 196661 / 800000
generated: 196720 / 800000
generated: 196761 / 800000
generated: 196810 / 800000
generated: 196851 / 800000
generated: 196913 / 800000
generated: 196959 / 800000
generated: 197000 / 800000
generated: 197057 / 800000
generated: 197103 / 800000
generated: 197143 / 800000
generated: 197192 / 800000
generated: 197245 / 800000
generated: 197298 / 800000
generated: 197346 / 800000
generated: 197394 / 800000
generated: 197438 / 800000
generated: 197488 / 800000
generated: 197533 / 800000
generated: 197576 / 800000
generated: 197640 / 800000
generated: 197696 / 800000
generated: 197748 / 800000
generated: 197800 / 800000
generated: 197854 / 800000
generated: 197910 / 800000
generated: 197972 / 800000
generated: 198019 / 800000
generated: 198065 / 800000
generated: 198114 / 800000
generated: 198164 / 800000
generated: 198225 / 800000
generated: 198279 / 800000
generated: 198335 / 800000
generated: 198383 / 800000
generated: 198423 / 800000
generated: 198461 / 800000
generated: 198513 / 800000
generated: 198576 / 800000
generated: 198637 / 800000
generated: 198681 / 800000
generated: 198722 / 800000
generated: 198783 / 800000
generated: 198830 / 800000
generated: 198876 / 800000
generated: 198922 / 800000
generated: 198979 / 800000
generated: 199041 / 800000
generated: 199090 / 800000
generated: 199139 / 800000
generated: 199199 / 800000
generated: 199237 / 800000
generated: 199291 / 800000
generated: 199335 / 800000
generated: 199381 / 800000
generated: 199413 / 800000
generated: 199458 / 800000
generated: 199502 / 800000
generated: 199549 / 800000
generated: 199596 / 800000
generated: 199644 / 800000
generated: 199690 / 800000
generated: 199744 / 800000
generated: 199807 / 800000
generated: 199860 / 800000
generated: 199899 / 800000
generated: 199950 / 800000
generated: 199997 / 800000
generated: 200044 / 800000
generated: 200099 / 800000
generated: 200156 / 800000
generated: 200204 / 800000
generated: 200251 / 800000
generated: 200312 / 800000
generated: 200365 / 800000
generated: 200420 / 800000
generated: 200472 / 800000
generated: 200515 / 800000
generated: 200558 / 800000
generated: 200610 / 800000
generated: 200659 / 800000
generated: 200718 / 800000
generated: 200765 / 800000
generated: 200820 / 800000
generated: 200863 / 800000
generated: 200918 / 800000
generated: 200969 / 800000
generated: 201016 / 800000
generated: 201078 / 800000
generated: 201135 / 800000
generated: 201186 / 800000
generated: 201236 / 800000
generated: 201290 / 800000
generated: 201333 / 800000
generated: 201393 / 800000
generated: 201443 / 800000
generated: 201489 / 800000
generated: 201555 / 800000
generated: 201592 / 800000
generated: 201638 / 800000
generated: 201692 / 800000
generated: 201736 / 800000
generated: 201779 / 800000
generated: 201829 / 800000
generated: 201873 / 800000
generated: 201915 / 800000
generated: 201961 / 800000
generated: 202006 / 800000
generated: 202059 / 800000
generated: 202100 / 800000
generated: 202148 / 800000
generated: 202190 / 800000
generated: 202246 / 800000
generated: 202297 / 800000
generated: 202352 / 800000
generated: 202398 / 800000
generated: 202461 / 800000
generated: 202524 / 800000
generated: 202564 / 800000
generated: 202612 / 800000
generated: 202667 / 800000
generated: 202714 / 800000
generated: 202765 / 800000
generated: 202811 / 800000
generated: 202856 / 800000
generated: 202918 / 800000
generated: 202972 / 800000
generated: 203012 / 800000
generated: 203061 / 800000
generated: 203112 / 800000
generated: 203147 / 800000
generated: 203192 / 800000
generated: 203244 / 800000
generated: 203293 / 800000
generated: 203350 / 800000
generated: 203396 / 800000
generated: 203462 / 800000
generated: 203509 / 800000
generated: 203559 / 800000
generated: 203604 / 800000
generated: 203651 / 800000
generated: 203708 / 800000
generated: 203748 / 800000
generated: 203790 / 800000
generated: 203841 / 800000
generated: 203878 / 800000
generated: 203932 / 800000
generated: 203980 / 800000
generated: 204023 / 800000
generated: 204082 / 800000
generated: 204145 / 800000
generated: 204199 / 800000
generated: 204243 / 800000
generated: 204289 / 800000
generated: 204347 / 800000
generated: 204401 / 800000
generated: 204447 / 800000
generated: 204496 / 800000
generated: 204556 / 800000
generated: 204600 / 800000
generated: 204654 / 800000
generated: 204707 / 800000
generated: 204760 / 800000
generated: 204814 / 800000
generated: 204869 / 800000
generated: 204918 / 800000
generated: 204972 / 800000
generated: 205021 / 800000
generated: 205072 / 800000
generated: 205114 / 800000
generated: 205168 / 800000
generated: 205225 / 800000
generated: 205258 / 800000
generated: 205302 / 800000
generated: 205358 / 800000
generated: 205419 / 800000
generated: 205466 / 800000
generated: 205510 / 800000
generated: 205571 / 800000
generated: 205623 / 800000
generated: 205674 / 800000
generated: 205722 / 800000
generated: 205778 / 800000
generated: 205824 / 800000
generated: 205883 / 800000
generated: 205938 / 800000
generated: 206003 / 800000
generated: 206045 / 800000
generated: 206092 / 800000
generated: 206143 / 800000
generated: 206189 / 800000
generated: 206224 / 800000
generated: 206270 / 800000
generated: 206315 / 800000
generated: 206373 / 800000
generated: 206430 / 800000
generated: 206487 / 800000
generated: 206537 / 800000
generated: 206585 / 800000
generated: 206631 / 800000
generated: 206682 / 800000
generated: 206735 / 800000
generated: 206779 / 800000
generated: 206828 / 800000
generated: 206871 / 800000
generated: 206911 / 800000
generated: 206953 / 800000
generated: 206990 / 800000
generated: 207034 / 800000
generated: 207077 / 800000
generated: 207125 / 800000
generated: 207179 / 800000
generated: 207230 / 800000
generated: 207270 / 800000
generated: 207328 / 800000
generated: 207381 / 800000
generated: 207433 / 800000
generated: 207482 / 800000
generated: 207530 / 800000
generated: 207590 / 800000
generated: 207637 / 800000
generated: 207688 / 800000
generated: 207733 / 800000
generated: 207785 / 800000
generated: 207844 / 800000
generated: 207873 / 800000
generated: 207925 / 800000
generated: 207974 / 800000
generated: 208030 / 800000
generated: 208075 / 800000
generated: 208118 / 800000
generated: 208168 / 800000
generated: 208234 / 800000
generated: 208293 / 800000
generated: 208337 / 800000
generated: 208383 / 800000
generated: 208429 / 800000
generated: 208475 / 800000
generated: 208529 / 800000
generated: 208575 / 800000
generated: 208621 / 800000
generated: 208661 / 800000
generated: 208696 / 800000
generated: 208745 / 800000
generated: 208793 / 800000
generated: 208836 / 800000
generated: 208900 / 800000
generated: 208945 / 800000
generated: 209002 / 800000
generated: 209064 / 800000
generated: 209114 / 800000
generated: 209158 / 800000
generated: 209217 / 800000
generated: 209263 / 800000
generated: 209313 / 800000
generated: 209367 / 800000
generated: 209412 / 800000
generated: 209471 / 800000
generated: 209523 / 800000
generated: 209569 / 800000
generated: 209620 / 800000
generated: 209666 / 800000
generated: 209712 / 800000
generated: 209761 / 800000
generated: 209813 / 800000
generated: 209872 / 800000
generated: 209930 / 800000
generated: 209973 / 800000
generated: 210023 / 800000
generated: 210086 / 800000
generated: 210138 / 800000
generated: 210192 / 800000
generated: 210236 / 800000
generated: 210285 / 800000
generated: 210336 / 800000
generated: 210381 / 800000
generated: 210428 / 800000
generated: 210468 / 800000
generated: 210518 / 800000
generated: 210566 / 800000
generated: 210632 / 800000
generated: 210671 / 800000
generated: 210719 / 800000
generated: 210774 / 800000
generated: 210824 / 800000
generated: 210868 / 800000
generated: 210912 / 800000
generated: 210956 / 800000
generated: 211001 / 800000
generated: 211060 / 800000
generated: 211105 / 800000
generated: 211165 / 800000
generated: 211207 / 800000
generated: 211254 / 800000
generated: 211306 / 800000
generated: 211354 / 800000
generated: 211395 / 800000
generated: 211451 / 800000
generated: 211499 / 800000
generated: 211545 / 800000
generated: 211589 / 800000
generated: 211635 / 800000
generated: 211689 / 800000
generated: 211739 / 800000
generated: 211786 / 800000
generated: 211839 / 800000
generated: 211891 / 800000
generated: 211946 / 800000
generated: 212011 / 800000
generated: 212057 / 800000
generated: 212117 / 800000
generated: 212173 / 800000
generated: 212218 / 800000
generated: 212284 / 800000
generated: 212335 / 800000
generated: 212385 / 800000
generated: 212437 / 800000
generated: 212494 / 800000
generated: 212553 / 800000
generated: 212592 / 800000
generated: 212650 / 800000
generated: 212697 / 800000
generated: 212734 / 800000
generated: 212781 / 800000
generated: 212840 / 800000
generated: 212883 / 800000
generated: 212940 / 800000
generated: 212995 / 800000
generated: 213064 / 800000
generated: 213120 / 800000
generated: 213166 / 800000
generated: 213218 / 800000
generated: 213265 / 800000
generated: 213305 / 800000
generated: 213366 / 800000
generated: 213419 / 800000
generated: 213479 / 800000
generated: 213531 / 800000
generated: 213592 / 800000
generated: 213648 / 800000
generated: 213703 / 800000
generated: 213745 / 800000
generated: 213781 / 800000
generated: 213826 / 800000
generated: 213880 / 800000
generated: 213930 / 800000
generated: 213982 / 800000
generated: 214033 / 800000
generated: 214086 / 800000
generated: 214135 / 800000
generated: 214183 / 800000
generated: 214236 / 800000
generated: 214280 / 800000
generated: 214321 / 800000
generated: 214373 / 800000
generated: 214431 / 800000
generated: 214480 / 800000
generated: 214526 / 800000
generated: 214572 / 800000
generated: 214619 / 800000
generated: 214676 / 800000
generated: 214728 / 800000
generated: 214768 / 800000
generated: 214822 / 800000
generated: 214876 / 800000
generated: 214932 / 800000
generated: 214984 / 800000
generated: 215030 / 800000
generated: 215075 / 800000
generated: 215119 / 800000
generated: 215176 / 800000
generated: 215228 / 800000
generated: 215275 / 800000
generated: 215313 / 800000
generated: 215375 / 800000
generated: 215416 / 800000
generated: 215475 / 800000
generated: 215520 / 800000
generated: 215570 / 800000
generated: 215622 / 800000
generated: 215678 / 800000
generated: 215733 / 800000
generated: 215783 / 800000
generated: 215831 / 800000
generated: 215882 / 800000
generated: 215948 / 800000
generated: 216002 / 800000
generated: 216053 / 800000
generated: 216113 / 800000
generated: 216167 / 800000
generated: 216222 / 800000
generated: 216276 / 800000
generated: 216331 / 800000
generated: 216380 / 800000
generated: 216426 / 800000
generated: 216477 / 800000
generated: 216519 / 800000
generated: 216580 / 800000
generated: 216636 / 800000
generated: 216684 / 800000
generated: 216728 / 800000
generated: 216774 / 800000
generated: 216828 / 800000
generated: 216874 / 800000
generated: 216937 / 800000
generated: 216991 / 800000
generated: 217041 / 800000
generated: 217090 / 800000
generated: 217145 / 800000
generated: 217180 / 800000
generated: 217224 / 800000
generated: 217282 / 800000
generated: 217345 / 800000
generated: 217391 / 800000
generated: 217452 / 800000
generated: 217502 / 800000
generated: 217544 / 800000
generated: 217589 / 800000
generated: 217635 / 800000
generated: 217694 / 800000
generated: 217741 / 800000
generated: 217789 / 800000
generated: 217845 / 800000
generated: 217895 / 800000
generated: 217944 / 800000
generated: 218001 / 800000
generated: 218060 / 800000
generated: 218102 / 800000
generated: 218158 / 800000
generated: 218204 / 800000
generated: 218254 / 800000
generated: 218310 / 800000
generated: 218357 / 800000
generated: 218415 / 800000
generated: 218454 / 800000
generated: 218500 / 800000
generated: 218561 / 800000
generated: 218616 / 800000
generated: 218670 / 800000
generated: 218708 / 800000
generated: 218753 / 800000
generated: 218804 / 800000
generated: 218853 / 800000
generated: 218907 / 800000
generated: 218962 / 800000
generated: 219014 / 800000
generated: 219059 / 800000
generated: 219105 / 800000
generated: 219160 / 800000
generated: 219208 / 800000
generated: 219258 / 800000
generated: 219320 / 800000
generated: 219376 / 800000
generated: 219421 / 800000
generated: 219464 / 800000
generated: 219519 / 800000
generated: 219571 / 800000
generated: 219632 / 800000
generated: 219691 / 800000
generated: 219742 / 800000
generated: 219795 / 800000
generated: 219840 / 800000
generated: 219891 / 800000
generated: 219933 / 800000
generated: 219980 / 800000
generated: 220029 / 800000
generated: 220079 / 800000
generated: 220126 / 800000
generated: 220181 / 800000
generated: 220235 / 800000
generated: 220283 / 800000
generated: 220324 / 800000
generated: 220361 / 800000
generated: 220414 / 800000
generated: 220469 / 800000
generated: 220516 / 800000
generated: 220567 / 800000
generated: 220605 / 800000
generated: 220661 / 800000
generated: 220714 / 800000
generated: 220766 / 800000
generated: 220820 / 800000
generated: 220868 / 800000
generated: 220926 / 800000
generated: 220984 / 800000
generated: 221025 / 800000
generated: 221064 / 800000
generated: 221111 / 800000
generated: 221175 / 800000
generated: 221228 / 800000
generated: 221271 / 800000
generated: 221305 / 800000
generated: 221362 / 800000
generated: 221417 / 800000
generated: 221485 / 800000
generated: 221535 / 800000
generated: 221573 / 800000
generated: 221623 / 800000
generated: 221666 / 800000
generated: 221719 / 800000
generated: 221761 / 800000
generated: 221806 / 800000
generated: 221857 / 800000
generated: 221901 / 800000
generated: 221934 / 800000
generated: 221985 / 800000
generated: 222041 / 800000
generated: 222094 / 800000
generated: 222134 / 800000
generated: 222175 / 800000
generated: 222223 / 800000
generated: 222283 / 800000
generated: 222344 / 800000
generated: 222394 / 800000
generated: 222453 / 800000
generated: 222504 / 800000
generated: 222547 / 800000
generated: 222601 / 800000
generated: 222649 / 800000
generated: 222697 / 800000
generated: 222751 / 800000
generated: 222804 / 800000
generated: 222864 / 800000
generated: 222915 / 800000
generated: 222971 / 800000
generated: 223028 / 800000
generated: 223083 / 800000
generated: 223138 / 800000
generated: 223176 / 800000
generated: 223235 / 800000
generated: 223286 / 800000
generated: 223338 / 800000
generated: 223388 / 800000
generated: 223444 / 800000
generated: 223495 / 800000
generated: 223548 / 800000
generated: 223595 / 800000
generated: 223635 / 800000
generated: 223685 / 800000
generated: 223728 / 800000
generated: 223777 / 800000
generated: 223822 / 800000
generated: 223871 / 800000
generated: 223923 / 800000
generated: 223965 / 800000
generated: 224017 / 800000
generated: 224062 / 800000
generated: 224115 / 800000
generated: 224166 / 800000
generated: 224222 / 800000
generated: 224273 / 800000
generated: 224320 / 800000
generated: 224363 / 800000
generated: 224409 / 800000
generated: 224452 / 800000
generated: 224513 / 800000
generated: 224555 / 800000
generated: 224613 / 800000
generated: 224671 / 800000
generated: 224731 / 800000
generated: 224779 / 800000
generated: 224831 / 800000
generated: 224866 / 800000
generated: 224920 / 800000
generated: 224969 / 800000
generated: 225014 / 800000
generated: 225064 / 800000
generated: 225125 / 800000
generated: 225171 / 800000
generated: 225237 / 800000
generated: 225283 / 800000
generated: 225334 / 800000
generated: 225380 / 800000
generated: 225431 / 800000
generated: 225491 / 800000
generated: 225556 / 800000
generated: 225619 / 800000
generated: 225663 / 800000
generated: 225714 / 800000
generated: 225766 / 800000
generated: 225812 / 800000
generated: 225870 / 800000
generated: 225930 / 800000
generated: 225981 / 800000
generated: 226035 / 800000
generated: 226086 / 800000
generated: 226138 / 800000
generated: 226194 / 800000
generated: 226250 / 800000
generated: 226297 / 800000
generated: 226352 / 800000
generated: 226401 / 800000
generated: 226447 / 800000
generated: 226493 / 800000
generated: 226534 / 800000
generated: 226576 / 800000
generated: 226623 / 800000
generated: 226676 / 800000
generated: 226720 / 800000
generated: 226777 / 800000
generated: 226827 / 800000
generated: 226877 / 800000
generated: 226942 / 800000
generated: 226994 / 800000
generated: 227034 / 800000
generated: 227081 / 800000
generated: 227136 / 800000
generated: 227189 / 800000
generated: 227235 / 800000
generated: 227276 / 800000
generated: 227324 / 800000
generated: 227378 / 800000
generated: 227431 / 800000
generated: 227498 / 800000
generated: 227542 / 800000
generated: 227590 / 800000
generated: 227640 / 800000
generated: 227708 / 800000
generated: 227757 / 800000
generated: 227814 / 800000
generated: 227872 / 800000
generated: 227939 / 800000
generated: 227994 / 800000
generated: 228048 / 800000
generated: 228094 / 800000
generated: 228150 / 800000
generated: 228196 / 800000
generated: 228243 / 800000
generated: 228298 / 800000
generated: 228355 / 800000
generated: 228406 / 800000
generated: 228451 / 800000
generated: 228497 / 800000
generated: 228553 / 800000
generated: 228613 / 800000
generated: 228671 / 800000
generated: 228713 / 800000
generated: 228761 / 800000
generated: 228811 / 800000
generated: 228861 / 800000
generated: 228913 / 800000
generated: 228972 / 800000
generated: 229022 / 800000
generated: 229084 / 800000
generated: 229130 / 800000
generated: 229173 / 800000
generated: 229225 / 800000
generated: 229279 / 800000
generated: 229319 / 800000
generated: 229364 / 800000
generated: 229413 / 800000
generated: 229471 / 800000
generated: 229514 / 800000
generated: 229583 / 800000
generated: 229634 / 800000
generated: 229683 / 800000
generated: 229737 / 800000
generated: 229786 / 800000
generated: 229829 / 800000
generated: 229888 / 800000
generated: 229926 / 800000
generated: 229969 / 800000
generated: 230032 / 800000
generated: 230079 / 800000
generated: 230129 / 800000
generated: 230186 / 800000
generated: 230228 / 800000
generated: 230279 / 800000
generated: 230328 / 800000
generated: 230386 / 800000
generated: 230433 / 800000
generated: 230481 / 800000
generated: 230535 / 800000
generated: 230582 / 800000
generated: 230633 / 800000
generated: 230684 / 800000
generated: 230737 / 800000
generated: 230775 / 800000
generated: 230833 / 800000
generated: 230881 / 800000
generated: 230923 / 800000
generated: 230966 / 800000
generated: 231026 / 800000
generated: 231071 / 800000
generated: 231111 / 800000
generated: 231148 / 800000
generated: 231193 / 800000
generated: 231244 / 800000
generated: 231294 / 800000
generated: 231337 / 800000
generated: 231403 / 800000
generated: 231448 / 800000
generated: 231501 / 800000
generated: 231558 / 800000
generated: 231609 / 800000
generated: 231653 / 800000
generated: 231703 / 800000
generated: 231758 / 800000
generated: 231808 / 800000
generated: 231851 / 800000
generated: 231896 / 800000
generated: 231946 / 800000
generated: 231990 / 800000
generated: 232050 / 800000
generated: 232106 / 800000
generated: 232157 / 800000
generated: 232206 / 800000
generated: 232247 / 800000
generated: 232302 / 800000
generated: 232359 / 800000
generated: 232419 / 800000
generated: 232474 / 800000
generated: 232521 / 800000
generated: 232576 / 800000
generated: 232628 / 800000
generated: 232677 / 800000
generated: 232725 / 800000
generated: 232770 / 800000
generated: 232820 / 800000
generated: 232869 / 800000
generated: 232917 / 800000
generated: 232970 / 800000
generated: 233019 / 800000
generated: 233070 / 800000
generated: 233128 / 800000
generated: 233187 / 800000
generated: 233243 / 800000
generated: 233294 / 800000
generated: 233346 / 800000
generated: 233408 / 800000
generated: 233452 / 800000
generated: 233500 / 800000
generated: 233543 / 800000
generated: 233602 / 800000
generated: 233669 / 800000
generated: 233720 / 800000
generated: 233770 / 800000
generated: 233810 / 800000
generated: 233850 / 800000
generated: 233899 / 800000
generated: 233953 / 800000
generated: 234006 / 800000
generated: 234055 / 800000
generated: 234098 / 800000
generated: 234141 / 800000
generated: 234194 / 800000
generated: 234254 / 800000
generated: 234297 / 800000
generated: 234340 / 800000
generated: 234398 / 800000
generated: 234449 / 800000
generated: 234501 / 800000
generated: 234544 / 800000
generated: 234600 / 800000
generated: 234648 / 800000
generated: 234708 / 800000
generated: 234748 / 800000
generated: 234804 / 800000
generated: 234862 / 800000
generated: 234912 / 800000
generated: 234968 / 800000
generated: 235026 / 800000
generated: 235077 / 800000
generated: 235126 / 800000
generated: 235180 / 800000
generated: 235226 / 800000
generated: 235271 / 800000
generated: 235326 / 800000
generated: 235368 / 800000
generated: 235408 / 800000
generated: 235452 / 800000
generated: 235495 / 800000
generated: 235541 / 800000
generated: 235582 / 800000
generated: 235636 / 800000
generated: 235675 / 800000
generated: 235722 / 800000
generated: 235782 / 800000
generated: 235831 / 800000
generated: 235880 / 800000
generated: 235935 / 800000
generated: 235982 / 800000
generated: 236026 / 800000
generated: 236078 / 800000
generated: 236122 / 800000
generated: 236174 / 800000
generated: 236216 / 800000
generated: 236265 / 800000
generated: 236307 / 800000
generated: 236353 / 800000
generated: 236400 / 800000
generated: 236456 / 800000
generated: 236510 / 800000
generated: 236559 / 800000
generated: 236603 / 800000
generated: 236642 / 800000
generated: 236682 / 800000
generated: 236741 / 800000
generated: 236790 / 800000
generated: 236848 / 800000
generated: 236889 / 800000
generated: 236951 / 800000
generated: 237000 / 800000
generated: 237034 / 800000
generated: 237094 / 800000
generated: 237142 / 800000
generated: 237199 / 800000
generated: 237250 / 800000
generated: 237305 / 800000
generated: 237361 / 800000
generated: 237412 / 800000
generated: 237461 / 800000
generated: 237515 / 800000
generated: 237573 / 800000
generated: 237618 / 800000
generated: 237668 / 800000
generated: 237718 / 800000
generated: 237771 / 800000
generated: 237817 / 800000
generated: 237875 / 800000
generated: 237936 / 800000
generated: 237981 / 800000
generated: 238031 / 800000
generated: 238082 / 800000
generated: 238128 / 800000
generated: 238190 / 800000
generated: 238240 / 800000
generated: 238289 / 800000
generated: 238339 / 800000
generated: 238383 / 800000
generated: 238446 / 800000
generated: 238507 / 800000
generated: 238551 / 800000
generated: 238595 / 800000
generated: 238645 / 800000
generated: 238698 / 800000
generated: 238750 / 800000
generated: 238809 / 800000
generated: 238855 / 800000
generated: 238905 / 800000
generated: 238949 / 800000
generated: 238997 / 800000
generated: 239044 / 800000
generated: 239100 / 800000
generated: 239155 / 800000
generated: 239208 / 800000
generated: 239256 / 800000
generated: 239309 / 800000
generated: 239365 / 800000
generated: 239418 / 800000
generated: 239470 / 800000
generated: 239522 / 800000
generated: 239587 / 800000
generated: 239636 / 800000
generated: 239694 / 800000
generated: 239741 / 800000
generated: 239789 / 800000
generated: 239840 / 800000
generated: 239879 / 800000
generated: 239924 / 800000
generated: 239979 / 800000
generated: 240028 / 800000
generated: 240074 / 800000
generated: 240129 / 800000
generated: 240171 / 800000
generated: 240225 / 800000
generated: 240291 / 800000
generated: 240338 / 800000
generated: 240386 / 800000
generated: 240423 / 800000
generated: 240479 / 800000
generated: 240534 / 800000
generated: 240580 / 800000
generated: 240638 / 800000
generated: 240674 / 800000
generated: 240729 / 800000
generated: 240784 / 800000
generated: 240835 / 800000
generated: 240883 / 800000
generated: 240944 / 800000
generated: 241000 / 800000
generated: 241047 / 800000
generated: 241098 / 800000
generated: 241137 / 800000
generated: 241188 / 800000
generated: 241230 / 800000
generated: 241277 / 800000
generated: 241327 / 800000
generated: 241374 / 800000
generated: 241420 / 800000
generated: 241468 / 800000
generated: 241521 / 800000
generated: 241576 / 800000
generated: 241630 / 800000
generated: 241685 / 800000
generated: 241740 / 800000
generated: 241789 / 800000
generated: 241829 / 800000
generated: 241879 / 800000
generated: 241925 / 800000
generated: 241987 / 800000
generated: 242031 / 800000
generated: 242074 / 800000
generated: 242120 / 800000
generated: 242177 / 800000
generated: 242233 / 800000
generated: 242284 / 800000
generated: 242323 / 800000
generated: 242373 / 800000
generated: 242426 / 800000
generated: 242479 / 800000
generated: 242528 / 800000
generated: 242583 / 800000
generated: 242629 / 800000
generated: 242671 / 800000
generated: 242719 / 800000
generated: 242778 / 800000
generated: 242821 / 800000
generated: 242872 / 800000
generated: 242920 / 800000
generated: 242970 / 800000
generated: 243012 / 800000
generated: 243066 / 800000
generated: 243122 / 800000
generated: 243179 / 800000
generated: 243227 / 800000
generated: 243277 / 800000
generated: 243326 / 800000
generated: 243376 / 800000
generated: 243416 / 800000
generated: 243462 / 800000
generated: 243512 / 800000
generated: 243561 / 800000
generated: 243616 / 800000
generated: 243669 / 800000
generated: 243731 / 800000
generated: 243775 / 800000
generated: 243826 / 800000
generated: 243880 / 800000
generated: 243930 / 800000
generated: 243978 / 800000
generated: 244032 / 800000
generated: 244081 / 800000
generated: 244125 / 800000
generated: 244168 / 800000
generated: 244224 / 800000
generated: 244273 / 800000
generated: 244327 / 800000
generated: 244379 / 800000
generated: 244427 / 800000
generated: 244489 / 800000
generated: 244539 / 800000
generated: 244599 / 800000
generated: 244646 / 800000
generated: 244708 / 800000
generated: 244758 / 800000
generated: 244808 / 800000
generated: 244854 / 800000
generated: 244915 / 800000
generated: 244954 / 800000
generated: 245015 / 800000
generated: 245063 / 800000
generated: 245118 / 800000
generated: 245159 / 800000
generated: 245204 / 800000
generated: 245250 / 800000
generated: 245312 / 800000
generated: 245360 / 800000
generated: 245420 / 800000
generated: 245483 / 800000
generated: 245539 / 800000
generated: 245591 / 800000
generated: 245636 / 800000
generated: 245673 / 800000
generated: 245714 / 800000
generated: 245766 / 800000
generated: 245819 / 800000
generated: 245873 / 800000
generated: 245909 / 800000
generated: 245966 / 800000
generated: 246020 / 800000
generated: 246075 / 800000
generated: 246128 / 800000
generated: 246160 / 800000
generated: 246214 / 800000
generated: 246270 / 800000
generated: 246313 / 800000
generated: 246356 / 800000
generated: 246398 / 800000
generated: 246447 / 800000
generated: 246493 / 800000
generated: 246534 / 800000
generated: 246577 / 800000
generated: 246616 / 800000
generated: 246672 / 800000
generated: 246715 / 800000
generated: 246769 / 800000
generated: 246817 / 800000
generated: 246863 / 800000
generated: 246910 / 800000
generated: 246955 / 800000
generated: 246993 / 800000
generated: 247043 / 800000
generated: 247099 / 800000
generated: 247152 / 800000
generated: 247213 / 800000
generated: 247253 / 800000
generated: 247308 / 800000
generated: 247369 / 800000
generated: 247420 / 800000
generated: 247472 / 800000
generated: 247522 / 800000
generated: 247575 / 800000
generated: 247625 / 800000
generated: 247675 / 800000
generated: 247724 / 800000
generated: 247778 / 800000
generated: 247822 / 800000
generated: 247874 / 800000
generated: 247924 / 800000
generated: 247979 / 800000
generated: 248018 / 800000
generated: 248065 / 800000
generated: 248122 / 800000
generated: 248158 / 800000
generated: 248217 / 800000
generated: 248274 / 800000
generated: 248325 / 800000
generated: 248378 / 800000
generated: 248442 / 800000
generated: 248495 / 800000
generated: 248544 / 800000
generated: 248601 / 800000
generated: 248641 / 800000
generated: 248691 / 800000
generated: 248731 / 800000
generated: 248784 / 800000
generated: 248837 / 800000
generated: 248882 / 800000
generated: 248931 / 800000
generated: 248983 / 800000
generated: 249045 / 800000
generated: 249085 / 800000
generated: 249128 / 800000
generated: 249169 / 800000
generated: 249220 / 800000
generated: 249273 / 800000
generated: 249322 / 800000
generated: 249374 / 800000
generated: 249439 / 800000
generated: 249480 / 800000
generated: 249535 / 800000
generated: 249582 / 800000
generated: 249644 / 800000
generated: 249695 / 800000
generated: 249746 / 800000
generated: 249797 / 800000
generated: 249856 / 800000
generated: 249900 / 800000
generated: 249952 / 800000
generated: 249993 / 800000
generated: 250041 / 800000
generated: 250087 / 800000
generated: 250139 / 800000
generated: 250195 / 800000
generated: 250242 / 800000
generated: 250293 / 800000
generated: 250354 / 800000
generated: 250408 / 800000
generated: 250448 / 800000
generated: 250479 / 800000
generated: 250530 / 800000
generated: 250570 / 800000
generated: 250625 / 800000
generated: 250680 / 800000
generated: 250725 / 800000
generated: 250779 / 800000
generated: 250830 / 800000
generated: 250876 / 800000
generated: 250925 / 800000
generated: 250980 / 800000
generated: 251037 / 800000
generated: 251075 / 800000
generated: 251138 / 800000
generated: 251181 / 800000
generated: 251236 / 800000
generated: 251284 / 800000
generated: 251338 / 800000
generated: 251393 / 800000
generated: 251434 / 800000
generated: 251477 / 800000
generated: 251531 / 800000
generated: 251579 / 800000
generated: 251631 / 800000
generated: 251681 / 800000
generated: 251725 / 800000
generated: 251763 / 800000
generated: 251809 / 800000
generated: 251856 / 800000
generated: 251891 / 800000
generated: 251955 / 800000
generated: 252006 / 800000
generated: 252043 / 800000
generated: 252092 / 800000
generated: 252148 / 800000
generated: 252202 / 800000
generated: 252243 / 800000
generated: 252302 / 800000
generated: 252345 / 800000
generated: 252386 / 800000
generated: 252430 / 800000
generated: 252483 / 800000
generated: 252540 / 800000
generated: 252603 / 800000
generated: 252639 / 800000
generated: 252689 / 800000
generated: 252734 / 800000
generated: 252787 / 800000
generated: 252829 / 800000
generated: 252884 / 800000
generated: 252942 / 800000
generated: 252988 / 800000
generated: 253036 / 800000
generated: 253096 / 800000
generated: 253145 / 800000
generated: 253204 / 800000
generated: 253240 / 800000
generated: 253276 / 800000
generated: 253325 / 800000
generated: 253380 / 800000
generated: 253428 / 800000
generated: 253491 / 800000
generated: 253538 / 800000
generated: 253599 / 800000
generated: 253662 / 800000
generated: 253711 / 800000
generated: 253760 / 800000
generated: 253814 / 800000
generated: 253853 / 800000
generated: 253900 / 800000
generated: 253957 / 800000
generated: 254008 / 800000
generated: 254061 / 800000
generated: 254099 / 800000
generated: 254138 / 800000
generated: 254192 / 800000
generated: 254245 / 800000
generated: 254297 / 800000
generated: 254352 / 800000
generated: 254396 / 800000
generated: 254445 / 800000
generated: 254489 / 800000
generated: 254532 / 800000
generated: 254588 / 800000
generated: 254641 / 800000
generated: 254695 / 800000
generated: 254750 / 800000
generated: 254790 / 800000
generated: 254846 / 800000
generated: 254892 / 800000
generated: 254934 / 800000
generated: 254979 / 800000
generated: 255029 / 800000
generated: 255092 / 800000
generated: 255140 / 800000
generated: 255187 / 800000
generated: 255233 / 800000
generated: 255273 / 800000
generated: 255313 / 800000
generated: 255366 / 800000
generated: 255409 / 800000
generated: 255452 / 800000
generated: 255507 / 800000
generated: 255552 / 800000
generated: 255596 / 800000
generated: 255636 / 800000
generated: 255694 / 800000
generated: 255743 / 800000
generated: 255786 / 800000
generated: 255835 / 800000
generated: 255888 / 800000
generated: 255937 / 800000
generated: 255993 / 800000
generated: 256035 / 800000
generated: 256091 / 800000
generated: 256136 / 800000
generated: 256188 / 800000
generated: 256237 / 800000
generated: 256303 / 800000
generated: 256353 / 800000
generated: 256401 / 800000
generated: 256460 / 800000
generated: 256505 / 800000
generated: 256561 / 800000
generated: 256621 / 800000
generated: 256679 / 800000
generated: 256736 / 800000
generated: 256792 / 800000
generated: 256837 / 800000
generated: 256889 / 800000
generated: 256929 / 800000
generated: 256974 / 800000
generated: 257024 / 800000
generated: 257072 / 800000
generated: 257139 / 800000
generated: 257190 / 800000
generated: 257253 / 800000
generated: 257303 / 800000
generated: 257354 / 800000
generated: 257403 / 800000
generated: 257454 / 800000
generated: 257515 / 800000
generated: 257558 / 800000
generated: 257605 / 800000
generated: 257653 / 800000
generated: 257705 / 800000
generated: 257765 / 800000
generated: 257815 / 800000
generated: 257872 / 800000
generated: 257910 / 800000
generated: 257952 / 800000
generated: 258024 / 800000
generated: 258074 / 800000
generated: 258122 / 800000
generated: 258164 / 800000
generated: 258210 / 800000
generated: 258268 / 800000
generated: 258317 / 800000
generated: 258371 / 800000
generated: 258416 / 800000
generated: 258460 / 800000
generated: 258501 / 800000
generated: 258542 / 800000
generated: 258585 / 800000
generated: 258642 / 800000
generated: 258684 / 800000
generated: 258741 / 800000
generated: 258790 / 800000
generated: 258836 / 800000
generated: 258877 / 800000
generated: 258922 / 800000
generated: 258966 / 800000
generated: 259008 / 800000
generated: 259061 / 800000
generated: 259112 / 800000
generated: 259158 / 800000
generated: 259221 / 800000
generated: 259277 / 800000
generated: 259320 / 800000
generated: 259377 / 800000
generated: 259425 / 800000
generated: 259481 / 800000
generated: 259526 / 800000
generated: 259591 / 800000
generated: 259643 / 800000
generated: 259690 / 800000
generated: 259744 / 800000
generated: 259791 / 800000
generated: 259830 / 800000
generated: 259885 / 800000
generated: 259932 / 800000
generated: 259974 / 800000
generated: 260026 / 800000
generated: 260069 / 800000
generated: 260123 / 800000
generated: 260180 / 800000
generated: 260221 / 800000
generated: 260278 / 800000
generated: 260332 / 800000
generated: 260387 / 800000
generated: 260430 / 800000
generated: 260482 / 800000
generated: 260537 / 800000
generated: 260585 / 800000
generated: 260640 / 800000
generated: 260692 / 800000
generated: 260733 / 800000
generated: 260778 / 800000
generated: 260815 / 800000
generated: 260863 / 800000
generated: 260914 / 800000
generated: 260970 / 800000
generated: 261035 / 800000
generated: 261084 / 800000
generated: 261148 / 800000
generated: 261193 / 800000
generated: 261234 / 800000
generated: 261286 / 800000
generated: 261336 / 800000
generated: 261391 / 800000
generated: 261450 / 800000
generated: 261502 / 800000
generated: 261555 / 800000
generated: 261616 / 800000
generated: 261660 / 800000
generated: 261705 / 800000
generated: 261745 / 800000
generated: 261795 / 800000
generated: 261845 / 800000
generated: 261892 / 800000
generated: 261939 / 800000
generated: 261980 / 800000
generated: 262032 / 800000
generated: 262079 / 800000
generated: 262126 / 800000
generated: 262174 / 800000
generated: 262224 / 800000
generated: 262276 / 800000
generated: 262326 / 800000
generated: 262369 / 800000
generated: 262422 / 800000
generated: 262472 / 800000
generated: 262521 / 800000
generated: 262561 / 800000
generated: 262607 / 800000
generated: 262652 / 800000
generated: 262696 / 800000
generated: 262745 / 800000
generated: 262795 / 800000
generated: 262839 / 800000
generated: 262879 / 800000
generated: 262940 / 800000
generated: 262989 / 800000
generated: 263039 / 800000
generated: 263089 / 800000
generated: 263139 / 800000
generated: 263184 / 800000
generated: 263221 / 800000
generated: 263280 / 800000
generated: 263326 / 800000
generated: 263378 / 800000
generated: 263427 / 800000
generated: 263479 / 800000
generated: 263523 / 800000
generated: 263581 / 800000
generated: 263633 / 800000
generated: 263689 / 800000
generated: 263749 / 800000
generated: 263796 / 800000
generated: 263835 / 800000
generated: 263879 / 800000
generated: 263916 / 800000
generated: 263962 / 800000
generated: 264017 / 800000
generated: 264065 / 800000
generated: 264111 / 800000
generated: 264162 / 800000
generated: 264215 / 800000
generated: 264262 / 800000
generated: 264311 / 800000
generated: 264356 / 800000
generated: 264405 / 800000
generated: 264456 / 800000
generated: 264504 / 800000
generated: 264550 / 800000
generated: 264611 / 800000
generated: 264657 / 800000
generated: 264702 / 800000
generated: 264753 / 800000
generated: 264802 / 800000
generated: 264855 / 800000
generated: 264908 / 800000
generated: 264958 / 800000
generated: 265001 / 800000
generated: 265038 / 800000
generated: 265088 / 800000
generated: 265139 / 800000
generated: 265193 / 800000
generated: 265235 / 800000
generated: 265289 / 800000
generated: 265360 / 800000
generated: 265413 / 800000
generated: 265461 / 800000
generated: 265509 / 800000
generated: 265552 / 800000
generated: 265591 / 800000
generated: 265651 / 800000
generated: 265709 / 800000
generated: 265762 / 800000
generated: 265819 / 800000
generated: 265868 / 800000
generated: 265918 / 800000
generated: 265960 / 800000
generated: 266003 / 800000
generated: 266051 / 800000
generated: 266093 / 800000
generated: 266143 / 800000
generated: 266192 / 800000
generated: 266241 / 800000
generated: 266288 / 800000
generated: 266339 / 800000
generated: 266397 / 800000
generated: 266440 / 800000
generated: 266493 / 800000
generated: 266541 / 800000
generated: 266589 / 800000
generated: 266638 / 800000
generated: 266697 / 800000
generated: 266743 / 800000
generated: 266776 / 800000
generated: 266824 / 800000
generated: 266869 / 800000
generated: 266914 / 800000
generated: 266958 / 800000
generated: 266992 / 800000
generated: 267036 / 800000
generated: 267090 / 800000
generated: 267150 / 800000
generated: 267200 / 800000
generated: 267242 / 800000
generated: 267286 / 800000
generated: 267346 / 800000
generated: 267392 / 800000
generated: 267434 / 800000
generated: 267479 / 800000
generated: 267540 / 800000
generated: 267591 / 800000
generated: 267646 / 800000
generated: 267720 / 800000
generated: 267763 / 800000
generated: 267821 / 800000
generated: 267866 / 800000
generated: 267922 / 800000
generated: 267977 / 800000
generated: 268022 / 800000
generated: 268071 / 800000
generated: 268116 / 800000
generated: 268176 / 800000
generated: 268225 / 800000
generated: 268275 / 800000
generated: 268333 / 800000
generated: 268382 / 800000
generated: 268427 / 800000
generated: 268471 / 800000
generated: 268517 / 800000
generated: 268559 / 800000
generated: 268610 / 800000
generated: 268669 / 800000
generated: 268712 / 800000
generated: 268763 / 800000
generated: 268825 / 800000
generated: 268872 / 800000
generated: 268921 / 800000
generated: 268978 / 800000
generated: 269026 / 800000
generated: 269079 / 800000
generated: 269131 / 800000
generated: 269186 / 800000
generated: 269230 / 800000
generated: 269278 / 800000
generated: 269338 / 800000
generated: 269388 / 800000
generated: 269437 / 800000
generated: 269485 / 800000
generated: 269528 / 800000
generated: 269573 / 800000
generated: 269637 / 800000
generated: 269684 / 800000
generated: 269734 / 800000
generated: 269780 / 800000
generated: 269840 / 800000
generated: 269890 / 800000
generated: 269948 / 800000
generated: 270001 / 800000
generated: 270059 / 800000
generated: 270111 / 800000
generated: 270156 / 800000
generated: 270205 / 800000
generated: 270255 / 800000
generated: 270294 / 800000
generated: 270346 / 800000
generated: 270400 / 800000
generated: 270444 / 800000
generated: 270488 / 800000
generated: 270535 / 800000
generated: 270585 / 800000
generated: 270638 / 800000
generated: 270692 / 800000
generated: 270746 / 800000
generated: 270795 / 800000
generated: 270848 / 800000
generated: 270904 / 800000
generated: 270952 / 800000
generated: 270992 / 800000
generated: 271045 / 800000
generated: 271105 / 800000
generated: 271158 / 800000
generated: 271206 / 800000
generated: 271252 / 800000
generated: 271306 / 800000
generated: 271364 / 800000
generated: 271413 / 800000
generated: 271459 / 800000
generated: 271501 / 800000
generated: 271553 / 800000
generated: 271610 / 800000
generated: 271648 / 800000
generated: 271696 / 800000
generated: 271750 / 800000
generated: 271808 / 800000
generated: 271849 / 800000
generated: 271912 / 800000
generated: 271962 / 800000
generated: 272013 / 800000
generated: 272049 / 800000
generated: 272093 / 800000
generated: 272143 / 800000
generated: 272182 / 800000
generated: 272238 / 800000
generated: 272288 / 800000
generated: 272341 / 800000
generated: 272385 / 800000
generated: 272436 / 800000
generated: 272491 / 800000
generated: 272536 / 800000
generated: 272581 / 800000
generated: 272636 / 800000
generated: 272687 / 800000
generated: 272747 / 800000
generated: 272814 / 800000
generated: 272878 / 800000
generated: 272930 / 800000
generated: 272977 / 800000
generated: 273021 / 800000
generated: 273074 / 800000
generated: 273114 / 800000
generated: 273158 / 800000
generated: 273202 / 800000
generated: 273248 / 800000
generated: 273308 / 800000
generated: 273362 / 800000
generated: 273405 / 800000
generated: 273450 / 800000
generated: 273490 / 800000
generated: 273543 / 800000
generated: 273595 / 800000
generated: 273639 / 800000
generated: 273695 / 800000
generated: 273737 / 800000
generated: 273780 / 800000
generated: 273838 / 800000
generated: 273876 / 800000
generated: 273928 / 800000
generated: 273977 / 800000
generated: 274019 / 800000
generated: 274059 / 800000
generated: 274103 / 800000
generated: 274158 / 800000
generated: 274198 / 800000
generated: 274247 / 800000
generated: 274295 / 800000
generated: 274345 / 800000
generated: 274384 / 800000
generated: 274438 / 800000
generated: 274485 / 800000
generated: 274546 / 800000
generated: 274587 / 800000
generated: 274643 / 800000
generated: 274695 / 800000
generated: 274744 / 800000
generated: 274801 / 800000
generated: 274855 / 800000
generated: 274905 / 800000
generated: 274959 / 800000
generated: 275006 / 800000
generated: 275060 / 800000
generated: 275114 / 800000
generated: 275163 / 800000
generated: 275213 / 800000
generated: 275257 / 800000
generated: 275310 / 800000
generated: 275369 / 800000
generated: 275422 / 800000
generated: 275477 / 800000
generated: 275528 / 800000
generated: 275576 / 800000
generated: 275616 / 800000
generated: 275667 / 800000
generated: 275724 / 800000
generated: 275780 / 800000
generated: 275843 / 800000
generated: 275889 / 800000
generated: 275936 / 800000
generated: 275994 / 800000
generated: 276044 / 800000
generated: 276095 / 800000
generated: 276147 / 800000
generated: 276197 / 800000
generated: 276240 / 800000
generated: 276288 / 800000
generated: 276338 / 800000
generated: 276386 / 800000
generated: 276428 / 800000
generated: 276472 / 800000
generated: 276524 / 800000
generated: 276568 / 800000
generated: 276618 / 800000
generated: 276664 / 800000
generated: 276711 / 800000
generated: 276764 / 800000
generated: 276823 / 800000
generated: 276869 / 800000
generated: 276905 / 800000
generated: 276959 / 800000
generated: 277014 / 800000
generated: 277063 / 800000
generated: 277110 / 800000
generated: 277157 / 800000
generated: 277205 / 800000
generated: 277255 / 800000
generated: 277307 / 800000
generated: 277353 / 800000
generated: 277399 / 800000
generated: 277450 / 800000
generated: 277500 / 800000
generated: 277553 / 800000
generated: 277611 / 800000
generated: 277647 / 800000
generated: 277694 / 800000
generated: 277753 / 800000
generated: 277801 / 800000
generated: 277849 / 800000
generated: 277892 / 800000
generated: 277956 / 800000
generated: 278006 / 800000
generated: 278057 / 800000
generated: 278094 / 800000
generated: 278146 / 800000
generated: 278176 / 800000
generated: 278227 / 800000
generated: 278273 / 800000
generated: 278323 / 800000
generated: 278385 / 800000
generated: 278436 / 800000
generated: 278489 / 800000
generated: 278527 / 800000
generated: 278571 / 800000
generated: 278611 / 800000
generated: 278663 / 800000
generated: 278720 / 800000
generated: 278773 / 800000
generated: 278825 / 800000
generated: 278881 / 800000
generated: 278925 / 800000
generated: 278970 / 800000
generated: 279029 / 800000
generated: 279078 / 800000
generated: 279125 / 800000
generated: 279169 / 800000
generated: 279215 / 800000
generated: 279269 / 800000
generated: 279319 / 800000
generated: 279368 / 800000
generated: 279411 / 800000
generated: 279462 / 800000
generated: 279502 / 800000
generated: 279547 / 800000
generated: 279584 / 800000
generated: 279638 / 800000
generated: 279693 / 800000
generated: 279750 / 800000
generated: 279803 / 800000
generated: 279852 / 800000
generated: 279906 / 800000
generated: 279951 / 800000
generated: 279998 / 800000
generated: 280050 / 800000
generated: 280096 / 800000
generated: 280149 / 800000
generated: 280195 / 800000
generated: 280233 / 800000
generated: 280283 / 800000
generated: 280342 / 800000
generated: 280388 / 800000
generated: 280442 / 800000
generated: 280500 / 800000
generated: 280548 / 800000
generated: 280602 / 800000
generated: 280653 / 800000
generated: 280700 / 800000
generated: 280750 / 800000
generated: 280805 / 800000
generated: 280851 / 800000
generated: 280897 / 800000
generated: 280958 / 800000
generated: 280998 / 800000
generated: 281051 / 800000
generated: 281105 / 800000
generated: 281149 / 800000
generated: 281203 / 800000
generated: 281243 / 800000
generated: 281292 / 800000
generated: 281336 / 800000
generated: 281384 / 800000
generated: 281438 / 800000
generated: 281487 / 800000
generated: 281536 / 800000
generated: 281580 / 800000
generated: 281634 / 800000
generated: 281685 / 800000
generated: 281728 / 800000
generated: 281780 / 800000
generated: 281842 / 800000
generated: 281892 / 800000
generated: 281942 / 800000
generated: 281996 / 800000
generated: 282033 / 800000
generated: 282081 / 800000
generated: 282129 / 800000
generated: 282179 / 800000
generated: 282224 / 800000
generated: 282264 / 800000
generated: 282299 / 800000
generated: 282343 / 800000
generated: 282393 / 800000
generated: 282443 / 800000
generated: 282485 / 800000
generated: 282532 / 800000
generated: 282593 / 800000
generated: 282645 / 800000
generated: 282696 / 800000
generated: 282751 / 800000
generated: 282801 / 800000
generated: 282840 / 800000
generated: 282904 / 800000
generated: 282944 / 800000
generated: 282994 / 800000
generated: 283038 / 800000
generated: 283071 / 800000
generated: 283121 / 800000
generated: 283179 / 800000
generated: 283231 / 800000
generated: 283275 / 800000
generated: 283315 / 800000
generated: 283369 / 800000
generated: 283421 / 800000
generated: 283483 / 800000
generated: 283529 / 800000
generated: 283575 / 800000
generated: 283622 / 800000
generated: 283669 / 800000
generated: 283722 / 800000
generated: 283763 / 800000
generated: 283814 / 800000
generated: 283864 / 800000
generated: 283908 / 800000
generated: 283953 / 800000
generated: 284003 / 800000
generated: 284064 / 800000
generated: 284114 / 800000
generated: 284169 / 800000
generated: 284226 / 800000
generated: 284276 / 800000
generated: 284329 / 800000
generated: 284376 / 800000
generated: 284423 / 800000
generated: 284462 / 800000
generated: 284519 / 800000
generated: 284567 / 800000
generated: 284613 / 800000
generated: 284663 / 800000
generated: 284700 / 800000
generated: 284767 / 800000
generated: 284821 / 800000
generated: 284873 / 800000
generated: 284921 / 800000
generated: 284976 / 800000
generated: 285036 / 800000
generated: 285096 / 800000
generated: 285138 / 800000
generated: 285186 / 800000
generated: 285242 / 800000
generated: 285272 / 800000
generated: 285330 / 800000
generated: 285365 / 800000
generated: 285415 / 800000
generated: 285463 / 800000
generated: 285508 / 800000
generated: 285565 / 800000
generated: 285613 / 800000
generated: 285656 / 800000
generated: 285713 / 800000
generated: 285766 / 800000
generated: 285812 / 800000
generated: 285884 / 800000
generated: 285944 / 800000
generated: 285990 / 800000
generated: 286031 / 800000
generated: 286083 / 800000
generated: 286139 / 800000
generated: 286187 / 800000
generated: 286237 / 800000
generated: 286286 / 800000
generated: 286335 / 800000
generated: 286385 / 800000
generated: 286443 / 800000
generated: 286486 / 800000
generated: 286543 / 800000
generated: 286621 / 800000
generated: 286663 / 800000
generated: 286706 / 800000
generated: 286750 / 800000
generated: 286802 / 800000
generated: 286846 / 800000
generated: 286894 / 800000
generated: 286944 / 800000
generated: 286998 / 800000
generated: 287044 / 800000
generated: 287094 / 800000
generated: 287148 / 800000
generated: 287198 / 800000
generated: 287255 / 800000
generated: 287322 / 800000
generated: 287370 / 800000
generated: 287412 / 800000
generated: 287456 / 800000
generated: 287505 / 800000
generated: 287558 / 800000
generated: 287621 / 800000
generated: 287677 / 800000
generated: 287725 / 800000
generated: 287772 / 800000
generated: 287824 / 800000
generated: 287874 / 800000
generated: 287926 / 800000
generated: 287976 / 800000
generated: 288021 / 800000
generated: 288073 / 800000
generated: 288128 / 800000
generated: 288168 / 800000
generated: 288222 / 800000
generated: 288274 / 800000
generated: 288317 / 800000
generated: 288363 / 800000
generated: 288414 / 800000
generated: 288476 / 800000
generated: 288524 / 800000
generated: 288578 / 800000
generated: 288630 / 800000
generated: 288685 / 800000
generated: 288741 / 800000
generated: 288793 / 800000
generated: 288841 / 800000
generated: 288897 / 800000
generated: 288940 / 800000
generated: 288993 / 800000
generated: 289038 / 800000
generated: 289084 / 800000
generated: 289150 / 800000
generated: 289199 / 800000
generated: 289244 / 800000
generated: 289296 / 800000
generated: 289349 / 800000
generated: 289397 / 800000
generated: 289441 / 800000
generated: 289487 / 800000
generated: 289534 / 800000
generated: 289587 / 800000
generated: 289638 / 800000
generated: 289696 / 800000
generated: 289746 / 800000
generated: 289800 / 800000
generated: 289849 / 800000
generated: 289899 / 800000
generated: 289950 / 800000
generated: 290010 / 800000
generated: 290070 / 800000
generated: 290106 / 800000
generated: 290166 / 800000
generated: 290215 / 800000
generated: 290272 / 800000
generated: 290333 / 800000
generated: 290382 / 800000
generated: 290436 / 800000
generated: 290488 / 800000
generated: 290543 / 800000
generated: 290589 / 800000
generated: 290643 / 800000
generated: 290689 / 800000
generated: 290740 / 800000
generated: 290786 / 800000
generated: 290837 / 800000
generated: 290890 / 800000
generated: 290941 / 800000
generated: 290988 / 800000
generated: 291046 / 800000
generated: 291102 / 800000
generated: 291146 / 800000
generated: 291186 / 800000
generated: 291244 / 800000
generated: 291289 / 800000
generated: 291346 / 800000
generated: 291390 / 800000
generated: 291431 / 800000
generated: 291486 / 800000
generated: 291539 / 800000
generated: 291591 / 800000
generated: 291640 / 800000
generated: 291685 / 800000
generated: 291733 / 800000
generated: 291794 / 800000
generated: 291857 / 800000
generated: 291909 / 800000
generated: 291955 / 800000
generated: 292012 / 800000
generated: 292062 / 800000
generated: 292110 / 800000
generated: 292166 / 800000
generated: 292218 / 800000
generated: 292287 / 800000
generated: 292338 / 800000
generated: 292398 / 800000
generated: 292452 / 800000
generated: 292511 / 800000
generated: 292550 / 800000
generated: 292601 / 800000
generated: 292651 / 800000
generated: 292711 / 800000
generated: 292757 / 800000
generated: 292806 / 800000
generated: 292852 / 800000
generated: 292913 / 800000
generated: 292965 / 800000
generated: 293009 / 800000
generated: 293060 / 800000
generated: 293118 / 800000
generated: 293162 / 800000
generated: 293211 / 800000
generated: 293251 / 800000
generated: 293294 / 800000
generated: 293344 / 800000
generated: 293388 / 800000
generated: 293438 / 800000
generated: 293478 / 800000
generated: 293525 / 800000
generated: 293575 / 800000
generated: 293613 / 800000
generated: 293667 / 800000
generated: 293718 / 800000
generated: 293774 / 800000
generated: 293813 / 800000
generated: 293857 / 800000
generated: 293893 / 800000
generated: 293938 / 800000
generated: 293986 / 800000
generated: 294035 / 800000
generated: 294082 / 800000
generated: 294133 / 800000
generated: 294175 / 800000
generated: 294222 / 800000
generated: 294272 / 800000
generated: 294318 / 800000
generated: 294371 / 800000
generated: 294437 / 800000
generated: 294492 / 800000
generated: 294545 / 800000
generated: 294593 / 800000
generated: 294643 / 800000
generated: 294691 / 800000
generated: 294742 / 800000
generated: 294795 / 800000
generated: 294839 / 800000
generated: 294895 / 800000
generated: 294943 / 800000
generated: 295000 / 800000
generated: 295045 / 800000
generated: 295095 / 800000
generated: 295149 / 800000
generated: 295198 / 800000
generated: 295251 / 800000
generated: 295311 / 800000
generated: 295359 / 800000
generated: 295408 / 800000
generated: 295451 / 800000
generated: 295504 / 800000
generated: 295543 / 800000
generated: 295587 / 800000
generated: 295633 / 800000
generated: 295673 / 800000
generated: 295726 / 800000
generated: 295768 / 800000
generated: 295819 / 800000
generated: 295878 / 800000
generated: 295933 / 800000
generated: 295988 / 800000
generated: 296039 / 800000
generated: 296093 / 800000
generated: 296138 / 800000
generated: 296196 / 800000
generated: 296242 / 800000
generated: 296297 / 800000
generated: 296345 / 800000
generated: 296395 / 800000
generated: 296457 / 800000
generated: 296519 / 800000
generated: 296572 / 800000
generated: 296620 / 800000
generated: 296688 / 800000
generated: 296747 / 800000
generated: 296795 / 800000
generated: 296848 / 800000
generated: 296888 / 800000
generated: 296944 / 800000
generated: 296996 / 800000
generated: 297047 / 800000
generated: 297094 / 800000
generated: 297146 / 800000
generated: 297205 / 800000
generated: 297252 / 800000
generated: 297302 / 800000
generated: 297346 / 800000
generated: 297401 / 800000
generated: 297449 / 800000
generated: 297500 / 800000
generated: 297555 / 800000
generated: 297600 / 800000
generated: 297645 / 800000
generated: 297698 / 800000
generated: 297741 / 800000
generated: 297785 / 800000
generated: 297841 / 800000
generated: 297890 / 800000
generated: 297940 / 800000
generated: 297989 / 800000
generated: 298051 / 800000
generated: 298095 / 800000
generated: 298148 / 800000
generated: 298195 / 800000
generated: 298248 / 800000
generated: 298293 / 800000
generated: 298337 / 800000
generated: 298392 / 800000
generated: 298443 / 800000
generated: 298500 / 800000
generated: 298549 / 800000
generated: 298592 / 800000
generated: 298643 / 800000
generated: 298692 / 800000
generated: 298739 / 800000
generated: 298800 / 800000
generated: 298859 / 800000
generated: 298901 / 800000
generated: 298944 / 800000
generated: 298989 / 800000
generated: 299038 / 800000
generated: 299088 / 800000
generated: 299133 / 800000
generated: 299193 / 800000
generated: 299246 / 800000
generated: 299298 / 800000
generated: 299341 / 800000
generated: 299385 / 800000
generated: 299438 / 800000
generated: 299475 / 800000
generated: 299530 / 800000
generated: 299583 / 800000
generated: 299636 / 800000
generated: 299689 / 800000
generated: 299741 / 800000
generated: 299795 / 800000
generated: 299837 / 800000
generated: 299880 / 800000
generated: 299926 / 800000
generated: 299973 / 800000
generated: 300012 / 800000
generated: 300071 / 800000
generated: 300129 / 800000
generated: 300175 / 800000
generated: 300231 / 800000
generated: 300273 / 800000
generated: 300330 / 800000
generated: 300385 / 800000
generated: 300431 / 800000
generated: 300486 / 800000
generated: 300543 / 800000
generated: 300588 / 800000
generated: 300632 / 800000
generated: 300679 / 800000
generated: 300730 / 800000
generated: 300781 / 800000
generated: 300831 / 800000
generated: 300895 / 800000
generated: 300948 / 800000
generated: 300985 / 800000
generated: 301038 / 800000
generated: 301095 / 800000
generated: 301141 / 800000
generated: 301193 / 800000
generated: 301247 / 800000
generated: 301295 / 800000
generated: 301346 / 800000
generated: 301393 / 800000
generated: 301428 / 800000
generated: 301475 / 800000
generated: 301529 / 800000
generated: 301589 / 800000
generated: 301635 / 800000
generated: 301672 / 800000
generated: 301717 / 800000
generated: 301752 / 800000
generated: 301806 / 800000
generated: 301848 / 800000
generated: 301896 / 800000
generated: 301950 / 800000
generated: 302002 / 800000
generated: 302054 / 800000
generated: 302110 / 800000
generated: 302155 / 800000
generated: 302199 / 800000
generated: 302245 / 800000
generated: 302297 / 800000
generated: 302341 / 800000
generated: 302400 / 800000
generated: 302439 / 800000
generated: 302479 / 800000
generated: 302526 / 800000
generated: 302588 / 800000
generated: 302642 / 800000
generated: 302688 / 800000
generated: 302739 / 800000
generated: 302799 / 800000
generated: 302851 / 800000
generated: 302902 / 800000
generated: 302945 / 800000
generated: 302988 / 800000
generated: 303046 / 800000
generated: 303097 / 800000
generated: 303145 / 800000
generated: 303212 / 800000
generated: 303273 / 800000
generated: 303323 / 800000
generated: 303374 / 800000
generated: 303428 / 800000
generated: 303483 / 800000
generated: 303530 / 800000
generated: 303572 / 800000
generated: 303624 / 800000
generated: 303669 / 800000
generated: 303715 / 800000
generated: 303759 / 800000
generated: 303810 / 800000
generated: 303854 / 800000
generated: 303897 / 800000
generated: 303951 / 800000
generated: 303996 / 800000
generated: 304041 / 800000
generated: 304083 / 800000
generated: 304133 / 800000
generated: 304186 / 800000
generated: 304239 / 800000
generated: 304282 / 800000
generated: 304334 / 800000
generated: 304376 / 800000
generated: 304420 / 800000
generated: 304474 / 800000
generated: 304538 / 800000
generated: 304600 / 800000
generated: 304645 / 800000
generated: 304710 / 800000
generated: 304762 / 800000
generated: 304798 / 800000
generated: 304843 / 800000
generated: 304895 / 800000
generated: 304949 / 800000
generated: 304993 / 800000
generated: 305036 / 800000
generated: 305093 / 800000
generated: 305141 / 800000
generated: 305192 / 800000
generated: 305241 / 800000
generated: 305288 / 800000
generated: 305352 / 800000
generated: 305408 / 800000
generated: 305450 / 800000
generated: 305506 / 800000
generated: 305549 / 800000
generated: 305600 / 800000
generated: 305644 / 800000
generated: 305692 / 800000
generated: 305734 / 800000
generated: 305794 / 800000
generated: 305846 / 800000
generated: 305892 / 800000
generated: 305947 / 800000
generated: 306006 / 800000
generated: 306057 / 800000
generated: 306123 / 800000
generated: 306180 / 800000
generated: 306222 / 800000
generated: 306266 / 800000
generated: 306325 / 800000
generated: 306382 / 800000
generated: 306431 / 800000
generated: 306487 / 800000
generated: 306540 / 800000
generated: 306596 / 800000
generated: 306649 / 800000
generated: 306700 / 800000
generated: 306756 / 800000
generated: 306808 / 800000
generated: 306857 / 800000
generated: 306908 / 800000
generated: 306965 / 800000
generated: 307013 / 800000
generated: 307066 / 800000
generated: 307114 / 800000
generated: 307166 / 800000
generated: 307214 / 800000
generated: 307254 / 800000
generated: 307305 / 800000
generated: 307358 / 800000
generated: 307406 / 800000
generated: 307453 / 800000
generated: 307513 / 800000
generated: 307578 / 800000
generated: 307617 / 800000
generated: 307671 / 800000
generated: 307721 / 800000
generated: 307767 / 800000
generated: 307808 / 800000
generated: 307865 / 800000
generated: 307922 / 800000
generated: 307971 / 800000
generated: 308019 / 800000
generated: 308078 / 800000
generated: 308122 / 800000
generated: 308169 / 800000
generated: 308220 / 800000
generated: 308270 / 800000
generated: 308321 / 800000
generated: 308363 / 800000
generated: 308409 / 800000
generated: 308462 / 800000
generated: 308510 / 800000
generated: 308558 / 800000
generated: 308607 / 800000
generated: 308664 / 800000
generated: 308713 / 800000
generated: 308778 / 800000
generated: 308829 / 800000
generated: 308883 / 800000
generated: 308918 / 800000
generated: 308971 / 800000
generated: 309016 / 800000
generated: 309071 / 800000
generated: 309116 / 800000
generated: 309166 / 800000
generated: 309220 / 800000
generated: 309271 / 800000
generated: 309326 / 800000
generated: 309377 / 800000
generated: 309420 / 800000
generated: 309477 / 800000
generated: 309538 / 800000
generated: 309581 / 800000
generated: 309629 / 800000
generated: 309679 / 800000
generated: 309728 / 800000
generated: 309788 / 800000
generated: 309829 / 800000
generated: 309869 / 800000
generated: 309923 / 800000
generated: 309974 / 800000
generated: 310034 / 800000
generated: 310086 / 800000
generated: 310134 / 800000
generated: 310189 / 800000
generated: 310238 / 800000
generated: 310300 / 800000
generated: 310341 / 800000
generated: 310403 / 800000
generated: 310462 / 800000
generated: 310510 / 800000
generated: 310562 / 800000
generated: 310605 / 800000
generated: 310663 / 800000
generated: 310713 / 800000
generated: 310763 / 800000
generated: 310824 / 800000
generated: 310865 / 800000
generated: 310908 / 800000
generated: 310966 / 800000
generated: 311018 / 800000
generated: 311065 / 800000
generated: 311123 / 800000
generated: 311164 / 800000
generated: 311214 / 800000
generated: 311260 / 800000
generated: 311303 / 800000
generated: 311353 / 800000
generated: 311405 / 800000
generated: 311450 / 800000
generated: 311501 / 800000
generated: 311552 / 800000
generated: 311609 / 800000
generated: 311656 / 800000
generated: 311718 / 800000
generated: 311763 / 800000
generated: 311816 / 800000
generated: 311860 / 800000
generated: 311911 / 800000
generated: 311957 / 800000
generated: 312002 / 800000
generated: 312052 / 800000
generated: 312095 / 800000
generated: 312142 / 800000
generated: 312198 / 800000
generated: 312252 / 800000
generated: 312309 / 800000
generated: 312355 / 800000
generated: 312415 / 800000
generated: 312460 / 800000
generated: 312510 / 800000
generated: 312567 / 800000
generated: 312605 / 800000
generated: 312644 / 800000
generated: 312686 / 800000
generated: 312734 / 800000
generated: 312784 / 800000
generated: 312828 / 800000
generated: 312874 / 800000
generated: 312920 / 800000
generated: 312973 / 800000
generated: 313025 / 800000
generated: 313074 / 800000
generated: 313124 / 800000
generated: 313176 / 800000
generated: 313243 / 800000
generated: 313289 / 800000
generated: 313339 / 800000
generated: 313375 / 800000
generated: 313427 / 800000
generated: 313479 / 800000
generated: 313527 / 800000
generated: 313575 / 800000
generated: 313615 / 800000
generated: 313662 / 800000
generated: 313705 / 800000
generated: 313742 / 800000
generated: 313800 / 800000
generated: 313853 / 800000
generated: 313897 / 800000
generated: 313941 / 800000
generated: 313986 / 800000
generated: 314047 / 800000
generated: 314098 / 800000
generated: 314144 / 800000
generated: 314199 / 800000
generated: 314245 / 800000
generated: 314296 / 800000
generated: 314334 / 800000
generated: 314390 / 800000
generated: 314437 / 800000
generated: 314487 / 800000
generated: 314539 / 800000
generated: 314592 / 800000
generated: 314652 / 800000
generated: 314701 / 800000
generated: 314751 / 800000
generated: 314803 / 800000
generated: 314852 / 800000
generated: 314909 / 800000
generated: 314951 / 800000
generated: 315004 / 800000
generated: 315050 / 800000
generated: 315091 / 800000
generated: 315141 / 800000
generated: 315190 / 800000
generated: 315240 / 800000
generated: 315280 / 800000
generated: 315334 / 800000
generated: 315382 / 800000
generated: 315430 / 800000
generated: 315484 / 800000
generated: 315529 / 800000
generated: 315576 / 800000
generated: 315619 / 800000
generated: 315677 / 800000
generated: 315726 / 800000
generated: 315780 / 800000
generated: 315839 / 800000
generated: 315897 / 800000
generated: 315960 / 800000
generated: 316008 / 800000
generated: 316068 / 800000
generated: 316117 / 800000
generated: 316158 / 800000
generated: 316196 / 800000
generated: 316243 / 800000
generated: 316290 / 800000
generated: 316346 / 800000
generated: 316389 / 800000
generated: 316441 / 800000
generated: 316493 / 800000
generated: 316540 / 800000
generated: 316593 / 800000
generated: 316646 / 800000
generated: 316697 / 800000
generated: 316749 / 800000
generated: 316800 / 800000
generated: 316849 / 800000
generated: 316895 / 800000
generated: 316944 / 800000
generated: 316999 / 800000
generated: 317044 / 800000
generated: 317090 / 800000
generated: 317133 / 800000
generated: 317182 / 800000
generated: 317230 / 800000
generated: 317280 / 800000
generated: 317331 / 800000
generated: 317379 / 800000
generated: 317423 / 800000
generated: 317461 / 800000
generated: 317526 / 800000
generated: 317582 / 800000
generated: 317631 / 800000
generated: 317670 / 800000
generated: 317725 / 800000
generated: 317770 / 800000
generated: 317816 / 800000
generated: 317864 / 800000
generated: 317930 / 800000
generated: 317983 / 800000
generated: 318032 / 800000
generated: 318084 / 800000
generated: 318141 / 800000
generated: 318195 / 800000
generated: 318246 / 800000
generated: 318293 / 800000
generated: 318339 / 800000
generated: 318389 / 800000
generated: 318442 / 800000
generated: 318490 / 800000
generated: 318542 / 800000
generated: 318589 / 800000
generated: 318646 / 800000
generated: 318693 / 800000
generated: 318736 / 800000
generated: 318779 / 800000
generated: 318831 / 800000
generated: 318887 / 800000
generated: 318926 / 800000
generated: 318988 / 800000
generated: 319042 / 800000
generated: 319092 / 800000
generated: 319143 / 800000
generated: 319202 / 800000
generated: 319251 / 800000
generated: 319299 / 800000
generated: 319355 / 800000
generated: 319404 / 800000
generated: 319450 / 800000
generated: 319492 / 800000
generated: 319546 / 800000
generated: 319594 / 800000
generated: 319648 / 800000
generated: 319702 / 800000
generated: 319747 / 800000
generated: 319797 / 800000
generated: 319850 / 800000
generated: 319899 / 800000
generated: 319945 / 800000
generated: 319995 / 800000
generated: 320036 / 800000
generated: 320092 / 800000
generated: 320139 / 800000
generated: 320200 / 800000
generated: 320256 / 800000
generated: 320294 / 800000
generated: 320349 / 800000
generated: 320392 / 800000
generated: 320443 / 800000
generated: 320495 / 800000
generated: 320543 / 800000
generated: 320605 / 800000
generated: 320652 / 800000
generated: 320705 / 800000
generated: 320755 / 800000
generated: 320809 / 800000
generated: 320873 / 800000
generated: 320917 / 800000
generated: 320953 / 800000
generated: 320999 / 800000
generated: 321050 / 800000
generated: 321105 / 800000
generated: 321153 / 800000
generated: 321211 / 800000
generated: 321270 / 800000
generated: 321321 / 800000
generated: 321363 / 800000
generated: 321419 / 800000
generated: 321455 / 800000
generated: 321507 / 800000
generated: 321556 / 800000
generated: 321602 / 800000
generated: 321654 / 800000
generated: 321698 / 800000
generated: 321749 / 800000
generated: 321807 / 800000
generated: 321852 / 800000
generated: 321897 / 800000
generated: 321945 / 800000
generated: 321993 / 800000
generated: 322041 / 800000
generated: 322092 / 800000
generated: 322140 / 800000
generated: 322179 / 800000
generated: 322230 / 800000
generated: 322275 / 800000
generated: 322329 / 800000
generated: 322384 / 800000
generated: 322437 / 800000
generated: 322478 / 800000
generated: 322532 / 800000
generated: 322577 / 800000
generated: 322619 / 800000
generated: 322669 / 800000
generated: 322733 / 800000
generated: 322785 / 800000
generated: 322828 / 800000
generated: 322874 / 800000
generated: 322935 / 800000
generated: 322982 / 800000
generated: 323041 / 800000
generated: 323086 / 800000
generated: 323135 / 800000
generated: 323177 / 800000
generated: 323230 / 800000
generated: 323292 / 800000
generated: 323344 / 800000
generated: 323388 / 800000
generated: 323438 / 800000
generated: 323479 / 800000
generated: 323528 / 800000
generated: 323565 / 800000
generated: 323612 / 800000
generated: 323666 / 800000
generated: 323708 / 800000
generated: 323758 / 800000
generated: 323818 / 800000
generated: 323877 / 800000
generated: 323927 / 800000
generated: 323981 / 800000
generated: 324025 / 800000
generated: 324069 / 800000
generated: 324127 / 800000
generated: 324172 / 800000
generated: 324222 / 800000
generated: 324270 / 800000
generated: 324323 / 800000
generated: 324376 / 800000
generated: 324414 / 800000
generated: 324467 / 800000
generated: 324520 / 800000
generated: 324570 / 800000
generated: 324623 / 800000
generated: 324671 / 800000
generated: 324713 / 800000
generated: 324765 / 800000
generated: 324823 / 800000
generated: 324876 / 800000
generated: 324924 / 800000
generated: 324977 / 800000
generated: 325030 / 800000
generated: 325079 / 800000
generated: 325124 / 800000
generated: 325171 / 800000
generated: 325214 / 800000
generated: 325264 / 800000
generated: 325305 / 800000
generated: 325352 / 800000
generated: 325395 / 800000
generated: 325441 / 800000
generated: 325499 / 800000
generated: 325549 / 800000
generated: 325596 / 800000
generated: 325662 / 800000
generated: 325712 / 800000
generated: 325762 / 800000
generated: 325809 / 800000
generated: 325860 / 800000
generated: 325905 / 800000
generated: 325945 / 800000
generated: 325982 / 800000
generated: 326029 / 800000
generated: 326088 / 800000
generated: 326152 / 800000
generated: 326199 / 800000
generated: 326246 / 800000
generated: 326310 / 800000
generated: 326354 / 800000
generated: 326399 / 800000
generated: 326442 / 800000
generated: 326489 / 800000
generated: 326539 / 800000
generated: 326591 / 800000
generated: 326639 / 800000
generated: 326690 / 800000
generated: 326734 / 800000
generated: 326777 / 800000
generated: 326828 / 800000
generated: 326881 / 800000
generated: 326920 / 800000
generated: 326951 / 800000
generated: 327012 / 800000
generated: 327066 / 800000
generated: 327112 / 800000
generated: 327153 / 800000
generated: 327204 / 800000
generated: 327249 / 800000
generated: 327304 / 800000
generated: 327352 / 800000
generated: 327401 / 800000
generated: 327441 / 800000
generated: 327501 / 800000
generated: 327541 / 800000
generated: 327594 / 800000
generated: 327639 / 800000
generated: 327696 / 800000
generated: 327747 / 800000
generated: 327793 / 800000
generated: 327843 / 800000
generated: 327886 / 800000
generated: 327937 / 800000
generated: 327985 / 800000
generated: 328033 / 800000
generated: 328094 / 800000
generated: 328138 / 800000
generated: 328183 / 800000
generated: 328235 / 800000
generated: 328274 / 800000
generated: 328333 / 800000
generated: 328386 / 800000
generated: 328431 / 800000
generated: 328489 / 800000
generated: 328535 / 800000
generated: 328579 / 800000
generated: 328630 / 800000
generated: 328694 / 800000
generated: 328732 / 800000
generated: 328791 / 800000
generated: 328849 / 800000
generated: 328888 / 800000
generated: 328942 / 800000
generated: 328992 / 800000
generated: 329035 / 800000
generated: 329072 / 800000
generated: 329125 / 800000
generated: 329171 / 800000
generated: 329224 / 800000
generated: 329275 / 800000
generated: 329325 / 800000
generated: 329373 / 800000
generated: 329416 / 800000
generated: 329462 / 800000
generated: 329525 / 800000
generated: 329572 / 800000
generated: 329619 / 800000
generated: 329673 / 800000
generated: 329716 / 800000
generated: 329774 / 800000
generated: 329815 / 800000
generated: 329860 / 800000
generated: 329911 / 800000
generated: 329969 / 800000
generated: 330023 / 800000
generated: 330073 / 800000
generated: 330126 / 800000
generated: 330174 / 800000
generated: 330223 / 800000
generated: 330271 / 800000
generated: 330323 / 800000
generated: 330371 / 800000
generated: 330424 / 800000
generated: 330474 / 800000
generated: 330520 / 800000
generated: 330561 / 800000
generated: 330603 / 800000
generated: 330657 / 800000
generated: 330700 / 800000
generated: 330753 / 800000
generated: 330803 / 800000
generated: 330861 / 800000
generated: 330919 / 800000
generated: 330970 / 800000
generated: 331012 / 800000
generated: 331054 / 800000
generated: 331092 / 800000
generated: 331146 / 800000
generated: 331200 / 800000
generated: 331244 / 800000
generated: 331281 / 800000
generated: 331328 / 800000
generated: 331375 / 800000
generated: 331430 / 800000
generated: 331490 / 800000
generated: 331558 / 800000
generated: 331602 / 800000
generated: 331662 / 800000
generated: 331717 / 800000
generated: 331763 / 800000
generated: 331817 / 800000
generated: 331870 / 800000
generated: 331910 / 800000
generated: 331965 / 800000
generated: 332014 / 800000
generated: 332056 / 800000
generated: 332109 / 800000
generated: 332166 / 800000
generated: 332222 / 800000
generated: 332273 / 800000
generated: 332335 / 800000
generated: 332376 / 800000
generated: 332432 / 800000
generated: 332485 / 800000
generated: 332526 / 800000
generated: 332589 / 800000
generated: 332639 / 800000
generated: 332689 / 800000
generated: 332740 / 800000
generated: 332789 / 800000
generated: 332842 / 800000
generated: 332893 / 800000
generated: 332934 / 800000
generated: 332982 / 800000
generated: 333032 / 800000
generated: 333079 / 800000
generated: 333123 / 800000
generated: 333169 / 800000
generated: 333219 / 800000
generated: 333267 / 800000
generated: 333316 / 800000
generated: 333362 / 800000
generated: 333412 / 800000
generated: 333453 / 800000
generated: 333509 / 800000
generated: 333560 / 800000
generated: 333608 / 800000
generated: 333660 / 800000
generated: 333698 / 800000
generated: 333762 / 800000
generated: 333824 / 800000
generated: 333882 / 800000
generated: 333924 / 800000
generated: 333962 / 800000
generated: 334014 / 800000
generated: 334072 / 800000
generated: 334113 / 800000
generated: 334158 / 800000
generated: 334203 / 800000
generated: 334251 / 800000
generated: 334291 / 800000
generated: 334330 / 800000
generated: 334385 / 800000
generated: 334424 / 800000
generated: 334479 / 800000
generated: 334524 / 800000
generated: 334570 / 800000
generated: 334612 / 800000
generated: 334661 / 800000
generated: 334717 / 800000
generated: 334773 / 800000
generated: 334813 / 800000
generated: 334862 / 800000
generated: 334914 / 800000
generated: 334956 / 800000
generated: 335002 / 800000
generated: 335046 / 800000
generated: 335086 / 800000
generated: 335131 / 800000
generated: 335187 / 800000
generated: 335234 / 800000
generated: 335291 / 800000
generated: 335341 / 800000
generated: 335398 / 800000
generated: 335446 / 800000
generated: 335495 / 800000
generated: 335542 / 800000
generated: 335596 / 800000
generated: 335648 / 800000
generated: 335701 / 800000
generated: 335756 / 800000
generated: 335803 / 800000
generated: 335862 / 800000
generated: 335910 / 800000
generated: 335962 / 800000
generated: 336002 / 800000
generated: 336056 / 800000
generated: 336099 / 800000
generated: 336147 / 800000
generated: 336210 / 800000
generated: 336264 / 800000
generated: 336313 / 800000
generated: 336379 / 800000
generated: 336426 / 800000
generated: 336478 / 800000
generated: 336530 / 800000
generated: 336577 / 800000
generated: 336619 / 800000
generated: 336670 / 800000
generated: 336726 / 800000
generated: 336766 / 800000
generated: 336813 / 800000
generated: 336864 / 800000
generated: 336901 / 800000
generated: 336953 / 800000
generated: 336989 / 800000
generated: 337041 / 800000
generated: 337097 / 800000
generated: 337157 / 800000
generated: 337211 / 800000
generated: 337256 / 800000
generated: 337305 / 800000
generated: 337349 / 800000
generated: 337406 / 800000
generated: 337467 / 800000
generated: 337514 / 800000
generated: 337570 / 800000
generated: 337614 / 800000
generated: 337665 / 800000
generated: 337711 / 800000
generated: 337752 / 800000
generated: 337793 / 800000
generated: 337842 / 800000
generated: 337887 / 800000
generated: 337943 / 800000
generated: 337982 / 800000
generated: 338030 / 800000
generated: 338083 / 800000
generated: 338134 / 800000
generated: 338184 / 800000
generated: 338229 / 800000
generated: 338281 / 800000
generated: 338324 / 800000
generated: 338374 / 800000
generated: 338434 / 800000
generated: 338478 / 800000
generated: 338525 / 800000
generated: 338562 / 800000
generated: 338611 / 800000
generated: 338661 / 800000
generated: 338702 / 800000
generated: 338755 / 800000
generated: 338799 / 800000
generated: 338849 / 800000
generated: 338903 / 800000
generated: 338959 / 800000
generated: 339011 / 800000
generated: 339066 / 800000
generated: 339121 / 800000
generated: 339165 / 800000
generated: 339218 / 800000
generated: 339279 / 800000
generated: 339325 / 800000
generated: 339366 / 800000
generated: 339413 / 800000
generated: 339472 / 800000
generated: 339522 / 800000
generated: 339563 / 800000
generated: 339611 / 800000
generated: 339659 / 800000
generated: 339717 / 800000
generated: 339770 / 800000
generated: 339809 / 800000
generated: 339859 / 800000
generated: 339915 / 800000
generated: 339963 / 800000
generated: 340010 / 800000
generated: 340070 / 800000
generated: 340135 / 800000
generated: 340183 / 800000
generated: 340230 / 800000
generated: 340278 / 800000
generated: 340330 / 800000
generated: 340370 / 800000
generated: 340428 / 800000
generated: 340472 / 800000
generated: 340528 / 800000
generated: 340571 / 800000
generated: 340626 / 800000
generated: 340670 / 800000
generated: 340721 / 800000
generated: 340783 / 800000
generated: 340838 / 800000
generated: 340879 / 800000
generated: 340930 / 800000
generated: 340983 / 800000
generated: 341031 / 800000
generated: 341074 / 800000
generated: 341124 / 800000
generated: 341179 / 800000
generated: 341225 / 800000
generated: 341282 / 800000
generated: 341332 / 800000
generated: 341386 / 800000
generated: 341430 / 800000
generated: 341487 / 800000
generated: 341538 / 800000
generated: 341594 / 800000
generated: 341657 / 800000
generated: 341717 / 800000
generated: 341763 / 800000
generated: 341806 / 800000
generated: 341856 / 800000
generated: 341898 / 800000
generated: 341946 / 800000
generated: 342005 / 800000
generated: 342047 / 800000
generated: 342089 / 800000
generated: 342144 / 800000
generated: 342191 / 800000
generated: 342238 / 800000
generated: 342290 / 800000
generated: 342343 / 800000
generated: 342388 / 800000
generated: 342438 / 800000
generated: 342509 / 800000
generated: 342557 / 800000
generated: 342596 / 800000
generated: 342644 / 800000
generated: 342687 / 800000
generated: 342752 / 800000
generated: 342803 / 800000
generated: 342854 / 800000
generated: 342898 / 800000
generated: 342952 / 800000
generated: 343013 / 800000
generated: 343059 / 800000
generated: 343100 / 800000
generated: 343152 / 800000
generated: 343199 / 800000
generated: 343244 / 800000
generated: 343294 / 800000
generated: 343348 / 800000
generated: 343394 / 800000
generated: 343454 / 800000
generated: 343492 / 800000
generated: 343549 / 800000
generated: 343598 / 800000
generated: 343639 / 800000
generated: 343690 / 800000
generated: 343729 / 800000
generated: 343788 / 800000
generated: 343844 / 800000
generated: 343906 / 800000
generated: 343951 / 800000
generated: 343994 / 800000
generated: 344031 / 800000
generated: 344090 / 800000
generated: 344137 / 800000
generated: 344182 / 800000
generated: 344237 / 800000
generated: 344292 / 800000
generated: 344340 / 800000
generated: 344387 / 800000
generated: 344448 / 800000
generated: 344495 / 800000
generated: 344539 / 800000
generated: 344600 / 800000
generated: 344654 / 800000
generated: 344700 / 800000
generated: 344750 / 800000
generated: 344806 / 800000
generated: 344855 / 800000
generated: 344906 / 800000
generated: 344959 / 800000
generated: 345005 / 800000
generated: 345048 / 800000
generated: 345104 / 800000
generated: 345151 / 800000
generated: 345197 / 800000
generated: 345248 / 800000
generated: 345294 / 800000
generated: 345343 / 800000
generated: 345385 / 800000
generated: 345436 / 800000
generated: 345494 / 800000
generated: 345533 / 800000
generated: 345591 / 800000
generated: 345638 / 800000
generated: 345676 / 800000
generated: 345733 / 800000
generated: 345772 / 800000
generated: 345812 / 800000
generated: 345864 / 800000
generated: 345911 / 800000
generated: 345957 / 800000
generated: 346000 / 800000
generated: 346051 / 800000
generated: 346099 / 800000
generated: 346145 / 800000
generated: 346185 / 800000
generated: 346243 / 800000
generated: 346289 / 800000
generated: 346350 / 800000
generated: 346399 / 800000
generated: 346458 / 800000
generated: 346499 / 800000
generated: 346550 / 800000
generated: 346599 / 800000
generated: 346648 / 800000
generated: 346712 / 800000
generated: 346759 / 800000
generated: 346805 / 800000
generated: 346861 / 800000
generated: 346914 / 800000
generated: 346960 / 800000
generated: 347017 / 800000
generated: 347076 / 800000
generated: 347109 / 800000
generated: 347159 / 800000
generated: 347226 / 800000
generated: 347286 / 800000
generated: 347330 / 800000
generated: 347372 / 800000
generated: 347417 / 800000
generated: 347468 / 800000
generated: 347512 / 800000
generated: 347552 / 800000
generated: 347612 / 800000
generated: 347654 / 800000
generated: 347707 / 800000
generated: 347764 / 800000
generated: 347812 / 800000
generated: 347855 / 800000
generated: 347897 / 800000
generated: 347948 / 800000
generated: 347985 / 800000
generated: 348036 / 800000
generated: 348088 / 800000
generated: 348140 / 800000
generated: 348182 / 800000
generated: 348237 / 800000
generated: 348292 / 800000
generated: 348342 / 800000
generated: 348377 / 800000
generated: 348436 / 800000
generated: 348489 / 800000
generated: 348546 / 800000
generated: 348591 / 800000
generated: 348634 / 800000
generated: 348695 / 800000
generated: 348751 / 800000
generated: 348808 / 800000
generated: 348858 / 800000
generated: 348904 / 800000
generated: 348944 / 800000
generated: 348996 / 800000
generated: 349049 / 800000
generated: 349096 / 800000
generated: 349150 / 800000
generated: 349192 / 800000
generated: 349250 / 800000
generated: 349300 / 800000
generated: 349366 / 800000
generated: 349421 / 800000
generated: 349474 / 800000
generated: 349526 / 800000
generated: 349586 / 800000
generated: 349634 / 800000
generated: 349691 / 800000
generated: 349741 / 800000
generated: 349788 / 800000
generated: 349842 / 800000
generated: 349895 / 800000
generated: 349940 / 800000
generated: 349994 / 800000
generated: 350040 / 800000
generated: 350086 / 800000
generated: 350137 / 800000
generated: 350181 / 800000
generated: 350237 / 800000
generated: 350287 / 800000
generated: 350333 / 800000
generated: 350382 / 800000
generated: 350418 / 800000
generated: 350470 / 800000
generated: 350511 / 800000
generated: 350561 / 800000
generated: 350612 / 800000
generated: 350660 / 800000
generated: 350698 / 800000
generated: 350742 / 800000
generated: 350793 / 800000
generated: 350844 / 800000
generated: 350887 / 800000
generated: 350927 / 800000
generated: 350982 / 800000
generated: 351030 / 800000
generated: 351077 / 800000
generated: 351123 / 800000
generated: 351188 / 800000
generated: 351244 / 800000
generated: 351296 / 800000
generated: 351341 / 800000
generated: 351393 / 800000
generated: 351432 / 800000
generated: 351484 / 800000
generated: 351529 / 800000
generated: 351575 / 800000
generated: 351630 / 800000
generated: 351690 / 800000
generated: 351740 / 800000
generated: 351793 / 800000
generated: 351847 / 800000
generated: 351893 / 800000
generated: 351951 / 800000
generated: 351995 / 800000
generated: 352051 / 800000
generated: 352096 / 800000
generated: 352142 / 800000
generated: 352188 / 800000
generated: 352251 / 800000
generated: 352303 / 800000
generated: 352353 / 800000
generated: 352400 / 800000
generated: 352445 / 800000
generated: 352491 / 800000
generated: 352534 / 800000
generated: 352580 / 800000
generated: 352625 / 800000
generated: 352687 / 800000
generated: 352738 / 800000
generated: 352803 / 800000
generated: 352874 / 800000
generated: 352921 / 800000
generated: 352959 / 800000
generated: 353005 / 800000
generated: 353050 / 800000
generated: 353100 / 800000
generated: 353143 / 800000
generated: 353185 / 800000
generated: 353233 / 800000
generated: 353289 / 800000
generated: 353331 / 800000
generated: 353380 / 800000
generated: 353430 / 800000
generated: 353470 / 800000
generated: 353516 / 800000
generated: 353570 / 800000
generated: 353610 / 800000
generated: 353658 / 800000
generated: 353694 / 800000
generated: 353741 / 800000
generated: 353791 / 800000
generated: 353837 / 800000
generated: 353890 / 800000
generated: 353940 / 800000
generated: 353994 / 800000
generated: 354031 / 800000
generated: 354076 / 800000
generated: 354130 / 800000
generated: 354166 / 800000
generated: 354214 / 800000
generated: 354266 / 800000
generated: 354311 / 800000
generated: 354366 / 800000
generated: 354426 / 800000
generated: 354467 / 800000
generated: 354528 / 800000
generated: 354576 / 800000
generated: 354634 / 800000
generated: 354685 / 800000
generated: 354731 / 800000
generated: 354776 / 800000
generated: 354817 / 800000
generated: 354865 / 800000
generated: 354916 / 800000
generated: 354959 / 800000
generated: 355009 / 800000
generated: 355062 / 800000
generated: 355125 / 800000
generated: 355184 / 800000
generated: 355244 / 800000
generated: 355292 / 800000
generated: 355336 / 800000
generated: 355394 / 800000
generated: 355456 / 800000
generated: 355510 / 800000
generated: 355564 / 800000
generated: 355620 / 800000
generated: 355660 / 800000
generated: 355716 / 800000
generated: 355769 / 800000
generated: 355810 / 800000
generated: 355870 / 800000
generated: 355914 / 800000
generated: 355971 / 800000
generated: 356024 / 800000
generated: 356064 / 800000
generated: 356119 / 800000
generated: 356175 / 800000
generated: 356205 / 800000
generated: 356255 / 800000
generated: 356300 / 800000
generated: 356349 / 800000
generated: 356401 / 800000
generated: 356444 / 800000
generated: 356493 / 800000
generated: 356552 / 800000
generated: 356590 / 800000
generated: 356652 / 800000
generated: 356696 / 800000
generated: 356738 / 800000
generated: 356797 / 800000
generated: 356848 / 800000
generated: 356899 / 800000
generated: 356960 / 800000
generated: 357004 / 800000
generated: 357051 / 800000
generated: 357100 / 800000
generated: 357143 / 800000
generated: 357184 / 800000
generated: 357227 / 800000
generated: 357290 / 800000
generated: 357346 / 800000
generated: 357388 / 800000
generated: 357443 / 800000
generated: 357491 / 800000
generated: 357540 / 800000
generated: 357581 / 800000
generated: 357633 / 800000
generated: 357697 / 800000
generated: 357747 / 800000
generated: 357794 / 800000
generated: 357842 / 800000
generated: 357895 / 800000
generated: 357952 / 800000
generated: 358002 / 800000
generated: 358053 / 800000
generated: 358114 / 800000
generated: 358155 / 800000
generated: 358204 / 800000
generated: 358250 / 800000
generated: 358292 / 800000
generated: 358348 / 800000
generated: 358391 / 800000
generated: 358454 / 800000
generated: 358509 / 800000
generated: 358569 / 800000
generated: 358626 / 800000
generated: 358670 / 800000
generated: 358706 / 800000
generated: 358749 / 800000
generated: 358800 / 800000
generated: 358845 / 800000
generated: 358890 / 800000
generated: 358930 / 800000
generated: 358980 / 800000
generated: 359026 / 800000
generated: 359071 / 800000
generated: 359120 / 800000
generated: 359180 / 800000
generated: 359235 / 800000
generated: 359286 / 800000
generated: 359348 / 800000
generated: 359406 / 800000
generated: 359458 / 800000
generated: 359501 / 800000
generated: 359547 / 800000
generated: 359599 / 800000
generated: 359650 / 800000
generated: 359692 / 800000
generated: 359737 / 800000
generated: 359797 / 800000
generated: 359847 / 800000
generated: 359898 / 800000
generated: 359942 / 800000
generated: 359993 / 800000
generated: 360044 / 800000
generated: 360097 / 800000
generated: 360145 / 800000
generated: 360191 / 800000
generated: 360234 / 800000
generated: 360287 / 800000
generated: 360343 / 800000
generated: 360393 / 800000
generated: 360439 / 800000
generated: 360490 / 800000
generated: 360537 / 800000
generated: 360593 / 800000
generated: 360626 / 800000
generated: 360678 / 800000
generated: 360724 / 800000
generated: 360767 / 800000
generated: 360817 / 800000
generated: 360857 / 800000
generated: 360904 / 800000
generated: 360944 / 800000
generated: 360987 / 800000
generated: 361044 / 800000
generated: 361092 / 800000
generated: 361136 / 800000
generated: 361198 / 800000
generated: 361256 / 800000
generated: 361301 / 800000
generated: 361353 / 800000
generated: 361393 / 800000
generated: 361450 / 800000
generated: 361496 / 800000
generated: 361546 / 800000
generated: 361595 / 800000
generated: 361650 / 800000
generated: 361704 / 800000
generated: 361744 / 800000
generated: 361799 / 800000
generated: 361850 / 800000
generated: 361900 / 800000
generated: 361949 / 800000
generated: 361992 / 800000
generated: 362053 / 800000
generated: 362093 / 800000
generated: 362144 / 800000
generated: 362195 / 800000
generated: 362247 / 800000
generated: 362290 / 800000
generated: 362353 / 800000
generated: 362408 / 800000
generated: 362468 / 800000
generated: 362520 / 800000
generated: 362576 / 800000
generated: 362621 / 800000
generated: 362672 / 800000
generated: 362717 / 800000
generated: 362770 / 800000
generated: 362838 / 800000
generated: 362893 / 800000
generated: 362955 / 800000
generated: 363003 / 800000
generated: 363055 / 800000
generated: 363116 / 800000
generated: 363164 / 800000
generated: 363229 / 800000
generated: 363278 / 800000
generated: 363317 / 800000
generated: 363374 / 800000
generated: 363423 / 800000
generated: 363465 / 800000
generated: 363520 / 800000
generated: 363563 / 800000
generated: 363601 / 800000
generated: 363655 / 800000
generated: 363702 / 800000
generated: 363756 / 800000
generated: 363806 / 800000
generated: 363862 / 800000
generated: 363916 / 800000
generated: 363965 / 800000
generated: 364021 / 800000
generated: 364071 / 800000
generated: 364112 / 800000
generated: 364157 / 800000
generated: 364212 / 800000
generated: 364270 / 800000
generated: 364314 / 800000
generated: 364360 / 800000
generated: 364411 / 800000
generated: 364470 / 800000
generated: 364525 / 800000
generated: 364567 / 800000
generated: 364623 / 800000
generated: 364666 / 800000
generated: 364711 / 800000
generated: 364757 / 800000
generated: 364816 / 800000
generated: 364872 / 800000
generated: 364916 / 800000
generated: 364973 / 800000
generated: 365012 / 800000
generated: 365063 / 800000
generated: 365117 / 800000
generated: 365172 / 800000
generated: 365221 / 800000
generated: 365264 / 800000
generated: 365320 / 800000
generated: 365364 / 800000
generated: 365413 / 800000
generated: 365467 / 800000
generated: 365518 / 800000
generated: 365572 / 800000
generated: 365630 / 800000
generated: 365677 / 800000
generated: 365724 / 800000
generated: 365768 / 800000
generated: 365814 / 800000
generated: 365855 / 800000
generated: 365896 / 800000
generated: 365952 / 800000
generated: 365997 / 800000
generated: 366050 / 800000
generated: 366116 / 800000
generated: 366162 / 800000
generated: 366210 / 800000
generated: 366260 / 800000
generated: 366310 / 800000
generated: 366363 / 800000
generated: 366408 / 800000
generated: 366455 / 800000
generated: 366505 / 800000
generated: 366546 / 800000
generated: 366585 / 800000
generated: 366632 / 800000
generated: 366682 / 800000
generated: 366734 / 800000
generated: 366791 / 800000
generated: 366849 / 800000
generated: 366895 / 800000
generated: 366948 / 800000
generated: 367010 / 800000
generated: 367055 / 800000
generated: 367115 / 800000
generated: 367162 / 800000
generated: 367223 / 800000
generated: 367280 / 800000
generated: 367321 / 800000
generated: 367354 / 800000
generated: 367408 / 800000
generated: 367471 / 800000
generated: 367520 / 800000
generated: 367576 / 800000
generated: 367631 / 800000
generated: 367686 / 800000
generated: 367740 / 800000
generated: 367802 / 800000
generated: 367852 / 800000
generated: 367896 / 800000
generated: 367951 / 800000
generated: 367993 / 800000
generated: 368054 / 800000
generated: 368105 / 800000
generated: 368148 / 800000
generated: 368190 / 800000
generated: 368240 / 800000
generated: 368292 / 800000
generated: 368339 / 800000
generated: 368377 / 800000
generated: 368425 / 800000
generated: 368464 / 800000
generated: 368512 / 800000
generated: 368574 / 800000
generated: 368635 / 800000
generated: 368694 / 800000
generated: 368736 / 800000
generated: 368793 / 800000
generated: 368835 / 800000
generated: 368875 / 800000
generated: 368937 / 800000
generated: 368994 / 800000
generated: 369045 / 800000
generated: 369104 / 800000
generated: 369151 / 800000
generated: 369209 / 800000
generated: 369263 / 800000
generated: 369311 / 800000
generated: 369364 / 800000
generated: 369406 / 800000
generated: 369447 / 800000
generated: 369507 / 800000
generated: 369549 / 800000
generated: 369593 / 800000
generated: 369648 / 800000
generated: 369700 / 800000
generated: 369762 / 800000
generated: 369808 / 800000
generated: 369866 / 800000
generated: 369918 / 800000
generated: 369972 / 800000
generated: 370023 / 800000
generated: 370079 / 800000
generated: 370129 / 800000
generated: 370179 / 800000
generated: 370240 / 800000
generated: 370294 / 800000
generated: 370346 / 800000
generated: 370392 / 800000
generated: 370437 / 800000
generated: 370475 / 800000
generated: 370527 / 800000
generated: 370587 / 800000
generated: 370641 / 800000
generated: 370692 / 800000
generated: 370723 / 800000
generated: 370763 / 800000
generated: 370826 / 800000
generated: 370882 / 800000
generated: 370924 / 800000
generated: 370984 / 800000
generated: 371019 / 800000
generated: 371071 / 800000
generated: 371117 / 800000
generated: 371172 / 800000
generated: 371238 / 800000
generated: 371288 / 800000
generated: 371344 / 800000
generated: 371401 / 800000
generated: 371450 / 800000
generated: 371495 / 800000
generated: 371539 / 800000
generated: 371577 / 800000
generated: 371628 / 800000
generated: 371670 / 800000
generated: 371728 / 800000
generated: 371782 / 800000
generated: 371834 / 800000
generated: 371883 / 800000
generated: 371929 / 800000
generated: 371984 / 800000
generated: 372037 / 800000
generated: 372084 / 800000
generated: 372131 / 800000
generated: 372178 / 800000
generated: 372228 / 800000
generated: 372278 / 800000
generated: 372321 / 800000
generated: 372363 / 800000
generated: 372409 / 800000
generated: 372461 / 800000
generated: 372513 / 800000
generated: 372565 / 800000
generated: 372607 / 800000
generated: 372668 / 800000
generated: 372716 / 800000
generated: 372760 / 800000
generated: 372815 / 800000
generated: 372859 / 800000
generated: 372904 / 800000
generated: 372947 / 800000
generated: 372994 / 800000
generated: 373043 / 800000
generated: 373094 / 800000
generated: 373143 / 800000
generated: 373188 / 800000
generated: 373231 / 800000
generated: 373286 / 800000
generated: 373331 / 800000
generated: 373369 / 800000
generated: 373418 / 800000
generated: 373477 / 800000
generated: 373530 / 800000
generated: 373585 / 800000
generated: 373633 / 800000
generated: 373686 / 800000
generated: 373723 / 800000
generated: 373762 / 800000
generated: 373818 / 800000
generated: 373854 / 800000
generated: 373905 / 800000
generated: 373966 / 800000
generated: 374007 / 800000
generated: 374053 / 800000
generated: 374088 / 800000
generated: 374132 / 800000
generated: 374189 / 800000
generated: 374229 / 800000
generated: 374275 / 800000
generated: 374324 / 800000
generated: 374379 / 800000
generated: 374433 / 800000
generated: 374484 / 800000
generated: 374521 / 800000
generated: 374567 / 800000
generated: 374612 / 800000
generated: 374676 / 800000
generated: 374729 / 800000
generated: 374779 / 800000
generated: 374821 / 800000
generated: 374872 / 800000
generated: 374918 / 800000
generated: 374976 / 800000
generated: 375027 / 800000
generated: 375089 / 800000
generated: 375140 / 800000
generated: 375176 / 800000
generated: 375223 / 800000
generated: 375276 / 800000
generated: 375319 / 800000
generated: 375359 / 800000
generated: 375408 / 800000
generated: 375455 / 800000
generated: 375505 / 800000
generated: 375569 / 800000
generated: 375620 / 800000
generated: 375670 / 800000
generated: 375717 / 800000
generated: 375781 / 800000
generated: 375825 / 800000
generated: 375877 / 800000
generated: 375931 / 800000
generated: 375983 / 800000
generated: 376035 / 800000
generated: 376084 / 800000
generated: 376135 / 800000
generated: 376186 / 800000
generated: 376234 / 800000
generated: 376291 / 800000
generated: 376355 / 800000
generated: 376398 / 800000
generated: 376446 / 800000
generated: 376500 / 800000
generated: 376544 / 800000
generated: 376603 / 800000
generated: 376657 / 800000
generated: 376720 / 800000
generated: 376771 / 800000
generated: 376819 / 800000
generated: 376861 / 800000
generated: 376913 / 800000
generated: 376964 / 800000
generated: 377024 / 800000
generated: 377070 / 800000
generated: 377118 / 800000
generated: 377159 / 800000
generated: 377207 / 800000
generated: 377253 / 800000
generated: 377298 / 800000
generated: 377350 / 800000
generated: 377397 / 800000
generated: 377456 / 800000
generated: 377516 / 800000
generated: 377556 / 800000
generated: 377597 / 800000
generated: 377644 / 800000
generated: 377706 / 800000
generated: 377753 / 800000
generated: 377810 / 800000
generated: 377863 / 800000
generated: 377910 / 800000
generated: 377949 / 800000
generated: 378003 / 800000
generated: 378055 / 800000
generated: 378117 / 800000
generated: 378178 / 800000
generated: 378229 / 800000
generated: 378277 / 800000
generated: 378323 / 800000
generated: 378378 / 800000
generated: 378440 / 800000
generated: 378480 / 800000
generated: 378525 / 800000
generated: 378578 / 800000
generated: 378638 / 800000
generated: 378691 / 800000
generated: 378734 / 800000
generated: 378788 / 800000
generated: 378836 / 800000
generated: 378887 / 800000
generated: 378946 / 800000
generated: 378993 / 800000
generated: 379039 / 800000
generated: 379090 / 800000
generated: 379136 / 800000
generated: 379183 / 800000
generated: 379239 / 800000
generated: 379291 / 800000
generated: 379345 / 800000
generated: 379415 / 800000
generated: 379460 / 800000
generated: 379507 / 800000
generated: 379552 / 800000
generated: 379598 / 800000
generated: 379655 / 800000
generated: 379713 / 800000
generated: 379764 / 800000
generated: 379812 / 800000
generated: 379854 / 800000
generated: 379900 / 800000
generated: 379952 / 800000
generated: 380005 / 800000
generated: 380063 / 800000
generated: 380114 / 800000
generated: 380157 / 800000
generated: 380196 / 800000
generated: 380247 / 800000
generated: 380301 / 800000
generated: 380354 / 800000
generated: 380398 / 800000
generated: 380462 / 800000
generated: 380503 / 800000
generated: 380551 / 800000
generated: 380596 / 800000
generated: 380640 / 800000
generated: 380691 / 800000
generated: 380742 / 800000
generated: 380790 / 800000
generated: 380842 / 800000
generated: 380898 / 800000
generated: 380951 / 800000
generated: 381002 / 800000
generated: 381058 / 800000
generated: 381105 / 800000
generated: 381157 / 800000
generated: 381198 / 800000
generated: 381245 / 800000
generated: 381283 / 800000
generated: 381340 / 800000
generated: 381396 / 800000
generated: 381447 / 800000
generated: 381491 / 800000
generated: 381545 / 800000
generated: 381591 / 800000
generated: 381638 / 800000
generated: 381692 / 800000
generated: 381744 / 800000
generated: 381784 / 800000
generated: 381833 / 800000
generated: 381880 / 800000
generated: 381932 / 800000
generated: 381986 / 800000
generated: 382039 / 800000
generated: 382092 / 800000
generated: 382139 / 800000
generated: 382193 / 800000
generated: 382247 / 800000
generated: 382299 / 800000
generated: 382337 / 800000
generated: 382377 / 800000
generated: 382421 / 800000
generated: 382464 / 800000
generated: 382506 / 800000
generated: 382558 / 800000
generated: 382608 / 800000
generated: 382653 / 800000
generated: 382696 / 800000
generated: 382756 / 800000
generated: 382800 / 800000
generated: 382853 / 800000
generated: 382895 / 800000
generated: 382939 / 800000
generated: 382999 / 800000
generated: 383044 / 800000
generated: 383092 / 800000
generated: 383143 / 800000
generated: 383193 / 800000
generated: 383243 / 800000
generated: 383280 / 800000
generated: 383335 / 800000
generated: 383380 / 800000
generated: 383426 / 800000
generated: 383472 / 800000
generated: 383517 / 800000
generated: 383563 / 800000
generated: 383619 / 800000
generated: 383674 / 800000
generated: 383735 / 800000
generated: 383781 / 800000
generated: 383823 / 800000
generated: 383864 / 800000
generated: 383914 / 800000
generated: 383957 / 800000
generated: 383998 / 800000
generated: 384048 / 800000
generated: 384115 / 800000
generated: 384164 / 800000
generated: 384222 / 800000
generated: 384269 / 800000
generated: 384331 / 800000
generated: 384377 / 800000
generated: 384432 / 800000
generated: 384479 / 800000
generated: 384537 / 800000
generated: 384593 / 800000
generated: 384636 / 800000
generated: 384686 / 800000
generated: 384726 / 800000
generated: 384778 / 800000
generated: 384834 / 800000
generated: 384884 / 800000
generated: 384930 / 800000
generated: 384978 / 800000
generated: 385022 / 800000
generated: 385072 / 800000
generated: 385124 / 800000
generated: 385161 / 800000
generated: 385206 / 800000
generated: 385242 / 800000
generated: 385282 / 800000
generated: 385327 / 800000
generated: 385373 / 800000
generated: 385412 / 800000
generated: 385473 / 800000
generated: 385521 / 800000
generated: 385574 / 800000
generated: 385618 / 800000
generated: 385670 / 800000
generated: 385727 / 800000
generated: 385767 / 800000
generated: 385809 / 800000
generated: 385853 / 800000
generated: 385906 / 800000
generated: 385957 / 800000
generated: 386007 / 800000
generated: 386061 / 800000
generated: 386114 / 800000
generated: 386170 / 800000
generated: 386212 / 800000
generated: 386254 / 800000
generated: 386302 / 800000
generated: 386343 / 800000
generated: 386403 / 800000
generated: 386456 / 800000
generated: 386506 / 800000
generated: 386565 / 800000
generated: 386608 / 800000
generated: 386658 / 800000
generated: 386708 / 800000
generated: 386756 / 800000
generated: 386805 / 800000
generated: 386838 / 800000
generated: 386883 / 800000
generated: 386931 / 800000
generated: 386978 / 800000
generated: 387024 / 800000
generated: 387069 / 800000
generated: 387110 / 800000
generated: 387165 / 800000
generated: 387228 / 800000
generated: 387270 / 800000
generated: 387316 / 800000
generated: 387375 / 800000
generated: 387423 / 800000
generated: 387475 / 800000
generated: 387529 / 800000
generated: 387565 / 800000
generated: 387608 / 800000
generated: 387656 / 800000
generated: 387697 / 800000
generated: 387750 / 800000
generated: 387806 / 800000
generated: 387859 / 800000
generated: 387908 / 800000
generated: 387954 / 800000
generated: 387996 / 800000
generated: 388050 / 800000
generated: 388102 / 800000
generated: 388159 / 800000
generated: 388207 / 800000
generated: 388252 / 800000
generated: 388306 / 800000
generated: 388353 / 800000
generated: 388401 / 800000
generated: 388460 / 800000
generated: 388505 / 800000
generated: 388554 / 800000
generated: 388611 / 800000
generated: 388674 / 800000
generated: 388721 / 800000
generated: 388771 / 800000
generated: 388820 / 800000
generated: 388873 / 800000
generated: 388922 / 800000
generated: 388979 / 800000
generated: 389023 / 800000
generated: 389068 / 800000
generated: 389118 / 800000
generated: 389162 / 800000
generated: 389211 / 800000
generated: 389258 / 800000
generated: 389317 / 800000
generated: 389357 / 800000
generated: 389391 / 800000
generated: 389435 / 800000
generated: 389474 / 800000
generated: 389525 / 800000
generated: 389575 / 800000
generated: 389644 / 800000
generated: 389685 / 800000
generated: 389727 / 800000
generated: 389766 / 800000
generated: 389816 / 800000
generated: 389865 / 800000
generated: 389909 / 800000
generated: 389952 / 800000
generated: 390010 / 800000
generated: 390073 / 800000
generated: 390113 / 800000
generated: 390158 / 800000
generated: 390203 / 800000
generated: 390238 / 800000
generated: 390279 / 800000
generated: 390336 / 800000
generated: 390388 / 800000
generated: 390439 / 800000
generated: 390489 / 800000
generated: 390547 / 800000
generated: 390604 / 800000
generated: 390664 / 800000
generated: 390721 / 800000
generated: 390765 / 800000
generated: 390808 / 800000
generated: 390870 / 800000
generated: 390912 / 800000
generated: 390966 / 800000
generated: 391020 / 800000
generated: 391064 / 800000
generated: 391107 / 800000
generated: 391150 / 800000
generated: 391198 / 800000
generated: 391259 / 800000
generated: 391311 / 800000
generated: 391361 / 800000
generated: 391399 / 800000
generated: 391449 / 800000
generated: 391496 / 800000
generated: 391551 / 800000
generated: 391597 / 800000
generated: 391646 / 800000
generated: 391696 / 800000
generated: 391749 / 800000
generated: 391810 / 800000
generated: 391878 / 800000
generated: 391924 / 800000
generated: 391968 / 800000
generated: 392011 / 800000
generated: 392063 / 800000
generated: 392113 / 800000
generated: 392157 / 800000
generated: 392208 / 800000
generated: 392252 / 800000
generated: 392295 / 800000
generated: 392338 / 800000
generated: 392365 / 800000
generated: 392418 / 800000
generated: 392474 / 800000
generated: 392530 / 800000
generated: 392575 / 800000
generated: 392618 / 800000
generated: 392665 / 800000
generated: 392718 / 800000
generated: 392774 / 800000
generated: 392823 / 800000
generated: 392875 / 800000
generated: 392929 / 800000
generated: 392973 / 800000
generated: 393021 / 800000
generated: 393068 / 800000
generated: 393117 / 800000
generated: 393179 / 800000
generated: 393239 / 800000
generated: 393295 / 800000
generated: 393342 / 800000
generated: 393387 / 800000
generated: 393424 / 800000
generated: 393469 / 800000
generated: 393522 / 800000
generated: 393565 / 800000
generated: 393615 / 800000
generated: 393659 / 800000
generated: 393706 / 800000
generated: 393749 / 800000
generated: 393796 / 800000
generated: 393846 / 800000
generated: 393891 / 800000
generated: 393937 / 800000
generated: 393991 / 800000
generated: 394030 / 800000
generated: 394079 / 800000
generated: 394132 / 800000
generated: 394175 / 800000
generated: 394220 / 800000
generated: 394271 / 800000
generated: 394310 / 800000
generated: 394366 / 800000
generated: 394421 / 800000
generated: 394480 / 800000
generated: 394525 / 800000
generated: 394572 / 800000
generated: 394602 / 800000
generated: 394655 / 800000
generated: 394705 / 800000
generated: 394755 / 800000
generated: 394810 / 800000
generated: 394865 / 800000
generated: 394917 / 800000
generated: 394977 / 800000
generated: 395036 / 800000
generated: 395081 / 800000
generated: 395116 / 800000
generated: 395164 / 800000
generated: 395221 / 800000
generated: 395260 / 800000
generated: 395298 / 800000
generated: 395344 / 800000
generated: 395398 / 800000
generated: 395451 / 800000
generated: 395485 / 800000
generated: 395542 / 800000
generated: 395587 / 800000
generated: 395647 / 800000
generated: 395691 / 800000
generated: 395720 / 800000
generated: 395767 / 800000
generated: 395823 / 800000
generated: 395866 / 800000
generated: 395911 / 800000
generated: 395963 / 800000
generated: 396011 / 800000
generated: 396069 / 800000
generated: 396130 / 800000
generated: 396164 / 800000
generated: 396215 / 800000
generated: 396277 / 800000
generated: 396334 / 800000
generated: 396383 / 800000
generated: 396433 / 800000
generated: 396480 / 800000
generated: 396524 / 800000
generated: 396572 / 800000
generated: 396628 / 800000
generated: 396671 / 800000
generated: 396717 / 800000
generated: 396766 / 800000
generated: 396818 / 800000
generated: 396866 / 800000
generated: 396915 / 800000
generated: 396954 / 800000
generated: 397021 / 800000
generated: 397072 / 800000
generated: 397127 / 800000
generated: 397179 / 800000
generated: 397221 / 800000
generated: 397262 / 800000
generated: 397313 / 800000
generated: 397361 / 800000
generated: 397412 / 800000
generated: 397461 / 800000
generated: 397502 / 800000
generated: 397551 / 800000
generated: 397579 / 800000
generated: 397620 / 800000
generated: 397669 / 800000
generated: 397724 / 800000
generated: 397762 / 800000
generated: 397817 / 800000
generated: 397866 / 800000
generated: 397918 / 800000
generated: 397978 / 800000
generated: 398020 / 800000
generated: 398066 / 800000
generated: 398110 / 800000
generated: 398163 / 800000
generated: 398206 / 800000
generated: 398259 / 800000
generated: 398308 / 800000
generated: 398361 / 800000
generated: 398410 / 800000
generated: 398455 / 800000
generated: 398511 / 800000
generated: 398560 / 800000
generated: 398614 / 800000
generated: 398665 / 800000
generated: 398719 / 800000
generated: 398779 / 800000
generated: 398838 / 800000
generated: 398896 / 800000
generated: 398951 / 800000
generated: 398997 / 800000
generated: 399044 / 800000
generated: 399087 / 800000
generated: 399136 / 800000
generated: 399191 / 800000
generated: 399232 / 800000
generated: 399282 / 800000
generated: 399338 / 800000
generated: 399391 / 800000
generated: 399448 / 800000
generated: 399502 / 800000
generated: 399560 / 800000
generated: 399606 / 800000
generated: 399659 / 800000
generated: 399710 / 800000
generated: 399761 / 800000
generated: 399813 / 800000
generated: 399862 / 800000
generated: 399922 / 800000
generated: 399963 / 800000
generated: 400015 / 800000
generated: 400074 / 800000
generated: 400125 / 800000
generated: 400178 / 800000
generated: 400232 / 800000
generated: 400284 / 800000
generated: 400336 / 800000
generated: 400391 / 800000
generated: 400429 / 800000
generated: 400487 / 800000
generated: 400544 / 800000
generated: 400583 / 800000
generated: 400648 / 800000
generated: 400712 / 800000
generated: 400762 / 800000
generated: 400813 / 800000
generated: 400865 / 800000
generated: 400907 / 800000
generated: 400968 / 800000
generated: 401015 / 800000
generated: 401067 / 800000
generated: 401121 / 800000
generated: 401178 / 800000
generated: 401217 / 800000
generated: 401261 / 800000
generated: 401315 / 800000
generated: 401378 / 800000
generated: 401419 / 800000
generated: 401465 / 800000
generated: 401512 / 800000
generated: 401553 / 800000
generated: 401596 / 800000
generated: 401640 / 800000
generated: 401690 / 800000
generated: 401736 / 800000
generated: 401787 / 800000
generated: 401837 / 800000
generated: 401885 / 800000
generated: 401932 / 800000
generated: 401975 / 800000
generated: 402032 / 800000
generated: 402081 / 800000
generated: 402127 / 800000
generated: 402170 / 800000
generated: 402221 / 800000
generated: 402280 / 800000
generated: 402327 / 800000
generated: 402376 / 800000
generated: 402426 / 800000
generated: 402474 / 800000
generated: 402524 / 800000
generated: 402581 / 800000
generated: 402636 / 800000
generated: 402681 / 800000
generated: 402742 / 800000
generated: 402790 / 800000
generated: 402848 / 800000
generated: 402893 / 800000
generated: 402943 / 800000
generated: 402996 / 800000
generated: 403054 / 800000
generated: 403097 / 800000
generated: 403153 / 800000
generated: 403209 / 800000
generated: 403264 / 800000
generated: 403320 / 800000
generated: 403366 / 800000
generated: 403409 / 800000
generated: 403457 / 800000
generated: 403510 / 800000
generated: 403559 / 800000
generated: 403609 / 800000
generated: 403652 / 800000
generated: 403705 / 800000
generated: 403748 / 800000
generated: 403786 / 800000
generated: 403825 / 800000
generated: 403868 / 800000
generated: 403912 / 800000
generated: 403960 / 800000
generated: 404002 / 800000
generated: 404064 / 800000
generated: 404104 / 800000
generated: 404156 / 800000
generated: 404202 / 800000
generated: 404240 / 800000
generated: 404287 / 800000
generated: 404331 / 800000
generated: 404383 / 800000
generated: 404426 / 800000
generated: 404479 / 800000
generated: 404527 / 800000
generated: 404585 / 800000
generated: 404628 / 800000
generated: 404664 / 800000
generated: 404722 / 800000
generated: 404779 / 800000
generated: 404828 / 800000
generated: 404877 / 800000
generated: 404922 / 800000
generated: 404964 / 800000
generated: 405016 / 800000
generated: 405066 / 800000
generated: 405115 / 800000
generated: 405152 / 800000
generated: 405204 / 800000
generated: 405259 / 800000
generated: 405318 / 800000
generated: 405358 / 800000
generated: 405411 / 800000
generated: 405466 / 800000
generated: 405537 / 800000
generated: 405587 / 800000
generated: 405636 / 800000
generated: 405691 / 800000
generated: 405742 / 800000
generated: 405778 / 800000
generated: 405821 / 800000
generated: 405870 / 800000
generated: 405914 / 800000
generated: 405961 / 800000
generated: 406011 / 800000
generated: 406073 / 800000
generated: 406137 / 800000
generated: 406198 / 800000
generated: 406259 / 800000
generated: 406303 / 800000
generated: 406356 / 800000
generated: 406393 / 800000
generated: 406424 / 800000
generated: 406484 / 800000
generated: 406526 / 800000
generated: 406572 / 800000
generated: 406618 / 800000
generated: 406672 / 800000
generated: 406729 / 800000
generated: 406773 / 800000
generated: 406827 / 800000
generated: 406879 / 800000
generated: 406929 / 800000
generated: 406989 / 800000
generated: 407036 / 800000
generated: 407095 / 800000
generated: 407144 / 800000
generated: 407187 / 800000
generated: 407252 / 800000
generated: 407315 / 800000
generated: 407369 / 800000
generated: 407413 / 800000
generated: 407467 / 800000
generated: 407516 / 800000
generated: 407563 / 800000
generated: 407615 / 800000
generated: 407659 / 800000
generated: 407709 / 800000
generated: 407751 / 800000
generated: 407800 / 800000
generated: 407846 / 800000
generated: 407895 / 800000
generated: 407951 / 800000
generated: 408001 / 800000
generated: 408050 / 800000
generated: 408104 / 800000
generated: 408160 / 800000
generated: 408213 / 800000
generated: 408272 / 800000
generated: 408330 / 800000
generated: 408375 / 800000
generated: 408420 / 800000
generated: 408474 / 800000
generated: 408522 / 800000
generated: 408578 / 800000
generated: 408630 / 800000
generated: 408680 / 800000
generated: 408745 / 800000
generated: 408798 / 800000
generated: 408855 / 800000
generated: 408909 / 800000
generated: 408961 / 800000
generated: 409007 / 800000
generated: 409057 / 800000
generated: 409127 / 800000
generated: 409184 / 800000
generated: 409214 / 800000
generated: 409267 / 800000
generated: 409317 / 800000
generated: 409364 / 800000
generated: 409415 / 800000
generated: 409463 / 800000
generated: 409509 / 800000
generated: 409568 / 800000
generated: 409623 / 800000
generated: 409665 / 800000
generated: 409722 / 800000
generated: 409768 / 800000
generated: 409807 / 800000
generated: 409855 / 800000
generated: 409909 / 800000
generated: 409947 / 800000
generated: 409994 / 800000
generated: 410040 / 800000
generated: 410095 / 800000
generated: 410156 / 800000
generated: 410199 / 800000
generated: 410243 / 800000
generated: 410296 / 800000
generated: 410343 / 800000
generated: 410399 / 800000
generated: 410460 / 800000
generated: 410511 / 800000
generated: 410559 / 800000
generated: 410607 / 800000
generated: 410663 / 800000
generated: 410717 / 800000
generated: 410775 / 800000
generated: 410822 / 800000
generated: 410871 / 800000
generated: 410935 / 800000
generated: 410981 / 800000
generated: 411028 / 800000
generated: 411081 / 800000
generated: 411126 / 800000
generated: 411170 / 800000
generated: 411223 / 800000
generated: 411264 / 800000
generated: 411314 / 800000
generated: 411370 / 800000
generated: 411424 / 800000
generated: 411478 / 800000
generated: 411525 / 800000
generated: 411580 / 800000
generated: 411630 / 800000
generated: 411673 / 800000
generated: 411720 / 800000
generated: 411762 / 800000
generated: 411803 / 800000
generated: 411852 / 800000
generated: 411898 / 800000
generated: 411944 / 800000
generated: 411997 / 800000
generated: 412047 / 800000
generated: 412101 / 800000
generated: 412156 / 800000
generated: 412192 / 800000
generated: 412245 / 800000
generated: 412292 / 800000
generated: 412341 / 800000
generated: 412380 / 800000
generated: 412428 / 800000
generated: 412483 / 800000
generated: 412526 / 800000
generated: 412563 / 800000
generated: 412613 / 800000
generated: 412668 / 800000
generated: 412727 / 800000
generated: 412778 / 800000
generated: 412826 / 800000
generated: 412888 / 800000
generated: 412939 / 800000
generated: 412992 / 800000
generated: 413039 / 800000
generated: 413085 / 800000
generated: 413136 / 800000
generated: 413183 / 800000
generated: 413224 / 800000
generated: 413281 / 800000
generated: 413328 / 800000
generated: 413386 / 800000
generated: 413444 / 800000
generated: 413497 / 800000
generated: 413537 / 800000
generated: 413592 / 800000
generated: 413640 / 800000
generated: 413695 / 800000
generated: 413746 / 800000
generated: 413791 / 800000
generated: 413836 / 800000
generated: 413884 / 800000
generated: 413933 / 800000
generated: 413980 / 800000
generated: 414029 / 800000
generated: 414071 / 800000
generated: 414120 / 800000
generated: 414168 / 800000
generated: 414217 / 800000
generated: 414271 / 800000
generated: 414318 / 800000
generated: 414363 / 800000
generated: 414410 / 800000
generated: 414446 / 800000
generated: 414498 / 800000
generated: 414550 / 800000
generated: 414599 / 800000
generated: 414650 / 800000
generated: 414706 / 800000
generated: 414749 / 800000
generated: 414813 / 800000
generated: 414862 / 800000
generated: 414912 / 800000
generated: 414963 / 800000
generated: 415012 / 800000
generated: 415070 / 800000
generated: 415121 / 800000
generated: 415170 / 800000
generated: 415223 / 800000
generated: 415271 / 800000
generated: 415324 / 800000
generated: 415379 / 800000
generated: 415418 / 800000
generated: 415464 / 800000
generated: 415522 / 800000
generated: 415576 / 800000
generated: 415626 / 800000
generated: 415669 / 800000
generated: 415712 / 800000
generated: 415765 / 800000
generated: 415811 / 800000
generated: 415855 / 800000
generated: 415926 / 800000
generated: 415977 / 800000
generated: 416020 / 800000
generated: 416064 / 800000
generated: 416112 / 800000
generated: 416171 / 800000
generated: 416219 / 800000
generated: 416282 / 800000
generated: 416344 / 800000
generated: 416390 / 800000
generated: 416455 / 800000
generated: 416508 / 800000
generated: 416556 / 800000
generated: 416606 / 800000
generated: 416652 / 800000
generated: 416699 / 800000
generated: 416755 / 800000
generated: 416797 / 800000
generated: 416867 / 800000
generated: 416924 / 800000
generated: 416983 / 800000
generated: 417029 / 800000
generated: 417078 / 800000
generated: 417131 / 800000
generated: 417178 / 800000
generated: 417244 / 800000
generated: 417287 / 800000
generated: 417333 / 800000
generated: 417388 / 800000
generated: 417445 / 800000
generated: 417493 / 800000
generated: 417540 / 800000
generated: 417590 / 800000
generated: 417642 / 800000
generated: 417670 / 800000
generated: 417708 / 800000
generated: 417753 / 800000
generated: 417809 / 800000
generated: 417869 / 800000
generated: 417912 / 800000
generated: 417961 / 800000
generated: 418005 / 800000
generated: 418046 / 800000
generated: 418109 / 800000
generated: 418154 / 800000
generated: 418207 / 800000
generated: 418244 / 800000
generated: 418280 / 800000
generated: 418326 / 800000
generated: 418370 / 800000
generated: 418425 / 800000
generated: 418479 / 800000
generated: 418536 / 800000
generated: 418584 / 800000
generated: 418638 / 800000
generated: 418694 / 800000
generated: 418748 / 800000
generated: 418802 / 800000
generated: 418846 / 800000
generated: 418900 / 800000
generated: 418951 / 800000
generated: 418995 / 800000
generated: 419040 / 800000
generated: 419098 / 800000
generated: 419153 / 800000
generated: 419195 / 800000
generated: 419243 / 800000
generated: 419291 / 800000
generated: 419335 / 800000
generated: 419387 / 800000
generated: 419435 / 800000
generated: 419488 / 800000
generated: 419526 / 800000
generated: 419580 / 800000
generated: 419625 / 800000
generated: 419684 / 800000
generated: 419728 / 800000
generated: 419785 / 800000
generated: 419822 / 800000
generated: 419869 / 800000
generated: 419911 / 800000
generated: 419961 / 800000
generated: 420016 / 800000
generated: 420054 / 800000
generated: 420106 / 800000
generated: 420143 / 800000
generated: 420185 / 800000
generated: 420240 / 800000
generated: 420275 / 800000
generated: 420325 / 800000
generated: 420386 / 800000
generated: 420434 / 800000
generated: 420486 / 800000
generated: 420540 / 800000
generated: 420591 / 800000
generated: 420634 / 800000
generated: 420678 / 800000
generated: 420728 / 800000
generated: 420778 / 800000
generated: 420831 / 800000
generated: 420876 / 800000
generated: 420920 / 800000
generated: 420966 / 800000
generated: 421026 / 800000
generated: 421081 / 800000
generated: 421132 / 800000
generated: 421185 / 800000
generated: 421233 / 800000
generated: 421284 / 800000
generated: 421320 / 800000
generated: 421373 / 800000
generated: 421417 / 800000
generated: 421461 / 800000
generated: 421516 / 800000
generated: 421561 / 800000
generated: 421614 / 800000
generated: 421661 / 800000
generated: 421717 / 800000
generated: 421771 / 800000
generated: 421827 / 800000
generated: 421874 / 800000
generated: 421930 / 800000
generated: 421967 / 800000
generated: 422018 / 800000
generated: 422069 / 800000
generated: 422115 / 800000
generated: 422165 / 800000
generated: 422205 / 800000
generated: 422266 / 800000
generated: 422324 / 800000
generated: 422383 / 800000
generated: 422429 / 800000
generated: 422475 / 800000
generated: 422539 / 800000
generated: 422602 / 800000
generated: 422649 / 800000
generated: 422703 / 800000
generated: 422754 / 800000
generated: 422797 / 800000
generated: 422840 / 800000
generated: 422889 / 800000
generated: 422938 / 800000
generated: 422981 / 800000
generated: 423037 / 800000
generated: 423088 / 800000
generated: 423145 / 800000
generated: 423196 / 800000
generated: 423261 / 800000
generated: 423309 / 800000
generated: 423368 / 800000
generated: 423422 / 800000
generated: 423478 / 800000
generated: 423515 / 800000
generated: 423569 / 800000
generated: 423625 / 800000
generated: 423665 / 800000
generated: 423703 / 800000
generated: 423754 / 800000
generated: 423808 / 800000
generated: 423866 / 800000
generated: 423906 / 800000
generated: 423966 / 800000
generated: 424023 / 800000
generated: 424083 / 800000
generated: 424132 / 800000
generated: 424173 / 800000
generated: 424228 / 800000
generated: 424270 / 800000
generated: 424313 / 800000
generated: 424360 / 800000
generated: 424417 / 800000
generated: 424476 / 800000
generated: 424527 / 800000
generated: 424566 / 800000
generated: 424609 / 800000
generated: 424651 / 800000
generated: 424707 / 800000
generated: 424768 / 800000
generated: 424812 / 800000
generated: 424852 / 800000
generated: 424899 / 800000
generated: 424948 / 800000
generated: 424998 / 800000
generated: 425041 / 800000
generated: 425101 / 800000
generated: 425148 / 800000
generated: 425203 / 800000
generated: 425252 / 800000
generated: 425316 / 800000
generated: 425366 / 800000
generated: 425409 / 800000
generated: 425458 / 800000
generated: 425529 / 800000
generated: 425590 / 800000
generated: 425638 / 800000
generated: 425677 / 800000
generated: 425727 / 800000
generated: 425785 / 800000
generated: 425828 / 800000
generated: 425874 / 800000
generated: 425931 / 800000
generated: 425994 / 800000
generated: 426055 / 800000
generated: 426111 / 800000
generated: 426151 / 800000
generated: 426199 / 800000
generated: 426247 / 800000
generated: 426298 / 800000
generated: 426349 / 800000
generated: 426397 / 800000
generated: 426438 / 800000
generated: 426490 / 800000
generated: 426538 / 800000
generated: 426580 / 800000
generated: 426623 / 800000
generated: 426680 / 800000
generated: 426724 / 800000
generated: 426777 / 800000
generated: 426824 / 800000
generated: 426889 / 800000
generated: 426945 / 800000
generated: 426992 / 800000
generated: 427042 / 800000
generated: 427093 / 800000
generated: 427129 / 800000
generated: 427184 / 800000
generated: 427242 / 800000
generated: 427287 / 800000
generated: 427340 / 800000
generated: 427385 / 800000
generated: 427446 / 800000
generated: 427509 / 800000
generated: 427564 / 800000
generated: 427603 / 800000
generated: 427651 / 800000
generated: 427711 / 800000
generated: 427766 / 800000
generated: 427811 / 800000
generated: 427858 / 800000
generated: 427908 / 800000
generated: 427958 / 800000
generated: 428011 / 800000
generated: 428060 / 800000
generated: 428112 / 800000
generated: 428155 / 800000
generated: 428192 / 800000
generated: 428244 / 800000
generated: 428287 / 800000
generated: 428345 / 800000
generated: 428403 / 800000
generated: 428462 / 800000
generated: 428513 / 800000
generated: 428570 / 800000
generated: 428624 / 800000
generated: 428679 / 800000
generated: 428726 / 800000
generated: 428770 / 800000
generated: 428817 / 800000
generated: 428857 / 800000
generated: 428911 / 800000
generated: 428962 / 800000
generated: 429011 / 800000
generated: 429064 / 800000
generated: 429107 / 800000
generated: 429156 / 800000
generated: 429209 / 800000
generated: 429257 / 800000
generated: 429303 / 800000
generated: 429363 / 800000
generated: 429412 / 800000
generated: 429458 / 800000
generated: 429499 / 800000
generated: 429544 / 800000
generated: 429599 / 800000
generated: 429642 / 800000
generated: 429691 / 800000
generated: 429740 / 800000
generated: 429772 / 800000
generated: 429809 / 800000
generated: 429857 / 800000
generated: 429899 / 800000
generated: 429940 / 800000
generated: 429997 / 800000
generated: 430036 / 800000
generated: 430092 / 800000
generated: 430128 / 800000
generated: 430179 / 800000
generated: 430219 / 800000
generated: 430273 / 800000
generated: 430316 / 800000
generated: 430378 / 800000
generated: 430432 / 800000
generated: 430484 / 800000
generated: 430542 / 800000
generated: 430608 / 800000
generated: 430657 / 800000
generated: 430711 / 800000
generated: 430764 / 800000
generated: 430813 / 800000
generated: 430863 / 800000
generated: 430915 / 800000
generated: 430958 / 800000
generated: 430999 / 800000
generated: 431047 / 800000
generated: 431095 / 800000
generated: 431152 / 800000
generated: 431212 / 800000
generated: 431250 / 800000
generated: 431288 / 800000
generated: 431340 / 800000
generated: 431389 / 800000
generated: 431427 / 800000
generated: 431482 / 800000
generated: 431538 / 800000
generated: 431597 / 800000
generated: 431652 / 800000
generated: 431693 / 800000
generated: 431744 / 800000
generated: 431793 / 800000
generated: 431853 / 800000
generated: 431896 / 800000
generated: 431949 / 800000
generated: 431998 / 800000
generated: 432040 / 800000
generated: 432100 / 800000
generated: 432146 / 800000
generated: 432198 / 800000
generated: 432262 / 800000
generated: 432314 / 800000
generated: 432366 / 800000
generated: 432414 / 800000
generated: 432462 / 800000
generated: 432499 / 800000
generated: 432548 / 800000
generated: 432599 / 800000
generated: 432662 / 800000
generated: 432715 / 800000
generated: 432755 / 800000
generated: 432801 / 800000
generated: 432848 / 800000
generated: 432893 / 800000
generated: 432941 / 800000
generated: 432986 / 800000
generated: 433042 / 800000
generated: 433096 / 800000
generated: 433150 / 800000
generated: 433201 / 800000
generated: 433247 / 800000
generated: 433298 / 800000
generated: 433351 / 800000
generated: 433398 / 800000
generated: 433441 / 800000
generated: 433498 / 800000
generated: 433547 / 800000
generated: 433586 / 800000
generated: 433634 / 800000
generated: 433691 / 800000
generated: 433729 / 800000
generated: 433785 / 800000
generated: 433836 / 800000
generated: 433896 / 800000
generated: 433954 / 800000
generated: 434007 / 800000
generated: 434066 / 800000
generated: 434110 / 800000
generated: 434165 / 800000
generated: 434208 / 800000
generated: 434252 / 800000
generated: 434303 / 800000
generated: 434346 / 800000
generated: 434385 / 800000
generated: 434434 / 800000
generated: 434474 / 800000
generated: 434528 / 800000
generated: 434575 / 800000
generated: 434626 / 800000
generated: 434680 / 800000
generated: 434730 / 800000
generated: 434780 / 800000
generated: 434834 / 800000
generated: 434883 / 800000
generated: 434933 / 800000
generated: 434994 / 800000
generated: 435060 / 800000
generated: 435106 / 800000
generated: 435155 / 800000
generated: 435205 / 800000
generated: 435258 / 800000
generated: 435313 / 800000
generated: 435353 / 800000
generated: 435394 / 800000
generated: 435451 / 800000
generated: 435496 / 800000
generated: 435548 / 800000
generated: 435600 / 800000
generated: 435645 / 800000
generated: 435692 / 800000
generated: 435738 / 800000
generated: 435798 / 800000
generated: 435845 / 800000
generated: 435880 / 800000
generated: 435917 / 800000
generated: 435964 / 800000
generated: 436010 / 800000
generated: 436062 / 800000
generated: 436105 / 800000
generated: 436152 / 800000
generated: 436209 / 800000
generated: 436264 / 800000
generated: 436316 / 800000
generated: 436370 / 800000
generated: 436435 / 800000
generated: 436496 / 800000
generated: 436541 / 800000
generated: 436590 / 800000
generated: 436631 / 800000
generated: 436687 / 800000
generated: 436743 / 800000
generated: 436787 / 800000
generated: 436845 / 800000
generated: 436890 / 800000
generated: 436941 / 800000
generated: 437001 / 800000
generated: 437046 / 800000
generated: 437088 / 800000
generated: 437148 / 800000
generated: 437201 / 800000
generated: 437260 / 800000
generated: 437320 / 800000
generated: 437381 / 800000
generated: 437437 / 800000
generated: 437477 / 800000
generated: 437534 / 800000
generated: 437577 / 800000
generated: 437634 / 800000
generated: 437680 / 800000
generated: 437723 / 800000
generated: 437776 / 800000
generated: 437819 / 800000
generated: 437866 / 800000
generated: 437901 / 800000
generated: 437969 / 800000
generated: 438032 / 800000
generated: 438084 / 800000
generated: 438135 / 800000
generated: 438181 / 800000
generated: 438223 / 800000
generated: 438274 / 800000
generated: 438323 / 800000
generated: 438374 / 800000
generated: 438422 / 800000
generated: 438467 / 800000
generated: 438517 / 800000
generated: 438567 / 800000
generated: 438616 / 800000
generated: 438667 / 800000
generated: 438721 / 800000
generated: 438770 / 800000
generated: 438827 / 800000
generated: 438889 / 800000
generated: 438933 / 800000
generated: 438971 / 800000
generated: 439029 / 800000
generated: 439090 / 800000
generated: 439142 / 800000
generated: 439198 / 800000
generated: 439248 / 800000
generated: 439300 / 800000
generated: 439348 / 800000
generated: 439391 / 800000
generated: 439438 / 800000
generated: 439487 / 800000
generated: 439543 / 800000
generated: 439583 / 800000
generated: 439636 / 800000
generated: 439691 / 800000
generated: 439742 / 800000
generated: 439797 / 800000
generated: 439845 / 800000
generated: 439892 / 800000
generated: 439940 / 800000
generated: 439988 / 800000
generated: 440028 / 800000
generated: 440069 / 800000
generated: 440113 / 800000
generated: 440158 / 800000
generated: 440211 / 800000
generated: 440264 / 800000
generated: 440318 / 800000
generated: 440368 / 800000
generated: 440432 / 800000
generated: 440472 / 800000
generated: 440517 / 800000
generated: 440564 / 800000
generated: 440617 / 800000
generated: 440672 / 800000
generated: 440730 / 800000
generated: 440789 / 800000
generated: 440831 / 800000
generated: 440882 / 800000
generated: 440935 / 800000
generated: 440994 / 800000
generated: 441051 / 800000
generated: 441104 / 800000
generated: 441155 / 800000
generated: 441205 / 800000
generated: 441262 / 800000
generated: 441325 / 800000
generated: 441366 / 800000
generated: 441420 / 800000
generated: 441474 / 800000
generated: 441509 / 800000
generated: 441555 / 800000
generated: 441602 / 800000
generated: 441644 / 800000
generated: 441696 / 800000
generated: 441746 / 800000
generated: 441802 / 800000
generated: 441845 / 800000
generated: 441894 / 800000
generated: 441950 / 800000
generated: 441998 / 800000
generated: 442039 / 800000
generated: 442090 / 800000
generated: 442146 / 800000
generated: 442210 / 800000
generated: 442251 / 800000
generated: 442304 / 800000
generated: 442365 / 800000
generated: 442430 / 800000
generated: 442476 / 800000
generated: 442539 / 800000
generated: 442586 / 800000
generated: 442624 / 800000
generated: 442667 / 800000
generated: 442706 / 800000
generated: 442741 / 800000
generated: 442798 / 800000
generated: 442854 / 800000
generated: 442909 / 800000
generated: 442972 / 800000
generated: 443021 / 800000
generated: 443073 / 800000
generated: 443121 / 800000
generated: 443166 / 800000
generated: 443215 / 800000
generated: 443259 / 800000
generated: 443314 / 800000
generated: 443370 / 800000
generated: 443431 / 800000
generated: 443482 / 800000
generated: 443538 / 800000
generated: 443584 / 800000
generated: 443645 / 800000
generated: 443691 / 800000
generated: 443738 / 800000
generated: 443802 / 800000
generated: 443855 / 800000
generated: 443910 / 800000
generated: 443947 / 800000
generated: 443996 / 800000
generated: 444039 / 800000
generated: 444093 / 800000
generated: 444151 / 800000
generated: 444199 / 800000
generated: 444244 / 800000
generated: 444285 / 800000
generated: 444332 / 800000
generated: 444376 / 800000
generated: 444421 / 800000
generated: 444464 / 800000
generated: 444525 / 800000
generated: 444559 / 800000
generated: 444615 / 800000
generated: 444662 / 800000
generated: 444712 / 800000
generated: 444754 / 800000
generated: 444795 / 800000
generated: 444845 / 800000
generated: 444894 / 800000
generated: 444948 / 800000
generated: 444997 / 800000
generated: 445055 / 800000
generated: 445105 / 800000
generated: 445155 / 800000
generated: 445203 / 800000
generated: 445253 / 800000
generated: 445300 / 800000
generated: 445339 / 800000
generated: 445396 / 800000
generated: 445443 / 800000
generated: 445485 / 800000
generated: 445543 / 800000
generated: 445581 / 800000
generated: 445627 / 800000
generated: 445671 / 800000
generated: 445721 / 800000
generated: 445761 / 800000
generated: 445814 / 800000
generated: 445866 / 800000
generated: 445923 / 800000
generated: 445973 / 800000
generated: 446017 / 800000
generated: 446062 / 800000
generated: 446115 / 800000
generated: 446178 / 800000
generated: 446232 / 800000
generated: 446284 / 800000
generated: 446335 / 800000
generated: 446392 / 800000
generated: 446435 / 800000
generated: 446496 / 800000
generated: 446540 / 800000
generated: 446592 / 800000
generated: 446637 / 800000
generated: 446689 / 800000
generated: 446725 / 800000
generated: 446779 / 800000
generated: 446827 / 800000
generated: 446880 / 800000
generated: 446932 / 800000
generated: 446983 / 800000
generated: 447034 / 800000
generated: 447086 / 800000
generated: 447134 / 800000
generated: 447183 / 800000
generated: 447234 / 800000
generated: 447278 / 800000
generated: 447326 / 800000
generated: 447378 / 800000
generated: 447429 / 800000
generated: 447470 / 800000
generated: 447517 / 800000
generated: 447555 / 800000
generated: 447600 / 800000
generated: 447643 / 800000
generated: 447690 / 800000
generated: 447729 / 800000
generated: 447787 / 800000
generated: 447842 / 800000
generated: 447880 / 800000
generated: 447934 / 800000
generated: 447986 / 800000
generated: 448031 / 800000
generated: 448086 / 800000
generated: 448130 / 800000
generated: 448173 / 800000
generated: 448225 / 800000
generated: 448263 / 800000
generated: 448329 / 800000
generated: 448372 / 800000
generated: 448434 / 800000
generated: 448467 / 800000
generated: 448507 / 800000
generated: 448557 / 800000
generated: 448618 / 800000
generated: 448669 / 800000
generated: 448725 / 800000
generated: 448775 / 800000
generated: 448818 / 800000
generated: 448872 / 800000
generated: 448915 / 800000
generated: 448969 / 800000
generated: 449011 / 800000
generated: 449073 / 800000
generated: 449119 / 800000
generated: 449155 / 800000
generated: 449218 / 800000
generated: 449264 / 800000
generated: 449311 / 800000
generated: 449354 / 800000
generated: 449404 / 800000
generated: 449448 / 800000
generated: 449485 / 800000
generated: 449541 / 800000
generated: 449590 / 800000
generated: 449634 / 800000
generated: 449681 / 800000
generated: 449722 / 800000
generated: 449764 / 800000
generated: 449806 / 800000
generated: 449851 / 800000
generated: 449903 / 800000
generated: 449945 / 800000
generated: 449998 / 800000
generated: 450041 / 800000
generated: 450082 / 800000
generated: 450132 / 800000
generated: 450192 / 800000
generated: 450243 / 800000
generated: 450291 / 800000
generated: 450332 / 800000
generated: 450384 / 800000
generated: 450438 / 800000
generated: 450498 / 800000
generated: 450550 / 800000
generated: 450601 / 800000
generated: 450629 / 800000
generated: 450681 / 800000
generated: 450732 / 800000
generated: 450780 / 800000
generated: 450829 / 800000
generated: 450884 / 800000
generated: 450942 / 800000
generated: 450991 / 800000
generated: 451038 / 800000
generated: 451089 / 800000
generated: 451143 / 800000
generated: 451191 / 800000
generated: 451232 / 800000
generated: 451275 / 800000
generated: 451318 / 800000
generated: 451369 / 800000
generated: 451422 / 800000
generated: 451474 / 800000
generated: 451516 / 800000
generated: 451572 / 800000
generated: 451611 / 800000
generated: 451664 / 800000
generated: 451716 / 800000
generated: 451770 / 800000
generated: 451821 / 800000
generated: 451867 / 800000
generated: 451920 / 800000
generated: 451966 / 800000
generated: 452016 / 800000
generated: 452071 / 800000
generated: 452107 / 800000
generated: 452160 / 800000
generated: 452207 / 800000
generated: 452260 / 800000
generated: 452322 / 800000
generated: 452380 / 800000
generated: 452427 / 800000
generated: 452478 / 800000
generated: 452520 / 800000
generated: 452564 / 800000
generated: 452612 / 800000
generated: 452661 / 800000
generated: 452703 / 800000
generated: 452754 / 800000
generated: 452805 / 800000
generated: 452846 / 800000
generated: 452894 / 800000
generated: 452946 / 800000
generated: 453004 / 800000
generated: 453063 / 800000
generated: 453099 / 800000
generated: 453156 / 800000
generated: 453206 / 800000
generated: 453256 / 800000
generated: 453305 / 800000
generated: 453353 / 800000
generated: 453392 / 800000
generated: 453432 / 800000
generated: 453483 / 800000
generated: 453540 / 800000
generated: 453589 / 800000
generated: 453635 / 800000
generated: 453686 / 800000
generated: 453730 / 800000
generated: 453785 / 800000
generated: 453823 / 800000
generated: 453874 / 800000
generated: 453929 / 800000
generated: 453968 / 800000
generated: 454022 / 800000
generated: 454065 / 800000
generated: 454117 / 800000
generated: 454171 / 800000
generated: 454227 / 800000
generated: 454274 / 800000
generated: 454322 / 800000
generated: 454376 / 800000
generated: 454431 / 800000
generated: 454485 / 800000
generated: 454536 / 800000
generated: 454585 / 800000
generated: 454639 / 800000
generated: 454697 / 800000
generated: 454751 / 800000
generated: 454805 / 800000
generated: 454846 / 800000
generated: 454885 / 800000
generated: 454938 / 800000
generated: 454983 / 800000
generated: 455026 / 800000
generated: 455075 / 800000
generated: 455122 / 800000
generated: 455163 / 800000
generated: 455226 / 800000
generated: 455278 / 800000
generated: 455327 / 800000
generated: 455392 / 800000
generated: 455443 / 800000
generated: 455501 / 800000
generated: 455559 / 800000
generated: 455618 / 800000
generated: 455671 / 800000
generated: 455717 / 800000
generated: 455765 / 800000
generated: 455815 / 800000
generated: 455866 / 800000
generated: 455917 / 800000
generated: 455963 / 800000
generated: 456010 / 800000
generated: 456068 / 800000
generated: 456107 / 800000
generated: 456161 / 800000
generated: 456210 / 800000
generated: 456275 / 800000
generated: 456332 / 800000
generated: 456382 / 800000
generated: 456424 / 800000
generated: 456473 / 800000
generated: 456527 / 800000
generated: 456575 / 800000
generated: 456631 / 800000
generated: 456678 / 800000
generated: 456726 / 800000
generated: 456773 / 800000
generated: 456815 / 800000
generated: 456863 / 800000
generated: 456904 / 800000
generated: 456944 / 800000
generated: 456986 / 800000
generated: 457041 / 800000
generated: 457082 / 800000
generated: 457144 / 800000
generated: 457198 / 800000
generated: 457248 / 800000
generated: 457296 / 800000
generated: 457350 / 800000
generated: 457397 / 800000
generated: 457441 / 800000
generated: 457485 / 800000
generated: 457529 / 800000
generated: 457584 / 800000
generated: 457630 / 800000
generated: 457683 / 800000
generated: 457731 / 800000
generated: 457781 / 800000
generated: 457825 / 800000
generated: 457876 / 800000
generated: 457928 / 800000
generated: 457984 / 800000
generated: 458034 / 800000
generated: 458089 / 800000
generated: 458121 / 800000
generated: 458171 / 800000
generated: 458227 / 800000
generated: 458265 / 800000
generated: 458316 / 800000
generated: 458361 / 800000
generated: 458405 / 800000
generated: 458459 / 800000
generated: 458500 / 800000
generated: 458548 / 800000
generated: 458598 / 800000
generated: 458655 / 800000
generated: 458700 / 800000
generated: 458742 / 800000
generated: 458793 / 800000
generated: 458840 / 800000
generated: 458890 / 800000
generated: 458940 / 800000
generated: 458995 / 800000
generated: 459035 / 800000
generated: 459099 / 800000
generated: 459139 / 800000
generated: 459188 / 800000
generated: 459243 / 800000
generated: 459292 / 800000
generated: 459342 / 800000
generated: 459397 / 800000
generated: 459446 / 800000
generated: 459496 / 800000
generated: 459546 / 800000
generated: 459601 / 800000
generated: 459644 / 800000
generated: 459683 / 800000
generated: 459737 / 800000
generated: 459785 / 800000
generated: 459836 / 800000
generated: 459882 / 800000
generated: 459937 / 800000
generated: 459982 / 800000
generated: 460027 / 800000
generated: 460074 / 800000
generated: 460126 / 800000
generated: 460172 / 800000
generated: 460221 / 800000
generated: 460265 / 800000
generated: 460305 / 800000
generated: 460351 / 800000
generated: 460389 / 800000
generated: 460437 / 800000
generated: 460495 / 800000
generated: 460545 / 800000
generated: 460590 / 800000
generated: 460642 / 800000
generated: 460694 / 800000
generated: 460743 / 800000
generated: 460795 / 800000
generated: 460843 / 800000
generated: 460905 / 800000
generated: 460958 / 800000
generated: 461000 / 800000
generated: 461052 / 800000
generated: 461109 / 800000
generated: 461161 / 800000
generated: 461205 / 800000
generated: 461249 / 800000
generated: 461305 / 800000
generated: 461352 / 800000
generated: 461409 / 800000
generated: 461460 / 800000
generated: 461515 / 800000
generated: 461554 / 800000
generated: 461606 / 800000
generated: 461654 / 800000
generated: 461706 / 800000
generated: 461749 / 800000
generated: 461808 / 800000
generated: 461856 / 800000
generated: 461905 / 800000
generated: 461958 / 800000
generated: 461994 / 800000
generated: 462039 / 800000
generated: 462086 / 800000
generated: 462140 / 800000
generated: 462203 / 800000
generated: 462259 / 800000
generated: 462318 / 800000
generated: 462369 / 800000
generated: 462422 / 800000
generated: 462493 / 800000
generated: 462553 / 800000
generated: 462596 / 800000
generated: 462643 / 800000
generated: 462709 / 800000
generated: 462762 / 800000
generated: 462819 / 800000
generated: 462861 / 800000
generated: 462912 / 800000
generated: 462951 / 800000
generated: 463002 / 800000
generated: 463051 / 800000
generated: 463094 / 800000
generated: 463146 / 800000
generated: 463205 / 800000
generated: 463247 / 800000
generated: 463306 / 800000
generated: 463360 / 800000
generated: 463411 / 800000
generated: 463470 / 800000
generated: 463521 / 800000
generated: 463578 / 800000
generated: 463624 / 800000
generated: 463671 / 800000
generated: 463729 / 800000
generated: 463785 / 800000
generated: 463831 / 800000
generated: 463873 / 800000
generated: 463918 / 800000
generated: 463958 / 800000
generated: 464019 / 800000
generated: 464052 / 800000
generated: 464097 / 800000
generated: 464144 / 800000
generated: 464202 / 800000
generated: 464263 / 800000
generated: 464318 / 800000
generated: 464366 / 800000
generated: 464407 / 800000
generated: 464458 / 800000
generated: 464512 / 800000
generated: 464552 / 800000
generated: 464611 / 800000
generated: 464667 / 800000
generated: 464710 / 800000
generated: 464756 / 800000
generated: 464803 / 800000
generated: 464852 / 800000
generated: 464891 / 800000
generated: 464952 / 800000
generated: 464996 / 800000
generated: 465046 / 800000
generated: 465096 / 800000
generated: 465150 / 800000
generated: 465203 / 800000
generated: 465247 / 800000
generated: 465298 / 800000
generated: 465363 / 800000
generated: 465402 / 800000
generated: 465443 / 800000
generated: 465502 / 800000
generated: 465554 / 800000
generated: 465600 / 800000
generated: 465654 / 800000
generated: 465711 / 800000
generated: 465764 / 800000
generated: 465824 / 800000
generated: 465875 / 800000
generated: 465923 / 800000
generated: 465970 / 800000
generated: 466013 / 800000
generated: 466060 / 800000
generated: 466108 / 800000
generated: 466159 / 800000
generated: 466206 / 800000
generated: 466266 / 800000
generated: 466323 / 800000
generated: 466369 / 800000
generated: 466415 / 800000
generated: 466475 / 800000
generated: 466535 / 800000
generated: 466571 / 800000
generated: 466614 / 800000
generated: 466667 / 800000
generated: 466717 / 800000
generated: 466763 / 800000
generated: 466807 / 800000
generated: 466867 / 800000
generated: 466920 / 800000
generated: 466968 / 800000
generated: 467020 / 800000
generated: 467069 / 800000
generated: 467114 / 800000
generated: 467172 / 800000
generated: 467222 / 800000
generated: 467275 / 800000
generated: 467323 / 800000
generated: 467385 / 800000
generated: 467440 / 800000
generated: 467503 / 800000
generated: 467556 / 800000
generated: 467631 / 800000
generated: 467690 / 800000
generated: 467726 / 800000
generated: 467792 / 800000
generated: 467842 / 800000
generated: 467880 / 800000
generated: 467941 / 800000
generated: 467978 / 800000
generated: 468016 / 800000
generated: 468068 / 800000
generated: 468119 / 800000
generated: 468161 / 800000
generated: 468209 / 800000
generated: 468261 / 800000
generated: 468309 / 800000
generated: 468344 / 800000
generated: 468391 / 800000
generated: 468440 / 800000
generated: 468479 / 800000
generated: 468516 / 800000
generated: 468584 / 800000
generated: 468629 / 800000
generated: 468666 / 800000
generated: 468714 / 800000
generated: 468768 / 800000
generated: 468810 / 800000
generated: 468855 / 800000
generated: 468906 / 800000
generated: 468953 / 800000
generated: 469008 / 800000
generated: 469054 / 800000
generated: 469105 / 800000
generated: 469152 / 800000
generated: 469202 / 800000
generated: 469262 / 800000
generated: 469317 / 800000
generated: 469369 / 800000
generated: 469414 / 800000
generated: 469453 / 800000
generated: 469501 / 800000
generated: 469558 / 800000
generated: 469610 / 800000
generated: 469646 / 800000
generated: 469698 / 800000
generated: 469737 / 800000
generated: 469795 / 800000
generated: 469838 / 800000
generated: 469886 / 800000
generated: 469923 / 800000
generated: 469964 / 800000
generated: 470012 / 800000
generated: 470050 / 800000
generated: 470092 / 800000
generated: 470159 / 800000
generated: 470226 / 800000
generated: 470289 / 800000
generated: 470341 / 800000
generated: 470385 / 800000
generated: 470446 / 800000
generated: 470493 / 800000
generated: 470532 / 800000
generated: 470580 / 800000
generated: 470626 / 800000
generated: 470679 / 800000
generated: 470734 / 800000
generated: 470788 / 800000
generated: 470841 / 800000
generated: 470893 / 800000
generated: 470932 / 800000
generated: 470984 / 800000
generated: 471026 / 800000
generated: 471075 / 800000
generated: 471115 / 800000
generated: 471168 / 800000
generated: 471220 / 800000
generated: 471264 / 800000
generated: 471308 / 800000
generated: 471369 / 800000
generated: 471415 / 800000
generated: 471461 / 800000
generated: 471508 / 800000
generated: 471558 / 800000
generated: 471615 / 800000
generated: 471663 / 800000
generated: 471716 / 800000
generated: 471767 / 800000
generated: 471821 / 800000
generated: 471874 / 800000
generated: 471924 / 800000
generated: 471972 / 800000
generated: 472016 / 800000
generated: 472067 / 800000
generated: 472111 / 800000
generated: 472160 / 800000
generated: 472209 / 800000
generated: 472265 / 800000
generated: 472328 / 800000
generated: 472370 / 800000
generated: 472422 / 800000
generated: 472468 / 800000
generated: 472525 / 800000
generated: 472566 / 800000
generated: 472630 / 800000
generated: 472679 / 800000
generated: 472739 / 800000
generated: 472788 / 800000
generated: 472830 / 800000
generated: 472875 / 800000
generated: 472934 / 800000
generated: 472971 / 800000
generated: 473018 / 800000
generated: 473071 / 800000
generated: 473127 / 800000
generated: 473166 / 800000
generated: 473225 / 800000
generated: 473277 / 800000
generated: 473322 / 800000
generated: 473378 / 800000
generated: 473420 / 800000
generated: 473470 / 800000
generated: 473510 / 800000
generated: 473555 / 800000
generated: 473601 / 800000
generated: 473645 / 800000
generated: 473681 / 800000
generated: 473727 / 800000
generated: 473772 / 800000
generated: 473828 / 800000
generated: 473887 / 800000
generated: 473933 / 800000
generated: 473984 / 800000
generated: 474035 / 800000
generated: 474084 / 800000
generated: 474137 / 800000
generated: 474193 / 800000
generated: 474245 / 800000
generated: 474299 / 800000
generated: 474350 / 800000
generated: 474414 / 800000
generated: 474469 / 800000
generated: 474522 / 800000
generated: 474560 / 800000
generated: 474612 / 800000
generated: 474672 / 800000
generated: 474723 / 800000
generated: 474768 / 800000
generated: 474814 / 800000
generated: 474862 / 800000
generated: 474914 / 800000
generated: 474969 / 800000
generated: 475019 / 800000
generated: 475069 / 800000
generated: 475111 / 800000
generated: 475163 / 800000
generated: 475214 / 800000
generated: 475256 / 800000
generated: 475308 / 800000
generated: 475362 / 800000
generated: 475403 / 800000
generated: 475454 / 800000
generated: 475515 / 800000
generated: 475563 / 800000
generated: 475609 / 800000
generated: 475660 / 800000
generated: 475712 / 800000
generated: 475771 / 800000
generated: 475831 / 800000
generated: 475880 / 800000
generated: 475924 / 800000
generated: 475965 / 800000
generated: 476021 / 800000
generated: 476073 / 800000
generated: 476124 / 800000
generated: 476177 / 800000
generated: 476215 / 800000
generated: 476269 / 800000
generated: 476316 / 800000
generated: 476368 / 800000
generated: 476421 / 800000
generated: 476455 / 800000
generated: 476515 / 800000
generated: 476574 / 800000
generated: 476635 / 800000
generated: 476679 / 800000
generated: 476720 / 800000
generated: 476777 / 800000
generated: 476813 / 800000
generated: 476868 / 800000
generated: 476907 / 800000
generated: 476945 / 800000
generated: 476983 / 800000
generated: 477034 / 800000
generated: 477080 / 800000
generated: 477141 / 800000
generated: 477186 / 800000
generated: 477250 / 800000
generated: 477303 / 800000
generated: 477351 / 800000
generated: 477413 / 800000
generated: 477456 / 800000
generated: 477506 / 800000
generated: 477563 / 800000
generated: 477615 / 800000
generated: 477675 / 800000
generated: 477730 / 800000
generated: 477779 / 800000
generated: 477824 / 800000
generated: 477873 / 800000
generated: 477919 / 800000
generated: 477968 / 800000
generated: 478020 / 800000
generated: 478064 / 800000
generated: 478125 / 800000
generated: 478193 / 800000
generated: 478239 / 800000
generated: 478292 / 800000
generated: 478328 / 800000
generated: 478371 / 800000
generated: 478418 / 800000
generated: 478461 / 800000
generated: 478505 / 800000
generated: 478553 / 800000
generated: 478596 / 800000
generated: 478639 / 800000
generated: 478694 / 800000
generated: 478751 / 800000
generated: 478797 / 800000
generated: 478847 / 800000
generated: 478896 / 800000
generated: 478944 / 800000
generated: 478994 / 800000
generated: 479033 / 800000
generated: 479077 / 800000
generated: 479133 / 800000
generated: 479176 / 800000
generated: 479223 / 800000
generated: 479272 / 800000
generated: 479310 / 800000
generated: 479367 / 800000
generated: 479408 / 800000
generated: 479453 / 800000
generated: 479496 / 800000
generated: 479549 / 800000
generated: 479607 / 800000
generated: 479654 / 800000
generated: 479698 / 800000
generated: 479748 / 800000
generated: 479792 / 800000
generated: 479847 / 800000
generated: 479893 / 800000
generated: 479939 / 800000
generated: 479998 / 800000
generated: 480048 / 800000
generated: 480111 / 800000
generated: 480179 / 800000
generated: 480235 / 800000
generated: 480286 / 800000
generated: 480333 / 800000
generated: 480385 / 800000
generated: 480427 / 800000
generated: 480472 / 800000
generated: 480525 / 800000
generated: 480585 / 800000
generated: 480639 / 800000
generated: 480687 / 800000
generated: 480735 / 800000
generated: 480795 / 800000
generated: 480838 / 800000
generated: 480880 / 800000
generated: 480934 / 800000
generated: 480981 / 800000
generated: 481028 / 800000
generated: 481070 / 800000
generated: 481118 / 800000
generated: 481165 / 800000
generated: 481212 / 800000
generated: 481250 / 800000
generated: 481301 / 800000
generated: 481349 / 800000
generated: 481390 / 800000
generated: 481434 / 800000
generated: 481491 / 800000
generated: 481530 / 800000
generated: 481581 / 800000
generated: 481630 / 800000
generated: 481688 / 800000
generated: 481741 / 800000
generated: 481785 / 800000
generated: 481828 / 800000
generated: 481888 / 800000
generated: 481936 / 800000
generated: 481991 / 800000
generated: 482043 / 800000
generated: 482090 / 800000
generated: 482144 / 800000
generated: 482191 / 800000
generated: 482243 / 800000
generated: 482302 / 800000
generated: 482347 / 800000
generated: 482413 / 800000
generated: 482462 / 800000
generated: 482511 / 800000
generated: 482553 / 800000
generated: 482605 / 800000
generated: 482655 / 800000
generated: 482702 / 800000
generated: 482746 / 800000
generated: 482792 / 800000
generated: 482839 / 800000
generated: 482903 / 800000
generated: 482957 / 800000
generated: 483020 / 800000
generated: 483078 / 800000
generated: 483124 / 800000
generated: 483182 / 800000
generated: 483225 / 800000
generated: 483281 / 800000
generated: 483338 / 800000
generated: 483384 / 800000
generated: 483435 / 800000
generated: 483480 / 800000
generated: 483521 / 800000
generated: 483564 / 800000
generated: 483615 / 800000
generated: 483665 / 800000
generated: 483711 / 800000
generated: 483772 / 800000
generated: 483829 / 800000
generated: 483872 / 800000
generated: 483930 / 800000
generated: 483970 / 800000
generated: 484020 / 800000
generated: 484075 / 800000
generated: 484121 / 800000
generated: 484173 / 800000
generated: 484231 / 800000
generated: 484294 / 800000
generated: 484349 / 800000
generated: 484400 / 800000
generated: 484452 / 800000
generated: 484499 / 800000
generated: 484563 / 800000
generated: 484612 / 800000
generated: 484664 / 800000
generated: 484715 / 800000
generated: 484773 / 800000
generated: 484824 / 800000
generated: 484883 / 800000
generated: 484941 / 800000
generated: 484985 / 800000
generated: 485031 / 800000
generated: 485095 / 800000
generated: 485134 / 800000
generated: 485170 / 800000
generated: 485218 / 800000
generated: 485276 / 800000
generated: 485322 / 800000
generated: 485368 / 800000
generated: 485423 / 800000
generated: 485470 / 800000
generated: 485526 / 800000
generated: 485571 / 800000
generated: 485622 / 800000
generated: 485667 / 800000
generated: 485726 / 800000
generated: 485778 / 800000
generated: 485820 / 800000
generated: 485876 / 800000
generated: 485914 / 800000
generated: 485966 / 800000
generated: 486014 / 800000
generated: 486059 / 800000
generated: 486125 / 800000
generated: 486171 / 800000
generated: 486216 / 800000
generated: 486258 / 800000
generated: 486313 / 800000
generated: 486361 / 800000
generated: 486411 / 800000
generated: 486458 / 800000
generated: 486513 / 800000
generated: 486569 / 800000
generated: 486618 / 800000
generated: 486656 / 800000
generated: 486703 / 800000
generated: 486752 / 800000
generated: 486796 / 800000
generated: 486860 / 800000
generated: 486918 / 800000
generated: 486965 / 800000
generated: 487011 / 800000
generated: 487065 / 800000
generated: 487117 / 800000
generated: 487170 / 800000
generated: 487207 / 800000
generated: 487246 / 800000
generated: 487286 / 800000
generated: 487342 / 800000
generated: 487388 / 800000
generated: 487435 / 800000
generated: 487487 / 800000
generated: 487540 / 800000
generated: 487584 / 800000
generated: 487638 / 800000
generated: 487669 / 800000
generated: 487716 / 800000
generated: 487778 / 800000
generated: 487831 / 800000
generated: 487871 / 800000
generated: 487921 / 800000
generated: 487965 / 800000
generated: 488016 / 800000
generated: 488068 / 800000
generated: 488115 / 800000
generated: 488165 / 800000
generated: 488219 / 800000
generated: 488274 / 800000
generated: 488329 / 800000
generated: 488382 / 800000
generated: 488438 / 800000
generated: 488490 / 800000
generated: 488538 / 800000
generated: 488590 / 800000
generated: 488640 / 800000
generated: 488683 / 800000
generated: 488746 / 800000
generated: 488808 / 800000
generated: 488857 / 800000
generated: 488904 / 800000
generated: 488955 / 800000
generated: 489012 / 800000
generated: 489062 / 800000
generated: 489109 / 800000
generated: 489149 / 800000
generated: 489190 / 800000
generated: 489245 / 800000
generated: 489296 / 800000
generated: 489339 / 800000
generated: 489377 / 800000
generated: 489434 / 800000
generated: 489492 / 800000
generated: 489535 / 800000
generated: 489590 / 800000
generated: 489649 / 800000
generated: 489701 / 800000
generated: 489754 / 800000
generated: 489802 / 800000
generated: 489842 / 800000
generated: 489884 / 800000
generated: 489921 / 800000
generated: 489967 / 800000
generated: 490015 / 800000
generated: 490072 / 800000
generated: 490133 / 800000
generated: 490205 / 800000
generated: 490249 / 800000
generated: 490306 / 800000
generated: 490355 / 800000
generated: 490409 / 800000
generated: 490458 / 800000
generated: 490500 / 800000
generated: 490557 / 800000
generated: 490613 / 800000
generated: 490665 / 800000
generated: 490719 / 800000
generated: 490772 / 800000
generated: 490835 / 800000
generated: 490888 / 800000
generated: 490931 / 800000
generated: 490979 / 800000
generated: 491034 / 800000
generated: 491082 / 800000
generated: 491136 / 800000
generated: 491187 / 800000
generated: 491249 / 800000
generated: 491301 / 800000
generated: 491351 / 800000
generated: 491405 / 800000
generated: 491446 / 800000
generated: 491495 / 800000
generated: 491550 / 800000
generated: 491589 / 800000
generated: 491640 / 800000
generated: 491688 / 800000
generated: 491738 / 800000
generated: 491787 / 800000
generated: 491835 / 800000
generated: 491897 / 800000
generated: 491952 / 800000
generated: 492001 / 800000
generated: 492051 / 800000
generated: 492109 / 800000
generated: 492159 / 800000
generated: 492196 / 800000
generated: 492242 / 800000
generated: 492300 / 800000
generated: 492349 / 800000
generated: 492402 / 800000
generated: 492457 / 800000
generated: 492503 / 800000
generated: 492552 / 800000
generated: 492591 / 800000
generated: 492640 / 800000
generated: 492692 / 800000
generated: 492749 / 800000
generated: 492797 / 800000
generated: 492842 / 800000
generated: 492901 / 800000
generated: 492960 / 800000
generated: 493017 / 800000
generated: 493053 / 800000
generated: 493091 / 800000
generated: 493148 / 800000
generated: 493203 / 800000
generated: 493242 / 800000
generated: 493302 / 800000
generated: 493353 / 800000
generated: 493412 / 800000
generated: 493463 / 800000
generated: 493510 / 800000
generated: 493557 / 800000
generated: 493608 / 800000
generated: 493664 / 800000
generated: 493704 / 800000
generated: 493758 / 800000
generated: 493822 / 800000
generated: 493871 / 800000
generated: 493926 / 800000
generated: 493987 / 800000
generated: 494057 / 800000
generated: 494094 / 800000
generated: 494142 / 800000
generated: 494187 / 800000
generated: 494237 / 800000
generated: 494284 / 800000
generated: 494337 / 800000
generated: 494385 / 800000
generated: 494433 / 800000
generated: 494484 / 800000
generated: 494521 / 800000
generated: 494567 / 800000
generated: 494608 / 800000
generated: 494652 / 800000
generated: 494697 / 800000
generated: 494746 / 800000
generated: 494807 / 800000
generated: 494853 / 800000
generated: 494902 / 800000
generated: 494957 / 800000
generated: 495003 / 800000
generated: 495052 / 800000
generated: 495102 / 800000
generated: 495144 / 800000
generated: 495192 / 800000
generated: 495240 / 800000
generated: 495284 / 800000
generated: 495322 / 800000
generated: 495371 / 800000
generated: 495416 / 800000
generated: 495452 / 800000
generated: 495498 / 800000
generated: 495544 / 800000
generated: 495585 / 800000
generated: 495629 / 800000
generated: 495682 / 800000
generated: 495732 / 800000
generated: 495789 / 800000
generated: 495851 / 800000
generated: 495898 / 800000
generated: 495953 / 800000
generated: 496003 / 800000
generated: 496057 / 800000
generated: 496104 / 800000
generated: 496172 / 800000
generated: 496223 / 800000
generated: 496285 / 800000
generated: 496339 / 800000
generated: 496384 / 800000
generated: 496443 / 800000
generated: 496494 / 800000
generated: 496533 / 800000
generated: 496588 / 800000
generated: 496633 / 800000
generated: 496673 / 800000
generated: 496731 / 800000
generated: 496780 / 800000
generated: 496832 / 800000
generated: 496878 / 800000
generated: 496928 / 800000
generated: 496982 / 800000
generated: 497022 / 800000
generated: 497075 / 800000
generated: 497121 / 800000
generated: 497177 / 800000
generated: 497232 / 800000
generated: 497278 / 800000
generated: 497324 / 800000
generated: 497379 / 800000
generated: 497424 / 800000
generated: 497480 / 800000
generated: 497528 / 800000
generated: 497573 / 800000
generated: 497624 / 800000
generated: 497696 / 800000
generated: 497738 / 800000
generated: 497786 / 800000
generated: 497827 / 800000
generated: 497876 / 800000
generated: 497930 / 800000
generated: 497976 / 800000
generated: 498028 / 800000
generated: 498077 / 800000
generated: 498136 / 800000
generated: 498195 / 800000
generated: 498251 / 800000
generated: 498300 / 800000
generated: 498358 / 800000
generated: 498408 / 800000
generated: 498454 / 800000
generated: 498494 / 800000
generated: 498545 / 800000
generated: 498600 / 800000
generated: 498650 / 800000
generated: 498695 / 800000
generated: 498753 / 800000
generated: 498794 / 800000
generated: 498842 / 800000
generated: 498888 / 800000
generated: 498942 / 800000
generated: 498983 / 800000
generated: 499033 / 800000
generated: 499088 / 800000
generated: 499133 / 800000
generated: 499182 / 800000
generated: 499239 / 800000
generated: 499286 / 800000
generated: 499327 / 800000
generated: 499371 / 800000
generated: 499417 / 800000
generated: 499463 / 800000
generated: 499508 / 800000
generated: 499550 / 800000
generated: 499601 / 800000
generated: 499649 / 800000
generated: 499698 / 800000
generated: 499755 / 800000
generated: 499814 / 800000
generated: 499867 / 800000
generated: 499913 / 800000
generated: 499949 / 800000
generated: 500007 / 800000
generated: 500058 / 800000
generated: 500108 / 800000
generated: 500157 / 800000
generated: 500211 / 800000
generated: 500256 / 800000
generated: 500314 / 800000
generated: 500375 / 800000
generated: 500421 / 800000
generated: 500469 / 800000
generated: 500515 / 800000
generated: 500569 / 800000
generated: 500621 / 800000
generated: 500659 / 800000
generated: 500712 / 800000
generated: 500755 / 800000
generated: 500818 / 800000
generated: 500868 / 800000
generated: 500931 / 800000
generated: 500993 / 800000
generated: 501033 / 800000
generated: 501085 / 800000
generated: 501133 / 800000
generated: 501184 / 800000
generated: 501232 / 800000
generated: 501275 / 800000
generated: 501331 / 800000
generated: 501381 / 800000
generated: 501425 / 800000
generated: 501475 / 800000
generated: 501536 / 800000
generated: 501603 / 800000
generated: 501662 / 800000
generated: 501717 / 800000
generated: 501777 / 800000
generated: 501819 / 800000
generated: 501875 / 800000
generated: 501931 / 800000
generated: 501976 / 800000
generated: 502026 / 800000
generated: 502073 / 800000
generated: 502119 / 800000
generated: 502168 / 800000
generated: 502213 / 800000
generated: 502260 / 800000
generated: 502317 / 800000
generated: 502361 / 800000
generated: 502413 / 800000
generated: 502467 / 800000
generated: 502510 / 800000
generated: 502561 / 800000
generated: 502609 / 800000
generated: 502646 / 800000
generated: 502720 / 800000
generated: 502768 / 800000
generated: 502810 / 800000
generated: 502857 / 800000
generated: 502914 / 800000
generated: 502967 / 800000
generated: 503019 / 800000
generated: 503074 / 800000
generated: 503116 / 800000
generated: 503168 / 800000
generated: 503222 / 800000
generated: 503267 / 800000
generated: 503313 / 800000
generated: 503355 / 800000
generated: 503418 / 800000
generated: 503458 / 800000
generated: 503509 / 800000
generated: 503555 / 800000
generated: 503603 / 800000
generated: 503672 / 800000
generated: 503720 / 800000
generated: 503782 / 800000
generated: 503832 / 800000
generated: 503884 / 800000
generated: 503925 / 800000
generated: 503976 / 800000
generated: 504033 / 800000
generated: 504080 / 800000
generated: 504135 / 800000
generated: 504184 / 800000
generated: 504236 / 800000
generated: 504302 / 800000
generated: 504367 / 800000
generated: 504415 / 800000
generated: 504465 / 800000
generated: 504514 / 800000
generated: 504568 / 800000
generated: 504622 / 800000
generated: 504671 / 800000
generated: 504713 / 800000
generated: 504766 / 800000
generated: 504815 / 800000
generated: 504867 / 800000
generated: 504906 / 800000
generated: 504960 / 800000
generated: 505009 / 800000
generated: 505046 / 800000
generated: 505109 / 800000
generated: 505161 / 800000
generated: 505221 / 800000
generated: 505262 / 800000
generated: 505311 / 800000
generated: 505361 / 800000
generated: 505409 / 800000
generated: 505456 / 800000
generated: 505498 / 800000
generated: 505550 / 800000
generated: 505610 / 800000
generated: 505655 / 800000
generated: 505705 / 800000
generated: 505741 / 800000
generated: 505791 / 800000
generated: 505838 / 800000
generated: 505886 / 800000
generated: 505951 / 800000
generated: 505998 / 800000
generated: 506052 / 800000
generated: 506088 / 800000
generated: 506143 / 800000
generated: 506187 / 800000
generated: 506243 / 800000
generated: 506295 / 800000
generated: 506343 / 800000
generated: 506388 / 800000
generated: 506426 / 800000
generated: 506461 / 800000
generated: 506509 / 800000
generated: 506566 / 800000
generated: 506612 / 800000
generated: 506670 / 800000
generated: 506724 / 800000
generated: 506791 / 800000
generated: 506848 / 800000
generated: 506907 / 800000
generated: 506954 / 800000
generated: 507003 / 800000
generated: 507056 / 800000
generated: 507108 / 800000
generated: 507168 / 800000
generated: 507227 / 800000
generated: 507275 / 800000
generated: 507316 / 800000
generated: 507367 / 800000
generated: 507425 / 800000
generated: 507476 / 800000
generated: 507522 / 800000
generated: 507570 / 800000
generated: 507618 / 800000
generated: 507669 / 800000
generated: 507730 / 800000
generated: 507785 / 800000
generated: 507847 / 800000
generated: 507893 / 800000
generated: 507955 / 800000
generated: 508021 / 800000
generated: 508078 / 800000
generated: 508127 / 800000
generated: 508193 / 800000
generated: 508241 / 800000
generated: 508287 / 800000
generated: 508350 / 800000
generated: 508390 / 800000
generated: 508430 / 800000
generated: 508481 / 800000
generated: 508524 / 800000
generated: 508570 / 800000
generated: 508614 / 800000
generated: 508674 / 800000
generated: 508731 / 800000
generated: 508770 / 800000
generated: 508810 / 800000
generated: 508872 / 800000
generated: 508923 / 800000
generated: 508959 / 800000
generated: 509010 / 800000
generated: 509050 / 800000
generated: 509097 / 800000
generated: 509155 / 800000
generated: 509208 / 800000
generated: 509266 / 800000
generated: 509302 / 800000
generated: 509356 / 800000
generated: 509411 / 800000
generated: 509462 / 800000
generated: 509513 / 800000
generated: 509570 / 800000
generated: 509621 / 800000
generated: 509673 / 800000
generated: 509731 / 800000
generated: 509793 / 800000
generated: 509844 / 800000
generated: 509897 / 800000
generated: 509946 / 800000
generated: 509991 / 800000
generated: 510035 / 800000
generated: 510092 / 800000
generated: 510143 / 800000
generated: 510194 / 800000
generated: 510239 / 800000
generated: 510291 / 800000
generated: 510345 / 800000
generated: 510389 / 800000
generated: 510431 / 800000
generated: 510477 / 800000
generated: 510528 / 800000
generated: 510585 / 800000
generated: 510641 / 800000
generated: 510684 / 800000
generated: 510733 / 800000
generated: 510779 / 800000
generated: 510823 / 800000
generated: 510881 / 800000
generated: 510934 / 800000
generated: 510979 / 800000
generated: 511025 / 800000
generated: 511070 / 800000
generated: 511109 / 800000
generated: 511159 / 800000
generated: 511214 / 800000
generated: 511273 / 800000
generated: 511328 / 800000
generated: 511386 / 800000
generated: 511443 / 800000
generated: 511490 / 800000
generated: 511545 / 800000
generated: 511601 / 800000
generated: 511655 / 800000
generated: 511696 / 800000
generated: 511759 / 800000
generated: 511813 / 800000
generated: 511856 / 800000
generated: 511906 / 800000
generated: 511948 / 800000
generated: 511993 / 800000
generated: 512044 / 800000
generated: 512087 / 800000
generated: 512142 / 800000
generated: 512191 / 800000
generated: 512245 / 800000
generated: 512288 / 800000
generated: 512343 / 800000
generated: 512390 / 800000
generated: 512427 / 800000
generated: 512485 / 800000
generated: 512543 / 800000
generated: 512599 / 800000
generated: 512647 / 800000
generated: 512702 / 800000
generated: 512750 / 800000
generated: 512788 / 800000
generated: 512825 / 800000
generated: 512870 / 800000
generated: 512920 / 800000
generated: 512970 / 800000
generated: 513024 / 800000
generated: 513071 / 800000
generated: 513122 / 800000
generated: 513177 / 800000
generated: 513232 / 800000
generated: 513286 / 800000
generated: 513340 / 800000
generated: 513390 / 800000
generated: 513433 / 800000
generated: 513483 / 800000
generated: 513521 / 800000
generated: 513558 / 800000
generated: 513605 / 800000
generated: 513665 / 800000
generated: 513717 / 800000
generated: 513769 / 800000
generated: 513818 / 800000
generated: 513869 / 800000
generated: 513926 / 800000
generated: 513964 / 800000
generated: 514017 / 800000
generated: 514066 / 800000
generated: 514107 / 800000
generated: 514158 / 800000
generated: 514211 / 800000
generated: 514262 / 800000
generated: 514302 / 800000
generated: 514353 / 800000
generated: 514396 / 800000
generated: 514436 / 800000
generated: 514493 / 800000
generated: 514551 / 800000
generated: 514614 / 800000
generated: 514662 / 800000
generated: 514717 / 800000
generated: 514778 / 800000
generated: 514830 / 800000
generated: 514870 / 800000
generated: 514912 / 800000
generated: 514967 / 800000
generated: 515019 / 800000
generated: 515072 / 800000
generated: 515139 / 800000
generated: 515190 / 800000
generated: 515236 / 800000
generated: 515293 / 800000
generated: 515334 / 800000
generated: 515382 / 800000
generated: 515439 / 800000
generated: 515486 / 800000
generated: 515529 / 800000
generated: 515589 / 800000
generated: 515646 / 800000
generated: 515696 / 800000
generated: 515750 / 800000
generated: 515802 / 800000
generated: 515851 / 800000
generated: 515895 / 800000
generated: 515944 / 800000
generated: 516004 / 800000
generated: 516054 / 800000
generated: 516100 / 800000
generated: 516151 / 800000
generated: 516197 / 800000
generated: 516252 / 800000
generated: 516308 / 800000
generated: 516350 / 800000
generated: 516410 / 800000
generated: 516452 / 800000
generated: 516497 / 800000
generated: 516545 / 800000
generated: 516595 / 800000
generated: 516641 / 800000
generated: 516693 / 800000
generated: 516743 / 800000
generated: 516792 / 800000
generated: 516846 / 800000
generated: 516894 / 800000
generated: 516948 / 800000
generated: 517006 / 800000
generated: 517059 / 800000
generated: 517101 / 800000
generated: 517148 / 800000
generated: 517199 / 800000
generated: 517247 / 800000
generated: 517302 / 800000
generated: 517357 / 800000
generated: 517399 / 800000
generated: 517464 / 800000
generated: 517519 / 800000
generated: 517568 / 800000
generated: 517612 / 800000
generated: 517654 / 800000
generated: 517705 / 800000
generated: 517750 / 800000
generated: 517796 / 800000
generated: 517837 / 800000
generated: 517879 / 800000
generated: 517931 / 800000
generated: 517978 / 800000
generated: 518012 / 800000
generated: 518060 / 800000
generated: 518116 / 800000
generated: 518160 / 800000
generated: 518212 / 800000
generated: 518264 / 800000
generated: 518329 / 800000
generated: 518372 / 800000
generated: 518422 / 800000
generated: 518496 / 800000
generated: 518554 / 800000
generated: 518600 / 800000
generated: 518653 / 800000
generated: 518699 / 800000
generated: 518750 / 800000
generated: 518798 / 800000
generated: 518851 / 800000
generated: 518909 / 800000
generated: 518964 / 800000
generated: 519023 / 800000
generated: 519069 / 800000
generated: 519122 / 800000
generated: 519168 / 800000
generated: 519216 / 800000
generated: 519260 / 800000
generated: 519320 / 800000
generated: 519366 / 800000
generated: 519412 / 800000
generated: 519447 / 800000
generated: 519504 / 800000
generated: 519558 / 800000
generated: 519612 / 800000
generated: 519656 / 800000
generated: 519706 / 800000
generated: 519758 / 800000
generated: 519796 / 800000
generated: 519837 / 800000
generated: 519895 / 800000
generated: 519957 / 800000
generated: 520014 / 800000
generated: 520063 / 800000
generated: 520119 / 800000
generated: 520169 / 800000
generated: 520234 / 800000
generated: 520282 / 800000
generated: 520330 / 800000
generated: 520387 / 800000
generated: 520443 / 800000
generated: 520495 / 800000
generated: 520550 / 800000
generated: 520596 / 800000
generated: 520644 / 800000
generated: 520690 / 800000
generated: 520729 / 800000
generated: 520774 / 800000
generated: 520815 / 800000
generated: 520875 / 800000
generated: 520922 / 800000
generated: 520972 / 800000
generated: 521030 / 800000
generated: 521078 / 800000
generated: 521115 / 800000
generated: 521167 / 800000
generated: 521214 / 800000
generated: 521262 / 800000
generated: 521318 / 800000
generated: 521374 / 800000
generated: 521424 / 800000
generated: 521468 / 800000
generated: 521513 / 800000
generated: 521560 / 800000
generated: 521605 / 800000
generated: 521651 / 800000
generated: 521698 / 800000
generated: 521750 / 800000
generated: 521815 / 800000
generated: 521860 / 800000
generated: 521910 / 800000
generated: 521960 / 800000
generated: 522030 / 800000
generated: 522072 / 800000
generated: 522128 / 800000
generated: 522179 / 800000
generated: 522229 / 800000
generated: 522271 / 800000
generated: 522324 / 800000
generated: 522371 / 800000
generated: 522421 / 800000
generated: 522479 / 800000
generated: 522521 / 800000
generated: 522567 / 800000
generated: 522632 / 800000
generated: 522687 / 800000
generated: 522736 / 800000
generated: 522781 / 800000
generated: 522835 / 800000
generated: 522887 / 800000
generated: 522935 / 800000
generated: 522992 / 800000
generated: 523028 / 800000
generated: 523082 / 800000
generated: 523127 / 800000
generated: 523174 / 800000
generated: 523232 / 800000
generated: 523283 / 800000
generated: 523327 / 800000
generated: 523371 / 800000
generated: 523411 / 800000
generated: 523457 / 800000
generated: 523508 / 800000
generated: 523554 / 800000
generated: 523604 / 800000
generated: 523657 / 800000
generated: 523709 / 800000
generated: 523751 / 800000
generated: 523807 / 800000
generated: 523852 / 800000
generated: 523902 / 800000
generated: 523944 / 800000
generated: 524001 / 800000
generated: 524055 / 800000
generated: 524096 / 800000
generated: 524157 / 800000
generated: 524212 / 800000
generated: 524261 / 800000
generated: 524310 / 800000
generated: 524362 / 800000
generated: 524411 / 800000
generated: 524472 / 800000
generated: 524526 / 800000
generated: 524577 / 800000
generated: 524617 / 800000
generated: 524663 / 800000
generated: 524701 / 800000
generated: 524742 / 800000
generated: 524782 / 800000
generated: 524831 / 800000
generated: 524893 / 800000
generated: 524954 / 800000
generated: 525010 / 800000
generated: 525061 / 800000
generated: 525111 / 800000
generated: 525170 / 800000
generated: 525228 / 800000
generated: 525279 / 800000
generated: 525335 / 800000
generated: 525393 / 800000
generated: 525448 / 800000
generated: 525499 / 800000
generated: 525550 / 800000
generated: 525597 / 800000
generated: 525643 / 800000
generated: 525693 / 800000
generated: 525745 / 800000
generated: 525794 / 800000
generated: 525835 / 800000
generated: 525895 / 800000
generated: 525949 / 800000
generated: 525989 / 800000
generated: 526037 / 800000
generated: 526084 / 800000
generated: 526144 / 800000
generated: 526190 / 800000
generated: 526243 / 800000
generated: 526283 / 800000
generated: 526331 / 800000
generated: 526388 / 800000
generated: 526441 / 800000
generated: 526493 / 800000
generated: 526541 / 800000
generated: 526578 / 800000
generated: 526623 / 800000
generated: 526683 / 800000
generated: 526737 / 800000
generated: 526788 / 800000
generated: 526824 / 800000
generated: 526875 / 800000
generated: 526935 / 800000
generated: 526973 / 800000
generated: 527032 / 800000
generated: 527077 / 800000
generated: 527121 / 800000
generated: 527179 / 800000
generated: 527234 / 800000
generated: 527286 / 800000
generated: 527338 / 800000
generated: 527389 / 800000
generated: 527443 / 800000
generated: 527485 / 800000
generated: 527547 / 800000
generated: 527596 / 800000
generated: 527642 / 800000
generated: 527688 / 800000
generated: 527740 / 800000
generated: 527794 / 800000
generated: 527836 / 800000
generated: 527885 / 800000
generated: 527930 / 800000
generated: 527980 / 800000
generated: 528029 / 800000
generated: 528078 / 800000
generated: 528129 / 800000
generated: 528184 / 800000
generated: 528239 / 800000
generated: 528290 / 800000
generated: 528333 / 800000
generated: 528376 / 800000
generated: 528427 / 800000
generated: 528479 / 800000
generated: 528527 / 800000
generated: 528572 / 800000
generated: 528626 / 800000
generated: 528668 / 800000
generated: 528719 / 800000
generated: 528771 / 800000
generated: 528836 / 800000
generated: 528896 / 800000
generated: 528943 / 800000
generated: 528990 / 800000
generated: 529053 / 800000
generated: 529094 / 800000
generated: 529143 / 800000
generated: 529194 / 800000
generated: 529249 / 800000
generated: 529293 / 800000
generated: 529357 / 800000
generated: 529407 / 800000
generated: 529455 / 800000
generated: 529499 / 800000
generated: 529555 / 800000
generated: 529600 / 800000
generated: 529641 / 800000
generated: 529696 / 800000
generated: 529741 / 800000
generated: 529792 / 800000
generated: 529843 / 800000
generated: 529893 / 800000
generated: 529933 / 800000
generated: 529986 / 800000
generated: 530055 / 800000
generated: 530106 / 800000
generated: 530150 / 800000
generated: 530206 / 800000
generated: 530251 / 800000
generated: 530305 / 800000
generated: 530350 / 800000
generated: 530388 / 800000
generated: 530432 / 800000
generated: 530494 / 800000
generated: 530545 / 800000
generated: 530595 / 800000
generated: 530645 / 800000
generated: 530678 / 800000
generated: 530726 / 800000
generated: 530758 / 800000
generated: 530821 / 800000
generated: 530853 / 800000
generated: 530898 / 800000
generated: 530962 / 800000
generated: 531017 / 800000
generated: 531065 / 800000
generated: 531111 / 800000
generated: 531162 / 800000
generated: 531215 / 800000
generated: 531267 / 800000
generated: 531319 / 800000
generated: 531378 / 800000
generated: 531437 / 800000
generated: 531475 / 800000
generated: 531534 / 800000
generated: 531583 / 800000
generated: 531633 / 800000
generated: 531679 / 800000
generated: 531728 / 800000
generated: 531779 / 800000
generated: 531837 / 800000
generated: 531892 / 800000
generated: 531948 / 800000
generated: 532002 / 800000
generated: 532063 / 800000
generated: 532108 / 800000
generated: 532173 / 800000
generated: 532228 / 800000
generated: 532291 / 800000
generated: 532335 / 800000
generated: 532386 / 800000
generated: 532440 / 800000
generated: 532492 / 800000
generated: 532531 / 800000
generated: 532590 / 800000
generated: 532626 / 800000
generated: 532677 / 800000
generated: 532728 / 800000
generated: 532787 / 800000
generated: 532828 / 800000
generated: 532862 / 800000
generated: 532908 / 800000
generated: 532949 / 800000
generated: 533000 / 800000
generated: 533048 / 800000
generated: 533106 / 800000
generated: 533155 / 800000
generated: 533201 / 800000
generated: 533255 / 800000
generated: 533307 / 800000
generated: 533361 / 800000
generated: 533409 / 800000
generated: 533467 / 800000
generated: 533509 / 800000
generated: 533554 / 800000
generated: 533602 / 800000
generated: 533648 / 800000
generated: 533698 / 800000
generated: 533749 / 800000
generated: 533800 / 800000
generated: 533843 / 800000
generated: 533884 / 800000
generated: 533927 / 800000
generated: 533980 / 800000
generated: 534026 / 800000
generated: 534071 / 800000
generated: 534120 / 800000
generated: 534169 / 800000
generated: 534206 / 800000
generated: 534263 / 800000
generated: 534308 / 800000
generated: 534352 / 800000
generated: 534404 / 800000
generated: 534448 / 800000
generated: 534496 / 800000
generated: 534553 / 800000
generated: 534605 / 800000
generated: 534663 / 800000
generated: 534719 / 800000
generated: 534761 / 800000
generated: 534800 / 800000
generated: 534854 / 800000
generated: 534910 / 800000
generated: 534967 / 800000
generated: 535014 / 800000
generated: 535070 / 800000
generated: 535125 / 800000
generated: 535195 / 800000
generated: 535257 / 800000
generated: 535302 / 800000
generated: 535349 / 800000
generated: 535393 / 800000
generated: 535449 / 800000
generated: 535494 / 800000
generated: 535535 / 800000
generated: 535586 / 800000
generated: 535637 / 800000
generated: 535668 / 800000
generated: 535727 / 800000
generated: 535778 / 800000
generated: 535830 / 800000
generated: 535885 / 800000
generated: 535929 / 800000
generated: 535984 / 800000
generated: 536042 / 800000
generated: 536097 / 800000
generated: 536144 / 800000
generated: 536208 / 800000
generated: 536241 / 800000
generated: 536288 / 800000
generated: 536331 / 800000
generated: 536387 / 800000
generated: 536447 / 800000
generated: 536496 / 800000
generated: 536546 / 800000
generated: 536589 / 800000
generated: 536640 / 800000
generated: 536694 / 800000
generated: 536751 / 800000
generated: 536797 / 800000
generated: 536842 / 800000
generated: 536892 / 800000
generated: 536951 / 800000
generated: 537005 / 800000
generated: 537053 / 800000
generated: 537089 / 800000
generated: 537133 / 800000
generated: 537185 / 800000
generated: 537251 / 800000
generated: 537297 / 800000
generated: 537352 / 800000
generated: 537394 / 800000
generated: 537447 / 800000
generated: 537482 / 800000
generated: 537525 / 800000
generated: 537580 / 800000
generated: 537632 / 800000
generated: 537693 / 800000
generated: 537745 / 800000
generated: 537797 / 800000
generated: 537846 / 800000
generated: 537876 / 800000
generated: 537927 / 800000
generated: 537959 / 800000
generated: 538017 / 800000
generated: 538070 / 800000
generated: 538124 / 800000
generated: 538174 / 800000
generated: 538224 / 800000
generated: 538274 / 800000
generated: 538324 / 800000
generated: 538375 / 800000
generated: 538426 / 800000
generated: 538470 / 800000
generated: 538514 / 800000
generated: 538561 / 800000
generated: 538602 / 800000
generated: 538649 / 800000
generated: 538694 / 800000
generated: 538740 / 800000
generated: 538789 / 800000
generated: 538826 / 800000
generated: 538878 / 800000
generated: 538917 / 800000
generated: 538961 / 800000
generated: 539001 / 800000
generated: 539060 / 800000
generated: 539097 / 800000
generated: 539144 / 800000
generated: 539196 / 800000
generated: 539247 / 800000
generated: 539297 / 800000
generated: 539353 / 800000
generated: 539405 / 800000
generated: 539461 / 800000
generated: 539506 / 800000
generated: 539561 / 800000
generated: 539606 / 800000
generated: 539662 / 800000
generated: 539712 / 800000
generated: 539770 / 800000
generated: 539815 / 800000
generated: 539858 / 800000
generated: 539920 / 800000
generated: 539977 / 800000
generated: 540011 / 800000
generated: 540047 / 800000
generated: 540093 / 800000
generated: 540140 / 800000
generated: 540191 / 800000
generated: 540233 / 800000
generated: 540281 / 800000
generated: 540322 / 800000
generated: 540366 / 800000
generated: 540415 / 800000
generated: 540457 / 800000
generated: 540512 / 800000
generated: 540573 / 800000
generated: 540628 / 800000
generated: 540678 / 800000
generated: 540733 / 800000
generated: 540785 / 800000
generated: 540830 / 800000
generated: 540884 / 800000
generated: 540928 / 800000
generated: 540980 / 800000
generated: 541037 / 800000
generated: 541075 / 800000
generated: 541125 / 800000
generated: 541177 / 800000
generated: 541230 / 800000
generated: 541286 / 800000
generated: 541328 / 800000
generated: 541373 / 800000
generated: 541422 / 800000
generated: 541478 / 800000
generated: 541523 / 800000
generated: 541565 / 800000
generated: 541614 / 800000
generated: 541658 / 800000
generated: 541706 / 800000
generated: 541754 / 800000
generated: 541803 / 800000
generated: 541867 / 800000
generated: 541917 / 800000
generated: 541966 / 800000
generated: 542015 / 800000
generated: 542071 / 800000
generated: 542114 / 800000
generated: 542166 / 800000
generated: 542216 / 800000
generated: 542257 / 800000
generated: 542303 / 800000
generated: 542352 / 800000
generated: 542410 / 800000
generated: 542467 / 800000
generated: 542517 / 800000
generated: 542553 / 800000
generated: 542603 / 800000
generated: 542667 / 800000
generated: 542722 / 800000
generated: 542771 / 800000
generated: 542808 / 800000
generated: 542853 / 800000
generated: 542898 / 800000
generated: 542953 / 800000
generated: 542988 / 800000
generated: 543042 / 800000
generated: 543094 / 800000
generated: 543140 / 800000
generated: 543186 / 800000
generated: 543238 / 800000
generated: 543282 / 800000
generated: 543336 / 800000
generated: 543384 / 800000
generated: 543442 / 800000
generated: 543499 / 800000
generated: 543554 / 800000
generated: 543604 / 800000
generated: 543643 / 800000
generated: 543687 / 800000
generated: 543731 / 800000
generated: 543769 / 800000
generated: 543818 / 800000
generated: 543872 / 800000
generated: 543927 / 800000
generated: 543984 / 800000
generated: 544034 / 800000
generated: 544089 / 800000
generated: 544141 / 800000
generated: 544178 / 800000
generated: 544227 / 800000
generated: 544271 / 800000
generated: 544319 / 800000
generated: 544373 / 800000
generated: 544407 / 800000
generated: 544468 / 800000
generated: 544516 / 800000
generated: 544553 / 800000
generated: 544610 / 800000
generated: 544667 / 800000
generated: 544715 / 800000
generated: 544766 / 800000
generated: 544806 / 800000
generated: 544848 / 800000
generated: 544902 / 800000
generated: 544955 / 800000
generated: 545013 / 800000
generated: 545060 / 800000
generated: 545106 / 800000
generated: 545154 / 800000
generated: 545194 / 800000
generated: 545245 / 800000
generated: 545296 / 800000
generated: 545352 / 800000
generated: 545395 / 800000
generated: 545441 / 800000
generated: 545500 / 800000
generated: 545560 / 800000
generated: 545620 / 800000
generated: 545666 / 800000
generated: 545710 / 800000
generated: 545752 / 800000
generated: 545800 / 800000
generated: 545859 / 800000
generated: 545900 / 800000
generated: 545953 / 800000
generated: 546007 / 800000
generated: 546066 / 800000
generated: 546102 / 800000
generated: 546146 / 800000
generated: 546215 / 800000
generated: 546273 / 800000
generated: 546318 / 800000
generated: 546354 / 800000
generated: 546401 / 800000
generated: 546451 / 800000
generated: 546497 / 800000
generated: 546547 / 800000
generated: 546593 / 800000
generated: 546640 / 800000
generated: 546689 / 800000
generated: 546740 / 800000
generated: 546789 / 800000
generated: 546840 / 800000
generated: 546894 / 800000
generated: 546950 / 800000
generated: 547011 / 800000
generated: 547049 / 800000
generated: 547099 / 800000
generated: 547136 / 800000
generated: 547185 / 800000
generated: 547235 / 800000
generated: 547277 / 800000
generated: 547323 / 800000
generated: 547374 / 800000
generated: 547428 / 800000
generated: 547477 / 800000
generated: 547528 / 800000
generated: 547591 / 800000
generated: 547648 / 800000
generated: 547706 / 800000
generated: 547746 / 800000
generated: 547798 / 800000
generated: 547859 / 800000
generated: 547906 / 800000
generated: 547957 / 800000
generated: 548003 / 800000
generated: 548052 / 800000
generated: 548101 / 800000
generated: 548144 / 800000
generated: 548188 / 800000
generated: 548239 / 800000
generated: 548284 / 800000
generated: 548338 / 800000
generated: 548391 / 800000
generated: 548442 / 800000
generated: 548488 / 800000
generated: 548538 / 800000
generated: 548597 / 800000
generated: 548647 / 800000
generated: 548692 / 800000
generated: 548737 / 800000
generated: 548792 / 800000
generated: 548833 / 800000
generated: 548874 / 800000
generated: 548923 / 800000
generated: 548978 / 800000
generated: 549018 / 800000
generated: 549066 / 800000
generated: 549125 / 800000
generated: 549181 / 800000
generated: 549239 / 800000
generated: 549302 / 800000
generated: 549359 / 800000
generated: 549404 / 800000
generated: 549448 / 800000
generated: 549496 / 800000
generated: 549538 / 800000
generated: 549595 / 800000
generated: 549656 / 800000
generated: 549712 / 800000
generated: 549772 / 800000
generated: 549826 / 800000
generated: 549871 / 800000
generated: 549914 / 800000
generated: 549960 / 800000
generated: 550016 / 800000
generated: 550070 / 800000
generated: 550114 / 800000
generated: 550174 / 800000
generated: 550225 / 800000
generated: 550268 / 800000
generated: 550316 / 800000
generated: 550371 / 800000
generated: 550425 / 800000
generated: 550476 / 800000
generated: 550524 / 800000
generated: 550572 / 800000
generated: 550620 / 800000
generated: 550670 / 800000
generated: 550726 / 800000
generated: 550772 / 800000
generated: 550819 / 800000
generated: 550868 / 800000
generated: 550917 / 800000
generated: 550965 / 800000
generated: 551019 / 800000
generated: 551073 / 800000
generated: 551123 / 800000
generated: 551175 / 800000
generated: 551217 / 800000
generated: 551261 / 800000
generated: 551308 / 800000
generated: 551350 / 800000
generated: 551413 / 800000
generated: 551457 / 800000
generated: 551513 / 800000
generated: 551562 / 800000
generated: 551611 / 800000
generated: 551651 / 800000
generated: 551712 / 800000
generated: 551763 / 800000
generated: 551795 / 800000
generated: 551848 / 800000
generated: 551899 / 800000
generated: 551947 / 800000
generated: 551991 / 800000
generated: 552039 / 800000
generated: 552084 / 800000
generated: 552155 / 800000
generated: 552209 / 800000
generated: 552261 / 800000
generated: 552315 / 800000
generated: 552360 / 800000
generated: 552411 / 800000
generated: 552468 / 800000
generated: 552513 / 800000
generated: 552555 / 800000
generated: 552602 / 800000
generated: 552649 / 800000
generated: 552704 / 800000
generated: 552750 / 800000
generated: 552790 / 800000
generated: 552832 / 800000
generated: 552892 / 800000
generated: 552931 / 800000
generated: 552987 / 800000
generated: 553039 / 800000
generated: 553086 / 800000
generated: 553130 / 800000
generated: 553180 / 800000
generated: 553232 / 800000
generated: 553276 / 800000
generated: 553315 / 800000
generated: 553358 / 800000
generated: 553397 / 800000
generated: 553436 / 800000
generated: 553485 / 800000
generated: 553546 / 800000
generated: 553601 / 800000
generated: 553660 / 800000
generated: 553708 / 800000
generated: 553766 / 800000
generated: 553810 / 800000
generated: 553858 / 800000
generated: 553914 / 800000
generated: 553961 / 800000
generated: 554019 / 800000
generated: 554073 / 800000
generated: 554114 / 800000
generated: 554151 / 800000
generated: 554202 / 800000
generated: 554253 / 800000
generated: 554297 / 800000
generated: 554340 / 800000
generated: 554386 / 800000
generated: 554439 / 800000
generated: 554493 / 800000
generated: 554545 / 800000
generated: 554587 / 800000
generated: 554638 / 800000
generated: 554693 / 800000
generated: 554751 / 800000
generated: 554811 / 800000
generated: 554858 / 800000
generated: 554904 / 800000
generated: 554952 / 800000
generated: 555001 / 800000
generated: 555049 / 800000
generated: 555104 / 800000
generated: 555156 / 800000
generated: 555202 / 800000
generated: 555253 / 800000
generated: 555291 / 800000
generated: 555334 / 800000
generated: 555370 / 800000
generated: 555436 / 800000
generated: 555493 / 800000
generated: 555550 / 800000
generated: 555604 / 800000
generated: 555647 / 800000
generated: 555695 / 800000
generated: 555737 / 800000
generated: 555797 / 800000
generated: 555841 / 800000
generated: 555894 / 800000
generated: 555937 / 800000
generated: 555998 / 800000
generated: 556042 / 800000
generated: 556091 / 800000
generated: 556143 / 800000
generated: 556193 / 800000
generated: 556247 / 800000
generated: 556289 / 800000
generated: 556336 / 800000
generated: 556384 / 800000
generated: 556432 / 800000
generated: 556497 / 800000
generated: 556544 / 800000
generated: 556601 / 800000
generated: 556658 / 800000
generated: 556689 / 800000
generated: 556736 / 800000
generated: 556793 / 800000
generated: 556835 / 800000
generated: 556876 / 800000
generated: 556931 / 800000
generated: 556981 / 800000
generated: 557029 / 800000
generated: 557080 / 800000
generated: 557141 / 800000
generated: 557191 / 800000
generated: 557238 / 800000
generated: 557285 / 800000
generated: 557326 / 800000
generated: 557374 / 800000
generated: 557417 / 800000
generated: 557472 / 800000
generated: 557522 / 800000
generated: 557572 / 800000
generated: 557623 / 800000
generated: 557672 / 800000
generated: 557729 / 800000
generated: 557781 / 800000
generated: 557840 / 800000
generated: 557880 / 800000
generated: 557919 / 800000
generated: 557977 / 800000
generated: 558024 / 800000
generated: 558074 / 800000
generated: 558113 / 800000
generated: 558153 / 800000
generated: 558202 / 800000
generated: 558247 / 800000
generated: 558287 / 800000
generated: 558321 / 800000
generated: 558371 / 800000
generated: 558415 / 800000
generated: 558456 / 800000
generated: 558497 / 800000
generated: 558561 / 800000
generated: 558614 / 800000
generated: 558669 / 800000
generated: 558717 / 800000
generated: 558770 / 800000
generated: 558827 / 800000
generated: 558881 / 800000
generated: 558935 / 800000
generated: 558984 / 800000
generated: 559027 / 800000
generated: 559072 / 800000
generated: 559131 / 800000
generated: 559195 / 800000
generated: 559248 / 800000
generated: 559306 / 800000
generated: 559344 / 800000
generated: 559391 / 800000
generated: 559446 / 800000
generated: 559496 / 800000
generated: 559556 / 800000
generated: 559616 / 800000
generated: 559672 / 800000
generated: 559725 / 800000
generated: 559792 / 800000
generated: 559840 / 800000
generated: 559890 / 800000
generated: 559934 / 800000
generated: 559976 / 800000
generated: 560033 / 800000
generated: 560071 / 800000
generated: 560129 / 800000
generated: 560186 / 800000
generated: 560234 / 800000
generated: 560283 / 800000
generated: 560329 / 800000
generated: 560379 / 800000
generated: 560432 / 800000
generated: 560488 / 800000
generated: 560544 / 800000
generated: 560600 / 800000
generated: 560654 / 800000
generated: 560706 / 800000
generated: 560762 / 800000
generated: 560806 / 800000
generated: 560865 / 800000
generated: 560905 / 800000
generated: 560948 / 800000
generated: 561005 / 800000
generated: 561058 / 800000
generated: 561103 / 800000
generated: 561145 / 800000
generated: 561192 / 800000
generated: 561237 / 800000
generated: 561281 / 800000
generated: 561333 / 800000
generated: 561381 / 800000
generated: 561434 / 800000
generated: 561491 / 800000
generated: 561545 / 800000
generated: 561601 / 800000
generated: 561645 / 800000
generated: 561713 / 800000
generated: 561766 / 800000
generated: 561818 / 800000
generated: 561857 / 800000
generated: 561918 / 800000
generated: 561972 / 800000
generated: 562019 / 800000
generated: 562060 / 800000
generated: 562109 / 800000
generated: 562159 / 800000
generated: 562214 / 800000
generated: 562266 / 800000
generated: 562320 / 800000
generated: 562368 / 800000
generated: 562409 / 800000
generated: 562461 / 800000
generated: 562513 / 800000
generated: 562543 / 800000
generated: 562595 / 800000
generated: 562641 / 800000
generated: 562687 / 800000
generated: 562740 / 800000
generated: 562799 / 800000
generated: 562843 / 800000
generated: 562881 / 800000
generated: 562937 / 800000
generated: 562982 / 800000
generated: 563016 / 800000
generated: 563066 / 800000
generated: 563112 / 800000
generated: 563173 / 800000
generated: 563232 / 800000
generated: 563282 / 800000
generated: 563339 / 800000
generated: 563389 / 800000
generated: 563435 / 800000
generated: 563489 / 800000
generated: 563543 / 800000
generated: 563588 / 800000
generated: 563627 / 800000
generated: 563679 / 800000
generated: 563716 / 800000
generated: 563760 / 800000
generated: 563825 / 800000
generated: 563870 / 800000
generated: 563917 / 800000
generated: 563963 / 800000
generated: 564013 / 800000
generated: 564056 / 800000
generated: 564101 / 800000
generated: 564146 / 800000
generated: 564189 / 800000
generated: 564240 / 800000
generated: 564297 / 800000
generated: 564344 / 800000
generated: 564399 / 800000
generated: 564446 / 800000
generated: 564506 / 800000
generated: 564548 / 800000
generated: 564606 / 800000
generated: 564661 / 800000
generated: 564728 / 800000
generated: 564776 / 800000
generated: 564833 / 800000
generated: 564881 / 800000
generated: 564932 / 800000
generated: 564969 / 800000
generated: 565039 / 800000
generated: 565079 / 800000
generated: 565121 / 800000
generated: 565168 / 800000
generated: 565225 / 800000
generated: 565270 / 800000
generated: 565335 / 800000
generated: 565385 / 800000
generated: 565426 / 800000
generated: 565480 / 800000
generated: 565544 / 800000
generated: 565600 / 800000
generated: 565650 / 800000
generated: 565712 / 800000
generated: 565757 / 800000
generated: 565817 / 800000
generated: 565870 / 800000
generated: 565934 / 800000
generated: 565979 / 800000
generated: 566038 / 800000
generated: 566083 / 800000
generated: 566131 / 800000
generated: 566180 / 800000
generated: 566223 / 800000
generated: 566278 / 800000
generated: 566324 / 800000
generated: 566366 / 800000
generated: 566427 / 800000
generated: 566474 / 800000
generated: 566513 / 800000
generated: 566555 / 800000
generated: 566599 / 800000
generated: 566645 / 800000
generated: 566695 / 800000
generated: 566738 / 800000
generated: 566786 / 800000
generated: 566837 / 800000
generated: 566890 / 800000
generated: 566931 / 800000
generated: 566978 / 800000
generated: 567034 / 800000
generated: 567086 / 800000
generated: 567139 / 800000
generated: 567191 / 800000
generated: 567234 / 800000
generated: 567283 / 800000
generated: 567338 / 800000
generated: 567385 / 800000
generated: 567435 / 800000
generated: 567486 / 800000
generated: 567539 / 800000
generated: 567583 / 800000
generated: 567629 / 800000
generated: 567671 / 800000
generated: 567724 / 800000
generated: 567783 / 800000
generated: 567834 / 800000
generated: 567881 / 800000
generated: 567939 / 800000
generated: 567991 / 800000
generated: 568043 / 800000
generated: 568086 / 800000
generated: 568134 / 800000
generated: 568190 / 800000
generated: 568247 / 800000
generated: 568304 / 800000
generated: 568341 / 800000
generated: 568394 / 800000
generated: 568441 / 800000
generated: 568496 / 800000
generated: 568548 / 800000
generated: 568602 / 800000
generated: 568656 / 800000
generated: 568696 / 800000
generated: 568742 / 800000
generated: 568775 / 800000
generated: 568820 / 800000
generated: 568881 / 800000
generated: 568928 / 800000
generated: 568972 / 800000
generated: 569026 / 800000
generated: 569070 / 800000
generated: 569119 / 800000
generated: 569171 / 800000
generated: 569222 / 800000
generated: 569269 / 800000
generated: 569314 / 800000
generated: 569372 / 800000
generated: 569419 / 800000
generated: 569466 / 800000
generated: 569518 / 800000
generated: 569558 / 800000
generated: 569622 / 800000
generated: 569681 / 800000
generated: 569730 / 800000
generated: 569770 / 800000
generated: 569824 / 800000
generated: 569871 / 800000
generated: 569924 / 800000
generated: 569965 / 800000
generated: 570015 / 800000
generated: 570068 / 800000
generated: 570119 / 800000
generated: 570174 / 800000
generated: 570217 / 800000
generated: 570258 / 800000
generated: 570320 / 800000
generated: 570371 / 800000
generated: 570409 / 800000
generated: 570461 / 800000
generated: 570519 / 800000
generated: 570571 / 800000
generated: 570612 / 800000
generated: 570660 / 800000
generated: 570716 / 800000
generated: 570770 / 800000
generated: 570816 / 800000
generated: 570871 / 800000
generated: 570931 / 800000
generated: 570985 / 800000
generated: 571038 / 800000
generated: 571090 / 800000
generated: 571139 / 800000
generated: 571182 / 800000
generated: 571225 / 800000
generated: 571274 / 800000
generated: 571327 / 800000
generated: 571393 / 800000
generated: 571442 / 800000
generated: 571493 / 800000
generated: 571541 / 800000
generated: 571579 / 800000
generated: 571635 / 800000
generated: 571687 / 800000
generated: 571740 / 800000
generated: 571783 / 800000
generated: 571832 / 800000
generated: 571881 / 800000
generated: 571922 / 800000
generated: 571964 / 800000
generated: 572019 / 800000
generated: 572058 / 800000
generated: 572103 / 800000
generated: 572145 / 800000
generated: 572191 / 800000
generated: 572236 / 800000
generated: 572279 / 800000
generated: 572329 / 800000
generated: 572364 / 800000
generated: 572403 / 800000
generated: 572456 / 800000
generated: 572504 / 800000
generated: 572565 / 800000
generated: 572618 / 800000
generated: 572664 / 800000
generated: 572714 / 800000
generated: 572767 / 800000
generated: 572818 / 800000
generated: 572860 / 800000
generated: 572909 / 800000
generated: 572950 / 800000
generated: 572991 / 800000
generated: 573042 / 800000
generated: 573089 / 800000
generated: 573124 / 800000
generated: 573181 / 800000
generated: 573233 / 800000
generated: 573279 / 800000
generated: 573332 / 800000
generated: 573387 / 800000
generated: 573437 / 800000
generated: 573486 / 800000
generated: 573544 / 800000
generated: 573588 / 800000
generated: 573632 / 800000
generated: 573675 / 800000
generated: 573728 / 800000
generated: 573774 / 800000
generated: 573823 / 800000
generated: 573864 / 800000
generated: 573912 / 800000
generated: 573970 / 800000
generated: 574016 / 800000
generated: 574067 / 800000
generated: 574107 / 800000
generated: 574168 / 800000
generated: 574211 / 800000
generated: 574268 / 800000
generated: 574310 / 800000
generated: 574372 / 800000
generated: 574422 / 800000
generated: 574478 / 800000
generated: 574529 / 800000
generated: 574578 / 800000
generated: 574620 / 800000
generated: 574670 / 800000
generated: 574717 / 800000
generated: 574780 / 800000
generated: 574832 / 800000
generated: 574884 / 800000
generated: 574941 / 800000
generated: 574991 / 800000
generated: 575045 / 800000
generated: 575110 / 800000
generated: 575158 / 800000
generated: 575212 / 800000
generated: 575255 / 800000
generated: 575305 / 800000
generated: 575354 / 800000
generated: 575411 / 800000
generated: 575464 / 800000
generated: 575516 / 800000
generated: 575558 / 800000
generated: 575596 / 800000
generated: 575658 / 800000
generated: 575710 / 800000
generated: 575763 / 800000
generated: 575810 / 800000
generated: 575865 / 800000
generated: 575913 / 800000
generated: 575953 / 800000
generated: 576004 / 800000
generated: 576049 / 800000
generated: 576097 / 800000
generated: 576159 / 800000
generated: 576219 / 800000
generated: 576267 / 800000
generated: 576326 / 800000
generated: 576391 / 800000
generated: 576450 / 800000
generated: 576508 / 800000
generated: 576562 / 800000
generated: 576612 / 800000
generated: 576663 / 800000
generated: 576718 / 800000
generated: 576764 / 800000
generated: 576801 / 800000
generated: 576849 / 800000
generated: 576903 / 800000
generated: 576945 / 800000
generated: 576994 / 800000
generated: 577047 / 800000
generated: 577097 / 800000
generated: 577144 / 800000
generated: 577201 / 800000
generated: 577254 / 800000
generated: 577302 / 800000
generated: 577374 / 800000
generated: 577416 / 800000
generated: 577454 / 800000
generated: 577512 / 800000
generated: 577558 / 800000
generated: 577602 / 800000
generated: 577654 / 800000
generated: 577707 / 800000
generated: 577763 / 800000
generated: 577809 / 800000
generated: 577847 / 800000
generated: 577893 / 800000
generated: 577940 / 800000
generated: 577992 / 800000
generated: 578044 / 800000
generated: 578097 / 800000
generated: 578157 / 800000
generated: 578213 / 800000
generated: 578260 / 800000
generated: 578318 / 800000
generated: 578367 / 800000
generated: 578413 / 800000
generated: 578458 / 800000
generated: 578510 / 800000
generated: 578560 / 800000
generated: 578609 / 800000
generated: 578658 / 800000
generated: 578716 / 800000
generated: 578775 / 800000
generated: 578822 / 800000
generated: 578871 / 800000
generated: 578914 / 800000
generated: 578963 / 800000
generated: 579007 / 800000
generated: 579068 / 800000
generated: 579109 / 800000
generated: 579159 / 800000
generated: 579198 / 800000
generated: 579251 / 800000
generated: 579301 / 800000
generated: 579338 / 800000
generated: 579395 / 800000
generated: 579432 / 800000
generated: 579477 / 800000
generated: 579541 / 800000
generated: 579599 / 800000
generated: 579646 / 800000
generated: 579695 / 800000
generated: 579739 / 800000
generated: 579785 / 800000
generated: 579823 / 800000
generated: 579866 / 800000
generated: 579920 / 800000
generated: 579972 / 800000
generated: 580017 / 800000
generated: 580063 / 800000
generated: 580118 / 800000
generated: 580167 / 800000
generated: 580238 / 800000
generated: 580294 / 800000
generated: 580344 / 800000
generated: 580385 / 800000
generated: 580440 / 800000
generated: 580481 / 800000
generated: 580529 / 800000
generated: 580575 / 800000
generated: 580610 / 800000
generated: 580642 / 800000
generated: 580701 / 800000
generated: 580742 / 800000
generated: 580796 / 800000
generated: 580843 / 800000
generated: 580898 / 800000
generated: 580942 / 800000
generated: 580981 / 800000
generated: 581029 / 800000
generated: 581079 / 800000
generated: 581123 / 800000
generated: 581176 / 800000
generated: 581222 / 800000
generated: 581276 / 800000
generated: 581327 / 800000
generated: 581370 / 800000
generated: 581420 / 800000
generated: 581477 / 800000
generated: 581534 / 800000
generated: 581586 / 800000
generated: 581643 / 800000
generated: 581698 / 800000
generated: 581731 / 800000
generated: 581796 / 800000
generated: 581845 / 800000
generated: 581895 / 800000
generated: 581933 / 800000
generated: 581980 / 800000
generated: 582019 / 800000
generated: 582072 / 800000
generated: 582129 / 800000
generated: 582187 / 800000
generated: 582235 / 800000
generated: 582298 / 800000
generated: 582343 / 800000
generated: 582393 / 800000
generated: 582439 / 800000
generated: 582482 / 800000
generated: 582535 / 800000
generated: 582578 / 800000
generated: 582631 / 800000
generated: 582679 / 800000
generated: 582732 / 800000
generated: 582790 / 800000
generated: 582841 / 800000
generated: 582884 / 800000
generated: 582935 / 800000
generated: 582994 / 800000
generated: 583056 / 800000
generated: 583106 / 800000
generated: 583152 / 800000
generated: 583206 / 800000
generated: 583246 / 800000
generated: 583296 / 800000
generated: 583353 / 800000
generated: 583391 / 800000
generated: 583445 / 800000
generated: 583518 / 800000
generated: 583564 / 800000
generated: 583616 / 800000
generated: 583673 / 800000
generated: 583725 / 800000
generated: 583784 / 800000
generated: 583851 / 800000
generated: 583895 / 800000
generated: 583953 / 800000
generated: 584011 / 800000
generated: 584065 / 800000
generated: 584124 / 800000
generated: 584177 / 800000
generated: 584224 / 800000
generated: 584268 / 800000
generated: 584323 / 800000
generated: 584366 / 800000
generated: 584421 / 800000
generated: 584462 / 800000
generated: 584515 / 800000
generated: 584562 / 800000
generated: 584604 / 800000
generated: 584663 / 800000
generated: 584706 / 800000
generated: 584759 / 800000
generated: 584812 / 800000
generated: 584861 / 800000
generated: 584907 / 800000
generated: 584955 / 800000
generated: 585002 / 800000
generated: 585055 / 800000
generated: 585105 / 800000
generated: 585162 / 800000
generated: 585208 / 800000
generated: 585260 / 800000
generated: 585312 / 800000
generated: 585359 / 800000
generated: 585412 / 800000
generated: 585467 / 800000
generated: 585516 / 800000
generated: 585562 / 800000
generated: 585607 / 800000
generated: 585655 / 800000
generated: 585716 / 800000
generated: 585766 / 800000
generated: 585832 / 800000
generated: 585881 / 800000
generated: 585930 / 800000
generated: 585984 / 800000
generated: 586035 / 800000
generated: 586086 / 800000
generated: 586131 / 800000
generated: 586176 / 800000
generated: 586225 / 800000
generated: 586285 / 800000
generated: 586336 / 800000
generated: 586388 / 800000
generated: 586424 / 800000
generated: 586475 / 800000
generated: 586508 / 800000
generated: 586565 / 800000
generated: 586613 / 800000
generated: 586662 / 800000
generated: 586707 / 800000
generated: 586754 / 800000
generated: 586796 / 800000
generated: 586860 / 800000
generated: 586916 / 800000
generated: 586973 / 800000
generated: 587016 / 800000
generated: 587043 / 800000
generated: 587078 / 800000
generated: 587129 / 800000
generated: 587159 / 800000
generated: 587199 / 800000
generated: 587245 / 800000
generated: 587290 / 800000
generated: 587342 / 800000
generated: 587398 / 800000
generated: 587446 / 800000
generated: 587501 / 800000
generated: 587551 / 800000
generated: 587601 / 800000
generated: 587655 / 800000
generated: 587713 / 800000
generated: 587754 / 800000
generated: 587800 / 800000
generated: 587856 / 800000
generated: 587908 / 800000
generated: 587960 / 800000
generated: 588002 / 800000
generated: 588050 / 800000
generated: 588097 / 800000
generated: 588137 / 800000
generated: 588187 / 800000
generated: 588239 / 800000
generated: 588286 / 800000
generated: 588327 / 800000
generated: 588375 / 800000
generated: 588426 / 800000
generated: 588480 / 800000
generated: 588538 / 800000
generated: 588591 / 800000
generated: 588639 / 800000
generated: 588677 / 800000
generated: 588722 / 800000
generated: 588777 / 800000
generated: 588818 / 800000
generated: 588867 / 800000
generated: 588918 / 800000
generated: 588964 / 800000
generated: 589016 / 800000
generated: 589072 / 800000
generated: 589117 / 800000
generated: 589167 / 800000
generated: 589207 / 800000
generated: 589247 / 800000
generated: 589298 / 800000
generated: 589332 / 800000
generated: 589377 / 800000
generated: 589421 / 800000
generated: 589474 / 800000
generated: 589517 / 800000
generated: 589568 / 800000
generated: 589626 / 800000
generated: 589673 / 800000
generated: 589724 / 800000
generated: 589781 / 800000
generated: 589835 / 800000
generated: 589890 / 800000
generated: 589934 / 800000
generated: 589978 / 800000
generated: 590021 / 800000
generated: 590067 / 800000
generated: 590112 / 800000
generated: 590167 / 800000
generated: 590225 / 800000
generated: 590262 / 800000
generated: 590316 / 800000
generated: 590357 / 800000
generated: 590399 / 800000
generated: 590455 / 800000
generated: 590501 / 800000
generated: 590541 / 800000
generated: 590586 / 800000
generated: 590647 / 800000
generated: 590705 / 800000
generated: 590740 / 800000
generated: 590786 / 800000
generated: 590846 / 800000
generated: 590900 / 800000
generated: 590958 / 800000
generated: 591012 / 800000
generated: 591064 / 800000
generated: 591111 / 800000
generated: 591158 / 800000
generated: 591205 / 800000
generated: 591248 / 800000
generated: 591290 / 800000
generated: 591358 / 800000
generated: 591404 / 800000
generated: 591458 / 800000
generated: 591498 / 800000
generated: 591550 / 800000
generated: 591592 / 800000
generated: 591645 / 800000
generated: 591702 / 800000
generated: 591748 / 800000
generated: 591789 / 800000
generated: 591841 / 800000
generated: 591897 / 800000
generated: 591946 / 800000
generated: 591996 / 800000
generated: 592046 / 800000
generated: 592097 / 800000
generated: 592140 / 800000
generated: 592190 / 800000
generated: 592249 / 800000
generated: 592300 / 800000
generated: 592353 / 800000
generated: 592418 / 800000
generated: 592469 / 800000
generated: 592531 / 800000
generated: 592585 / 800000
generated: 592628 / 800000
generated: 592670 / 800000
generated: 592705 / 800000
generated: 592758 / 800000
generated: 592792 / 800000
generated: 592844 / 800000
generated: 592892 / 800000
generated: 592939 / 800000
generated: 592991 / 800000
generated: 593046 / 800000
generated: 593085 / 800000
generated: 593136 / 800000
generated: 593196 / 800000
generated: 593247 / 800000
generated: 593295 / 800000
generated: 593327 / 800000
generated: 593383 / 800000
generated: 593429 / 800000
generated: 593475 / 800000
generated: 593517 / 800000
generated: 593565 / 800000
generated: 593612 / 800000
generated: 593664 / 800000
generated: 593709 / 800000
generated: 593762 / 800000
generated: 593815 / 800000
generated: 593873 / 800000
generated: 593919 / 800000
generated: 593970 / 800000
generated: 594023 / 800000
generated: 594070 / 800000
generated: 594109 / 800000
generated: 594160 / 800000
generated: 594212 / 800000
generated: 594268 / 800000
generated: 594317 / 800000
generated: 594369 / 800000
generated: 594422 / 800000
generated: 594474 / 800000
generated: 594532 / 800000
generated: 594564 / 800000
generated: 594621 / 800000
generated: 594672 / 800000
generated: 594729 / 800000
generated: 594796 / 800000
generated: 594840 / 800000
generated: 594894 / 800000
generated: 594938 / 800000
generated: 594987 / 800000
generated: 595040 / 800000
generated: 595102 / 800000
generated: 595154 / 800000
generated: 595204 / 800000
generated: 595248 / 800000
generated: 595285 / 800000
generated: 595327 / 800000
generated: 595370 / 800000
generated: 595416 / 800000
generated: 595459 / 800000
generated: 595508 / 800000
generated: 595560 / 800000
generated: 595612 / 800000
generated: 595660 / 800000
generated: 595713 / 800000
generated: 595768 / 800000
generated: 595824 / 800000
generated: 595871 / 800000
generated: 595926 / 800000
generated: 595980 / 800000
generated: 596038 / 800000
generated: 596094 / 800000
generated: 596162 / 800000
generated: 596199 / 800000
generated: 596262 / 800000
generated: 596311 / 800000
generated: 596361 / 800000
generated: 596415 / 800000
generated: 596458 / 800000
generated: 596504 / 800000
generated: 596556 / 800000
generated: 596603 / 800000
generated: 596656 / 800000
generated: 596711 / 800000
generated: 596754 / 800000
generated: 596805 / 800000
generated: 596841 / 800000
generated: 596897 / 800000
generated: 596954 / 800000
generated: 596997 / 800000
generated: 597035 / 800000
generated: 597090 / 800000
generated: 597131 / 800000
generated: 597192 / 800000
generated: 597251 / 800000
generated: 597315 / 800000
generated: 597360 / 800000
generated: 597403 / 800000
generated: 597454 / 800000
generated: 597492 / 800000
generated: 597542 / 800000
generated: 597584 / 800000
generated: 597632 / 800000
generated: 597676 / 800000
generated: 597724 / 800000
generated: 597790 / 800000
generated: 597845 / 800000
generated: 597897 / 800000
generated: 597943 / 800000
generated: 597994 / 800000
generated: 598032 / 800000
generated: 598083 / 800000
generated: 598134 / 800000
generated: 598179 / 800000
generated: 598227 / 800000
generated: 598281 / 800000
generated: 598321 / 800000
generated: 598384 / 800000
generated: 598428 / 800000
generated: 598480 / 800000
generated: 598523 / 800000
generated: 598577 / 800000
generated: 598637 / 800000
generated: 598690 / 800000
generated: 598747 / 800000
generated: 598798 / 800000
generated: 598829 / 800000
generated: 598862 / 800000
generated: 598906 / 800000
generated: 598962 / 800000
generated: 599015 / 800000
generated: 599076 / 800000
generated: 599128 / 800000
generated: 599175 / 800000
generated: 599230 / 800000
generated: 599283 / 800000
generated: 599351 / 800000
generated: 599404 / 800000
generated: 599459 / 800000
generated: 599517 / 800000
generated: 599563 / 800000
generated: 599604 / 800000
generated: 599650 / 800000
generated: 599704 / 800000
generated: 599755 / 800000
generated: 599800 / 800000
generated: 599847 / 800000
generated: 599899 / 800000
generated: 599969 / 800000
generated: 600023 / 800000
generated: 600063 / 800000
generated: 600117 / 800000
generated: 600164 / 800000
generated: 600212 / 800000
generated: 600251 / 800000
generated: 600308 / 800000
generated: 600352 / 800000
generated: 600397 / 800000
generated: 600448 / 800000
generated: 600493 / 800000
generated: 600541 / 800000
generated: 600588 / 800000
generated: 600633 / 800000
generated: 600697 / 800000
generated: 600747 / 800000
generated: 600796 / 800000
generated: 600855 / 800000
generated: 600903 / 800000
generated: 600953 / 800000
generated: 601021 / 800000
generated: 601068 / 800000
generated: 601127 / 800000
generated: 601173 / 800000
generated: 601220 / 800000
generated: 601285 / 800000
generated: 601337 / 800000
generated: 601383 / 800000
generated: 601440 / 800000
generated: 601502 / 800000
generated: 601556 / 800000
generated: 601596 / 800000
generated: 601651 / 800000
generated: 601721 / 800000
generated: 601775 / 800000
generated: 601817 / 800000
generated: 601869 / 800000
generated: 601926 / 800000
generated: 601976 / 800000
generated: 602023 / 800000
generated: 602077 / 800000
generated: 602126 / 800000
generated: 602180 / 800000
generated: 602247 / 800000
generated: 602289 / 800000
generated: 602336 / 800000
generated: 602390 / 800000
generated: 602443 / 800000
generated: 602487 / 800000
generated: 602535 / 800000
generated: 602581 / 800000
generated: 602635 / 800000
generated: 602683 / 800000
generated: 602749 / 800000
generated: 602800 / 800000
generated: 602859 / 800000
generated: 602916 / 800000
generated: 602964 / 800000
generated: 603009 / 800000
generated: 603054 / 800000
generated: 603107 / 800000
generated: 603156 / 800000
generated: 603207 / 800000
generated: 603258 / 800000
generated: 603316 / 800000
generated: 603368 / 800000
generated: 603424 / 800000
generated: 603482 / 800000
generated: 603531 / 800000
generated: 603575 / 800000
generated: 603626 / 800000
generated: 603673 / 800000
generated: 603724 / 800000
generated: 603776 / 800000
generated: 603828 / 800000
generated: 603877 / 800000
generated: 603924 / 800000
generated: 603969 / 800000
generated: 604016 / 800000
generated: 604061 / 800000
generated: 604112 / 800000
generated: 604160 / 800000
generated: 604217 / 800000
generated: 604261 / 800000
generated: 604301 / 800000
generated: 604351 / 800000
generated: 604402 / 800000
generated: 604449 / 800000
generated: 604498 / 800000
generated: 604552 / 800000
generated: 604613 / 800000
generated: 604668 / 800000
generated: 604731 / 800000
generated: 604784 / 800000
generated: 604831 / 800000
generated: 604886 / 800000
generated: 604934 / 800000
generated: 604993 / 800000
generated: 605042 / 800000
generated: 605088 / 800000
generated: 605127 / 800000
generated: 605184 / 800000
generated: 605232 / 800000
generated: 605278 / 800000
generated: 605331 / 800000
generated: 605367 / 800000
generated: 605414 / 800000
generated: 605457 / 800000
generated: 605505 / 800000
generated: 605556 / 800000
generated: 605609 / 800000
generated: 605666 / 800000
generated: 605712 / 800000
generated: 605763 / 800000
generated: 605806 / 800000
generated: 605864 / 800000
generated: 605919 / 800000
generated: 605963 / 800000
generated: 606016 / 800000
generated: 606064 / 800000
generated: 606125 / 800000
generated: 606178 / 800000
generated: 606221 / 800000
generated: 606267 / 800000
generated: 606321 / 800000
generated: 606366 / 800000
generated: 606414 / 800000
generated: 606461 / 800000
generated: 606514 / 800000
generated: 606569 / 800000
generated: 606606 / 800000
generated: 606657 / 800000
generated: 606707 / 800000
generated: 606767 / 800000
generated: 606822 / 800000
generated: 606878 / 800000
generated: 606935 / 800000
generated: 606994 / 800000
generated: 607055 / 800000
generated: 607102 / 800000
generated: 607146 / 800000
generated: 607199 / 800000
generated: 607252 / 800000
generated: 607306 / 800000
generated: 607350 / 800000
generated: 607397 / 800000
generated: 607439 / 800000
generated: 607488 / 800000
generated: 607546 / 800000
generated: 607596 / 800000
generated: 607649 / 800000
generated: 607691 / 800000
generated: 607746 / 800000
generated: 607798 / 800000
generated: 607852 / 800000
generated: 607893 / 800000
generated: 607946 / 800000
generated: 607994 / 800000
generated: 608049 / 800000
generated: 608103 / 800000
generated: 608152 / 800000
generated: 608200 / 800000
generated: 608243 / 800000
generated: 608295 / 800000
generated: 608340 / 800000
generated: 608388 / 800000
generated: 608443 / 800000
generated: 608492 / 800000
generated: 608535 / 800000
generated: 608588 / 800000
generated: 608646 / 800000
generated: 608693 / 800000
generated: 608743 / 800000
generated: 608798 / 800000
generated: 608852 / 800000
generated: 608886 / 800000
generated: 608932 / 800000
generated: 608984 / 800000
generated: 609045 / 800000
generated: 609104 / 800000
generated: 609160 / 800000
generated: 609214 / 800000
generated: 609257 / 800000
generated: 609314 / 800000
generated: 609358 / 800000
generated: 609403 / 800000
generated: 609455 / 800000
generated: 609511 / 800000
generated: 609563 / 800000
generated: 609619 / 800000
generated: 609668 / 800000
generated: 609735 / 800000
generated: 609776 / 800000
generated: 609820 / 800000
generated: 609862 / 800000
generated: 609906 / 800000
generated: 609959 / 800000
generated: 610013 / 800000
generated: 610061 / 800000
generated: 610104 / 800000
generated: 610154 / 800000
generated: 610210 / 800000
generated: 610256 / 800000
generated: 610301 / 800000
generated: 610354 / 800000
generated: 610410 / 800000
generated: 610462 / 800000
generated: 610518 / 800000
generated: 610577 / 800000
generated: 610626 / 800000
generated: 610689 / 800000
generated: 610748 / 800000
generated: 610805 / 800000
generated: 610865 / 800000
generated: 610920 / 800000
generated: 610967 / 800000
generated: 611016 / 800000
generated: 611059 / 800000
generated: 611106 / 800000
generated: 611153 / 800000
generated: 611224 / 800000
generated: 611270 / 800000
generated: 611332 / 800000
generated: 611379 / 800000
generated: 611427 / 800000
generated: 611473 / 800000
generated: 611533 / 800000
generated: 611571 / 800000
generated: 611616 / 800000
generated: 611670 / 800000
generated: 611713 / 800000
generated: 611757 / 800000
generated: 611809 / 800000
generated: 611859 / 800000
generated: 611907 / 800000
generated: 611950 / 800000
generated: 612003 / 800000
generated: 612049 / 800000
generated: 612097 / 800000
generated: 612147 / 800000
generated: 612200 / 800000
generated: 612258 / 800000
generated: 612303 / 800000
generated: 612348 / 800000
generated: 612398 / 800000
generated: 612456 / 800000
generated: 612497 / 800000
generated: 612546 / 800000
generated: 612600 / 800000
generated: 612653 / 800000
generated: 612706 / 800000
generated: 612759 / 800000
generated: 612803 / 800000
generated: 612846 / 800000
generated: 612911 / 800000
generated: 612979 / 800000
generated: 613040 / 800000
generated: 613086 / 800000
generated: 613145 / 800000
generated: 613199 / 800000
generated: 613242 / 800000
generated: 613302 / 800000
generated: 613344 / 800000
generated: 613398 / 800000
generated: 613446 / 800000
generated: 613500 / 800000
generated: 613546 / 800000
generated: 613594 / 800000
generated: 613639 / 800000
generated: 613689 / 800000
generated: 613743 / 800000
generated: 613790 / 800000
generated: 613837 / 800000
generated: 613887 / 800000
generated: 613940 / 800000
generated: 613974 / 800000
generated: 614018 / 800000
generated: 614055 / 800000
generated: 614103 / 800000
generated: 614144 / 800000
generated: 614188 / 800000
generated: 614240 / 800000
generated: 614294 / 800000
generated: 614349 / 800000
generated: 614399 / 800000
generated: 614444 / 800000
generated: 614501 / 800000
generated: 614553 / 800000
generated: 614594 / 800000
generated: 614649 / 800000
generated: 614699 / 800000
generated: 614754 / 800000
generated: 614807 / 800000
generated: 614863 / 800000
generated: 614912 / 800000
generated: 614970 / 800000
generated: 615019 / 800000
generated: 615088 / 800000
generated: 615130 / 800000
generated: 615183 / 800000
generated: 615227 / 800000
generated: 615284 / 800000
generated: 615325 / 800000
generated: 615367 / 800000
generated: 615420 / 800000
generated: 615460 / 800000
generated: 615511 / 800000
generated: 615565 / 800000
generated: 615622 / 800000
generated: 615680 / 800000
generated: 615736 / 800000
generated: 615776 / 800000
generated: 615834 / 800000
generated: 615882 / 800000
generated: 615923 / 800000
generated: 615969 / 800000
generated: 616012 / 800000
generated: 616069 / 800000
generated: 616117 / 800000
generated: 616172 / 800000
generated: 616210 / 800000
generated: 616248 / 800000
generated: 616293 / 800000
generated: 616330 / 800000
generated: 616379 / 800000
generated: 616424 / 800000
generated: 616479 / 800000
generated: 616544 / 800000
generated: 616593 / 800000
generated: 616639 / 800000
generated: 616689 / 800000
generated: 616738 / 800000
generated: 616785 / 800000
generated: 616847 / 800000
generated: 616899 / 800000
generated: 616938 / 800000
generated: 616984 / 800000
generated: 617029 / 800000
generated: 617066 / 800000
generated: 617108 / 800000
generated: 617149 / 800000
generated: 617206 / 800000
generated: 617266 / 800000
generated: 617312 / 800000
generated: 617370 / 800000
generated: 617427 / 800000
generated: 617476 / 800000
generated: 617525 / 800000
generated: 617586 / 800000
generated: 617657 / 800000
generated: 617706 / 800000
generated: 617754 / 800000
generated: 617802 / 800000
generated: 617841 / 800000
generated: 617885 / 800000
generated: 617927 / 800000
generated: 617974 / 800000
generated: 618019 / 800000
generated: 618063 / 800000
generated: 618111 / 800000
generated: 618153 / 800000
generated: 618198 / 800000
generated: 618241 / 800000
generated: 618282 / 800000
generated: 618327 / 800000
generated: 618378 / 800000
generated: 618420 / 800000
generated: 618463 / 800000
generated: 618524 / 800000
generated: 618581 / 800000
generated: 618620 / 800000
generated: 618666 / 800000
generated: 618711 / 800000
generated: 618753 / 800000
generated: 618801 / 800000
generated: 618844 / 800000
generated: 618900 / 800000
generated: 618943 / 800000
generated: 618989 / 800000
generated: 619041 / 800000
generated: 619095 / 800000
generated: 619147 / 800000
generated: 619194 / 800000
generated: 619247 / 800000
generated: 619297 / 800000
generated: 619342 / 800000
generated: 619388 / 800000
generated: 619436 / 800000
generated: 619482 / 800000
generated: 619537 / 800000
generated: 619594 / 800000
generated: 619634 / 800000
generated: 619682 / 800000
generated: 619727 / 800000
generated: 619788 / 800000
generated: 619832 / 800000
generated: 619876 / 800000
generated: 619923 / 800000
generated: 619991 / 800000
generated: 620038 / 800000
generated: 620098 / 800000
generated: 620151 / 800000
generated: 620198 / 800000
generated: 620252 / 800000
generated: 620315 / 800000
generated: 620361 / 800000
generated: 620399 / 800000
generated: 620458 / 800000
generated: 620500 / 800000
generated: 620550 / 800000
generated: 620605 / 800000
generated: 620670 / 800000
generated: 620719 / 800000
generated: 620769 / 800000
generated: 620828 / 800000
generated: 620888 / 800000
generated: 620928 / 800000
generated: 620984 / 800000
generated: 621035 / 800000
generated: 621081 / 800000
generated: 621128 / 800000
generated: 621182 / 800000
generated: 621227 / 800000
generated: 621273 / 800000
generated: 621330 / 800000
generated: 621373 / 800000
generated: 621411 / 800000
generated: 621450 / 800000
generated: 621494 / 800000
generated: 621539 / 800000
generated: 621586 / 800000
generated: 621636 / 800000
generated: 621679 / 800000
generated: 621733 / 800000
generated: 621791 / 800000
generated: 621834 / 800000
generated: 621883 / 800000
generated: 621922 / 800000
generated: 621969 / 800000
generated: 622019 / 800000
generated: 622058 / 800000
generated: 622100 / 800000
generated: 622155 / 800000
generated: 622203 / 800000
generated: 622254 / 800000
generated: 622309 / 800000
generated: 622355 / 800000
generated: 622412 / 800000
generated: 622466 / 800000
generated: 622510 / 800000
generated: 622559 / 800000
generated: 622602 / 800000
generated: 622634 / 800000
generated: 622685 / 800000
generated: 622737 / 800000
generated: 622786 / 800000
generated: 622828 / 800000
generated: 622878 / 800000
generated: 622929 / 800000
generated: 622984 / 800000
generated: 623026 / 800000
generated: 623077 / 800000
generated: 623143 / 800000
generated: 623190 / 800000
generated: 623251 / 800000
generated: 623291 / 800000
generated: 623336 / 800000
generated: 623385 / 800000
generated: 623430 / 800000
generated: 623478 / 800000
generated: 623531 / 800000
generated: 623574 / 800000
generated: 623619 / 800000
generated: 623667 / 800000
generated: 623727 / 800000
generated: 623769 / 800000
generated: 623825 / 800000
generated: 623873 / 800000
generated: 623932 / 800000
generated: 623988 / 800000
generated: 624043 / 800000
generated: 624094 / 800000
generated: 624150 / 800000
generated: 624197 / 800000
generated: 624244 / 800000
generated: 624291 / 800000
generated: 624347 / 800000
generated: 624393 / 800000
generated: 624454 / 800000
generated: 624501 / 800000
generated: 624561 / 800000
generated: 624609 / 800000
generated: 624659 / 800000
generated: 624702 / 800000
generated: 624758 / 800000
generated: 624810 / 800000
generated: 624845 / 800000
generated: 624890 / 800000
generated: 624931 / 800000
generated: 624995 / 800000
generated: 625042 / 800000
generated: 625095 / 800000
generated: 625151 / 800000
generated: 625198 / 800000
generated: 625243 / 800000
generated: 625288 / 800000
generated: 625329 / 800000
generated: 625376 / 800000
generated: 625426 / 800000
generated: 625468 / 800000
generated: 625514 / 800000
generated: 625566 / 800000
generated: 625615 / 800000
generated: 625655 / 800000
generated: 625717 / 800000
generated: 625769 / 800000
generated: 625802 / 800000
generated: 625859 / 800000
generated: 625901 / 800000
generated: 625954 / 800000
generated: 626005 / 800000
generated: 626040 / 800000
generated: 626087 / 800000
generated: 626143 / 800000
generated: 626195 / 800000
generated: 626252 / 800000
generated: 626309 / 800000
generated: 626356 / 800000
generated: 626397 / 800000
generated: 626460 / 800000
generated: 626514 / 800000
generated: 626567 / 800000
generated: 626605 / 800000
generated: 626658 / 800000
generated: 626708 / 800000
generated: 626770 / 800000
generated: 626813 / 800000
generated: 626876 / 800000
generated: 626930 / 800000
generated: 626989 / 800000
generated: 627028 / 800000
generated: 627075 / 800000
generated: 627129 / 800000
generated: 627179 / 800000
generated: 627230 / 800000
generated: 627272 / 800000
generated: 627319 / 800000
generated: 627375 / 800000
generated: 627424 / 800000
generated: 627473 / 800000
generated: 627526 / 800000
generated: 627575 / 800000
generated: 627616 / 800000
generated: 627671 / 800000
generated: 627705 / 800000
generated: 627758 / 800000
generated: 627807 / 800000
generated: 627865 / 800000
generated: 627923 / 800000
generated: 627974 / 800000
generated: 628013 / 800000
generated: 628050 / 800000
generated: 628100 / 800000
generated: 628145 / 800000
generated: 628189 / 800000
generated: 628244 / 800000
generated: 628289 / 800000
generated: 628334 / 800000
generated: 628385 / 800000
generated: 628432 / 800000
generated: 628476 / 800000
generated: 628525 / 800000
generated: 628575 / 800000
generated: 628626 / 800000
generated: 628672 / 800000
generated: 628720 / 800000
generated: 628778 / 800000
generated: 628824 / 800000
generated: 628874 / 800000
generated: 628932 / 800000
generated: 628981 / 800000
generated: 629040 / 800000
generated: 629089 / 800000
generated: 629144 / 800000
generated: 629199 / 800000
generated: 629249 / 800000
generated: 629301 / 800000
generated: 629357 / 800000
generated: 629416 / 800000
generated: 629460 / 800000
generated: 629513 / 800000
generated: 629562 / 800000
generated: 629624 / 800000
generated: 629668 / 800000
generated: 629715 / 800000
generated: 629763 / 800000
generated: 629808 / 800000
generated: 629862 / 800000
generated: 629912 / 800000
generated: 629959 / 800000
generated: 630011 / 800000
generated: 630047 / 800000
generated: 630101 / 800000
generated: 630146 / 800000
generated: 630193 / 800000
generated: 630241 / 800000
generated: 630283 / 800000
generated: 630337 / 800000
generated: 630379 / 800000
generated: 630428 / 800000
generated: 630477 / 800000
generated: 630523 / 800000
generated: 630573 / 800000
generated: 630614 / 800000
generated: 630661 / 800000
generated: 630703 / 800000
generated: 630764 / 800000
generated: 630804 / 800000
generated: 630861 / 800000
generated: 630905 / 800000
generated: 630953 / 800000
generated: 630997 / 800000
generated: 631039 / 800000
generated: 631084 / 800000
generated: 631134 / 800000
generated: 631189 / 800000
generated: 631255 / 800000
generated: 631308 / 800000
generated: 631363 / 800000
generated: 631415 / 800000
generated: 631466 / 800000
generated: 631509 / 800000
generated: 631564 / 800000
generated: 631628 / 800000
generated: 631677 / 800000
generated: 631732 / 800000
generated: 631781 / 800000
generated: 631819 / 800000
generated: 631872 / 800000
generated: 631930 / 800000
generated: 631976 / 800000
generated: 632035 / 800000
generated: 632092 / 800000
generated: 632143 / 800000
generated: 632196 / 800000
generated: 632254 / 800000
generated: 632304 / 800000
generated: 632364 / 800000
generated: 632424 / 800000
generated: 632471 / 800000
generated: 632521 / 800000
generated: 632584 / 800000
generated: 632630 / 800000
generated: 632680 / 800000
generated: 632738 / 800000
generated: 632787 / 800000
generated: 632833 / 800000
generated: 632882 / 800000
generated: 632930 / 800000
generated: 632986 / 800000
generated: 633036 / 800000
generated: 633089 / 800000
generated: 633133 / 800000
generated: 633185 / 800000
generated: 633232 / 800000
generated: 633288 / 800000
generated: 633341 / 800000
generated: 633373 / 800000
generated: 633410 / 800000
generated: 633462 / 800000
generated: 633513 / 800000
generated: 633569 / 800000
generated: 633626 / 800000
generated: 633672 / 800000
generated: 633718 / 800000
generated: 633763 / 800000
generated: 633817 / 800000
generated: 633871 / 800000
generated: 633914 / 800000
generated: 633959 / 800000
generated: 634016 / 800000
generated: 634065 / 800000
generated: 634099 / 800000
generated: 634135 / 800000
generated: 634194 / 800000
generated: 634261 / 800000
generated: 634316 / 800000
generated: 634379 / 800000
generated: 634428 / 800000
generated: 634479 / 800000
generated: 634524 / 800000
generated: 634581 / 800000
generated: 634641 / 800000
generated: 634684 / 800000
generated: 634730 / 800000
generated: 634778 / 800000
generated: 634827 / 800000
generated: 634881 / 800000
generated: 634930 / 800000
generated: 634982 / 800000
generated: 635030 / 800000
generated: 635084 / 800000
generated: 635142 / 800000
generated: 635196 / 800000
generated: 635249 / 800000
generated: 635290 / 800000
generated: 635339 / 800000
generated: 635397 / 800000
generated: 635456 / 800000
generated: 635507 / 800000
generated: 635556 / 800000
generated: 635598 / 800000
generated: 635646 / 800000
generated: 635687 / 800000
generated: 635736 / 800000
generated: 635788 / 800000
generated: 635836 / 800000
generated: 635879 / 800000
generated: 635926 / 800000
generated: 635982 / 800000
generated: 636027 / 800000
generated: 636078 / 800000
generated: 636121 / 800000
generated: 636173 / 800000
generated: 636220 / 800000
generated: 636267 / 800000
generated: 636332 / 800000
generated: 636369 / 800000
generated: 636420 / 800000
generated: 636458 / 800000
generated: 636509 / 800000
generated: 636558 / 800000
generated: 636607 / 800000
generated: 636650 / 800000
generated: 636698 / 800000
generated: 636746 / 800000
generated: 636788 / 800000
generated: 636827 / 800000
generated: 636900 / 800000
generated: 636952 / 800000
generated: 637009 / 800000
generated: 637066 / 800000
generated: 637110 / 800000
generated: 637157 / 800000
generated: 637193 / 800000
generated: 637248 / 800000
generated: 637297 / 800000
generated: 637348 / 800000
generated: 637403 / 800000
generated: 637456 / 800000
generated: 637506 / 800000
generated: 637566 / 800000
generated: 637615 / 800000
generated: 637652 / 800000
generated: 637703 / 800000
generated: 637749 / 800000
generated: 637805 / 800000
generated: 637863 / 800000
generated: 637905 / 800000
generated: 637949 / 800000
generated: 637995 / 800000
generated: 638042 / 800000
generated: 638097 / 800000
generated: 638143 / 800000
generated: 638205 / 800000
generated: 638258 / 800000
generated: 638305 / 800000
generated: 638351 / 800000
generated: 638401 / 800000
generated: 638444 / 800000
generated: 638498 / 800000
generated: 638548 / 800000
generated: 638596 / 800000
generated: 638637 / 800000
generated: 638682 / 800000
generated: 638724 / 800000
generated: 638768 / 800000
generated: 638829 / 800000
generated: 638877 / 800000
generated: 638937 / 800000
generated: 638989 / 800000
generated: 639037 / 800000
generated: 639084 / 800000
generated: 639127 / 800000
generated: 639180 / 800000
generated: 639228 / 800000
generated: 639274 / 800000
generated: 639325 / 800000
generated: 639372 / 800000
generated: 639412 / 800000
generated: 639463 / 800000
generated: 639516 / 800000
generated: 639567 / 800000
generated: 639626 / 800000
generated: 639670 / 800000
generated: 639726 / 800000
generated: 639771 / 800000
generated: 639820 / 800000
generated: 639871 / 800000
generated: 639917 / 800000
generated: 639973 / 800000
generated: 640027 / 800000
generated: 640083 / 800000
generated: 640134 / 800000
generated: 640167 / 800000
generated: 640219 / 800000
generated: 640270 / 800000
generated: 640308 / 800000
generated: 640355 / 800000
generated: 640410 / 800000
generated: 640452 / 800000
generated: 640502 / 800000
generated: 640539 / 800000
generated: 640591 / 800000
generated: 640628 / 800000
generated: 640680 / 800000
generated: 640735 / 800000
generated: 640798 / 800000
generated: 640855 / 800000
generated: 640894 / 800000
generated: 640943 / 800000
generated: 641005 / 800000
generated: 641049 / 800000
generated: 641106 / 800000
generated: 641146 / 800000
generated: 641182 / 800000
generated: 641220 / 800000
generated: 641272 / 800000
generated: 641312 / 800000
generated: 641368 / 800000
generated: 641415 / 800000
generated: 641458 / 800000
generated: 641503 / 800000
generated: 641565 / 800000
generated: 641614 / 800000
generated: 641664 / 800000
generated: 641718 / 800000
generated: 641776 / 800000
generated: 641834 / 800000
generated: 641886 / 800000
generated: 641937 / 800000
generated: 641982 / 800000
generated: 642032 / 800000
generated: 642078 / 800000
generated: 642118 / 800000
generated: 642180 / 800000
generated: 642234 / 800000
generated: 642287 / 800000
generated: 642333 / 800000
generated: 642369 / 800000
generated: 642412 / 800000
generated: 642468 / 800000
generated: 642517 / 800000
generated: 642568 / 800000
generated: 642619 / 800000
generated: 642681 / 800000
generated: 642734 / 800000
generated: 642784 / 800000
generated: 642852 / 800000
generated: 642914 / 800000
generated: 642975 / 800000
generated: 643029 / 800000
generated: 643087 / 800000
generated: 643129 / 800000
generated: 643169 / 800000
generated: 643223 / 800000
generated: 643277 / 800000
generated: 643325 / 800000
generated: 643373 / 800000
generated: 643413 / 800000
generated: 643466 / 800000
generated: 643515 / 800000
generated: 643581 / 800000
generated: 643632 / 800000
generated: 643665 / 800000
generated: 643711 / 800000
generated: 643761 / 800000
generated: 643806 / 800000
generated: 643865 / 800000
generated: 643912 / 800000
generated: 643970 / 800000
generated: 644030 / 800000
generated: 644078 / 800000
generated: 644134 / 800000
generated: 644200 / 800000
generated: 644245 / 800000
generated: 644291 / 800000
generated: 644345 / 800000
generated: 644391 / 800000
generated: 644442 / 800000
generated: 644498 / 800000
generated: 644562 / 800000
generated: 644612 / 800000
generated: 644655 / 800000
generated: 644713 / 800000
generated: 644752 / 800000
generated: 644799 / 800000
generated: 644844 / 800000
generated: 644897 / 800000
generated: 644951 / 800000
generated: 644985 / 800000
generated: 645047 / 800000
generated: 645101 / 800000
generated: 645151 / 800000
generated: 645195 / 800000
generated: 645244 / 800000
generated: 645289 / 800000
generated: 645346 / 800000
generated: 645392 / 800000
generated: 645444 / 800000
generated: 645487 / 800000
generated: 645529 / 800000
generated: 645580 / 800000
generated: 645637 / 800000
generated: 645687 / 800000
generated: 645751 / 800000
generated: 645801 / 800000
generated: 645849 / 800000
generated: 645901 / 800000
generated: 645946 / 800000
generated: 646008 / 800000
generated: 646052 / 800000
generated: 646093 / 800000
generated: 646131 / 800000
generated: 646186 / 800000
generated: 646232 / 800000
generated: 646283 / 800000
generated: 646332 / 800000
generated: 646389 / 800000
generated: 646437 / 800000
generated: 646483 / 800000
generated: 646535 / 800000
generated: 646582 / 800000
generated: 646631 / 800000
generated: 646682 / 800000
generated: 646721 / 800000
generated: 646776 / 800000
generated: 646818 / 800000
generated: 646875 / 800000
generated: 646928 / 800000
generated: 646983 / 800000
generated: 647030 / 800000
generated: 647084 / 800000
generated: 647131 / 800000
generated: 647192 / 800000
generated: 647238 / 800000
generated: 647282 / 800000
generated: 647345 / 800000
generated: 647383 / 800000
generated: 647444 / 800000
generated: 647506 / 800000
generated: 647545 / 800000
generated: 647607 / 800000
generated: 647650 / 800000
generated: 647695 / 800000
generated: 647734 / 800000
generated: 647779 / 800000
generated: 647828 / 800000
generated: 647870 / 800000
generated: 647921 / 800000
generated: 647975 / 800000
generated: 648022 / 800000
generated: 648073 / 800000
generated: 648118 / 800000
generated: 648159 / 800000
generated: 648215 / 800000
generated: 648271 / 800000
generated: 648316 / 800000
generated: 648370 / 800000
generated: 648424 / 800000
generated: 648472 / 800000
generated: 648521 / 800000
generated: 648579 / 800000
generated: 648622 / 800000
generated: 648666 / 800000
generated: 648709 / 800000
generated: 648762 / 800000
generated: 648813 / 800000
generated: 648860 / 800000
generated: 648908 / 800000
generated: 648958 / 800000
generated: 649029 / 800000
generated: 649077 / 800000
generated: 649137 / 800000
generated: 649182 / 800000
generated: 649236 / 800000
generated: 649280 / 800000
generated: 649325 / 800000
generated: 649392 / 800000
generated: 649438 / 800000
generated: 649487 / 800000
generated: 649527 / 800000
generated: 649577 / 800000
generated: 649631 / 800000
generated: 649683 / 800000
generated: 649737 / 800000
generated: 649789 / 800000
generated: 649836 / 800000
generated: 649876 / 800000
generated: 649930 / 800000
generated: 649983 / 800000
generated: 650035 / 800000
generated: 650085 / 800000
generated: 650133 / 800000
generated: 650184 / 800000
generated: 650231 / 800000
generated: 650284 / 800000
generated: 650327 / 800000
generated: 650376 / 800000
generated: 650414 / 800000
generated: 650473 / 800000
generated: 650516 / 800000
generated: 650577 / 800000
generated: 650627 / 800000
generated: 650676 / 800000
generated: 650723 / 800000
generated: 650776 / 800000
generated: 650826 / 800000
generated: 650879 / 800000
generated: 650923 / 800000
generated: 650973 / 800000
generated: 651031 / 800000
generated: 651083 / 800000
generated: 651129 / 800000
generated: 651172 / 800000
generated: 651223 / 800000
generated: 651277 / 800000
generated: 651332 / 800000
generated: 651380 / 800000
generated: 651435 / 800000
generated: 651489 / 800000
generated: 651534 / 800000
generated: 651592 / 800000
generated: 651641 / 800000
generated: 651690 / 800000
generated: 651735 / 800000
generated: 651790 / 800000
generated: 651836 / 800000
generated: 651899 / 800000
generated: 651950 / 800000
generated: 652000 / 800000
generated: 652057 / 800000
generated: 652119 / 800000
generated: 652171 / 800000
generated: 652221 / 800000
generated: 652275 / 800000
generated: 652330 / 800000
generated: 652390 / 800000
generated: 652444 / 800000
generated: 652486 / 800000
generated: 652532 / 800000
generated: 652595 / 800000
generated: 652643 / 800000
generated: 652696 / 800000
generated: 652738 / 800000
generated: 652798 / 800000
generated: 652840 / 800000
generated: 652891 / 800000
generated: 652944 / 800000
generated: 652992 / 800000
generated: 653046 / 800000
generated: 653099 / 800000
generated: 653160 / 800000
generated: 653208 / 800000
generated: 653271 / 800000
generated: 653314 / 800000
generated: 653358 / 800000
generated: 653408 / 800000
generated: 653454 / 800000
generated: 653490 / 800000
generated: 653537 / 800000
generated: 653580 / 800000
generated: 653624 / 800000
generated: 653670 / 800000
generated: 653718 / 800000
generated: 653772 / 800000
generated: 653824 / 800000
generated: 653873 / 800000
generated: 653924 / 800000
generated: 653973 / 800000
generated: 654025 / 800000
generated: 654066 / 800000
generated: 654108 / 800000
generated: 654158 / 800000
generated: 654206 / 800000
generated: 654249 / 800000
generated: 654307 / 800000
generated: 654356 / 800000
generated: 654408 / 800000
generated: 654457 / 800000
generated: 654519 / 800000
generated: 654573 / 800000
generated: 654625 / 800000
generated: 654670 / 800000
generated: 654729 / 800000
generated: 654780 / 800000
generated: 654824 / 800000
generated: 654865 / 800000
generated: 654909 / 800000
generated: 654950 / 800000
generated: 655008 / 800000
generated: 655063 / 800000
generated: 655106 / 800000
generated: 655167 / 800000
generated: 655217 / 800000
generated: 655258 / 800000
generated: 655303 / 800000
generated: 655355 / 800000
generated: 655410 / 800000
generated: 655463 / 800000
generated: 655512 / 800000
generated: 655565 / 800000
generated: 655609 / 800000
generated: 655671 / 800000
generated: 655729 / 800000
generated: 655777 / 800000
generated: 655839 / 800000
generated: 655890 / 800000
generated: 655937 / 800000
generated: 655988 / 800000
generated: 656036 / 800000
generated: 656093 / 800000
generated: 656145 / 800000
generated: 656199 / 800000
generated: 656248 / 800000
generated: 656307 / 800000
generated: 656361 / 800000
generated: 656413 / 800000
generated: 656474 / 800000
generated: 656523 / 800000
generated: 656574 / 800000
generated: 656614 / 800000
generated: 656656 / 800000
generated: 656708 / 800000
generated: 656749 / 800000
generated: 656806 / 800000
generated: 656860 / 800000
generated: 656913 / 800000
generated: 656968 / 800000
generated: 657013 / 800000
generated: 657064 / 800000
generated: 657116 / 800000
generated: 657177 / 800000
generated: 657222 / 800000
generated: 657267 / 800000
generated: 657324 / 800000
generated: 657374 / 800000
generated: 657426 / 800000
generated: 657490 / 800000
generated: 657538 / 800000
generated: 657592 / 800000
generated: 657639 / 800000
generated: 657693 / 800000
generated: 657742 / 800000
generated: 657795 / 800000
generated: 657859 / 800000
generated: 657920 / 800000
generated: 657967 / 800000
generated: 658011 / 800000
generated: 658072 / 800000
generated: 658123 / 800000
generated: 658181 / 800000
generated: 658217 / 800000
generated: 658264 / 800000
generated: 658311 / 800000
generated: 658351 / 800000
generated: 658395 / 800000
generated: 658440 / 800000
generated: 658487 / 800000
generated: 658539 / 800000
generated: 658583 / 800000
generated: 658637 / 800000
generated: 658692 / 800000
generated: 658738 / 800000
generated: 658803 / 800000
generated: 658845 / 800000
generated: 658888 / 800000
generated: 658935 / 800000
generated: 658986 / 800000
generated: 659039 / 800000
generated: 659101 / 800000
generated: 659155 / 800000
generated: 659204 / 800000
generated: 659247 / 800000
generated: 659301 / 800000
generated: 659358 / 800000
generated: 659409 / 800000
generated: 659454 / 800000
generated: 659509 / 800000
generated: 659579 / 800000
generated: 659622 / 800000
generated: 659664 / 800000
generated: 659694 / 800000
generated: 659745 / 800000
generated: 659793 / 800000
generated: 659845 / 800000
generated: 659896 / 800000
generated: 659943 / 800000
generated: 659994 / 800000
generated: 660042 / 800000
generated: 660081 / 800000
generated: 660131 / 800000
generated: 660183 / 800000
generated: 660227 / 800000
generated: 660278 / 800000
generated: 660314 / 800000
generated: 660366 / 800000
generated: 660421 / 800000
generated: 660471 / 800000
generated: 660524 / 800000
generated: 660574 / 800000
generated: 660624 / 800000
generated: 660678 / 800000
generated: 660727 / 800000
generated: 660782 / 800000
generated: 660834 / 800000
generated: 660883 / 800000
generated: 660938 / 800000
generated: 660997 / 800000
generated: 661051 / 800000
generated: 661097 / 800000
generated: 661145 / 800000
generated: 661199 / 800000
generated: 661249 / 800000
generated: 661309 / 800000
generated: 661367 / 800000
generated: 661401 / 800000
generated: 661458 / 800000
generated: 661504 / 800000
generated: 661549 / 800000
generated: 661598 / 800000
generated: 661660 / 800000
generated: 661703 / 800000
generated: 661750 / 800000
generated: 661793 / 800000
generated: 661855 / 800000
generated: 661906 / 800000
generated: 661949 / 800000
generated: 662003 / 800000
generated: 662058 / 800000
generated: 662111 / 800000
generated: 662158 / 800000
generated: 662208 / 800000
generated: 662266 / 800000
generated: 662308 / 800000
generated: 662362 / 800000
generated: 662410 / 800000
generated: 662456 / 800000
generated: 662506 / 800000
generated: 662565 / 800000
generated: 662612 / 800000
generated: 662664 / 800000
generated: 662710 / 800000
generated: 662761 / 800000
generated: 662815 / 800000
generated: 662871 / 800000
generated: 662924 / 800000
generated: 662961 / 800000
generated: 663001 / 800000
generated: 663042 / 800000
generated: 663075 / 800000
generated: 663122 / 800000
generated: 663178 / 800000
generated: 663228 / 800000
generated: 663276 / 800000
generated: 663324 / 800000
generated: 663364 / 800000
generated: 663403 / 800000
generated: 663461 / 800000
generated: 663509 / 800000
generated: 663562 / 800000
generated: 663607 / 800000
generated: 663658 / 800000
generated: 663707 / 800000
generated: 663759 / 800000
generated: 663817 / 800000
generated: 663872 / 800000
generated: 663928 / 800000
generated: 663979 / 800000
generated: 664038 / 800000
generated: 664083 / 800000
generated: 664129 / 800000
generated: 664190 / 800000
generated: 664239 / 800000
generated: 664302 / 800000
generated: 664347 / 800000
generated: 664399 / 800000
generated: 664455 / 800000
generated: 664517 / 800000
generated: 664566 / 800000
generated: 664618 / 800000
generated: 664670 / 800000
generated: 664726 / 800000
generated: 664775 / 800000
generated: 664827 / 800000
generated: 664872 / 800000
generated: 664922 / 800000
generated: 664976 / 800000
generated: 665019 / 800000
generated: 665082 / 800000
generated: 665137 / 800000
generated: 665188 / 800000
generated: 665228 / 800000
generated: 665273 / 800000
generated: 665327 / 800000
generated: 665372 / 800000
generated: 665426 / 800000
generated: 665465 / 800000
generated: 665515 / 800000
generated: 665573 / 800000
generated: 665615 / 800000
generated: 665648 / 800000
generated: 665707 / 800000
generated: 665766 / 800000
generated: 665831 / 800000
generated: 665879 / 800000
generated: 665943 / 800000
generated: 665992 / 800000
generated: 666040 / 800000
generated: 666080 / 800000
generated: 666131 / 800000
generated: 666178 / 800000
generated: 666223 / 800000
generated: 666280 / 800000
generated: 666333 / 800000
generated: 666378 / 800000
generated: 666441 / 800000
generated: 666491 / 800000
generated: 666535 / 800000
generated: 666579 / 800000
generated: 666625 / 800000
generated: 666685 / 800000
generated: 666744 / 800000
generated: 666789 / 800000
generated: 666838 / 800000
generated: 666885 / 800000
generated: 666940 / 800000
generated: 666977 / 800000
generated: 667023 / 800000
generated: 667077 / 800000
generated: 667119 / 800000
generated: 667155 / 800000
generated: 667191 / 800000
generated: 667253 / 800000
generated: 667308 / 800000
generated: 667357 / 800000
generated: 667404 / 800000
generated: 667469 / 800000
generated: 667516 / 800000
generated: 667569 / 800000
generated: 667620 / 800000
generated: 667677 / 800000
generated: 667724 / 800000
generated: 667777 / 800000
generated: 667818 / 800000
generated: 667878 / 800000
generated: 667925 / 800000
generated: 667968 / 800000
generated: 668028 / 800000
generated: 668068 / 800000
generated: 668127 / 800000
generated: 668190 / 800000
generated: 668240 / 800000
generated: 668295 / 800000
generated: 668334 / 800000
generated: 668378 / 800000
generated: 668434 / 800000
generated: 668483 / 800000
generated: 668526 / 800000
generated: 668578 / 800000
generated: 668626 / 800000
generated: 668664 / 800000
generated: 668710 / 800000
generated: 668762 / 800000
generated: 668806 / 800000
generated: 668856 / 800000
generated: 668914 / 800000
generated: 668965 / 800000
generated: 669005 / 800000
generated: 669050 / 800000
generated: 669085 / 800000
generated: 669130 / 800000
generated: 669182 / 800000
generated: 669228 / 800000
generated: 669271 / 800000
generated: 669320 / 800000
generated: 669369 / 800000
generated: 669425 / 800000
generated: 669464 / 800000
generated: 669506 / 800000
generated: 669566 / 800000
generated: 669624 / 800000
generated: 669671 / 800000
generated: 669719 / 800000
generated: 669762 / 800000
generated: 669808 / 800000
generated: 669861 / 800000
generated: 669919 / 800000
generated: 669967 / 800000
generated: 670011 / 800000
generated: 670059 / 800000
generated: 670125 / 800000
generated: 670171 / 800000
generated: 670224 / 800000
generated: 670268 / 800000
generated: 670326 / 800000
generated: 670372 / 800000
generated: 670422 / 800000
generated: 670456 / 800000
generated: 670512 / 800000
generated: 670556 / 800000
generated: 670608 / 800000
generated: 670650 / 800000
generated: 670708 / 800000
generated: 670763 / 800000
generated: 670826 / 800000
generated: 670885 / 800000
generated: 670938 / 800000
generated: 670994 / 800000
generated: 671040 / 800000
generated: 671100 / 800000
generated: 671152 / 800000
generated: 671200 / 800000
generated: 671244 / 800000
generated: 671287 / 800000
generated: 671339 / 800000
generated: 671374 / 800000
generated: 671435 / 800000
generated: 671469 / 800000
generated: 671521 / 800000
generated: 671577 / 800000
generated: 671625 / 800000
generated: 671680 / 800000
generated: 671728 / 800000
generated: 671775 / 800000
generated: 671815 / 800000
generated: 671868 / 800000
generated: 671911 / 800000
generated: 671966 / 800000
generated: 672027 / 800000
generated: 672067 / 800000
generated: 672112 / 800000
generated: 672154 / 800000
generated: 672207 / 800000
generated: 672271 / 800000
generated: 672327 / 800000
generated: 672371 / 800000
generated: 672408 / 800000
generated: 672451 / 800000
generated: 672502 / 800000
generated: 672546 / 800000
generated: 672587 / 800000
generated: 672640 / 800000
generated: 672696 / 800000
generated: 672746 / 800000
generated: 672799 / 800000
generated: 672862 / 800000
generated: 672900 / 800000
generated: 672950 / 800000
generated: 672998 / 800000
generated: 673050 / 800000
generated: 673095 / 800000
generated: 673140 / 800000
generated: 673192 / 800000
generated: 673243 / 800000
generated: 673294 / 800000
generated: 673343 / 800000
generated: 673384 / 800000
generated: 673439 / 800000
generated: 673496 / 800000
generated: 673559 / 800000
generated: 673610 / 800000
generated: 673652 / 800000
generated: 673694 / 800000
generated: 673738 / 800000
generated: 673785 / 800000
generated: 673838 / 800000
generated: 673895 / 800000
generated: 673949 / 800000
generated: 674009 / 800000
generated: 674053 / 800000
generated: 674103 / 800000
generated: 674154 / 800000
generated: 674206 / 800000
generated: 674253 / 800000
generated: 674304 / 800000
generated: 674364 / 800000
generated: 674406 / 800000
generated: 674457 / 800000
generated: 674505 / 800000
generated: 674546 / 800000
generated: 674606 / 800000
generated: 674652 / 800000
generated: 674695 / 800000
generated: 674741 / 800000
generated: 674790 / 800000
generated: 674838 / 800000
generated: 674880 / 800000
generated: 674933 / 800000
generated: 674985 / 800000
generated: 675022 / 800000
generated: 675060 / 800000
generated: 675105 / 800000
generated: 675163 / 800000
generated: 675201 / 800000
generated: 675245 / 800000
generated: 675303 / 800000
generated: 675358 / 800000
generated: 675398 / 800000
generated: 675457 / 800000
generated: 675503 / 800000
generated: 675548 / 800000
generated: 675609 / 800000
generated: 675658 / 800000
generated: 675704 / 800000
generated: 675750 / 800000
generated: 675798 / 800000
generated: 675837 / 800000
generated: 675894 / 800000
generated: 675946 / 800000
generated: 675999 / 800000
generated: 676063 / 800000
generated: 676121 / 800000
generated: 676166 / 800000
generated: 676208 / 800000
generated: 676263 / 800000
generated: 676301 / 800000
generated: 676350 / 800000
generated: 676407 / 800000
generated: 676469 / 800000
generated: 676526 / 800000
generated: 676570 / 800000
generated: 676619 / 800000
generated: 676652 / 800000
generated: 676696 / 800000
generated: 676752 / 800000
generated: 676800 / 800000
generated: 676853 / 800000
generated: 676895 / 800000
generated: 676952 / 800000
generated: 676996 / 800000
generated: 677055 / 800000
generated: 677101 / 800000
generated: 677150 / 800000
generated: 677196 / 800000
generated: 677247 / 800000
generated: 677308 / 800000
generated: 677371 / 800000
generated: 677424 / 800000
generated: 677479 / 800000
generated: 677527 / 800000
generated: 677579 / 800000
generated: 677636 / 800000
generated: 677677 / 800000
generated: 677728 / 800000
generated: 677779 / 800000
generated: 677827 / 800000
generated: 677879 / 800000
generated: 677926 / 800000
generated: 677988 / 800000
generated: 678045 / 800000
generated: 678089 / 800000
generated: 678145 / 800000
generated: 678188 / 800000
generated: 678236 / 800000
generated: 678287 / 800000
generated: 678332 / 800000
generated: 678392 / 800000
generated: 678434 / 800000
generated: 678483 / 800000
generated: 678533 / 800000
generated: 678585 / 800000
generated: 678634 / 800000
generated: 678680 / 800000
generated: 678729 / 800000
generated: 678785 / 800000
generated: 678844 / 800000
generated: 678904 / 800000
generated: 678948 / 800000
generated: 679007 / 800000
generated: 679067 / 800000
generated: 679116 / 800000
generated: 679172 / 800000
generated: 679237 / 800000
generated: 679287 / 800000
generated: 679331 / 800000
generated: 679377 / 800000
generated: 679431 / 800000
generated: 679474 / 800000
generated: 679518 / 800000
generated: 679562 / 800000
generated: 679600 / 800000
generated: 679657 / 800000
generated: 679702 / 800000
generated: 679763 / 800000
generated: 679817 / 800000
generated: 679867 / 800000
generated: 679915 / 800000
generated: 679963 / 800000
generated: 680011 / 800000
generated: 680055 / 800000
generated: 680093 / 800000
generated: 680140 / 800000
generated: 680195 / 800000
generated: 680251 / 800000
generated: 680295 / 800000
generated: 680338 / 800000
generated: 680404 / 800000
generated: 680458 / 800000
generated: 680511 / 800000
generated: 680561 / 800000
generated: 680611 / 800000
generated: 680661 / 800000
generated: 680710 / 800000
generated: 680759 / 800000
generated: 680797 / 800000
generated: 680856 / 800000
generated: 680903 / 800000
generated: 680956 / 800000
generated: 681016 / 800000
generated: 681060 / 800000
generated: 681111 / 800000
generated: 681157 / 800000
generated: 681220 / 800000
generated: 681269 / 800000
generated: 681321 / 800000
generated: 681363 / 800000
generated: 681409 / 800000
generated: 681470 / 800000
generated: 681519 / 800000
generated: 681564 / 800000
generated: 681619 / 800000
generated: 681669 / 800000
generated: 681711 / 800000
generated: 681759 / 800000
generated: 681812 / 800000
generated: 681860 / 800000
generated: 681898 / 800000
generated: 681946 / 800000
generated: 681993 / 800000
generated: 682045 / 800000
generated: 682097 / 800000
generated: 682146 / 800000
generated: 682186 / 800000
generated: 682232 / 800000
generated: 682283 / 800000
generated: 682334 / 800000
generated: 682374 / 800000
generated: 682412 / 800000
generated: 682452 / 800000
generated: 682508 / 800000
generated: 682558 / 800000
generated: 682599 / 800000
generated: 682652 / 800000
generated: 682706 / 800000
generated: 682754 / 800000
generated: 682797 / 800000
generated: 682849 / 800000
generated: 682897 / 800000
generated: 682953 / 800000
generated: 683007 / 800000
generated: 683062 / 800000
generated: 683110 / 800000
generated: 683157 / 800000
generated: 683204 / 800000
generated: 683250 / 800000
generated: 683293 / 800000
generated: 683339 / 800000
generated: 683401 / 800000
generated: 683465 / 800000
generated: 683507 / 800000
generated: 683552 / 800000
generated: 683600 / 800000
generated: 683654 / 800000
generated: 683704 / 800000
generated: 683755 / 800000
generated: 683799 / 800000
generated: 683852 / 800000
generated: 683909 / 800000
generated: 683971 / 800000
generated: 684010 / 800000
generated: 684064 / 800000
generated: 684112 / 800000
generated: 684162 / 800000
generated: 684203 / 800000
generated: 684249 / 800000
generated: 684319 / 800000
generated: 684368 / 800000
generated: 684414 / 800000
generated: 684450 / 800000
generated: 684493 / 800000
generated: 684543 / 800000
generated: 684591 / 800000
generated: 684643 / 800000
generated: 684706 / 800000
generated: 684752 / 800000
generated: 684797 / 800000
generated: 684843 / 800000
generated: 684879 / 800000
generated: 684927 / 800000
generated: 684988 / 800000
generated: 685037 / 800000
generated: 685090 / 800000
generated: 685140 / 800000
generated: 685189 / 800000
generated: 685234 / 800000
generated: 685275 / 800000
generated: 685334 / 800000
generated: 685379 / 800000
generated: 685428 / 800000
generated: 685482 / 800000
generated: 685515 / 800000
generated: 685561 / 800000
generated: 685610 / 800000
generated: 685655 / 800000
generated: 685703 / 800000
generated: 685750 / 800000
generated: 685802 / 800000
generated: 685843 / 800000
generated: 685896 / 800000
generated: 685944 / 800000
generated: 685998 / 800000
generated: 686050 / 800000
generated: 686106 / 800000
generated: 686151 / 800000
generated: 686193 / 800000
generated: 686239 / 800000
generated: 686309 / 800000
generated: 686350 / 800000
generated: 686399 / 800000
generated: 686454 / 800000
generated: 686502 / 800000
generated: 686552 / 800000
generated: 686588 / 800000
generated: 686655 / 800000
generated: 686690 / 800000
generated: 686738 / 800000
generated: 686796 / 800000
generated: 686839 / 800000
generated: 686897 / 800000
generated: 686952 / 800000
generated: 687002 / 800000
generated: 687051 / 800000
generated: 687121 / 800000
generated: 687165 / 800000
generated: 687212 / 800000
generated: 687259 / 800000
generated: 687311 / 800000
generated: 687364 / 800000
generated: 687413 / 800000
generated: 687465 / 800000
generated: 687519 / 800000
generated: 687567 / 800000
generated: 687620 / 800000
generated: 687665 / 800000
generated: 687722 / 800000
generated: 687771 / 800000
generated: 687811 / 800000
generated: 687871 / 800000
generated: 687918 / 800000
generated: 687967 / 800000
generated: 688013 / 800000
generated: 688065 / 800000
generated: 688109 / 800000
generated: 688149 / 800000
generated: 688206 / 800000
generated: 688251 / 800000
generated: 688297 / 800000
generated: 688348 / 800000
generated: 688404 / 800000
generated: 688453 / 800000
generated: 688503 / 800000
generated: 688563 / 800000
generated: 688619 / 800000
generated: 688672 / 800000
generated: 688722 / 800000
generated: 688776 / 800000
generated: 688818 / 800000
generated: 688863 / 800000
generated: 688912 / 800000
generated: 688958 / 800000
generated: 689007 / 800000
generated: 689059 / 800000
generated: 689106 / 800000
generated: 689156 / 800000
generated: 689193 / 800000
generated: 689237 / 800000
generated: 689284 / 800000
generated: 689330 / 800000
generated: 689382 / 800000
generated: 689419 / 800000
generated: 689459 / 800000
generated: 689522 / 800000
generated: 689600 / 800000
generated: 689643 / 800000
generated: 689693 / 800000
generated: 689733 / 800000
generated: 689781 / 800000
generated: 689842 / 800000
generated: 689885 / 800000
generated: 689941 / 800000
generated: 689991 / 800000
generated: 690048 / 800000
generated: 690101 / 800000
generated: 690144 / 800000
generated: 690194 / 800000
generated: 690246 / 800000
generated: 690299 / 800000
generated: 690344 / 800000
generated: 690398 / 800000
generated: 690461 / 800000
generated: 690519 / 800000
generated: 690568 / 800000
generated: 690617 / 800000
generated: 690671 / 800000
generated: 690724 / 800000
generated: 690776 / 800000
generated: 690818 / 800000
generated: 690865 / 800000
generated: 690911 / 800000
generated: 690951 / 800000
generated: 691000 / 800000
generated: 691049 / 800000
generated: 691094 / 800000
generated: 691153 / 800000
generated: 691207 / 800000
generated: 691260 / 800000
generated: 691312 / 800000
generated: 691366 / 800000
generated: 691411 / 800000
generated: 691461 / 800000
generated: 691508 / 800000
generated: 691549 / 800000
generated: 691596 / 800000
generated: 691647 / 800000
generated: 691687 / 800000
generated: 691742 / 800000
generated: 691788 / 800000
generated: 691842 / 800000
generated: 691901 / 800000
generated: 691955 / 800000
generated: 692013 / 800000
generated: 692055 / 800000
generated: 692104 / 800000
generated: 692159 / 800000
generated: 692216 / 800000
generated: 692274 / 800000
generated: 692323 / 800000
generated: 692375 / 800000
generated: 692417 / 800000
generated: 692467 / 800000
generated: 692516 / 800000
generated: 692568 / 800000
generated: 692625 / 800000
generated: 692677 / 800000
generated: 692730 / 800000
generated: 692770 / 800000
generated: 692825 / 800000
generated: 692869 / 800000
generated: 692923 / 800000
generated: 692971 / 800000
generated: 693031 / 800000
generated: 693092 / 800000
generated: 693129 / 800000
generated: 693182 / 800000
generated: 693225 / 800000
generated: 693272 / 800000
generated: 693321 / 800000
generated: 693371 / 800000
generated: 693422 / 800000
generated: 693462 / 800000
generated: 693517 / 800000
generated: 693562 / 800000
generated: 693605 / 800000
generated: 693661 / 800000
generated: 693713 / 800000
generated: 693756 / 800000
generated: 693802 / 800000
generated: 693854 / 800000
generated: 693911 / 800000
generated: 693960 / 800000
generated: 694009 / 800000
generated: 694058 / 800000
generated: 694112 / 800000
generated: 694166 / 800000
generated: 694200 / 800000
generated: 694254 / 800000
generated: 694310 / 800000
generated: 694355 / 800000
generated: 694408 / 800000
generated: 694461 / 800000
generated: 694508 / 800000
generated: 694556 / 800000
generated: 694605 / 800000
generated: 694661 / 800000
generated: 694720 / 800000
generated: 694760 / 800000
generated: 694808 / 800000
generated: 694845 / 800000
generated: 694905 / 800000
generated: 694969 / 800000
generated: 695021 / 800000
generated: 695068 / 800000
generated: 695107 / 800000
generated: 695147 / 800000
generated: 695197 / 800000
generated: 695255 / 800000
generated: 695294 / 800000
generated: 695349 / 800000
generated: 695389 / 800000
generated: 695446 / 800000
generated: 695488 / 800000
generated: 695535 / 800000
generated: 695583 / 800000
generated: 695626 / 800000
generated: 695675 / 800000
generated: 695717 / 800000
generated: 695769 / 800000
generated: 695819 / 800000
generated: 695873 / 800000
generated: 695920 / 800000
generated: 695973 / 800000
generated: 696022 / 800000
generated: 696079 / 800000
generated: 696126 / 800000
generated: 696180 / 800000
generated: 696225 / 800000
generated: 696272 / 800000
generated: 696318 / 800000
generated: 696366 / 800000
generated: 696409 / 800000
generated: 696459 / 800000
generated: 696508 / 800000
generated: 696554 / 800000
generated: 696601 / 800000
generated: 696656 / 800000
generated: 696710 / 800000
generated: 696767 / 800000
generated: 696819 / 800000
generated: 696869 / 800000
generated: 696924 / 800000
generated: 696976 / 800000
generated: 697016 / 800000
generated: 697060 / 800000
generated: 697119 / 800000
generated: 697168 / 800000
generated: 697210 / 800000
generated: 697251 / 800000
generated: 697293 / 800000
generated: 697348 / 800000
generated: 697394 / 800000
generated: 697434 / 800000
generated: 697479 / 800000
generated: 697513 / 800000
generated: 697572 / 800000
generated: 697628 / 800000
generated: 697680 / 800000
generated: 697734 / 800000
generated: 697781 / 800000
generated: 697832 / 800000
generated: 697885 / 800000
generated: 697929 / 800000
generated: 697980 / 800000
generated: 698035 / 800000
generated: 698091 / 800000
generated: 698135 / 800000
generated: 698183 / 800000
generated: 698238 / 800000
generated: 698289 / 800000
generated: 698334 / 800000
generated: 698415 / 800000
generated: 698466 / 800000
generated: 698515 / 800000
generated: 698570 / 800000
generated: 698615 / 800000
generated: 698663 / 800000
generated: 698723 / 800000
generated: 698761 / 800000
generated: 698810 / 800000
generated: 698870 / 800000
generated: 698925 / 800000
generated: 698958 / 800000
generated: 699011 / 800000
generated: 699066 / 800000
generated: 699110 / 800000
generated: 699162 / 800000
generated: 699214 / 800000
generated: 699254 / 800000
generated: 699289 / 800000
generated: 699337 / 800000
generated: 699380 / 800000
generated: 699423 / 800000
generated: 699464 / 800000
generated: 699520 / 800000
generated: 699588 / 800000
generated: 699650 / 800000
generated: 699697 / 800000
generated: 699743 / 800000
generated: 699779 / 800000
generated: 699820 / 800000
generated: 699880 / 800000
generated: 699929 / 800000
generated: 699981 / 800000
generated: 700034 / 800000
generated: 700066 / 800000
generated: 700112 / 800000
generated: 700168 / 800000
generated: 700225 / 800000
generated: 700277 / 800000
generated: 700336 / 800000
generated: 700374 / 800000
generated: 700428 / 800000
generated: 700468 / 800000
generated: 700528 / 800000
generated: 700592 / 800000
generated: 700643 / 800000
generated: 700696 / 800000
generated: 700758 / 800000
generated: 700812 / 800000
generated: 700858 / 800000
generated: 700892 / 800000
generated: 700932 / 800000
generated: 700974 / 800000
generated: 701025 / 800000
generated: 701064 / 800000
generated: 701110 / 800000
generated: 701159 / 800000
generated: 701209 / 800000
generated: 701261 / 800000
generated: 701304 / 800000
generated: 701368 / 800000
generated: 701412 / 800000
generated: 701466 / 800000
generated: 701525 / 800000
generated: 701580 / 800000
generated: 701631 / 800000
generated: 701689 / 800000
generated: 701744 / 800000
generated: 701790 / 800000
generated: 701834 / 800000
generated: 701877 / 800000
generated: 701923 / 800000
generated: 701974 / 800000
generated: 702027 / 800000
generated: 702066 / 800000
generated: 702121 / 800000
generated: 702185 / 800000
generated: 702232 / 800000
generated: 702269 / 800000
generated: 702319 / 800000
generated: 702367 / 800000
generated: 702420 / 800000
generated: 702462 / 800000
generated: 702507 / 800000
generated: 702551 / 800000
generated: 702594 / 800000
generated: 702652 / 800000
generated: 702708 / 800000
generated: 702765 / 800000
generated: 702815 / 800000
generated: 702870 / 800000
generated: 702909 / 800000
generated: 702963 / 800000
generated: 703011 / 800000
generated: 703068 / 800000
generated: 703126 / 800000
generated: 703181 / 800000
generated: 703228 / 800000
generated: 703277 / 800000
generated: 703330 / 800000
generated: 703388 / 800000
generated: 703436 / 800000
generated: 703486 / 800000
generated: 703538 / 800000
generated: 703585 / 800000
generated: 703635 / 800000
generated: 703685 / 800000
generated: 703729 / 800000
generated: 703782 / 800000
generated: 703831 / 800000
generated: 703875 / 800000
generated: 703905 / 800000
generated: 703955 / 800000
generated: 704004 / 800000
generated: 704052 / 800000
generated: 704097 / 800000
generated: 704143 / 800000
generated: 704188 / 800000
generated: 704250 / 800000
generated: 704306 / 800000
generated: 704353 / 800000
generated: 704392 / 800000
generated: 704438 / 800000
generated: 704488 / 800000
generated: 704528 / 800000
generated: 704576 / 800000
generated: 704618 / 800000
generated: 704676 / 800000
generated: 704723 / 800000
generated: 704769 / 800000
generated: 704825 / 800000
generated: 704879 / 800000
generated: 704933 / 800000
generated: 704986 / 800000
generated: 705033 / 800000
generated: 705084 / 800000
generated: 705125 / 800000
generated: 705174 / 800000
generated: 705217 / 800000
generated: 705271 / 800000
generated: 705313 / 800000
generated: 705367 / 800000
generated: 705425 / 800000
generated: 705467 / 800000
generated: 705523 / 800000
generated: 705563 / 800000
generated: 705616 / 800000
generated: 705674 / 800000
generated: 705721 / 800000
generated: 705766 / 800000
generated: 705806 / 800000
generated: 705848 / 800000
generated: 705910 / 800000
generated: 705952 / 800000
generated: 706002 / 800000
generated: 706053 / 800000
generated: 706100 / 800000
generated: 706146 / 800000
generated: 706186 / 800000
generated: 706236 / 800000
generated: 706285 / 800000
generated: 706332 / 800000
generated: 706401 / 800000
generated: 706459 / 800000
generated: 706500 / 800000
generated: 706553 / 800000
generated: 706609 / 800000
generated: 706660 / 800000
generated: 706713 / 800000
generated: 706766 / 800000
generated: 706815 / 800000
generated: 706860 / 800000
generated: 706912 / 800000
generated: 706951 / 800000
generated: 706998 / 800000
generated: 707040 / 800000
generated: 707092 / 800000
generated: 707139 / 800000
generated: 707194 / 800000
generated: 707235 / 800000
generated: 707283 / 800000
generated: 707345 / 800000
generated: 707410 / 800000
generated: 707464 / 800000
generated: 707518 / 800000
generated: 707565 / 800000
generated: 707615 / 800000
generated: 707665 / 800000
generated: 707712 / 800000
generated: 707758 / 800000
generated: 707814 / 800000
generated: 707857 / 800000
generated: 707905 / 800000
generated: 707957 / 800000
generated: 708015 / 800000
generated: 708081 / 800000
generated: 708142 / 800000
generated: 708186 / 800000
generated: 708232 / 800000
generated: 708294 / 800000
generated: 708344 / 800000
generated: 708384 / 800000
generated: 708436 / 800000
generated: 708478 / 800000
generated: 708525 / 800000
generated: 708568 / 800000
generated: 708609 / 800000
generated: 708661 / 800000
generated: 708707 / 800000
generated: 708751 / 800000
generated: 708799 / 800000
generated: 708842 / 800000
generated: 708888 / 800000
generated: 708943 / 800000
generated: 708998 / 800000
generated: 709035 / 800000
generated: 709093 / 800000
generated: 709152 / 800000
generated: 709193 / 800000
generated: 709249 / 800000
generated: 709298 / 800000
generated: 709356 / 800000
generated: 709403 / 800000
generated: 709448 / 800000
generated: 709499 / 800000
generated: 709551 / 800000
generated: 709604 / 800000
generated: 709652 / 800000
generated: 709699 / 800000
generated: 709747 / 800000
generated: 709802 / 800000
generated: 709862 / 800000
generated: 709903 / 800000
generated: 709954 / 800000
generated: 710004 / 800000
generated: 710052 / 800000
generated: 710106 / 800000
generated: 710157 / 800000
generated: 710197 / 800000
generated: 710251 / 800000
generated: 710300 / 800000
generated: 710355 / 800000
generated: 710397 / 800000
generated: 710455 / 800000
generated: 710502 / 800000
generated: 710548 / 800000
generated: 710591 / 800000
generated: 710634 / 800000
generated: 710685 / 800000
generated: 710747 / 800000
generated: 710794 / 800000
generated: 710844 / 800000
generated: 710897 / 800000
generated: 710945 / 800000
generated: 711002 / 800000
generated: 711045 / 800000
generated: 711091 / 800000
generated: 711148 / 800000
generated: 711200 / 800000
generated: 711250 / 800000
generated: 711297 / 800000
generated: 711356 / 800000
generated: 711404 / 800000
generated: 711472 / 800000
generated: 711515 / 800000
generated: 711567 / 800000
generated: 711623 / 800000
generated: 711679 / 800000
generated: 711720 / 800000
generated: 711751 / 800000
generated: 711804 / 800000
generated: 711847 / 800000
generated: 711891 / 800000
generated: 711938 / 800000
generated: 711995 / 800000
generated: 712047 / 800000
generated: 712108 / 800000
generated: 712140 / 800000
generated: 712188 / 800000
generated: 712235 / 800000
generated: 712285 / 800000
generated: 712330 / 800000
generated: 712398 / 800000
generated: 712454 / 800000
generated: 712507 / 800000
generated: 712570 / 800000
generated: 712615 / 800000
generated: 712666 / 800000
generated: 712711 / 800000
generated: 712766 / 800000
generated: 712822 / 800000
generated: 712857 / 800000
generated: 712903 / 800000
generated: 712947 / 800000
generated: 712994 / 800000
generated: 713045 / 800000
generated: 713091 / 800000
generated: 713140 / 800000
generated: 713196 / 800000
generated: 713248 / 800000
generated: 713304 / 800000
generated: 713351 / 800000
generated: 713397 / 800000
generated: 713449 / 800000
generated: 713500 / 800000
generated: 713553 / 800000
generated: 713616 / 800000
generated: 713667 / 800000
generated: 713716 / 800000
generated: 713771 / 800000
generated: 713821 / 800000
generated: 713871 / 800000
generated: 713925 / 800000
generated: 713984 / 800000
generated: 714022 / 800000
generated: 714082 / 800000
generated: 714135 / 800000
generated: 714178 / 800000
generated: 714233 / 800000
generated: 714287 / 800000
generated: 714341 / 800000
generated: 714391 / 800000
generated: 714441 / 800000
generated: 714489 / 800000
generated: 714533 / 800000
generated: 714585 / 800000
generated: 714640 / 800000
generated: 714674 / 800000
generated: 714710 / 800000
generated: 714751 / 800000
generated: 714795 / 800000
generated: 714836 / 800000
generated: 714885 / 800000
generated: 714935 / 800000
generated: 714980 / 800000
generated: 715040 / 800000
generated: 715095 / 800000
generated: 715149 / 800000
generated: 715191 / 800000
generated: 715244 / 800000
generated: 715303 / 800000
generated: 715350 / 800000
generated: 715410 / 800000
generated: 715471 / 800000
generated: 715514 / 800000
generated: 715574 / 800000
generated: 715615 / 800000
generated: 715666 / 800000
generated: 715705 / 800000
generated: 715746 / 800000
generated: 715799 / 800000
generated: 715850 / 800000
generated: 715891 / 800000
generated: 715947 / 800000
generated: 716001 / 800000
generated: 716046 / 800000
generated: 716104 / 800000
generated: 716155 / 800000
generated: 716201 / 800000
generated: 716244 / 800000
generated: 716299 / 800000
generated: 716353 / 800000
generated: 716406 / 800000
generated: 716447 / 800000
generated: 716492 / 800000
generated: 716546 / 800000
generated: 716609 / 800000
generated: 716663 / 800000
generated: 716709 / 800000
generated: 716760 / 800000
generated: 716804 / 800000
generated: 716857 / 800000
generated: 716918 / 800000
generated: 716976 / 800000
generated: 717021 / 800000
generated: 717089 / 800000
generated: 717151 / 800000
generated: 717205 / 800000
generated: 717246 / 800000
generated: 717292 / 800000
generated: 717357 / 800000
generated: 717417 / 800000
generated: 717471 / 800000
generated: 717515 / 800000
generated: 717574 / 800000
generated: 717612 / 800000
generated: 717660 / 800000
generated: 717706 / 800000
generated: 717750 / 800000
generated: 717792 / 800000
generated: 717843 / 800000
generated: 717897 / 800000
generated: 717941 / 800000
generated: 718008 / 800000
generated: 718048 / 800000
generated: 718103 / 800000
generated: 718156 / 800000
generated: 718205 / 800000
generated: 718251 / 800000
generated: 718301 / 800000
generated: 718362 / 800000
generated: 718409 / 800000
generated: 718447 / 800000
generated: 718503 / 800000
generated: 718546 / 800000
generated: 718600 / 800000
generated: 718655 / 800000
generated: 718702 / 800000
generated: 718749 / 800000
generated: 718786 / 800000
generated: 718824 / 800000
generated: 718882 / 800000
generated: 718936 / 800000
generated: 718988 / 800000
generated: 719048 / 800000
generated: 719087 / 800000
generated: 719139 / 800000
generated: 719196 / 800000
generated: 719235 / 800000
generated: 719289 / 800000
generated: 719347 / 800000
generated: 719391 / 800000
generated: 719447 / 800000
generated: 719493 / 800000
generated: 719540 / 800000
generated: 719583 / 800000
generated: 719632 / 800000
generated: 719687 / 800000
generated: 719745 / 800000
generated: 719802 / 800000
generated: 719861 / 800000
generated: 719913 / 800000
generated: 719971 / 800000
generated: 720025 / 800000
generated: 720068 / 800000
generated: 720121 / 800000
generated: 720167 / 800000
generated: 720226 / 800000
generated: 720278 / 800000
generated: 720334 / 800000
generated: 720382 / 800000
generated: 720435 / 800000
generated: 720487 / 800000
generated: 720537 / 800000
generated: 720582 / 800000
generated: 720626 / 800000
generated: 720681 / 800000
generated: 720745 / 800000
generated: 720798 / 800000
generated: 720853 / 800000
generated: 720902 / 800000
generated: 720951 / 800000
generated: 721011 / 800000
generated: 721062 / 800000
generated: 721116 / 800000
generated: 721167 / 800000
generated: 721213 / 800000
generated: 721275 / 800000
generated: 721318 / 800000
generated: 721367 / 800000
generated: 721427 / 800000
generated: 721472 / 800000
generated: 721531 / 800000
generated: 721572 / 800000
generated: 721612 / 800000
generated: 721654 / 800000
generated: 721712 / 800000
generated: 721762 / 800000
generated: 721820 / 800000
generated: 721873 / 800000
generated: 721924 / 800000
generated: 721964 / 800000
generated: 722011 / 800000
generated: 722067 / 800000
generated: 722119 / 800000
generated: 722168 / 800000
generated: 722217 / 800000
generated: 722272 / 800000
generated: 722324 / 800000
generated: 722392 / 800000
generated: 722434 / 800000
generated: 722492 / 800000
generated: 722551 / 800000
generated: 722599 / 800000
generated: 722647 / 800000
generated: 722699 / 800000
generated: 722743 / 800000
generated: 722791 / 800000
generated: 722842 / 800000
generated: 722888 / 800000
generated: 722936 / 800000
generated: 722975 / 800000
generated: 723020 / 800000
generated: 723076 / 800000
generated: 723116 / 800000
generated: 723174 / 800000
generated: 723222 / 800000
generated: 723281 / 800000
generated: 723324 / 800000
generated: 723384 / 800000
generated: 723445 / 800000
generated: 723489 / 800000
generated: 723533 / 800000
generated: 723582 / 800000
generated: 723640 / 800000
generated: 723692 / 800000
generated: 723740 / 800000
generated: 723789 / 800000
generated: 723841 / 800000
generated: 723896 / 800000
generated: 723942 / 800000
generated: 723990 / 800000
generated: 724049 / 800000
generated: 724092 / 800000
generated: 724141 / 800000
generated: 724195 / 800000
generated: 724240 / 800000
generated: 724295 / 800000
generated: 724344 / 800000
generated: 724395 / 800000
generated: 724453 / 800000
generated: 724493 / 800000
generated: 724544 / 800000
generated: 724593 / 800000
generated: 724635 / 800000
generated: 724672 / 800000
generated: 724715 / 800000
generated: 724762 / 800000
generated: 724810 / 800000
generated: 724863 / 800000
generated: 724911 / 800000
generated: 724961 / 800000
generated: 725018 / 800000
generated: 725075 / 800000
generated: 725130 / 800000
generated: 725174 / 800000
generated: 725227 / 800000
generated: 725274 / 800000
generated: 725324 / 800000
generated: 725384 / 800000
generated: 725437 / 800000
generated: 725486 / 800000
generated: 725542 / 800000
generated: 725586 / 800000
generated: 725637 / 800000
generated: 725697 / 800000
generated: 725750 / 800000
generated: 725806 / 800000
generated: 725852 / 800000
generated: 725907 / 800000
generated: 725959 / 800000
generated: 725992 / 800000
generated: 726034 / 800000
generated: 726092 / 800000
generated: 726131 / 800000
generated: 726187 / 800000
generated: 726237 / 800000
generated: 726283 / 800000
generated: 726348 / 800000
generated: 726397 / 800000
generated: 726456 / 800000
generated: 726515 / 800000
generated: 726554 / 800000
generated: 726599 / 800000
generated: 726644 / 800000
generated: 726690 / 800000
generated: 726756 / 800000
generated: 726814 / 800000
generated: 726868 / 800000
generated: 726912 / 800000
generated: 726955 / 800000
generated: 727008 / 800000
generated: 727062 / 800000
generated: 727108 / 800000
generated: 727151 / 800000
generated: 727201 / 800000
generated: 727248 / 800000
generated: 727301 / 800000
generated: 727354 / 800000
generated: 727396 / 800000
generated: 727442 / 800000
generated: 727496 / 800000
generated: 727535 / 800000
generated: 727585 / 800000
generated: 727638 / 800000
generated: 727689 / 800000
generated: 727742 / 800000
generated: 727787 / 800000
generated: 727835 / 800000
generated: 727873 / 800000
generated: 727915 / 800000
generated: 727960 / 800000
generated: 727993 / 800000
generated: 728047 / 800000
generated: 728095 / 800000
generated: 728139 / 800000
generated: 728194 / 800000
generated: 728231 / 800000
generated: 728266 / 800000
generated: 728307 / 800000
generated: 728361 / 800000
generated: 728416 / 800000
generated: 728459 / 800000
generated: 728506 / 800000
generated: 728541 / 800000
generated: 728598 / 800000
generated: 728639 / 800000
generated: 728691 / 800000
generated: 728741 / 800000
generated: 728791 / 800000
generated: 728834 / 800000
generated: 728886 / 800000
generated: 728936 / 800000
generated: 728983 / 800000
generated: 729036 / 800000
generated: 729087 / 800000
generated: 729140 / 800000
generated: 729186 / 800000
generated: 729247 / 800000
generated: 729308 / 800000
generated: 729349 / 800000
generated: 729407 / 800000
generated: 729464 / 800000
generated: 729515 / 800000
generated: 729570 / 800000
generated: 729617 / 800000
generated: 729667 / 800000
generated: 729715 / 800000
generated: 729789 / 800000
generated: 729837 / 800000
generated: 729892 / 800000
generated: 729932 / 800000
generated: 729986 / 800000
generated: 730046 / 800000
generated: 730096 / 800000
generated: 730146 / 800000
generated: 730194 / 800000
generated: 730250 / 800000
generated: 730301 / 800000
generated: 730357 / 800000
generated: 730398 / 800000
generated: 730452 / 800000
generated: 730499 / 800000
generated: 730553 / 800000
generated: 730608 / 800000
generated: 730654 / 800000
generated: 730708 / 800000
generated: 730763 / 800000
generated: 730804 / 800000
generated: 730851 / 800000
generated: 730909 / 800000
generated: 730951 / 800000
generated: 731008 / 800000
generated: 731065 / 800000
generated: 731114 / 800000
generated: 731167 / 800000
generated: 731213 / 800000
generated: 731268 / 800000
generated: 731309 / 800000
generated: 731356 / 800000
generated: 731405 / 800000
generated: 731464 / 800000
generated: 731517 / 800000
generated: 731572 / 800000
generated: 731626 / 800000
generated: 731691 / 800000
generated: 731731 / 800000
generated: 731784 / 800000
generated: 731835 / 800000
generated: 731897 / 800000
generated: 731946 / 800000
generated: 731979 / 800000
generated: 732033 / 800000
generated: 732081 / 800000
generated: 732124 / 800000
generated: 732176 / 800000
generated: 732225 / 800000
generated: 732265 / 800000
generated: 732328 / 800000
generated: 732381 / 800000
generated: 732430 / 800000
generated: 732491 / 800000
generated: 732522 / 800000
generated: 732569 / 800000
generated: 732618 / 800000
generated: 732658 / 800000
generated: 732711 / 800000
generated: 732763 / 800000
generated: 732818 / 800000
generated: 732876 / 800000
generated: 732929 / 800000
generated: 732977 / 800000
generated: 733023 / 800000
generated: 733088 / 800000
generated: 733136 / 800000
generated: 733189 / 800000
generated: 733248 / 800000
generated: 733299 / 800000
generated: 733358 / 800000
generated: 733405 / 800000
generated: 733463 / 800000
generated: 733522 / 800000
generated: 733567 / 800000
generated: 733610 / 800000
generated: 733665 / 800000
generated: 733715 / 800000
generated: 733766 / 800000
generated: 733810 / 800000
generated: 733856 / 800000
generated: 733898 / 800000
generated: 733941 / 800000
generated: 733996 / 800000
generated: 734054 / 800000
generated: 734093 / 800000
generated: 734145 / 800000
generated: 734197 / 800000
generated: 734251 / 800000
generated: 734291 / 800000
generated: 734334 / 800000
generated: 734386 / 800000
generated: 734432 / 800000
generated: 734488 / 800000
generated: 734544 / 800000
generated: 734585 / 800000
generated: 734637 / 800000
generated: 734679 / 800000
generated: 734733 / 800000
generated: 734786 / 800000
generated: 734833 / 800000
generated: 734885 / 800000
generated: 734928 / 800000
generated: 734990 / 800000
generated: 735040 / 800000
generated: 735093 / 800000
generated: 735142 / 800000
generated: 735192 / 800000
generated: 735241 / 800000
generated: 735289 / 800000
generated: 735336 / 800000
generated: 735386 / 800000
generated: 735444 / 800000
generated: 735484 / 800000
generated: 735529 / 800000
generated: 735576 / 800000
generated: 735629 / 800000
generated: 735674 / 800000
generated: 735724 / 800000
generated: 735793 / 800000
generated: 735849 / 800000
generated: 735898 / 800000
generated: 735952 / 800000
generated: 736004 / 800000
generated: 736052 / 800000
generated: 736096 / 800000
generated: 736144 / 800000
generated: 736190 / 800000
generated: 736239 / 800000
generated: 736288 / 800000
generated: 736332 / 800000
generated: 736366 / 800000
generated: 736410 / 800000
generated: 736458 / 800000
generated: 736505 / 800000
generated: 736548 / 800000
generated: 736583 / 800000
generated: 736627 / 800000
generated: 736681 / 800000
generated: 736723 / 800000
generated: 736771 / 800000
generated: 736810 / 800000
generated: 736855 / 800000
generated: 736913 / 800000
generated: 736959 / 800000
generated: 737007 / 800000
generated: 737047 / 800000
generated: 737097 / 800000
generated: 737146 / 800000
generated: 737190 / 800000
generated: 737241 / 800000
generated: 737295 / 800000
generated: 737356 / 800000
generated: 737398 / 800000
generated: 737443 / 800000
generated: 737503 / 800000
generated: 737552 / 800000
generated: 737608 / 800000
generated: 737662 / 800000
generated: 737704 / 800000
generated: 737758 / 800000
generated: 737817 / 800000
generated: 737863 / 800000
generated: 737919 / 800000
generated: 737970 / 800000
generated: 738035 / 800000
generated: 738091 / 800000
generated: 738141 / 800000
generated: 738186 / 800000
generated: 738232 / 800000
generated: 738294 / 800000
generated: 738339 / 800000
generated: 738394 / 800000
generated: 738443 / 800000
generated: 738478 / 800000
generated: 738527 / 800000
generated: 738576 / 800000
generated: 738621 / 800000
generated: 738666 / 800000
generated: 738720 / 800000
generated: 738776 / 800000
generated: 738829 / 800000
generated: 738868 / 800000
generated: 738924 / 800000
generated: 738969 / 800000
generated: 739024 / 800000
generated: 739071 / 800000
generated: 739117 / 800000
generated: 739172 / 800000
generated: 739233 / 800000
generated: 739279 / 800000
generated: 739323 / 800000
generated: 739370 / 800000
generated: 739424 / 800000
generated: 739470 / 800000
generated: 739529 / 800000
generated: 739579 / 800000
generated: 739630 / 800000
generated: 739680 / 800000
generated: 739738 / 800000
generated: 739784 / 800000
generated: 739830 / 800000
generated: 739878 / 800000
generated: 739940 / 800000
generated: 739995 / 800000
generated: 740061 / 800000
generated: 740112 / 800000
generated: 740162 / 800000
generated: 740216 / 800000
generated: 740261 / 800000
generated: 740317 / 800000
generated: 740364 / 800000
generated: 740414 / 800000
generated: 740464 / 800000
generated: 740515 / 800000
generated: 740578 / 800000
generated: 740631 / 800000
generated: 740677 / 800000
generated: 740727 / 800000
generated: 740778 / 800000
generated: 740815 / 800000
generated: 740863 / 800000
generated: 740908 / 800000
generated: 740966 / 800000
generated: 741014 / 800000
generated: 741063 / 800000
generated: 741108 / 800000
generated: 741157 / 800000
generated: 741212 / 800000
generated: 741266 / 800000
generated: 741306 / 800000
generated: 741358 / 800000
generated: 741407 / 800000
generated: 741460 / 800000
generated: 741512 / 800000
generated: 741556 / 800000
generated: 741595 / 800000
generated: 741653 / 800000
generated: 741707 / 800000
generated: 741757 / 800000
generated: 741812 / 800000
generated: 741857 / 800000
generated: 741895 / 800000
generated: 741934 / 800000
generated: 741982 / 800000
generated: 742029 / 800000
generated: 742092 / 800000
generated: 742141 / 800000
generated: 742196 / 800000
generated: 742229 / 800000
generated: 742285 / 800000
generated: 742339 / 800000
generated: 742385 / 800000
generated: 742424 / 800000
generated: 742472 / 800000
generated: 742526 / 800000
generated: 742562 / 800000
generated: 742617 / 800000
generated: 742669 / 800000
generated: 742724 / 800000
generated: 742781 / 800000
generated: 742838 / 800000
generated: 742895 / 800000
generated: 742939 / 800000
generated: 742989 / 800000
generated: 743037 / 800000
generated: 743082 / 800000
generated: 743125 / 800000
generated: 743169 / 800000
generated: 743207 / 800000
generated: 743244 / 800000
generated: 743294 / 800000
generated: 743346 / 800000
generated: 743410 / 800000
generated: 743464 / 800000
generated: 743508 / 800000
generated: 743553 / 800000
generated: 743602 / 800000
generated: 743656 / 800000
generated: 743699 / 800000
generated: 743749 / 800000
generated: 743809 / 800000
generated: 743858 / 800000
generated: 743906 / 800000
generated: 743971 / 800000
generated: 744025 / 800000
generated: 744080 / 800000
generated: 744123 / 800000
generated: 744172 / 800000
generated: 744206 / 800000
generated: 744258 / 800000
generated: 744306 / 800000
generated: 744351 / 800000
generated: 744406 / 800000
generated: 744456 / 800000
generated: 744509 / 800000
generated: 744571 / 800000
generated: 744623 / 800000
generated: 744665 / 800000
generated: 744720 / 800000
generated: 744779 / 800000
generated: 744822 / 800000
generated: 744879 / 800000
generated: 744926 / 800000
generated: 744976 / 800000
generated: 745034 / 800000
generated: 745091 / 800000
generated: 745142 / 800000
generated: 745179 / 800000
generated: 745228 / 800000
generated: 745279 / 800000
generated: 745320 / 800000
generated: 745368 / 800000
generated: 745423 / 800000
generated: 745470 / 800000
generated: 745521 / 800000
generated: 745557 / 800000
generated: 745598 / 800000
generated: 745647 / 800000
generated: 745692 / 800000
generated: 745736 / 800000
generated: 745795 / 800000
generated: 745837 / 800000
generated: 745883 / 800000
generated: 745929 / 800000
generated: 745985 / 800000
generated: 746037 / 800000
generated: 746077 / 800000
generated: 746129 / 800000
generated: 746172 / 800000
generated: 746228 / 800000
generated: 746293 / 800000
generated: 746337 / 800000
generated: 746392 / 800000
generated: 746441 / 800000
generated: 746505 / 800000
generated: 746557 / 800000
generated: 746610 / 800000
generated: 746648 / 800000
generated: 746704 / 800000
generated: 746754 / 800000
generated: 746803 / 800000
generated: 746859 / 800000
generated: 746908 / 800000
generated: 746965 / 800000
generated: 747013 / 800000
generated: 747067 / 800000
generated: 747108 / 800000
generated: 747151 / 800000
generated: 747195 / 800000
generated: 747239 / 800000
generated: 747286 / 800000
generated: 747335 / 800000
generated: 747385 / 800000
generated: 747450 / 800000
generated: 747505 / 800000
generated: 747560 / 800000
generated: 747612 / 800000
generated: 747665 / 800000
generated: 747706 / 800000
generated: 747757 / 800000
generated: 747806 / 800000
generated: 747842 / 800000
generated: 747896 / 800000
generated: 747947 / 800000
generated: 747999 / 800000
generated: 748051 / 800000
generated: 748110 / 800000
generated: 748156 / 800000
generated: 748213 / 800000
generated: 748270 / 800000
generated: 748316 / 800000
generated: 748368 / 800000
generated: 748408 / 800000
generated: 748447 / 800000
generated: 748496 / 800000
generated: 748550 / 800000
generated: 748597 / 800000
generated: 748640 / 800000
generated: 748690 / 800000
generated: 748731 / 800000
generated: 748767 / 800000
generated: 748812 / 800000
generated: 748864 / 800000
generated: 748913 / 800000
generated: 748969 / 800000
generated: 749012 / 800000
generated: 749062 / 800000
generated: 749120 / 800000
generated: 749173 / 800000
generated: 749231 / 800000
generated: 749287 / 800000
generated: 749339 / 800000
generated: 749399 / 800000
generated: 749447 / 800000
generated: 749489 / 800000
generated: 749542 / 800000
generated: 749586 / 800000
generated: 749632 / 800000
generated: 749687 / 800000
generated: 749734 / 800000
generated: 749778 / 800000
generated: 749825 / 800000
generated: 749877 / 800000
generated: 749936 / 800000
generated: 749993 / 800000
generated: 750042 / 800000
generated: 750092 / 800000
generated: 750149 / 800000
generated: 750194 / 800000
generated: 750246 / 800000
generated: 750305 / 800000
generated: 750358 / 800000
generated: 750398 / 800000
generated: 750437 / 800000
generated: 750493 / 800000
generated: 750545 / 800000
generated: 750596 / 800000
generated: 750636 / 800000
generated: 750704 / 800000
generated: 750738 / 800000
generated: 750784 / 800000
generated: 750834 / 800000
generated: 750880 / 800000
generated: 750930 / 800000
generated: 750975 / 800000
generated: 751018 / 800000
generated: 751065 / 800000
generated: 751130 / 800000
generated: 751169 / 800000
generated: 751214 / 800000
generated: 751274 / 800000
generated: 751326 / 800000
generated: 751364 / 800000
generated: 751421 / 800000
generated: 751457 / 800000
generated: 751504 / 800000
generated: 751547 / 800000
generated: 751594 / 800000
generated: 751643 / 800000
generated: 751696 / 800000
generated: 751762 / 800000
generated: 751816 / 800000
generated: 751864 / 800000
generated: 751915 / 800000
generated: 751964 / 800000
generated: 752015 / 800000
generated: 752065 / 800000
generated: 752119 / 800000
generated: 752167 / 800000
generated: 752216 / 800000
generated: 752269 / 800000
generated: 752321 / 800000
generated: 752364 / 800000
generated: 752408 / 800000
generated: 752447 / 800000
generated: 752488 / 800000
generated: 752548 / 800000
generated: 752594 / 800000
generated: 752653 / 800000
generated: 752707 / 800000
generated: 752754 / 800000
generated: 752798 / 800000
generated: 752849 / 800000
generated: 752895 / 800000
generated: 752952 / 800000
generated: 752996 / 800000
generated: 753039 / 800000
generated: 753068 / 800000
generated: 753120 / 800000
generated: 753173 / 800000
generated: 753223 / 800000
generated: 753263 / 800000
generated: 753324 / 800000
generated: 753386 / 800000
generated: 753436 / 800000
generated: 753488 / 800000
generated: 753545 / 800000
generated: 753589 / 800000
generated: 753633 / 800000
generated: 753676 / 800000
generated: 753723 / 800000
generated: 753773 / 800000
generated: 753821 / 800000
generated: 753875 / 800000
generated: 753927 / 800000
generated: 753980 / 800000
generated: 754043 / 800000
generated: 754090 / 800000
generated: 754140 / 800000
generated: 754180 / 800000
generated: 754231 / 800000
generated: 754280 / 800000
generated: 754337 / 800000
generated: 754371 / 800000
generated: 754424 / 800000
generated: 754476 / 800000
generated: 754525 / 800000
generated: 754580 / 800000
generated: 754643 / 800000
generated: 754691 / 800000
generated: 754731 / 800000
generated: 754778 / 800000
generated: 754824 / 800000
generated: 754871 / 800000
generated: 754920 / 800000
generated: 754964 / 800000
generated: 755017 / 800000
generated: 755067 / 800000
generated: 755113 / 800000
generated: 755155 / 800000
generated: 755203 / 800000
generated: 755243 / 800000
generated: 755299 / 800000
generated: 755343 / 800000
generated: 755398 / 800000
generated: 755450 / 800000
generated: 755500 / 800000
generated: 755560 / 800000
generated: 755611 / 800000
generated: 755656 / 800000
generated: 755694 / 800000
generated: 755748 / 800000
generated: 755807 / 800000
generated: 755872 / 800000
generated: 755922 / 800000
generated: 755966 / 800000
generated: 756030 / 800000
generated: 756092 / 800000
generated: 756139 / 800000
generated: 756183 / 800000
generated: 756243 / 800000
generated: 756291 / 800000
generated: 756340 / 800000
generated: 756398 / 800000
generated: 756437 / 800000
generated: 756487 / 800000
generated: 756536 / 800000
generated: 756588 / 800000
generated: 756643 / 800000
generated: 756694 / 800000
generated: 756735 / 800000
generated: 756796 / 800000
generated: 756856 / 800000
generated: 756907 / 800000
generated: 756953 / 800000
generated: 757004 / 800000
generated: 757058 / 800000
generated: 757105 / 800000
generated: 757149 / 800000
generated: 757194 / 800000
generated: 757240 / 800000
generated: 757288 / 800000
generated: 757329 / 800000
generated: 757382 / 800000
generated: 757421 / 800000
generated: 757467 / 800000
generated: 757508 / 800000
generated: 757558 / 800000
generated: 757607 / 800000
generated: 757670 / 800000
generated: 757718 / 800000
generated: 757765 / 800000
generated: 757803 / 800000
generated: 757857 / 800000
generated: 757910 / 800000
generated: 757951 / 800000
generated: 757989 / 800000
generated: 758033 / 800000
generated: 758081 / 800000
generated: 758127 / 800000
generated: 758168 / 800000
generated: 758224 / 800000
generated: 758270 / 800000
generated: 758332 / 800000
generated: 758393 / 800000
generated: 758440 / 800000
generated: 758496 / 800000
generated: 758538 / 800000
generated: 758590 / 800000
generated: 758644 / 800000
generated: 758696 / 800000
generated: 758734 / 800000
generated: 758793 / 800000
generated: 758853 / 800000
generated: 758904 / 800000
generated: 758964 / 800000
generated: 759007 / 800000
generated: 759055 / 800000
generated: 759108 / 800000
generated: 759159 / 800000
generated: 759222 / 800000
generated: 759266 / 800000
generated: 759314 / 800000
generated: 759368 / 800000
generated: 759419 / 800000
generated: 759480 / 800000
generated: 759532 / 800000
generated: 759592 / 800000
generated: 759635 / 800000
generated: 759679 / 800000
generated: 759726 / 800000
generated: 759776 / 800000
generated: 759823 / 800000
generated: 759877 / 800000
generated: 759927 / 800000
generated: 759968 / 800000
generated: 760015 / 800000
generated: 760065 / 800000
generated: 760112 / 800000
generated: 760162 / 800000
generated: 760210 / 800000
generated: 760268 / 800000
generated: 760321 / 800000
generated: 760366 / 800000
generated: 760407 / 800000
generated: 760454 / 800000
generated: 760504 / 800000
generated: 760558 / 800000
generated: 760610 / 800000
generated: 760668 / 800000
generated: 760712 / 800000
generated: 760755 / 800000
generated: 760809 / 800000
generated: 760864 / 800000
generated: 760908 / 800000
generated: 760965 / 800000
generated: 761020 / 800000
generated: 761083 / 800000
generated: 761137 / 800000
generated: 761174 / 800000
generated: 761228 / 800000
generated: 761269 / 800000
generated: 761307 / 800000
generated: 761368 / 800000
generated: 761426 / 800000
generated: 761471 / 800000
generated: 761512 / 800000
generated: 761553 / 800000
generated: 761590 / 800000
generated: 761636 / 800000
generated: 761685 / 800000
generated: 761733 / 800000
generated: 761777 / 800000
generated: 761835 / 800000
generated: 761882 / 800000
generated: 761939 / 800000
generated: 761990 / 800000
generated: 762030 / 800000
generated: 762083 / 800000
generated: 762130 / 800000
generated: 762185 / 800000
generated: 762234 / 800000
generated: 762277 / 800000
generated: 762333 / 800000
generated: 762389 / 800000
generated: 762443 / 800000
generated: 762494 / 800000
generated: 762540 / 800000
generated: 762595 / 800000
generated: 762649 / 800000
generated: 762707 / 800000
generated: 762756 / 800000
generated: 762809 / 800000
generated: 762865 / 800000
generated: 762911 / 800000
generated: 762952 / 800000
generated: 762997 / 800000
generated: 763049 / 800000
generated: 763101 / 800000
generated: 763167 / 800000
generated: 763208 / 800000
generated: 763254 / 800000
generated: 763303 / 800000
generated: 763356 / 800000
generated: 763413 / 800000
generated: 763456 / 800000
generated: 763521 / 800000
generated: 763573 / 800000
generated: 763615 / 800000
generated: 763655 / 800000
generated: 763690 / 800000
generated: 763728 / 800000
generated: 763763 / 800000
generated: 763813 / 800000
generated: 763855 / 800000
generated: 763910 / 800000
generated: 763965 / 800000
generated: 764016 / 800000
generated: 764060 / 800000
generated: 764109 / 800000
generated: 764169 / 800000
generated: 764228 / 800000
generated: 764275 / 800000
generated: 764337 / 800000
generated: 764390 / 800000
generated: 764426 / 800000
generated: 764468 / 800000
generated: 764520 / 800000
generated: 764556 / 800000
generated: 764605 / 800000
generated: 764651 / 800000
generated: 764696 / 800000
generated: 764747 / 800000
generated: 764781 / 800000
generated: 764829 / 800000
generated: 764876 / 800000
generated: 764919 / 800000
generated: 764974 / 800000
generated: 765030 / 800000
generated: 765077 / 800000
generated: 765126 / 800000
generated: 765169 / 800000
generated: 765219 / 800000
generated: 765272 / 800000
generated: 765328 / 800000
generated: 765372 / 800000
generated: 765431 / 800000
generated: 765485 / 800000
generated: 765539 / 800000
generated: 765576 / 800000
generated: 765628 / 800000
generated: 765675 / 800000
generated: 765730 / 800000
generated: 765769 / 800000
generated: 765823 / 800000
generated: 765866 / 800000
generated: 765915 / 800000
generated: 765966 / 800000
generated: 766018 / 800000
generated: 766079 / 800000
generated: 766133 / 800000
generated: 766193 / 800000
generated: 766253 / 800000
generated: 766291 / 800000
generated: 766346 / 800000
generated: 766392 / 800000
generated: 766440 / 800000
generated: 766496 / 800000
generated: 766525 / 800000
generated: 766560 / 800000
generated: 766599 / 800000
generated: 766653 / 800000
generated: 766695 / 800000
generated: 766754 / 800000
generated: 766792 / 800000
generated: 766841 / 800000
generated: 766901 / 800000
generated: 766938 / 800000
generated: 766995 / 800000
generated: 767035 / 800000
generated: 767082 / 800000
generated: 767136 / 800000
generated: 767183 / 800000
generated: 767238 / 800000
generated: 767294 / 800000
generated: 767335 / 800000
generated: 767388 / 800000
generated: 767447 / 800000
generated: 767494 / 800000
generated: 767560 / 800000
generated: 767612 / 800000
generated: 767670 / 800000
generated: 767715 / 800000
generated: 767757 / 800000
generated: 767806 / 800000
generated: 767868 / 800000
generated: 767916 / 800000
generated: 767967 / 800000
generated: 768001 / 800000
generated: 768058 / 800000
generated: 768104 / 800000
generated: 768149 / 800000
generated: 768199 / 800000
generated: 768251 / 800000
generated: 768304 / 800000
generated: 768362 / 800000
generated: 768418 / 800000
generated: 768470 / 800000
generated: 768526 / 800000
generated: 768571 / 800000
generated: 768613 / 800000
generated: 768655 / 800000
generated: 768703 / 800000
generated: 768764 / 800000
generated: 768803 / 800000
generated: 768846 / 800000
generated: 768895 / 800000
generated: 768945 / 800000
generated: 769002 / 800000
generated: 769062 / 800000
generated: 769113 / 800000
generated: 769159 / 800000
generated: 769214 / 800000
generated: 769252 / 800000
generated: 769304 / 800000
generated: 769367 / 800000
generated: 769411 / 800000
generated: 769472 / 800000
generated: 769538 / 800000
generated: 769586 / 800000
generated: 769641 / 800000
generated: 769693 / 800000
generated: 769762 / 800000
generated: 769798 / 800000
generated: 769847 / 800000
generated: 769890 / 800000
generated: 769953 / 800000
generated: 769998 / 800000
generated: 770044 / 800000
generated: 770102 / 800000
generated: 770153 / 800000
generated: 770199 / 800000
generated: 770248 / 800000
generated: 770300 / 800000
generated: 770356 / 800000
generated: 770411 / 800000
generated: 770466 / 800000
generated: 770516 / 800000
generated: 770563 / 800000
generated: 770615 / 800000
generated: 770674 / 800000
generated: 770728 / 800000
generated: 770784 / 800000
generated: 770832 / 800000
generated: 770872 / 800000
generated: 770931 / 800000
generated: 770985 / 800000
generated: 771022 / 800000
generated: 771066 / 800000
generated: 771115 / 800000
generated: 771170 / 800000
generated: 771223 / 800000
generated: 771272 / 800000
generated: 771323 / 800000
generated: 771377 / 800000
generated: 771422 / 800000
generated: 771472 / 800000
generated: 771524 / 800000
generated: 771584 / 800000
generated: 771630 / 800000
generated: 771684 / 800000
generated: 771745 / 800000
generated: 771794 / 800000
generated: 771850 / 800000
generated: 771900 / 800000
generated: 771948 / 800000
generated: 771998 / 800000
generated: 772047 / 800000
generated: 772095 / 800000
generated: 772129 / 800000
generated: 772170 / 800000
generated: 772215 / 800000
generated: 772262 / 800000
generated: 772313 / 800000
generated: 772360 / 800000
generated: 772413 / 800000
generated: 772458 / 800000
generated: 772510 / 800000
generated: 772574 / 800000
generated: 772622 / 800000
generated: 772673 / 800000
generated: 772723 / 800000
generated: 772781 / 800000
generated: 772837 / 800000
generated: 772881 / 800000
generated: 772922 / 800000
generated: 772969 / 800000
generated: 773025 / 800000
generated: 773086 / 800000
generated: 773131 / 800000
generated: 773194 / 800000
generated: 773239 / 800000
generated: 773305 / 800000
generated: 773347 / 800000
generated: 773397 / 800000
generated: 773457 / 800000
generated: 773509 / 800000
generated: 773560 / 800000
generated: 773613 / 800000
generated: 773671 / 800000
generated: 773733 / 800000
generated: 773782 / 800000
generated: 773824 / 800000
generated: 773886 / 800000
generated: 773937 / 800000
generated: 773986 / 800000
generated: 774022 / 800000
generated: 774071 / 800000
generated: 774132 / 800000
generated: 774190 / 800000
generated: 774241 / 800000
generated: 774302 / 800000
generated: 774354 / 800000
generated: 774410 / 800000
generated: 774460 / 800000
generated: 774503 / 800000
generated: 774569 / 800000
generated: 774612 / 800000
generated: 774661 / 800000
generated: 774712 / 800000
generated: 774763 / 800000
generated: 774811 / 800000
generated: 774871 / 800000
generated: 774928 / 800000
generated: 774980 / 800000
generated: 775038 / 800000
generated: 775088 / 800000
generated: 775143 / 800000
generated: 775187 / 800000
generated: 775234 / 800000
generated: 775271 / 800000
generated: 775317 / 800000
generated: 775361 / 800000
generated: 775406 / 800000
generated: 775469 / 800000
generated: 775514 / 800000
generated: 775570 / 800000
generated: 775617 / 800000
generated: 775675 / 800000
generated: 775729 / 800000
generated: 775777 / 800000
generated: 775836 / 800000
generated: 775884 / 800000
generated: 775948 / 800000
generated: 776007 / 800000
generated: 776049 / 800000
generated: 776103 / 800000
generated: 776145 / 800000
generated: 776182 / 800000
generated: 776240 / 800000
generated: 776288 / 800000
generated: 776324 / 800000
generated: 776368 / 800000
generated: 776430 / 800000
generated: 776472 / 800000
generated: 776510 / 800000
generated: 776561 / 800000
generated: 776609 / 800000
generated: 776653 / 800000
generated: 776708 / 800000
generated: 776769 / 800000
generated: 776814 / 800000
generated: 776866 / 800000
generated: 776920 / 800000
generated: 776964 / 800000
generated: 777017 / 800000
generated: 777073 / 800000
generated: 777121 / 800000
generated: 777172 / 800000
generated: 777218 / 800000
generated: 777272 / 800000
generated: 777326 / 800000
generated: 777372 / 800000
generated: 777428 / 800000
generated: 777477 / 800000
generated: 777530 / 800000
generated: 777581 / 800000
generated: 777630 / 800000
generated: 777687 / 800000
generated: 777730 / 800000
generated: 777776 / 800000
generated: 777823 / 800000
generated: 777884 / 800000
generated: 777941 / 800000
generated: 777990 / 800000
generated: 778048 / 800000
generated: 778106 / 800000
generated: 778146 / 800000
generated: 778202 / 800000
generated: 778242 / 800000
generated: 778296 / 800000
generated: 778353 / 800000
generated: 778397 / 800000
generated: 778449 / 800000
generated: 778501 / 800000
generated: 778551 / 800000
generated: 778602 / 800000
generated: 778651 / 800000
generated: 778703 / 800000
generated: 778748 / 800000
generated: 778797 / 800000
generated: 778856 / 800000
generated: 778915 / 800000
generated: 778969 / 800000
generated: 779024 / 800000
generated: 779080 / 800000
generated: 779131 / 800000
generated: 779189 / 800000
generated: 779247 / 800000
generated: 779298 / 800000
generated: 779345 / 800000
generated: 779394 / 800000
generated: 779442 / 800000
generated: 779491 / 800000
generated: 779537 / 800000
generated: 779587 / 800000
generated: 779648 / 800000
generated: 779693 / 800000
generated: 779734 / 800000
generated: 779790 / 800000
generated: 779842 / 800000
generated: 779878 / 800000
generated: 779925 / 800000
generated: 779963 / 800000
generated: 780011 / 800000
generated: 780055 / 800000
generated: 780101 / 800000
generated: 780145 / 800000
generated: 780202 / 800000
generated: 780245 / 800000
generated: 780281 / 800000
generated: 780331 / 800000
generated: 780389 / 800000
generated: 780444 / 800000
generated: 780493 / 800000
generated: 780543 / 800000
generated: 780592 / 800000
generated: 780634 / 800000
generated: 780682 / 800000
generated: 780734 / 800000
generated: 780783 / 800000
generated: 780825 / 800000
generated: 780862 / 800000
generated: 780916 / 800000
generated: 780978 / 800000
generated: 781028 / 800000
generated: 781067 / 800000
generated: 781111 / 800000
generated: 781172 / 800000
generated: 781218 / 800000
generated: 781267 / 800000
generated: 781309 / 800000
generated: 781347 / 800000
generated: 781386 / 800000
generated: 781430 / 800000
generated: 781468 / 800000
generated: 781526 / 800000
generated: 781564 / 800000
generated: 781613 / 800000
generated: 781668 / 800000
generated: 781722 / 800000
generated: 781766 / 800000
generated: 781812 / 800000
generated: 781849 / 800000
generated: 781896 / 800000
generated: 781945 / 800000
generated: 782000 / 800000
generated: 782059 / 800000
generated: 782102 / 800000
generated: 782157 / 800000
generated: 782218 / 800000
generated: 782276 / 800000
generated: 782326 / 800000
generated: 782370 / 800000
generated: 782421 / 800000
generated: 782463 / 800000
generated: 782504 / 800000
generated: 782548 / 800000
generated: 782595 / 800000
generated: 782638 / 800000
generated: 782692 / 800000
generated: 782737 / 800000
generated: 782785 / 800000
generated: 782836 / 800000
generated: 782890 / 800000
generated: 782950 / 800000
generated: 783001 / 800000
generated: 783043 / 800000
generated: 783095 / 800000
generated: 783145 / 800000
generated: 783200 / 800000
generated: 783245 / 800000
generated: 783305 / 800000
generated: 783361 / 800000
generated: 783411 / 800000
generated: 783471 / 800000
generated: 783525 / 800000
generated: 783581 / 800000
generated: 783620 / 800000
generated: 783681 / 800000
generated: 783720 / 800000
generated: 783780 / 800000
generated: 783833 / 800000
generated: 783882 / 800000
generated: 783935 / 800000
generated: 783996 / 800000
generated: 784039 / 800000
generated: 784098 / 800000
generated: 784139 / 800000
generated: 784182 / 800000
generated: 784233 / 800000
generated: 784290 / 800000
generated: 784337 / 800000
generated: 784382 / 800000
generated: 784444 / 800000
generated: 784498 / 800000
generated: 784554 / 800000
generated: 784596 / 800000
generated: 784651 / 800000
generated: 784712 / 800000
generated: 784758 / 800000
generated: 784794 / 800000
generated: 784846 / 800000
generated: 784895 / 800000
generated: 784956 / 800000
generated: 785005 / 800000
generated: 785057 / 800000
generated: 785102 / 800000
generated: 785142 / 800000
generated: 785181 / 800000
generated: 785227 / 800000
generated: 785269 / 800000
generated: 785313 / 800000
generated: 785358 / 800000
generated: 785396 / 800000
generated: 785447 / 800000
generated: 785497 / 800000
generated: 785545 / 800000
generated: 785595 / 800000
generated: 785637 / 800000
generated: 785699 / 800000
generated: 785761 / 800000
generated: 785812 / 800000
generated: 785869 / 800000
generated: 785920 / 800000
generated: 785964 / 800000
generated: 786016 / 800000
generated: 786061 / 800000
generated: 786118 / 800000
generated: 786166 / 800000
generated: 786214 / 800000
generated: 786268 / 800000
generated: 786325 / 800000
generated: 786374 / 800000
generated: 786415 / 800000
generated: 786475 / 800000
generated: 786532 / 800000
generated: 786579 / 800000
generated: 786615 / 800000
generated: 786664 / 800000
generated: 786712 / 800000
generated: 786762 / 800000
generated: 786815 / 800000
generated: 786869 / 800000
generated: 786924 / 800000
generated: 786980 / 800000
generated: 787032 / 800000
generated: 787095 / 800000
generated: 787167 / 800000
generated: 787223 / 800000
generated: 787282 / 800000
generated: 787339 / 800000
generated: 787382 / 800000
generated: 787431 / 800000
generated: 787474 / 800000
generated: 787520 / 800000
generated: 787580 / 800000
generated: 787629 / 800000
generated: 787678 / 800000
generated: 787728 / 800000
generated: 787777 / 800000
generated: 787830 / 800000
generated: 787894 / 800000
generated: 787951 / 800000
generated: 788010 / 800000
generated: 788063 / 800000
generated: 788108 / 800000
generated: 788161 / 800000
generated: 788224 / 800000
generated: 788263 / 800000
generated: 788324 / 800000
generated: 788365 / 800000
generated: 788414 / 800000
generated: 788467 / 800000
generated: 788519 / 800000
generated: 788562 / 800000
generated: 788612 / 800000
generated: 788669 / 800000
generated: 788721 / 800000
generated: 788767 / 800000
generated: 788813 / 800000
generated: 788852 / 800000
generated: 788896 / 800000
generated: 788947 / 800000
generated: 788989 / 800000
generated: 789042 / 800000
generated: 789092 / 800000
generated: 789136 / 800000
generated: 789193 / 800000
generated: 789238 / 800000
generated: 789283 / 800000
generated: 789338 / 800000
generated: 789386 / 800000
generated: 789437 / 800000
generated: 789486 / 800000
generated: 789522 / 800000
generated: 789565 / 800000
generated: 789616 / 800000
generated: 789668 / 800000
generated: 789713 / 800000
generated: 789766 / 800000
generated: 789815 / 800000
generated: 789868 / 800000
generated: 789901 / 800000
generated: 789954 / 800000
generated: 789997 / 800000
generated: 790044 / 800000
generated: 790094 / 800000
generated: 790139 / 800000
generated: 790191 / 800000
generated: 790235 / 800000
generated: 790283 / 800000
generated: 790342 / 800000
generated: 790391 / 800000
generated: 790438 / 800000
generated: 790478 / 800000
generated: 790529 / 800000
generated: 790593 / 800000
generated: 790641 / 800000
generated: 790682 / 800000
generated: 790732 / 800000
generated: 790794 / 800000
generated: 790840 / 800000
generated: 790898 / 800000
generated: 790956 / 800000
generated: 791020 / 800000
generated: 791064 / 800000
generated: 791115 / 800000
generated: 791181 / 800000
generated: 791239 / 800000
generated: 791292 / 800000
generated: 791346 / 800000
generated: 791406 / 800000
generated: 791448 / 800000
generated: 791496 / 800000
generated: 791541 / 800000
generated: 791584 / 800000
generated: 791630 / 800000
generated: 791678 / 800000
generated: 791736 / 800000
generated: 791786 / 800000
generated: 791836 / 800000
generated: 791879 / 800000
generated: 791918 / 800000
generated: 791968 / 800000
generated: 792009 / 800000
generated: 792059 / 800000
generated: 792100 / 800000
generated: 792147 / 800000
generated: 792199 / 800000
generated: 792256 / 800000
generated: 792299 / 800000
generated: 792352 / 800000
generated: 792405 / 800000
generated: 792448 / 800000
generated: 792509 / 800000
generated: 792561 / 800000
generated: 792608 / 800000
generated: 792661 / 800000
generated: 792706 / 800000
generated: 792738 / 800000
generated: 792795 / 800000
generated: 792846 / 800000
generated: 792891 / 800000
generated: 792936 / 800000
generated: 792984 / 800000
generated: 793039 / 800000
generated: 793081 / 800000
generated: 793124 / 800000
generated: 793170 / 800000
generated: 793220 / 800000
generated: 793276 / 800000
generated: 793332 / 800000
generated: 793384 / 800000
generated: 793444 / 800000
generated: 793495 / 800000
generated: 793543 / 800000
generated: 793590 / 800000
generated: 793644 / 800000
generated: 793697 / 800000
generated: 793753 / 800000
generated: 793802 / 800000
generated: 793850 / 800000
generated: 793902 / 800000
generated: 793941 / 800000
generated: 793987 / 800000
generated: 794043 / 800000
generated: 794077 / 800000
generated: 794134 / 800000
generated: 794176 / 800000
generated: 794227 / 800000
generated: 794276 / 800000
generated: 794326 / 800000
generated: 794377 / 800000
generated: 794426 / 800000
generated: 794476 / 800000
generated: 794529 / 800000
generated: 794578 / 800000
generated: 794628 / 800000
generated: 794679 / 800000
generated: 794731 / 800000
generated: 794773 / 800000
generated: 794826 / 800000
generated: 794872 / 800000
generated: 794918 / 800000
generated: 794980 / 800000
generated: 795036 / 800000
generated: 795090 / 800000
generated: 795152 / 800000
generated: 795205 / 800000
generated: 795252 / 800000
generated: 795301 / 800000
generated: 795344 / 800000
generated: 795383 / 800000
generated: 795436 / 800000
generated: 795476 / 800000
generated: 795520 / 800000
generated: 795558 / 800000
generated: 795609 / 800000
generated: 795650 / 800000
generated: 795689 / 800000
generated: 795742 / 800000
generated: 795790 / 800000
generated: 795833 / 800000
generated: 795888 / 800000
generated: 795930 / 800000
generated: 795987 / 800000
generated: 796044 / 800000
generated: 796098 / 800000
generated: 796145 / 800000
generated: 796193 / 800000
generated: 796242 / 800000
generated: 796282 / 800000
generated: 796334 / 800000
generated: 796381 / 800000
generated: 796428 / 800000
generated: 796489 / 800000
generated: 796532 / 800000
generated: 796577 / 800000
generated: 796628 / 800000
generated: 796698 / 800000
generated: 796747 / 800000
generated: 796782 / 800000
generated: 796827 / 800000
generated: 796873 / 800000
generated: 796937 / 800000
generated: 796999 / 800000
generated: 797055 / 800000
generated: 797106 / 800000
generated: 797159 / 800000
generated: 797221 / 800000
generated: 797269 / 800000
generated: 797323 / 800000
generated: 797371 / 800000
generated: 797418 / 800000
generated: 797456 / 800000
generated: 797496 / 800000
generated: 797555 / 800000
generated: 797610 / 800000
generated: 797651 / 800000
generated: 797706 / 800000
generated: 797756 / 800000
generated: 797805 / 800000
generated: 797862 / 800000
generated: 797917 / 800000
generated: 797972 / 800000
generated: 798015 / 800000
generated: 798069 / 800000
generated: 798118 / 800000
generated: 798168 / 800000
generated: 798214 / 800000
generated: 798261 / 800000
generated: 798312 / 800000
generated: 798352 / 800000
generated: 798393 / 800000
generated: 798447 / 800000
generated: 798500 / 800000
generated: 798554 / 800000
generated: 798604 / 800000
generated: 798659 / 800000
generated: 798721 / 800000
generated: 798774 / 800000
generated: 798833 / 800000
generated: 798878 / 800000
generated: 798913 / 800000
generated: 798960 / 800000
generated: 799015 / 800000
generated: 799060 / 800000
generated: 799120 / 800000
generated: 799172 / 800000
generated: 799225 / 800000
generated: 799268 / 800000
generated: 799323 / 800000
generated: 799379 / 800000
generated: 799436 / 800000
generated: 799480 / 800000
generated: 799532 / 800000
generated: 799585 / 800000
generated: 799636 / 800000
generated: 799686 / 800000
generated: 799733 / 800000
generated: 799785 / 800000
generated: 799833 / 800000
generated: 799873 / 800000
generated: 799929 / 800000
generated: 799991 / 800000
generated: 800000 / 800000
Sampling done in 2660.5s
Saved sample visualization: datasets/3dshape/Vshape3d_2denv3/sampled_placements.html
Saved speed distribution: datasets/3dshape/Vshape3d_2denv3/speed_distribution.html
Saved speed_angles distribution: datasets/3dshape/Vshape3d_2denv3/speed_angles_distribution.html
Saved speed_dists distribution: datasets/3dshape/Vshape3d_2denv3/speed_dists_distribution.html
x0 pos    : x=[-0.489,0.489]  y=[-0.490,0.489]  z=[0.000,0.000]
speed x0  : [0.010, 1.000]   (band [0.020, 1.0])
speed x1  : [0.010, 1.000]
Wrote 800000 training pairs to datasets/3dshape/Vshape3d_2denv3
  sampled_points.npy (800000, 12)
  speed.npy          (800000, 2)
  normal.npy         (800000, 12)
  trans_n.npy        (800000, 12)
  rot_n.npy          (800000, 12)
  env.npy            (10000, 3)
[load_obj] 'datasets/3dshape/2denv3_zup.obj': 6 objects/groups
  [0] 'Body8'  (32 triangles)
  [1] 'Body14'  (12 triangles)
  [2] 'Body15'  (12 triangles)
  [3] 'Body17'  (12 triangles)
  [4] 'Body20'  (12 triangles)
  [5] 'Body21'  (12 triangles)
[--2d] environment flattened onto z=0
[load_obj] 'datasets/3dshape/Vshape3d_zup.obj': 1 objects/groups
  [0] 'Body2'  (20 triangles)
[--2d] shape z extent 0.0286 -> 0.0100 (env-normalized units)
Delaunizing vertices...
Delaunay seconds:  0.003213
Creating surface mesh ...
Surface mesh seconds:  4.4e-05
Recovering boundaries...
Boundary recovery seconds:  0.000457
Removing exterior tetrahedra ...
Exterior tets removal seconds:  2.8e-05
Suppressing Steiner points ...
Steiner suppression seconds:  7e-06
Recovering Delaunayness...
Delaunay recovery seconds:  0.000107
Refining mesh...
  17 insertions, added 0 points, 1 tetrahedra in queue.
  5 insertions, added 0 points, 0 tetrahedra in queue.
  7 insertions, added 1 points, 6 tetrahedra in queue.
  9 insertions, added 0 points, 3 tetrahedra in queue.
Refinement seconds:  0.000162
Smoothing vertices...
Mesh smoothing seconds:  0.000379
Improving mesh...
Mesh improvement seconds:  2e-05

Writing nodes.
Writing elements.
Writing faces.
Writing edges.

Output seconds:  2.8e-05
Total running seconds:  0.004609

Statistics:

  Input points: 12
  Input facets: 20
  Input segments: 30
  Input holes: 0
  Input regions: 0

  Mesh points: 14
  Mesh tetrahedra: 22
  Mesh faces: 54
  Mesh faces on exterior boundary: 20
  Mesh faces on input facets: 20
  Mesh edges on input segments: 30
  Steiner points inside domain: 2

Tetrahedralized shape: 22 tets, 20 boundary triangles, 14 verts
Sampling 1000 (x0, x1) pairs [TESTING (independent collision-free pairs) | PLANAR 2-D (z=0, rotation about z only)]   margin=0.05  offset=0.02  ...
generated: 128 / 1000
generated: 248 / 1000
generated: 357 / 1000
generated: 466 / 1000
generated: 595 / 1000
generated: 713 / 1000
generated: 817 / 1000
generated: 951 / 1000
generated: 1000 / 1000
Sampling done in 3.2s
Saved sample visualization: testing_data/3dshape/Vshape3d_2denv3/sampled_placements.html
Saved speed distribution: testing_data/3dshape/Vshape3d_2denv3/speed_distribution.html
Saved speed_angles distribution: testing_data/3dshape/Vshape3d_2denv3/speed_angles_distribution.html
Saved speed_dists distribution: testing_data/3dshape/Vshape3d_2denv3/speed_dists_distribution.html
x0 pos    : x=[-0.407,0.417]  y=[-0.414,0.410]  z=[0.000,0.000]
speed x0  : [0.232, 1.000]   (band [0.400, 1.0])
speed x1  : [0.236, 1.000]
Wrote 1000 training pairs to testing_data/3dshape/Vshape3d_2denv3
  sampled_points.npy (1000, 12)
  speed.npy          (1000, 2)
  normal.npy         (1000, 12)
  trans_n.npy        (1000, 12)
  rot_n.npy          (1000, 12)
  env.npy            (10000, 3)
