[load_obj] 'datasets/3dshape/rectangle.obj': 1 objects/groups
  [0] 'Body1'  (12 triangles)
[load_obj] 'datasets/3dshape/env4.obj': 7 objects/groups
  [0] 'wall (1)'  (88 triangles)
  [1] 'Body14'  (12 triangles)
  [2] 'Body15'  (12 triangles)
  [3] 'Body16'  (12 triangles)
  [4] 'Body17'  (12 triangles)
  [5] 'Body18'  (12 triangles)
  [6] 'Body19'  (12 triangles)
shape       : datasets/3dshape/rectangle.obj  (8 verts, 12 tets, radius 0.1421)
environment : datasets/3dshape/env4.obj  (160 tris, 50000 collision points)
bounds      : low [-0.4539, -0.3175, -0.5]  high [0.4539, 0.3175, 0.5]
test cases  : 1000 from testing_data/3dshape/rectangle_env4/sampled_points.npy
planner     : LazyPRM  (time limit 30.0s per case, resolution 0.005, roadmap cleared per case)

[000] PASS  time=  0.011s  status=Exact solution     len=  0.849  endpoints_valid=True  collision=False  over_limit=False
[001] PASS  time=  2.124s  status=Exact solution     len=  9.429  endpoints_valid=True  collision=False  over_limit=False
[002] PASS  time=  0.598s  status=Exact solution     len=  3.810  endpoints_valid=True  collision=False  over_limit=False
[003] PASS  time=  3.854s  status=Exact solution     len=  5.877  endpoints_valid=True  collision=False  over_limit=False
[004] PASS  time=  3.555s  status=Exact solution     len=  7.346  endpoints_valid=True  collision=False  over_limit=False
[005] PASS  time=  0.554s  status=Exact solution     len=  5.849  endpoints_valid=True  collision=False  over_limit=False
[006] PASS  time=  0.526s  status=Exact solution     len=  0.888  endpoints_valid=True  collision=False  over_limit=False
[007] PASS  time=  1.099s  status=Exact solution     len=  5.903  endpoints_valid=True  collision=False  over_limit=False
[008] PASS  time=  8.804s  status=Exact solution     len=  5.323  endpoints_valid=True  collision=False  over_limit=False
[009] PASS  time=  1.039s  status=Exact solution     len=  8.526  endpoints_valid=True  collision=False  over_limit=False
[010] PASS  time=  1.736s  status=Exact solution     len=  6.861  endpoints_valid=True  collision=False  over_limit=False
[011] PASS  time=  1.338s  status=Exact solution     len=  6.402  endpoints_valid=True  collision=False  over_limit=False
[012] PASS  time=  2.717s  status=Exact solution     len=  4.423  endpoints_valid=True  collision=False  over_limit=False
[013] PASS  time=  0.479s  status=Exact solution     len=  3.233  endpoints_valid=True  collision=False  over_limit=False
[014] PASS  time=  1.633s  status=Exact solution     len=  7.160  endpoints_valid=True  collision=False  over_limit=False
[015] PASS  time=  4.463s  status=Exact solution     len= 13.184  endpoints_valid=True  collision=False  over_limit=False
[016] PASS  time=  2.468s  status=Exact solution     len=  4.520  endpoints_valid=True  collision=False  over_limit=False
[017] PASS  time=  5.954s  status=Exact solution     len=  2.747  endpoints_valid=True  collision=False  over_limit=False
[018] PASS  time=  0.978s  status=Exact solution     len=  4.471  endpoints_valid=True  collision=False  over_limit=False
[019] PASS  time=  1.425s  status=Exact solution     len=  8.558  endpoints_valid=True  collision=False  over_limit=False
[020] PASS  time=  2.296s  status=Exact solution     len=  7.573  endpoints_valid=True  collision=False  over_limit=False
[021] PASS  time=  1.691s  status=Exact solution     len=  5.095  endpoints_valid=True  collision=False  over_limit=False
[022] PASS  time=  0.570s  status=Exact solution     len=  3.045  endpoints_valid=True  collision=False  over_limit=False
[023] PASS  time=  0.520s  status=Exact solution     len=  1.784  endpoints_valid=True  collision=False  over_limit=False
[024] PASS  time=  2.072s  status=Exact solution     len=  6.161  endpoints_valid=True  collision=False  over_limit=False
[025] PASS  time=  0.823s  status=Exact solution     len=  5.878  endpoints_valid=True  collision=False  over_limit=False
[026] PASS  time=  3.742s  status=Exact solution     len= 13.936  endpoints_valid=True  collision=False  over_limit=False
[027] PASS  time=  1.246s  status=Exact solution     len=  1.982  endpoints_valid=True  collision=False  over_limit=False
[028] PASS  time=  2.361s  status=Exact solution     len=  9.967  endpoints_valid=True  collision=False  over_limit=False
[029] PASS  time=  3.542s  status=Exact solution     len=  7.158  endpoints_valid=True  collision=False  over_limit=False
[030] PASS  time=  3.157s  status=Exact solution     len= 15.716  endpoints_valid=True  collision=False  over_limit=False
[031] PASS  time=  1.608s  status=Exact solution     len=  5.836  endpoints_valid=True  collision=False  over_limit=False
[032] PASS  time=  1.802s  status=Exact solution     len= 13.829  endpoints_valid=True  collision=False  over_limit=False
[033] PASS  time=  0.028s  status=Exact solution     len=  0.533  endpoints_valid=True  collision=False  over_limit=False
[034] PASS  time=  0.514s  status=Exact solution     len=  3.432  endpoints_valid=True  collision=False  over_limit=False
[035] PASS  time=  3.725s  status=Exact solution     len= 11.501  endpoints_valid=True  collision=False  over_limit=False
[036] PASS  time=  1.233s  status=Exact solution     len=  4.768  endpoints_valid=True  collision=False  over_limit=False
[037] PASS  time=  4.261s  status=Exact solution     len=  7.760  endpoints_valid=True  collision=False  over_limit=False
[038] PASS  time=  1.363s  status=Exact solution     len=  7.354  endpoints_valid=True  collision=False  over_limit=False
[039] PASS  time=  1.721s  status=Exact solution     len=  8.730  endpoints_valid=True  collision=False  over_limit=False
[040] PASS  time=  1.717s  status=Exact solution     len=  8.680  endpoints_valid=True  collision=False  over_limit=False
[041] PASS  time=  1.960s  status=Exact solution     len=  9.342  endpoints_valid=True  collision=False  over_limit=False
[042] PASS  time=  1.457s  status=Exact solution     len=  3.734  endpoints_valid=True  collision=False  over_limit=False
[043] PASS  time=  3.449s  status=Exact solution     len=  9.658  endpoints_valid=True  collision=False  over_limit=False
[044] PASS  time=  0.373s  status=Exact solution     len=  3.639  endpoints_valid=True  collision=False  over_limit=False
[045] PASS  time=  2.716s  status=Exact solution     len=  6.111  endpoints_valid=True  collision=False  over_limit=False
[046] PASS  time=  2.059s  status=Exact solution     len=  8.967  endpoints_valid=True  collision=False  over_limit=False
[047] PASS  time=  2.726s  status=Exact solution     len=  8.180  endpoints_valid=True  collision=False  over_limit=False
[048] PASS  time=  1.364s  status=Exact solution     len=  2.684  endpoints_valid=True  collision=False  over_limit=False
[049] PASS  time=  2.097s  status=Exact solution     len=  3.112  endpoints_valid=True  collision=False  over_limit=False
[050] PASS  time=  1.620s  status=Exact solution     len=  6.734  endpoints_valid=True  collision=False  over_limit=False
[051] PASS  time=  2.122s  status=Exact solution     len=  4.635  endpoints_valid=True  collision=False  over_limit=False
[052] PASS  time=  4.090s  status=Exact solution     len= 10.299  endpoints_valid=True  collision=False  over_limit=False
[053] PASS  time=  1.133s  status=Exact solution     len=  6.148  endpoints_valid=True  collision=False  over_limit=False
[054] PASS  time=  0.411s  status=Exact solution     len=  2.596  endpoints_valid=True  collision=False  over_limit=False
[055] PASS  time=  3.941s  status=Exact solution     len=  4.154  endpoints_valid=True  collision=False  over_limit=False
[056] PASS  time=  3.446s  status=Exact solution     len=  6.256  endpoints_valid=True  collision=False  over_limit=False
[057] PASS  time=  1.307s  status=Exact solution     len= 15.180  endpoints_valid=True  collision=False  over_limit=False
[058] PASS  time=  1.521s  status=Exact solution     len=  5.179  endpoints_valid=True  collision=False  over_limit=False
[059] PASS  time=  2.993s  status=Exact solution     len= 11.144  endpoints_valid=True  collision=False  over_limit=False
[060] PASS  time= 12.592s  status=Exact solution     len=  5.592  endpoints_valid=True  collision=False  over_limit=False
[061] PASS  time=  0.009s  status=Exact solution     len=  0.983  endpoints_valid=True  collision=False  over_limit=False
[062] PASS  time=  1.214s  status=Exact solution     len=  4.272  endpoints_valid=True  collision=False  over_limit=False
[063] PASS  time=  1.564s  status=Exact solution     len=  2.101  endpoints_valid=True  collision=False  over_limit=False
[064] PASS  time=  0.368s  status=Exact solution     len=  4.651  endpoints_valid=True  collision=False  over_limit=False
[065] PASS  time=  1.421s  status=Exact solution     len=  3.692  endpoints_valid=True  collision=False  over_limit=False
[066] PASS  time=  0.349s  status=Exact solution     len=  3.844  endpoints_valid=True  collision=False  over_limit=False
[067] PASS  time=  2.297s  status=Exact solution     len=  6.326  endpoints_valid=True  collision=False  over_limit=False
[068] PASS  time=  2.267s  status=Exact solution     len=  4.927  endpoints_valid=True  collision=False  over_limit=False
[069] PASS  time=  1.694s  status=Exact solution     len=  9.688  endpoints_valid=True  collision=False  over_limit=False
[070] PASS  time=  0.111s  status=Exact solution     len=  0.564  endpoints_valid=True  collision=False  over_limit=False
[071] PASS  time=  7.419s  status=Exact solution     len=  3.392  endpoints_valid=True  collision=False  over_limit=False
[072] PASS  time= 15.551s  status=Exact solution     len=  5.971  endpoints_valid=True  collision=False  over_limit=False
[073] PASS  time=  1.411s  status=Exact solution     len=  5.953  endpoints_valid=True  collision=False  over_limit=False
[074] PASS  time=  0.361s  status=Exact solution     len=  3.870  endpoints_valid=True  collision=False  over_limit=False
[075] PASS  time= 12.537s  status=Exact solution     len=  5.090  endpoints_valid=True  collision=False  over_limit=False
[076] PASS  time=  0.012s  status=Exact solution     len=  0.598  endpoints_valid=True  collision=False  over_limit=False
[077] PASS  time=  6.663s  status=Exact solution     len=  6.273  endpoints_valid=True  collision=False  over_limit=False
[078] PASS  time=  1.857s  status=Exact solution     len= 11.534  endpoints_valid=True  collision=False  over_limit=False
[079] PASS  time=  0.783s  status=Exact solution     len=  4.503  endpoints_valid=True  collision=False  over_limit=False
[080] PASS  time=  9.929s  status=Exact solution     len=  4.820  endpoints_valid=True  collision=False  over_limit=False
[081] PASS  time=  2.299s  status=Exact solution     len=  6.021  endpoints_valid=True  collision=False  over_limit=False
[082] PASS  time=  1.046s  status=Exact solution     len=  6.641  endpoints_valid=True  collision=False  over_limit=False
[083] PASS  time=  0.104s  status=Exact solution     len=  0.914  endpoints_valid=True  collision=False  over_limit=False
[084] PASS  time=  0.182s  status=Exact solution     len=  3.555  endpoints_valid=True  collision=False  over_limit=False
[085] PASS  time=  1.691s  status=Exact solution     len=  5.483  endpoints_valid=True  collision=False  over_limit=False
[086] PASS  time=  1.223s  status=Exact solution     len=  5.230  endpoints_valid=True  collision=False  over_limit=False
[087] PASS  time=  2.082s  status=Exact solution     len=  4.469  endpoints_valid=True  collision=False  over_limit=False
[088] PASS  time=  0.505s  status=Exact solution     len=  2.191  endpoints_valid=True  collision=False  over_limit=False
[089] PASS  time=  3.958s  status=Exact solution     len= 11.389  endpoints_valid=True  collision=False  over_limit=False
[090] PASS  time=  0.172s  status=Exact solution     len=  3.127  endpoints_valid=True  collision=False  over_limit=False
[091] PASS  time=  2.153s  status=Exact solution     len=  6.776  endpoints_valid=True  collision=False  over_limit=False
[092] PASS  time=  1.313s  status=Exact solution     len=  9.661  endpoints_valid=True  collision=False  over_limit=False
[093] PASS  time=  1.504s  status=Exact solution     len=  5.930  endpoints_valid=True  collision=False  over_limit=False
[094] PASS  time=  2.209s  status=Exact solution     len=  6.312  endpoints_valid=True  collision=False  over_limit=False
[095] PASS  time=  1.799s  status=Exact solution     len=  9.465  endpoints_valid=True  collision=False  over_limit=False
[096] PASS  time=  0.944s  status=Exact solution     len= 10.172  endpoints_valid=True  collision=False  over_limit=False
[097] PASS  time=  1.125s  status=Exact solution     len=  5.991  endpoints_valid=True  collision=False  over_limit=False
[098] PASS  time=  1.047s  status=Exact solution     len=  5.898  endpoints_valid=True  collision=False  over_limit=False
[099] PASS  time=  0.341s  status=Exact solution     len=  3.655  endpoints_valid=True  collision=False  over_limit=False
[100] PASS  time=  1.710s  status=Exact solution     len=  8.092  endpoints_valid=True  collision=False  over_limit=False
[101] PASS  time=  1.078s  status=Exact solution     len=  5.484  endpoints_valid=True  collision=False  over_limit=False
[102] PASS  time=  0.005s  status=Exact solution     len=  0.556  endpoints_valid=True  collision=False  over_limit=False
[103] PASS  time=  0.265s  status=Exact solution     len=  2.325  endpoints_valid=True  collision=False  over_limit=False
[104] PASS  time=  6.782s  status=Exact solution     len=  6.145  endpoints_valid=True  collision=False  over_limit=False
[105] PASS  time=  0.376s  status=Exact solution     len=  5.649  endpoints_valid=True  collision=False  over_limit=False
[106] PASS  time=  2.025s  status=Exact solution     len=  6.848  endpoints_valid=True  collision=False  over_limit=False
[107] PASS  time=  0.200s  status=Exact solution     len=  0.970  endpoints_valid=True  collision=False  over_limit=False
[108] PASS  time=  2.218s  status=Exact solution     len=  5.051  endpoints_valid=True  collision=False  over_limit=False
[109] PASS  time=  2.385s  status=Exact solution     len=  5.751  endpoints_valid=True  collision=False  over_limit=False
[110] PASS  time=  0.059s  status=Exact solution     len=  1.473  endpoints_valid=True  collision=False  over_limit=False
[111] PASS  time=  0.053s  status=Exact solution     len=  0.445  endpoints_valid=True  collision=False  over_limit=False
[112] PASS  time=  2.899s  status=Exact solution     len=  6.359  endpoints_valid=True  collision=False  over_limit=False
[113] PASS  time=  0.148s  status=Exact solution     len=  1.455  endpoints_valid=True  collision=False  over_limit=False
[114] PASS  time=  1.496s  status=Exact solution     len=  5.852  endpoints_valid=True  collision=False  over_limit=False
[115] PASS  time=  2.277s  status=Exact solution     len=  7.742  endpoints_valid=True  collision=False  over_limit=False
[116] PASS  time=  2.022s  status=Exact solution     len=  3.023  endpoints_valid=True  collision=False  over_limit=False
[117] PASS  time=  4.154s  status=Exact solution     len=  9.214  endpoints_valid=True  collision=False  over_limit=False
[118] PASS  time=  0.708s  status=Exact solution     len=  1.533  endpoints_valid=True  collision=False  over_limit=False
[119] PASS  time=  1.450s  status=Exact solution     len=  4.401  endpoints_valid=True  collision=False  over_limit=False
[120] PASS  time=  0.580s  status=Exact solution     len=  4.667  endpoints_valid=True  collision=False  over_limit=False
[121] PASS  time=  1.452s  status=Exact solution     len=  3.719  endpoints_valid=True  collision=False  over_limit=False
[122] PASS  time=  4.629s  status=Exact solution     len= 12.794  endpoints_valid=True  collision=False  over_limit=False
[123] PASS  time=  0.966s  status=Exact solution     len=  5.651  endpoints_valid=True  collision=False  over_limit=False
[124] PASS  time=  0.169s  status=Exact solution     len=  1.079  endpoints_valid=True  collision=False  over_limit=False
[125] PASS  time=  0.709s  status=Exact solution     len=  6.610  endpoints_valid=True  collision=False  over_limit=False
[126] PASS  time=  1.643s  status=Exact solution     len=  5.177  endpoints_valid=True  collision=False  over_limit=False
[127] PASS  time=  2.426s  status=Exact solution     len=  6.346  endpoints_valid=True  collision=False  over_limit=False
[128] PASS  time=  2.065s  status=Exact solution     len=  6.747  endpoints_valid=True  collision=False  over_limit=False
[129] PASS  time=  4.599s  status=Exact solution     len=  8.419  endpoints_valid=True  collision=False  over_limit=False
[130] PASS  time=  0.030s  status=Exact solution     len=  0.513  endpoints_valid=True  collision=False  over_limit=False
[131] PASS  time=  5.373s  status=Exact solution     len= 11.137  endpoints_valid=True  collision=False  over_limit=False
[132] PASS  time=  2.340s  status=Exact solution     len=  4.771  endpoints_valid=True  collision=False  over_limit=False
[133] PASS  time=  0.078s  status=Exact solution     len=  1.458  endpoints_valid=True  collision=False  over_limit=False
[134] PASS  time=  2.648s  status=Exact solution     len=  9.674  endpoints_valid=True  collision=False  over_limit=False
[135] PASS  time=  6.472s  status=Exact solution     len=  7.502  endpoints_valid=True  collision=False  over_limit=False
[136] PASS  time=  0.236s  status=Exact solution     len=  4.422  endpoints_valid=True  collision=False  over_limit=False
[137] PASS  time=  7.948s  status=Exact solution     len=  6.190  endpoints_valid=True  collision=False  over_limit=False
[138] PASS  time=  1.373s  status=Exact solution     len=  4.299  endpoints_valid=True  collision=False  over_limit=False
[139] PASS  time=  2.313s  status=Exact solution     len= 13.468  endpoints_valid=True  collision=False  over_limit=False
[140] PASS  time=  2.796s  status=Exact solution     len=  9.694  endpoints_valid=True  collision=False  over_limit=False
[141] PASS  time=  0.524s  status=Exact solution     len=  4.046  endpoints_valid=True  collision=False  over_limit=False
[142] PASS  time=  3.012s  status=Exact solution     len=  9.848  endpoints_valid=True  collision=False  over_limit=False
[143] PASS  time=  3.375s  status=Exact solution     len= 10.560  endpoints_valid=True  collision=False  over_limit=False
[144] PASS  time=  3.054s  status=Exact solution     len=  7.344  endpoints_valid=True  collision=False  over_limit=False
[145] PASS  time=  0.845s  status=Exact solution     len=  1.492  endpoints_valid=True  collision=False  over_limit=False
[146] PASS  time=  0.345s  status=Exact solution     len=  2.455  endpoints_valid=True  collision=False  over_limit=False
[147] PASS  time=  6.169s  status=Exact solution     len=  4.096  endpoints_valid=True  collision=False  over_limit=False
[148] PASS  time=  0.802s  status=Exact solution     len=  5.564  endpoints_valid=True  collision=False  over_limit=False
[149] PASS  time=  0.336s  status=Exact solution     len=  3.529  endpoints_valid=True  collision=False  over_limit=False
[150] PASS  time=  0.924s  status=Exact solution     len=  3.425  endpoints_valid=True  collision=False  over_limit=False
[151] PASS  time=  4.956s  status=Exact solution     len=  5.765  endpoints_valid=True  collision=False  over_limit=False
[152] PASS  time=  2.659s  status=Exact solution     len=  1.545  endpoints_valid=True  collision=False  over_limit=False
[153] PASS  time=  3.252s  status=Exact solution     len= 10.499  endpoints_valid=True  collision=False  over_limit=False
[154] PASS  time=  3.064s  status=Exact solution     len=  8.536  endpoints_valid=True  collision=False  over_limit=False
[155] PASS  time=  4.794s  status=Exact solution     len=  9.159  endpoints_valid=True  collision=False  over_limit=False
[156] PASS  time=  1.198s  status=Exact solution     len=  3.199  endpoints_valid=True  collision=False  over_limit=False
[157] PASS  time=  2.561s  status=Exact solution     len=  7.974  endpoints_valid=True  collision=False  over_limit=False
[158] PASS  time=  0.470s  status=Exact solution     len=  2.923  endpoints_valid=True  collision=False  over_limit=False
[159] PASS  time=  0.847s  status=Exact solution     len=  4.231  endpoints_valid=True  collision=False  over_limit=False
[160] PASS  time=  0.149s  status=Exact solution     len=  1.597  endpoints_valid=True  collision=False  over_limit=False
[161] PASS  time=  2.152s  status=Exact solution     len=  3.951  endpoints_valid=True  collision=False  over_limit=False
[162] PASS  time=  1.373s  status=Exact solution     len=  6.085  endpoints_valid=True  collision=False  over_limit=False
[163] PASS  time=  2.112s  status=Exact solution     len=  2.649  endpoints_valid=True  collision=False  over_limit=False
[164] PASS  time=  0.721s  status=Exact solution     len=  3.524  endpoints_valid=True  collision=False  over_limit=False
[165] PASS  time=  1.830s  status=Exact solution     len=  8.168  endpoints_valid=True  collision=False  over_limit=False
[166] PASS  time=  2.338s  status=Exact solution     len=  6.528  endpoints_valid=True  collision=False  over_limit=False
[167] PASS  time=  1.204s  status=Exact solution     len=  4.294  endpoints_valid=True  collision=False  over_limit=False
[168] PASS  time=  1.423s  status=Exact solution     len=  9.623  endpoints_valid=True  collision=False  over_limit=False
[169] PASS  time=  0.994s  status=Exact solution     len=  1.920  endpoints_valid=True  collision=False  over_limit=False
[170] PASS  time=  0.816s  status=Exact solution     len=  6.624  endpoints_valid=True  collision=False  over_limit=False
[171] PASS  time=  2.951s  status=Exact solution     len=  5.480  endpoints_valid=True  collision=False  over_limit=False
[172] PASS  time=  2.890s  status=Exact solution     len=  7.929  endpoints_valid=True  collision=False  over_limit=False
[173] PASS  time=  1.058s  status=Exact solution     len=  6.580  endpoints_valid=True  collision=False  over_limit=False
[174] PASS  time=  1.025s  status=Exact solution     len=  3.145  endpoints_valid=True  collision=False  over_limit=False
[175] PASS  time=  0.505s  status=Exact solution     len=  4.912  endpoints_valid=True  collision=False  over_limit=False
[176] PASS  time=  4.862s  status=Exact solution     len=  5.721  endpoints_valid=True  collision=False  over_limit=False
[177] PASS  time=  1.461s  status=Exact solution     len=  4.859  endpoints_valid=True  collision=False  over_limit=False
[178] PASS  time=  1.679s  status=Exact solution     len=  5.606  endpoints_valid=True  collision=False  over_limit=False
[179] PASS  time=  3.404s  status=Exact solution     len=  5.061  endpoints_valid=True  collision=False  over_limit=False
[180] PASS  time=  1.652s  status=Exact solution     len=  5.619  endpoints_valid=True  collision=False  over_limit=False
[181] PASS  time=  3.677s  status=Exact solution     len=  7.299  endpoints_valid=True  collision=False  over_limit=False
[182] PASS  time=  2.484s  status=Exact solution     len=  4.775  endpoints_valid=True  collision=False  over_limit=False
[183] PASS  time=  5.030s  status=Exact solution     len=  7.537  endpoints_valid=True  collision=False  over_limit=False
[184] PASS  time=  0.523s  status=Exact solution     len=  0.878  endpoints_valid=True  collision=False  over_limit=False
[185] PASS  time=  1.821s  status=Exact solution     len=  8.218  endpoints_valid=True  collision=False  over_limit=False
[186] PASS  time=  1.587s  status=Exact solution     len=  4.950  endpoints_valid=True  collision=False  over_limit=False
[187] PASS  time=  1.340s  status=Exact solution     len=  9.342  endpoints_valid=True  collision=False  over_limit=False
[188] PASS  time=  2.095s  status=Exact solution     len=  5.513  endpoints_valid=True  collision=False  over_limit=False
[189] PASS  time=  1.563s  status=Exact solution     len=  6.986  endpoints_valid=True  collision=False  over_limit=False
[190] PASS  time=  1.975s  status=Exact solution     len= 12.497  endpoints_valid=True  collision=False  over_limit=False
[191] PASS  time=  4.898s  status=Exact solution     len=  9.047  endpoints_valid=True  collision=False  over_limit=False
[192] PASS  time=  3.420s  status=Exact solution     len= 11.457  endpoints_valid=True  collision=False  over_limit=False
[193] PASS  time=  2.432s  status=Exact solution     len=  4.267  endpoints_valid=True  collision=False  over_limit=False
[194] PASS  time=  3.886s  status=Exact solution     len= 11.427  endpoints_valid=True  collision=False  over_limit=False
[195] PASS  time=  4.390s  status=Exact solution     len= 12.292  endpoints_valid=True  collision=False  over_limit=False
[196] PASS  time=  2.785s  status=Exact solution     len=  5.973  endpoints_valid=True  collision=False  over_limit=False
[197] PASS  time=  1.660s  status=Exact solution     len=  5.228  endpoints_valid=True  collision=False  over_limit=False
[198] PASS  time=  6.432s  status=Exact solution     len=  4.516  endpoints_valid=True  collision=False  over_limit=False
[199] PASS  time=  2.924s  status=Exact solution     len= 12.140  endpoints_valid=True  collision=False  over_limit=False
[200] PASS  time=  2.872s  status=Exact solution     len=  7.989  endpoints_valid=True  collision=False  over_limit=False
[201] PASS  time=  3.973s  status=Exact solution     len=  7.562  endpoints_valid=True  collision=False  over_limit=False
[202] PASS  time=  1.044s  status=Exact solution     len=  1.533  endpoints_valid=True  collision=False  over_limit=False
[203] PASS  time=  2.745s  status=Exact solution     len=  8.655  endpoints_valid=True  collision=False  over_limit=False
[204] PASS  time=  2.765s  status=Exact solution     len=  8.116  endpoints_valid=True  collision=False  over_limit=False
[205] PASS  time=  0.410s  status=Exact solution     len=  4.222  endpoints_valid=True  collision=False  over_limit=False
[206] PASS  time=  3.399s  status=Exact solution     len=  8.731  endpoints_valid=True  collision=False  over_limit=False
[207] PASS  time=  1.624s  status=Exact solution     len=  2.648  endpoints_valid=True  collision=False  over_limit=False
[208] PASS  time=  2.325s  status=Exact solution     len=  5.144  endpoints_valid=True  collision=False  over_limit=False
[209] PASS  time=  0.600s  status=Exact solution     len=  1.920  endpoints_valid=True  collision=False  over_limit=False
[210] PASS  time=  4.886s  status=Exact solution     len=  6.386  endpoints_valid=True  collision=False  over_limit=False
[211] PASS  time=  3.332s  status=Exact solution     len=  6.572  endpoints_valid=True  collision=False  over_limit=False
[212] PASS  time=  1.711s  status=Exact solution     len=  6.844  endpoints_valid=True  collision=False  over_limit=False
[213] PASS  time=  4.285s  status=Exact solution     len= 14.861  endpoints_valid=True  collision=False  over_limit=False
[214] PASS  time=  1.456s  status=Exact solution     len=  4.086  endpoints_valid=True  collision=False  over_limit=False
[215] PASS  time=  5.115s  status=Exact solution     len=  5.231  endpoints_valid=True  collision=False  over_limit=False
[216] PASS  time=  2.401s  status=Exact solution     len=  3.064  endpoints_valid=True  collision=False  over_limit=False
[217] PASS  time=  0.876s  status=Exact solution     len=  5.187  endpoints_valid=True  collision=False  over_limit=False
[218] PASS  time=  4.176s  status=Exact solution     len=  6.438  endpoints_valid=True  collision=False  over_limit=False
[219] PASS  time=  4.947s  status=Exact solution     len=  4.922  endpoints_valid=True  collision=False  over_limit=False
[220] PASS  time=  2.847s  status=Exact solution     len=  9.866  endpoints_valid=True  collision=False  over_limit=False
[221] PASS  time=  3.506s  status=Exact solution     len=  4.590  endpoints_valid=True  collision=False  over_limit=False
[222] PASS  time=  0.920s  status=Exact solution     len=  1.645  endpoints_valid=True  collision=False  over_limit=False
[223] PASS  time=  2.734s  status=Exact solution     len=  3.663  endpoints_valid=True  collision=False  over_limit=False
[224] PASS  time=  3.075s  status=Exact solution     len=  5.430  endpoints_valid=True  collision=False  over_limit=False
[225] PASS  time=  2.766s  status=Exact solution     len=  4.235  endpoints_valid=True  collision=False  over_limit=False
[226] PASS  time=  2.928s  status=Exact solution     len=  9.628  endpoints_valid=True  collision=False  over_limit=False
[227] PASS  time=  1.674s  status=Exact solution     len=  5.088  endpoints_valid=True  collision=False  over_limit=False
[228] PASS  time=  3.168s  status=Exact solution     len=  4.485  endpoints_valid=True  collision=False  over_limit=False
[229] PASS  time=  3.159s  status=Exact solution     len=  6.865  endpoints_valid=True  collision=False  over_limit=False
[230] PASS  time=  2.216s  status=Exact solution     len=  5.996  endpoints_valid=True  collision=False  over_limit=False
[231] PASS  time=  4.033s  status=Exact solution     len=  2.513  endpoints_valid=True  collision=False  over_limit=False
[232] PASS  time=  3.735s  status=Exact solution     len=  5.668  endpoints_valid=True  collision=False  over_limit=False
[233] PASS  time=  1.479s  status=Exact solution     len=  6.822  endpoints_valid=True  collision=False  over_limit=False
[234] PASS  time=  0.766s  status=Exact solution     len=  1.844  endpoints_valid=True  collision=False  over_limit=False
[235] PASS  time=  2.525s  status=Exact solution     len=  3.048  endpoints_valid=True  collision=False  over_limit=False
[236] PASS  time=  4.826s  status=Exact solution     len=  8.337  endpoints_valid=True  collision=False  over_limit=False
[237] PASS  time=  0.585s  status=Exact solution     len=  2.171  endpoints_valid=True  collision=False  over_limit=False
[238] PASS  time=  3.515s  status=Exact solution     len=  2.578  endpoints_valid=True  collision=False  over_limit=False
[239] PASS  time=  0.897s  status=Exact solution     len=  2.121  endpoints_valid=True  collision=False  over_limit=False
[240] PASS  time=  3.104s  status=Exact solution     len= 11.728  endpoints_valid=True  collision=False  over_limit=False
[241] PASS  time=  2.175s  status=Exact solution     len=  7.973  endpoints_valid=True  collision=False  over_limit=False
[242] PASS  time=  1.972s  status=Exact solution     len=  4.391  endpoints_valid=True  collision=False  over_limit=False
[243] PASS  time=  4.644s  status=Exact solution     len=  2.202  endpoints_valid=True  collision=False  over_limit=False
[244] PASS  time=  0.292s  status=Exact solution     len=  1.040  endpoints_valid=True  collision=False  over_limit=False
[245] PASS  time=  6.896s  status=Exact solution     len=  8.413  endpoints_valid=True  collision=False  over_limit=False
[246] PASS  time=  9.377s  status=Exact solution     len=  2.878  endpoints_valid=True  collision=False  over_limit=False
[247] PASS  time=  1.724s  status=Exact solution     len=  5.337  endpoints_valid=True  collision=False  over_limit=False
[248] PASS  time=  1.357s  status=Exact solution     len=  8.125  endpoints_valid=True  collision=False  over_limit=False
[249] PASS  time=  7.845s  status=Exact solution     len=  6.341  endpoints_valid=True  collision=False  over_limit=False
[250] PASS  time=  2.183s  status=Exact solution     len=  5.306  endpoints_valid=True  collision=False  over_limit=False
[251] PASS  time=  0.606s  status=Exact solution     len=  4.953  endpoints_valid=True  collision=False  over_limit=False
[252] PASS  time=  4.123s  status=Exact solution     len=  2.619  endpoints_valid=True  collision=False  over_limit=False
[253] PASS  time=  3.445s  status=Exact solution     len=  4.064  endpoints_valid=True  collision=False  over_limit=False
[254] PASS  time=  3.770s  status=Exact solution     len=  7.787  endpoints_valid=True  collision=False  over_limit=False
[255] PASS  time=  0.063s  status=Exact solution     len=  0.555  endpoints_valid=True  collision=False  over_limit=False
[256] PASS  time=  3.251s  status=Exact solution     len=  6.464  endpoints_valid=True  collision=False  over_limit=False
[257] PASS  time=  5.263s  status=Exact solution     len=  2.115  endpoints_valid=True  collision=False  over_limit=False
[258] PASS  time=  1.517s  status=Exact solution     len=  4.003  endpoints_valid=True  collision=False  over_limit=False
[259] PASS  time=  0.502s  status=Exact solution     len=  2.521  endpoints_valid=True  collision=False  over_limit=False
[260] PASS  time=  2.141s  status=Exact solution     len=  9.776  endpoints_valid=True  collision=False  over_limit=False
[261] PASS  time=  2.676s  status=Exact solution     len= 11.487  endpoints_valid=True  collision=False  over_limit=False
[262] PASS  time=  2.734s  status=Exact solution     len=  5.966  endpoints_valid=True  collision=False  over_limit=False
[263] PASS  time=  2.451s  status=Exact solution     len=  5.344  endpoints_valid=True  collision=False  over_limit=False
[264] PASS  time=  2.788s  status=Exact solution     len=  6.088  endpoints_valid=True  collision=False  over_limit=False
[265] PASS  time=  5.826s  status=Exact solution     len=  3.365  endpoints_valid=True  collision=False  over_limit=False
[266] PASS  time=  3.576s  status=Exact solution     len=  8.192  endpoints_valid=True  collision=False  over_limit=False
[267] PASS  time=  0.006s  status=Exact solution     len=  0.561  endpoints_valid=True  collision=False  over_limit=False
[268] PASS  time=  4.053s  status=Exact solution     len=  8.978  endpoints_valid=True  collision=False  over_limit=False
[269] PASS  time=  1.971s  status=Exact solution     len=  5.525  endpoints_valid=True  collision=False  over_limit=False
[270] PASS  time=  8.134s  status=Exact solution     len=  3.523  endpoints_valid=True  collision=False  over_limit=False
[271] PASS  time=  2.816s  status=Exact solution     len= 12.485  endpoints_valid=True  collision=False  over_limit=False
[272] PASS  time=  1.361s  status=Exact solution     len=  3.891  endpoints_valid=True  collision=False  over_limit=False
[273] PASS  time=  2.880s  status=Exact solution     len=  8.266  endpoints_valid=True  collision=False  over_limit=False
[274] PASS  time=  0.874s  status=Exact solution     len=  4.715  endpoints_valid=True  collision=False  over_limit=False
[275] PASS  time=  4.734s  status=Exact solution     len=  7.990  endpoints_valid=True  collision=False  over_limit=False
[276] PASS  time=  4.160s  status=Exact solution     len=  4.093  endpoints_valid=True  collision=False  over_limit=False
[277] PASS  time=  4.347s  status=Exact solution     len= 20.214  endpoints_valid=True  collision=False  over_limit=False
[278] PASS  time=  3.152s  status=Exact solution     len=  8.267  endpoints_valid=True  collision=False  over_limit=False
[279] PASS  time=  3.800s  status=Exact solution     len=  9.957  endpoints_valid=True  collision=False  over_limit=False
[280] PASS  time=  0.009s  status=Exact solution     len=  0.314  endpoints_valid=True  collision=False  over_limit=False
[281] PASS  time=  3.282s  status=Exact solution     len=  5.944  endpoints_valid=True  collision=False  over_limit=False
[282] PASS  time=  0.649s  status=Exact solution     len=  5.151  endpoints_valid=True  collision=False  over_limit=False
[283] PASS  time=  1.181s  status=Exact solution     len=  2.243  endpoints_valid=True  collision=False  over_limit=False
[284] PASS  time=  0.908s  status=Exact solution     len=  7.449  endpoints_valid=True  collision=False  over_limit=False
[285] PASS  time=  7.454s  status=Exact solution     len=  5.112  endpoints_valid=True  collision=False  over_limit=False
[286] PASS  time=  2.868s  status=Exact solution     len=  7.865  endpoints_valid=True  collision=False  over_limit=False
[287] PASS  time=  0.293s  status=Exact solution     len=  1.573  endpoints_valid=True  collision=False  over_limit=False
[288] PASS  time=  2.599s  status=Exact solution     len=  6.882  endpoints_valid=True  collision=False  over_limit=False
[289] PASS  time=  2.182s  status=Exact solution     len=  6.649  endpoints_valid=True  collision=False  over_limit=False
[290] PASS  time=  2.454s  status=Exact solution     len=  4.807  endpoints_valid=True  collision=False  over_limit=False
[291] PASS  time=  3.343s  status=Exact solution     len=  9.509  endpoints_valid=True  collision=False  over_limit=False
[292] PASS  time=  2.037s  status=Exact solution     len=  7.927  endpoints_valid=True  collision=False  over_limit=False
[293] PASS  time=  7.338s  status=Exact solution     len=  8.505  endpoints_valid=True  collision=False  over_limit=False
[294] PASS  time=  3.505s  status=Exact solution     len= 10.261  endpoints_valid=True  collision=False  over_limit=False
[295] PASS  time=  1.507s  status=Exact solution     len=  6.039  endpoints_valid=True  collision=False  over_limit=False
[296] PASS  time=  1.028s  status=Exact solution     len=  1.049  endpoints_valid=True  collision=False  over_limit=False
[297] PASS  time=  1.704s  status=Exact solution     len=  3.616  endpoints_valid=True  collision=False  over_limit=False
[298] PASS  time=  1.609s  status=Exact solution     len=  5.470  endpoints_valid=True  collision=False  over_limit=False
[299] PASS  time=  3.990s  status=Exact solution     len=  8.702  endpoints_valid=True  collision=False  over_limit=False
[300] PASS  time=  4.975s  status=Exact solution     len=  5.958  endpoints_valid=True  collision=False  over_limit=False
[301] PASS  time=  4.653s  status=Exact solution     len=  7.710  endpoints_valid=True  collision=False  over_limit=False
[302] PASS  time=  2.213s  status=Exact solution     len=  6.688  endpoints_valid=True  collision=False  over_limit=False
[303] PASS  time=  5.141s  status=Exact solution     len=  7.261  endpoints_valid=True  collision=False  over_limit=False
[304] PASS  time=  0.084s  status=Exact solution     len=  1.128  endpoints_valid=True  collision=False  over_limit=False
[305] PASS  time=  1.943s  status=Exact solution     len=  8.468  endpoints_valid=True  collision=False  over_limit=False
[306] PASS  time=  2.594s  status=Exact solution     len=  5.821  endpoints_valid=True  collision=False  over_limit=False
[307] PASS  time=  3.517s  status=Exact solution     len=  4.818  endpoints_valid=True  collision=False  over_limit=False
[308] PASS  time=  2.724s  status=Exact solution     len= 10.913  endpoints_valid=True  collision=False  over_limit=False
[309] PASS  time=  2.660s  status=Exact solution     len=  9.487  endpoints_valid=True  collision=False  over_limit=False
[310] PASS  time=  1.646s  status=Exact solution     len=  6.853  endpoints_valid=True  collision=False  over_limit=False
[311] PASS  time=  1.070s  status=Exact solution     len=  5.113  endpoints_valid=True  collision=False  over_limit=False
[312] PASS  time=  2.187s  status=Exact solution     len=  6.425  endpoints_valid=True  collision=False  over_limit=False
[313] PASS  time=  5.432s  status=Exact solution     len= 16.544  endpoints_valid=True  collision=False  over_limit=False
[314] PASS  time=  4.074s  status=Exact solution     len=  6.049  endpoints_valid=True  collision=False  over_limit=False
[315] PASS  time=  4.994s  status=Exact solution     len=  9.436  endpoints_valid=True  collision=False  over_limit=False
[316] PASS  time=  6.801s  status=Exact solution     len=  2.422  endpoints_valid=True  collision=False  over_limit=False
[317] PASS  time=  2.451s  status=Exact solution     len=  9.005  endpoints_valid=True  collision=False  over_limit=False
[318] PASS  time=  2.025s  status=Exact solution     len=  4.669  endpoints_valid=True  collision=False  over_limit=False
[319] PASS  time=  3.639s  status=Exact solution     len= 13.125  endpoints_valid=True  collision=False  over_limit=False
[320] PASS  time=  4.257s  status=Exact solution     len=  6.878  endpoints_valid=True  collision=False  over_limit=False
[321] PASS  time=  0.996s  status=Exact solution     len=  4.650  endpoints_valid=True  collision=False  over_limit=False
[322] PASS  time=  4.807s  status=Exact solution     len= 11.634  endpoints_valid=True  collision=False  over_limit=False
[323] PASS  time=  1.848s  status=Exact solution     len= 11.017  endpoints_valid=True  collision=False  over_limit=False
[324] PASS  time=  0.893s  status=Exact solution     len=  7.320  endpoints_valid=True  collision=False  over_limit=False
[325] PASS  time=  3.247s  status=Exact solution     len=  2.567  endpoints_valid=True  collision=False  over_limit=False
[326] PASS  time=  8.167s  status=Exact solution     len=  6.192  endpoints_valid=True  collision=False  over_limit=False
[327] PASS  time=  2.034s  status=Exact solution     len=  7.730  endpoints_valid=True  collision=False  over_limit=False
[328] PASS  time=  5.410s  status=Exact solution     len=  5.141  endpoints_valid=True  collision=False  over_limit=False
[329] PASS  time=  1.552s  status=Exact solution     len=  4.897  endpoints_valid=True  collision=False  over_limit=False
[330] PASS  time=  5.909s  status=Exact solution     len=  6.380  endpoints_valid=True  collision=False  over_limit=False
[331] PASS  time=  1.583s  status=Exact solution     len=  5.447  endpoints_valid=True  collision=False  over_limit=False
[332] PASS  time=  1.455s  status=Exact solution     len=  5.338  endpoints_valid=True  collision=False  over_limit=False
[333] PASS  time=  1.989s  status=Exact solution     len=  4.171  endpoints_valid=True  collision=False  over_limit=False
[334] PASS  time=  5.113s  status=Exact solution     len=  6.891  endpoints_valid=True  collision=False  over_limit=False
[335] PASS  time=  4.971s  status=Exact solution     len=  6.103  endpoints_valid=True  collision=False  over_limit=False
[336] PASS  time=  1.083s  status=Exact solution     len=  2.972  endpoints_valid=True  collision=False  over_limit=False
[337] PASS  time= 14.003s  status=Exact solution     len=  4.097  endpoints_valid=True  collision=False  over_limit=False
[338] PASS  time=  2.880s  status=Exact solution     len=  6.099  endpoints_valid=True  collision=False  over_limit=False
[339] PASS  time=  0.948s  status=Exact solution     len=  2.718  endpoints_valid=True  collision=False  over_limit=False
[340] PASS  time=  2.174s  status=Exact solution     len=  9.854  endpoints_valid=True  collision=False  over_limit=False
[341] PASS  time=  4.802s  status=Exact solution     len= 10.446  endpoints_valid=True  collision=False  over_limit=False
[342] PASS  time=  0.443s  status=Exact solution     len=  1.145  endpoints_valid=True  collision=False  over_limit=False
[343] PASS  time=  1.011s  status=Exact solution     len=  0.981  endpoints_valid=True  collision=False  over_limit=False
[344] PASS  time=  3.063s  status=Exact solution     len=  4.077  endpoints_valid=True  collision=False  over_limit=False
[345] PASS  time=  1.260s  status=Exact solution     len=  5.349  endpoints_valid=True  collision=False  over_limit=False
[346] PASS  time=  5.186s  status=Exact solution     len=  7.196  endpoints_valid=True  collision=False  over_limit=False
[347] PASS  time=  1.808s  status=Exact solution     len=  8.212  endpoints_valid=True  collision=False  over_limit=False
[348] PASS  time= 14.138s  status=Exact solution     len=  3.476  endpoints_valid=True  collision=False  over_limit=False
[349] PASS  time=  1.649s  status=Exact solution     len=  6.456  endpoints_valid=True  collision=False  over_limit=False
[350] PASS  time=  3.348s  status=Exact solution     len=  7.705  endpoints_valid=True  collision=False  over_limit=False
[351] PASS  time=  6.237s  status=Exact solution     len=  6.112  endpoints_valid=True  collision=False  over_limit=False
[352] PASS  time=  1.023s  status=Exact solution     len=  1.390  endpoints_valid=True  collision=False  over_limit=False
[353] PASS  time=  3.613s  status=Exact solution     len=  5.101  endpoints_valid=True  collision=False  over_limit=False
[354] PASS  time=  2.786s  status=Exact solution     len=  6.448  endpoints_valid=True  collision=False  over_limit=False
[355] PASS  time=  2.799s  status=Exact solution     len=  4.433  endpoints_valid=True  collision=False  over_limit=False
[356] PASS  time=  1.787s  status=Exact solution     len=  6.138  endpoints_valid=True  collision=False  over_limit=False
[357] PASS  time=  3.300s  status=Exact solution     len= 12.221  endpoints_valid=True  collision=False  over_limit=False
[358] PASS  time=  1.125s  status=Exact solution     len=  3.713  endpoints_valid=True  collision=False  over_limit=False
[359] PASS  time=  3.947s  status=Exact solution     len=  9.568  endpoints_valid=True  collision=False  over_limit=False
[360] PASS  time=  1.946s  status=Exact solution     len=  5.697  endpoints_valid=True  collision=False  over_limit=False
[361] PASS  time=  0.010s  status=Exact solution     len=  0.549  endpoints_valid=True  collision=False  over_limit=False
[362] PASS  time=  1.822s  status=Exact solution     len=  7.265  endpoints_valid=True  collision=False  over_limit=False
[363] PASS  time=  1.719s  status=Exact solution     len=  4.545  endpoints_valid=True  collision=False  over_limit=False
[364] PASS  time=  3.590s  status=Exact solution     len= 12.388  endpoints_valid=True  collision=False  over_limit=False
[365] PASS  time=  0.781s  status=Exact solution     len=  3.952  endpoints_valid=True  collision=False  over_limit=False
[366] PASS  time=  2.796s  status=Exact solution     len=  4.881  endpoints_valid=True  collision=False  over_limit=False
[367] PASS  time=  2.553s  status=Exact solution     len=  8.353  endpoints_valid=True  collision=False  over_limit=False
[368] PASS  time=  6.302s  status=Exact solution     len=  6.271  endpoints_valid=True  collision=False  over_limit=False
[369] PASS  time=  4.004s  status=Exact solution     len= 10.064  endpoints_valid=True  collision=False  over_limit=False
[370] PASS  time=  2.194s  status=Exact solution     len=  8.784  endpoints_valid=True  collision=False  over_limit=False
[371] PASS  time=  0.428s  status=Exact solution     len=  3.064  endpoints_valid=True  collision=False  over_limit=False
[372] PASS  time=  0.077s  status=Exact solution     len=  1.150  endpoints_valid=True  collision=False  over_limit=False
[373] PASS  time=  1.293s  status=Exact solution     len=  2.371  endpoints_valid=True  collision=False  over_limit=False
[374] PASS  time=  7.485s  status=Exact solution     len=  4.742  endpoints_valid=True  collision=False  over_limit=False
[375] PASS  time=  1.506s  status=Exact solution     len=  6.405  endpoints_valid=True  collision=False  over_limit=False
[376] PASS  time=  0.274s  status=Exact solution     len=  3.302  endpoints_valid=True  collision=False  over_limit=False
[377] PASS  time=  5.409s  status=Exact solution     len=  6.251  endpoints_valid=True  collision=False  over_limit=False
[378] PASS  time=  1.047s  status=Exact solution     len=  2.295  endpoints_valid=True  collision=False  over_limit=False
[379] PASS  time=  1.436s  status=Exact solution     len=  8.587  endpoints_valid=True  collision=False  over_limit=False
[380] PASS  time=  1.104s  status=Exact solution     len=  3.192  endpoints_valid=True  collision=False  over_limit=False
[381] PASS  time=  1.128s  status=Exact solution     len=  2.616  endpoints_valid=True  collision=False  over_limit=False
[382] PASS  time=  2.403s  status=Exact solution     len=  7.596  endpoints_valid=True  collision=False  over_limit=False
[383] PASS  time=  1.145s  status=Exact solution     len=  2.720  endpoints_valid=True  collision=False  over_limit=False
[384] PASS  time=  0.041s  status=Exact solution     len=  0.601  endpoints_valid=True  collision=False  over_limit=False
[385] PASS  time=  2.076s  status=Exact solution     len=  3.206  endpoints_valid=True  collision=False  over_limit=False
[386] PASS  time=  7.279s  status=Exact solution     len=  6.684  endpoints_valid=True  collision=False  over_limit=False
[387] PASS  time=  0.035s  status=Exact solution     len=  0.322  endpoints_valid=True  collision=False  over_limit=False
[388] PASS  time=  2.395s  status=Exact solution     len=  6.352  endpoints_valid=True  collision=False  over_limit=False
[389] PASS  time=  2.357s  status=Exact solution     len=  7.363  endpoints_valid=True  collision=False  over_limit=False
[390] PASS  time=  3.579s  status=Exact solution     len=  3.714  endpoints_valid=True  collision=False  over_limit=False
[391] PASS  time=  0.761s  status=Exact solution     len=  4.084  endpoints_valid=True  collision=False  over_limit=False
[392] PASS  time=  1.937s  status=Exact solution     len=  3.588  endpoints_valid=True  collision=False  over_limit=False
[393] PASS  time=  5.797s  status=Exact solution     len=  8.349  endpoints_valid=True  collision=False  over_limit=False
[394] PASS  time=  0.799s  status=Exact solution     len=  4.774  endpoints_valid=True  collision=False  over_limit=False
[395] PASS  time=  2.594s  status=Exact solution     len=  6.962  endpoints_valid=True  collision=False  over_limit=False
[396] PASS  time=  2.402s  status=Exact solution     len=  1.608  endpoints_valid=True  collision=False  over_limit=False
[397] PASS  time=  0.921s  status=Exact solution     len=  2.166  endpoints_valid=True  collision=False  over_limit=False
[398] PASS  time=  3.502s  status=Exact solution     len=  5.664  endpoints_valid=True  collision=False  over_limit=False
[399] PASS  time=  5.402s  status=Exact solution     len=  5.323  endpoints_valid=True  collision=False  over_limit=False
[400] PASS  time=  1.882s  status=Exact solution     len=  3.902  endpoints_valid=True  collision=False  over_limit=False
[401] PASS  time=  3.875s  status=Exact solution     len=  4.588  endpoints_valid=True  collision=False  over_limit=False
[402] PASS  time=  0.050s  status=Exact solution     len=  1.530  endpoints_valid=True  collision=False  over_limit=False
[403] PASS  time=  2.920s  status=Exact solution     len=  3.994  endpoints_valid=True  collision=False  over_limit=False
[404] PASS  time=  5.394s  status=Exact solution     len= 17.580  endpoints_valid=True  collision=False  over_limit=False
[405] PASS  time= 26.150s  status=Exact solution     len=  3.153  endpoints_valid=True  collision=False  over_limit=False
[406] PASS  time=  4.029s  status=Exact solution     len=  7.489  endpoints_valid=True  collision=False  over_limit=False
[407] PASS  time=  5.467s  status=Exact solution     len=  3.777  endpoints_valid=True  collision=False  over_limit=False
[408] PASS  time=  0.184s  status=Exact solution     len=  1.110  endpoints_valid=True  collision=False  over_limit=False
[409] PASS  time=  1.878s  status=Exact solution     len=  4.841  endpoints_valid=True  collision=False  over_limit=False
[410] PASS  time=  1.297s  status=Exact solution     len=  3.163  endpoints_valid=True  collision=False  over_limit=False
[411] PASS  time=  0.870s  status=Exact solution     len=  4.254  endpoints_valid=True  collision=False  over_limit=False
[412] PASS  time=  0.022s  status=Exact solution     len=  0.535  endpoints_valid=True  collision=False  over_limit=False
[413] PASS  time=  8.597s  status=Exact solution     len= 10.080  endpoints_valid=True  collision=False  over_limit=False
[414] PASS  time=  4.474s  status=Exact solution     len=  8.857  endpoints_valid=True  collision=False  over_limit=False
[415] PASS  time=  4.367s  status=Exact solution     len= 10.887  endpoints_valid=True  collision=False  over_limit=False
[416] PASS  time=  5.970s  status=Exact solution     len=  5.649  endpoints_valid=True  collision=False  over_limit=False
[417] PASS  time=  4.552s  status=Exact solution     len= 10.476  endpoints_valid=True  collision=False  over_limit=False
[418] PASS  time=  3.470s  status=Exact solution     len=  6.001  endpoints_valid=True  collision=False  over_limit=False
[419] PASS  time=  5.305s  status=Exact solution     len= 10.471  endpoints_valid=True  collision=False  over_limit=False
[420] PASS  time=  8.296s  status=Exact solution     len= 11.264  endpoints_valid=True  collision=False  over_limit=False
[421] PASS  time=  0.080s  status=Exact solution     len=  1.001  endpoints_valid=True  collision=False  over_limit=False
[422] PASS  time=  0.764s  status=Exact solution     len=  3.868  endpoints_valid=True  collision=False  over_limit=False
[423] PASS  time=  1.481s  status=Exact solution     len=  2.620  endpoints_valid=True  collision=False  over_limit=False
[424] PASS  time=  5.015s  status=Exact solution     len=  8.460  endpoints_valid=True  collision=False  over_limit=False
[425] PASS  time=  2.763s  status=Exact solution     len=  4.132  endpoints_valid=True  collision=False  over_limit=False
[426] PASS  time=  1.427s  status=Exact solution     len=  3.080  endpoints_valid=True  collision=False  over_limit=False
[427] PASS  time=  0.253s  status=Exact solution     len=  1.755  endpoints_valid=True  collision=False  over_limit=False
[428] PASS  time=  4.178s  status=Exact solution     len=  5.336  endpoints_valid=True  collision=False  over_limit=False
[429] PASS  time=  4.253s  status=Exact solution     len=  8.549  endpoints_valid=True  collision=False  over_limit=False
[430] PASS  time=  4.368s  status=Exact solution     len=  7.699  endpoints_valid=True  collision=False  over_limit=False
[431] PASS  time=  1.341s  status=Exact solution     len=  3.038  endpoints_valid=True  collision=False  over_limit=False
[432] PASS  time=  8.865s  status=Exact solution     len=  1.414  endpoints_valid=True  collision=False  over_limit=False
[433] PASS  time=  6.241s  status=Exact solution     len=  6.439  endpoints_valid=True  collision=False  over_limit=False
[434] PASS  time=  8.609s  status=Exact solution     len= 10.547  endpoints_valid=True  collision=False  over_limit=False
[435] PASS  time=  2.266s  status=Exact solution     len=  9.569  endpoints_valid=True  collision=False  over_limit=False
[436] PASS  time=  6.532s  status=Exact solution     len=  7.258  endpoints_valid=True  collision=False  over_limit=False
[437] PASS  time= 11.246s  status=Exact solution     len=  4.921  endpoints_valid=True  collision=False  over_limit=False
[438] PASS  time=  7.173s  status=Exact solution     len=  7.893  endpoints_valid=True  collision=False  over_limit=False
[439] PASS  time=  8.979s  status=Exact solution     len=  4.588  endpoints_valid=True  collision=False  over_limit=False
[440] PASS  time= 21.573s  status=Exact solution     len=  4.041  endpoints_valid=True  collision=False  over_limit=False
[441] PASS  time=  2.108s  status=Exact solution     len=  3.575  endpoints_valid=True  collision=False  over_limit=False
[442] PASS  time=  3.175s  status=Exact solution     len=  5.601  endpoints_valid=True  collision=False  over_limit=False
[443] PASS  time=  2.322s  status=Exact solution     len=  4.116  endpoints_valid=True  collision=False  over_limit=False
[444] PASS  time=  7.190s  status=Exact solution     len= 12.896  endpoints_valid=True  collision=False  over_limit=False
[445] PASS  time=  3.456s  status=Exact solution     len= 13.442  endpoints_valid=True  collision=False  over_limit=False
[446] PASS  time=  1.449s  status=Exact solution     len=  3.926  endpoints_valid=True  collision=False  over_limit=False
[447] PASS  time= 13.244s  status=Exact solution     len=  4.381  endpoints_valid=True  collision=False  over_limit=False
[448] PASS  time=  2.623s  status=Exact solution     len=  4.872  endpoints_valid=True  collision=False  over_limit=False
[449] PASS  time=  3.914s  status=Exact solution     len= 14.205  endpoints_valid=True  collision=False  over_limit=False
[450] PASS  time=  0.381s  status=Exact solution     len=  2.117  endpoints_valid=True  collision=False  over_limit=False
[451] PASS  time=  4.512s  status=Exact solution     len=  9.762  endpoints_valid=True  collision=False  over_limit=False
[452] PASS  time= 11.228s  status=Exact solution     len=  8.110  endpoints_valid=True  collision=False  over_limit=False
[453] PASS  time=  2.332s  status=Exact solution     len=  5.350  endpoints_valid=True  collision=False  over_limit=False
[454] PASS  time=  5.568s  status=Exact solution     len=  2.536  endpoints_valid=True  collision=False  over_limit=False
[455] PASS  time=  3.289s  status=Exact solution     len=  3.337  endpoints_valid=True  collision=False  over_limit=False
[456] PASS  time=  3.980s  status=Exact solution     len=  8.431  endpoints_valid=True  collision=False  over_limit=False
[457] PASS  time=  1.292s  status=Exact solution     len=  7.345  endpoints_valid=True  collision=False  over_limit=False
[458] PASS  time=  6.002s  status=Exact solution     len=  8.893  endpoints_valid=True  collision=False  over_limit=False
[459] PASS  time= 14.450s  status=Exact solution     len=  6.828  endpoints_valid=True  collision=False  over_limit=False
[460] PASS  time=  2.701s  status=Exact solution     len=  3.260  endpoints_valid=True  collision=False  over_limit=False
[461] PASS  time=  1.292s  status=Exact solution     len=  5.575  endpoints_valid=True  collision=False  over_limit=False
[462] PASS  time=  1.121s  status=Exact solution     len=  4.721  endpoints_valid=True  collision=False  over_limit=False
[463] PASS  time=  2.253s  status=Exact solution     len=  8.298  endpoints_valid=True  collision=False  over_limit=False
[464] PASS  time= 11.765s  status=Exact solution     len=  5.223  endpoints_valid=True  collision=False  over_limit=False
[465] PASS  time= 20.772s  status=Exact solution     len=  4.344  endpoints_valid=True  collision=False  over_limit=False
[466] PASS  time=  4.064s  status=Exact solution     len=  3.627  endpoints_valid=True  collision=False  over_limit=False
[467] PASS  time=  2.273s  status=Exact solution     len=  4.365  endpoints_valid=True  collision=False  over_limit=False
[468] PASS  time=  3.630s  status=Exact solution     len=  3.051  endpoints_valid=True  collision=False  over_limit=False
[469] PASS  time=  4.393s  status=Exact solution     len=  7.120  endpoints_valid=True  collision=False  over_limit=False
[470] PASS  time=  7.020s  status=Exact solution     len=  8.187  endpoints_valid=True  collision=False  over_limit=False
[471] PASS  time= 12.549s  status=Exact solution     len=  9.051  endpoints_valid=True  collision=False  over_limit=False
[472] PASS  time=  4.256s  status=Exact solution     len=  6.614  endpoints_valid=True  collision=False  over_limit=False
[473] PASS  time=  2.757s  status=Exact solution     len=  2.938  endpoints_valid=True  collision=False  over_limit=False
[474] PASS  time=  5.532s  status=Exact solution     len=  7.228  endpoints_valid=True  collision=False  over_limit=False
[475] PASS  time=  3.807s  status=Exact solution     len=  6.826  endpoints_valid=True  collision=False  over_limit=False
[476] PASS  time=  1.099s  status=Exact solution     len=  4.659  endpoints_valid=True  collision=False  over_limit=False
[477] PASS  time=  0.474s  status=Exact solution     len=  2.975  endpoints_valid=True  collision=False  over_limit=False
[478] PASS  time=  1.716s  status=Exact solution     len=  1.963  endpoints_valid=True  collision=False  over_limit=False
[479] PASS  time=  4.588s  status=Exact solution     len=  6.306  endpoints_valid=True  collision=False  over_limit=False
[480] PASS  time=  5.959s  status=Exact solution     len= 10.409  endpoints_valid=True  collision=False  over_limit=False
[481] PASS  time=  8.289s  status=Exact solution     len=  3.913  endpoints_valid=True  collision=False  over_limit=False
[482] PASS  time=  1.385s  status=Exact solution     len=  6.302  endpoints_valid=True  collision=False  over_limit=False
[483] PASS  time=  0.675s  status=Exact solution     len=  0.703  endpoints_valid=True  collision=False  over_limit=False
[484] PASS  time=  3.350s  status=Exact solution     len=  4.286  endpoints_valid=True  collision=False  over_limit=False
[485] PASS  time=  1.805s  status=Exact solution     len=  8.642  endpoints_valid=True  collision=False  over_limit=False
[486] PASS  time=  1.861s  status=Exact solution     len=  3.593  endpoints_valid=True  collision=False  over_limit=False
[487] PASS  time=  0.749s  status=Exact solution     len=  1.434  endpoints_valid=True  collision=False  over_limit=False
[488] PASS  time=  5.238s  status=Exact solution     len=  6.044  endpoints_valid=True  collision=False  over_limit=False
[489] PASS  time=  3.209s  status=Exact solution     len=  5.610  endpoints_valid=True  collision=False  over_limit=False
[490] PASS  time=  3.145s  status=Exact solution     len=  1.757  endpoints_valid=True  collision=False  over_limit=False
[491] PASS  time=  1.999s  status=Exact solution     len=  5.677  endpoints_valid=True  collision=False  over_limit=False
[492] PASS  time=  1.848s  status=Exact solution     len=  6.057  endpoints_valid=True  collision=False  over_limit=False
[493] PASS  time=  1.095s  status=Exact solution     len=  3.256  endpoints_valid=True  collision=False  over_limit=False
[494] PASS  time=  1.886s  status=Exact solution     len=  4.542  endpoints_valid=True  collision=False  over_limit=False
[495] PASS  time=  3.599s  status=Exact solution     len=  7.100  endpoints_valid=True  collision=False  over_limit=False
[496] PASS  time=  1.992s  status=Exact solution     len=  7.485  endpoints_valid=True  collision=False  over_limit=False
[497] PASS  time=  8.441s  status=Exact solution     len=  2.953  endpoints_valid=True  collision=False  over_limit=False
[498] PASS  time=  0.163s  status=Exact solution     len=  0.556  endpoints_valid=True  collision=False  over_limit=False
[499] PASS  time=  0.488s  status=Exact solution     len=  2.615  endpoints_valid=True  collision=False  over_limit=False
[500] PASS  time=  4.423s  status=Exact solution     len=  7.336  endpoints_valid=True  collision=False  over_limit=False
[501] PASS  time=  3.257s  status=Exact solution     len=  6.666  endpoints_valid=True  collision=False  over_limit=False
[502] PASS  time=  2.615s  status=Exact solution     len=  6.564  endpoints_valid=True  collision=False  over_limit=False
[503] PASS  time=  0.016s  status=Exact solution     len=  0.531  endpoints_valid=True  collision=False  over_limit=False
[504] PASS  time=  2.082s  status=Exact solution     len=  6.857  endpoints_valid=True  collision=False  over_limit=False
[505] PASS  time=  7.678s  status=Exact solution     len=  2.824  endpoints_valid=True  collision=False  over_limit=False
[506] PASS  time=  4.075s  status=Exact solution     len= 12.701  endpoints_valid=True  collision=False  over_limit=False
[507] PASS  time=  0.029s  status=Exact solution     len=  0.521  endpoints_valid=True  collision=False  over_limit=False
[508] PASS  time=  2.414s  status=Exact solution     len=  5.598  endpoints_valid=True  collision=False  over_limit=False
[509] PASS  time=  4.400s  status=Exact solution     len=  3.155  endpoints_valid=True  collision=False  over_limit=False
[510] PASS  time=  3.280s  status=Exact solution     len=  5.613  endpoints_valid=True  collision=False  over_limit=False
[511] PASS  time=  3.626s  status=Exact solution     len=  7.964  endpoints_valid=True  collision=False  over_limit=False
[512] PASS  time=  2.496s  status=Exact solution     len=  1.022  endpoints_valid=True  collision=False  over_limit=False
[513] PASS  time=  5.741s  status=Exact solution     len=  7.630  endpoints_valid=True  collision=False  over_limit=False
[514] PASS  time=  7.562s  status=Exact solution     len=  8.884  endpoints_valid=True  collision=False  over_limit=False
[515] PASS  time=  8.393s  status=Exact solution     len= 14.741  endpoints_valid=True  collision=False  over_limit=False
[516] PASS  time=  5.228s  status=Exact solution     len=  6.671  endpoints_valid=True  collision=False  over_limit=False
[517] PASS  time=  6.568s  status=Exact solution     len=  3.135  endpoints_valid=True  collision=False  over_limit=False
[518] PASS  time=  3.196s  status=Exact solution     len=  5.005  endpoints_valid=True  collision=False  over_limit=False
[519] PASS  time=  2.583s  status=Exact solution     len=  6.313  endpoints_valid=True  collision=False  over_limit=False
[520] PASS  time=  9.548s  status=Exact solution     len=  9.824  endpoints_valid=True  collision=False  over_limit=False
[521] PASS  time=  1.267s  status=Exact solution     len=  4.452  endpoints_valid=True  collision=False  over_limit=False
[522] PASS  time=  0.637s  status=Exact solution     len=  1.347  endpoints_valid=True  collision=False  over_limit=False
[523] PASS  time=  1.215s  status=Exact solution     len=  2.548  endpoints_valid=True  collision=False  over_limit=False
[524] PASS  time=  1.843s  status=Exact solution     len= 11.588  endpoints_valid=True  collision=False  over_limit=False
[525] PASS  time=  2.875s  status=Exact solution     len=  5.433  endpoints_valid=True  collision=False  over_limit=False
[526] PASS  time=  2.042s  status=Exact solution     len=  3.264  endpoints_valid=True  collision=False  over_limit=False
[527] PASS  time=  1.970s  status=Exact solution     len=  5.073  endpoints_valid=True  collision=False  over_limit=False
[528] PASS  time=  2.794s  status=Exact solution     len=  4.990  endpoints_valid=True  collision=False  over_limit=False
[529] PASS  time=  1.897s  status=Exact solution     len=  3.102  endpoints_valid=True  collision=False  over_limit=False
[530] PASS  time=  2.255s  status=Exact solution     len=  8.496  endpoints_valid=True  collision=False  over_limit=False
[531] PASS  time=  5.863s  status=Exact solution     len=  5.622  endpoints_valid=True  collision=False  over_limit=False
[532] PASS  time=  3.584s  status=Exact solution     len=  6.649  endpoints_valid=True  collision=False  over_limit=False
[533] PASS  time=  1.492s  status=Exact solution     len=  2.253  endpoints_valid=True  collision=False  over_limit=False
[534] PASS  time=  2.012s  status=Exact solution     len=  1.056  endpoints_valid=True  collision=False  over_limit=False
[535] PASS  time=  4.483s  status=Exact solution     len=  4.570  endpoints_valid=True  collision=False  over_limit=False
[536] PASS  time=  1.711s  status=Exact solution     len=  3.051  endpoints_valid=True  collision=False  over_limit=False
[537] PASS  time=  2.931s  status=Exact solution     len= 11.452  endpoints_valid=True  collision=False  over_limit=False
[538] PASS  time=  4.722s  status=Exact solution     len=  8.286  endpoints_valid=True  collision=False  over_limit=False
[539] PASS  time= 14.445s  status=Exact solution     len= 10.814  endpoints_valid=True  collision=False  over_limit=False
[540] PASS  time=  4.026s  status=Exact solution     len=  9.051  endpoints_valid=True  collision=False  over_limit=False
[541] PASS  time=  6.409s  status=Exact solution     len=  3.627  endpoints_valid=True  collision=False  over_limit=False
[542] PASS  time=  4.047s  status=Exact solution     len=  6.498  endpoints_valid=True  collision=False  over_limit=False
[543] PASS  time=  1.732s  status=Exact solution     len=  6.466  endpoints_valid=True  collision=False  over_limit=False
[544] PASS  time=  0.054s  status=Exact solution     len=  1.570  endpoints_valid=True  collision=False  over_limit=False
[545] PASS  time=  2.481s  status=Exact solution     len=  5.534  endpoints_valid=True  collision=False  over_limit=False
[546] PASS  time=  5.994s  status=Exact solution     len=  4.357  endpoints_valid=True  collision=False  over_limit=False
[547] PASS  time=  5.625s  status=Exact solution     len= 12.287  endpoints_valid=True  collision=False  over_limit=False
[548] PASS  time=  1.730s  status=Exact solution     len=  2.592  endpoints_valid=True  collision=False  over_limit=False
[549] PASS  time=  1.287s  status=Exact solution     len=  7.147  endpoints_valid=True  collision=False  over_limit=False
[550] PASS  time=  4.077s  status=Exact solution     len=  4.249  endpoints_valid=True  collision=False  over_limit=False
[551] PASS  time=  4.067s  status=Exact solution     len=  8.347  endpoints_valid=True  collision=False  over_limit=False
[552] PASS  time=  1.050s  status=Exact solution     len=  2.039  endpoints_valid=True  collision=False  over_limit=False
[553] PASS  time=  1.865s  status=Exact solution     len=  6.039  endpoints_valid=True  collision=False  over_limit=False
[554] PASS  time=  0.152s  status=Exact solution     len=  1.734  endpoints_valid=True  collision=False  over_limit=False
[555] PASS  time=  9.833s  status=Exact solution     len= 12.422  endpoints_valid=True  collision=False  over_limit=False
[556] PASS  time=  3.918s  status=Exact solution     len=  5.704  endpoints_valid=True  collision=False  over_limit=False
[557] PASS  time=  0.246s  status=Exact solution     len=  2.680  endpoints_valid=True  collision=False  over_limit=False
[558] PASS  time=  8.734s  status=Exact solution     len=  2.246  endpoints_valid=True  collision=False  over_limit=False
[559] PASS  time=  5.365s  status=Exact solution     len=  4.063  endpoints_valid=True  collision=False  over_limit=False
[560] PASS  time=  5.146s  status=Exact solution     len=  5.107  endpoints_valid=True  collision=False  over_limit=False
[561] PASS  time=  5.173s  status=Exact solution     len= 10.054  endpoints_valid=True  collision=False  over_limit=False
[562] PASS  time=  0.276s  status=Exact solution     len=  2.612  endpoints_valid=True  collision=False  over_limit=False
[563] PASS  time=  3.571s  status=Exact solution     len=  4.759  endpoints_valid=True  collision=False  over_limit=False
[564] PASS  time=  1.735s  status=Exact solution     len=  6.390  endpoints_valid=True  collision=False  over_limit=False
[565] PASS  time=  3.379s  status=Exact solution     len=  7.901  endpoints_valid=True  collision=False  over_limit=False
[566] FAIL  time= 30.191s  status=Timeout            len=    nan  endpoints_valid=True  collision=False  over_limit=True
[567] PASS  time=  1.690s  status=Exact solution     len=  2.903  endpoints_valid=True  collision=False  over_limit=False
[568] PASS  time=  9.448s  status=Exact solution     len= 11.337  endpoints_valid=True  collision=False  over_limit=False
[569] PASS  time=  2.348s  status=Exact solution     len=  3.063  endpoints_valid=True  collision=False  over_limit=False
[570] PASS  time= 14.015s  status=Exact solution     len=  3.785  endpoints_valid=True  collision=False  over_limit=False
[571] PASS  time=  2.296s  status=Exact solution     len=  4.584  endpoints_valid=True  collision=False  over_limit=False
[572] PASS  time=  3.254s  status=Exact solution     len=  2.341  endpoints_valid=True  collision=False  over_limit=False
[573] PASS  time=  2.050s  status=Exact solution     len=  9.389  endpoints_valid=True  collision=False  over_limit=False
[574] PASS  time=  3.234s  status=Exact solution     len=  5.264  endpoints_valid=True  collision=False  over_limit=False
[575] PASS  time=  0.517s  status=Exact solution     len=  3.598  endpoints_valid=True  collision=False  over_limit=False
[576] PASS  time=  0.500s  status=Exact solution     len=  1.739  endpoints_valid=True  collision=False  over_limit=False
[577] PASS  time=  0.480s  status=Exact solution     len=  2.110  endpoints_valid=True  collision=False  over_limit=False
[578] PASS  time=  0.021s  status=Exact solution     len=  0.519  endpoints_valid=True  collision=False  over_limit=False
[579] PASS  time=  0.041s  status=Exact solution     len=  0.507  endpoints_valid=True  collision=False  over_limit=False
[580] PASS  time=  2.032s  status=Exact solution     len=  4.408  endpoints_valid=True  collision=False  over_limit=False
[581] PASS  time=  7.553s  status=Exact solution     len=  7.520  endpoints_valid=True  collision=False  over_limit=False
[582] PASS  time=  3.722s  status=Exact solution     len=  2.782  endpoints_valid=True  collision=False  over_limit=False
[583] PASS  time= 10.206s  status=Exact solution     len=  3.457  endpoints_valid=True  collision=False  over_limit=False
[584] PASS  time=  0.488s  status=Exact solution     len=  1.581  endpoints_valid=True  collision=False  over_limit=False
[585] PASS  time=  1.666s  status=Exact solution     len=  5.938  endpoints_valid=True  collision=False  over_limit=False
[586] PASS  time=  7.051s  status=Exact solution     len=  8.322  endpoints_valid=True  collision=False  over_limit=False
[587] PASS  time=  0.932s  status=Exact solution     len=  2.245  endpoints_valid=True  collision=False  over_limit=False
[588] PASS  time=  1.910s  status=Exact solution     len=  6.937  endpoints_valid=True  collision=False  over_limit=False
[589] PASS  time=  3.785s  status=Exact solution     len=  1.553  endpoints_valid=True  collision=False  over_limit=False
[590] PASS  time=  4.118s  status=Exact solution     len=  7.927  endpoints_valid=True  collision=False  over_limit=False
[591] PASS  time=  0.668s  status=Exact solution     len=  2.495  endpoints_valid=True  collision=False  over_limit=False
[592] PASS  time=  0.016s  status=Exact solution     len=  0.488  endpoints_valid=True  collision=False  over_limit=False
[593] PASS  time=  1.497s  status=Exact solution     len=  3.437  endpoints_valid=True  collision=False  over_limit=False
[594] PASS  time=  0.189s  status=Exact solution     len=  1.242  endpoints_valid=True  collision=False  over_limit=False
[595] PASS  time=  5.321s  status=Exact solution     len=  4.895  endpoints_valid=True  collision=False  over_limit=False
[596] PASS  time=  4.865s  status=Exact solution     len=  6.172  endpoints_valid=True  collision=False  over_limit=False
[597] PASS  time=  4.376s  status=Exact solution     len=  5.361  endpoints_valid=True  collision=False  over_limit=False
[598] PASS  time=  2.095s  status=Exact solution     len=  3.400  endpoints_valid=True  collision=False  over_limit=False
[599] PASS  time=  1.456s  status=Exact solution     len=  3.443  endpoints_valid=True  collision=False  over_limit=False
[600] PASS  time=  2.722s  status=Exact solution     len=  8.759  endpoints_valid=True  collision=False  over_limit=False
[601] PASS  time=  1.149s  status=Exact solution     len=  5.629  endpoints_valid=True  collision=False  over_limit=False
[602] PASS  time=  2.236s  status=Exact solution     len=  7.152  endpoints_valid=True  collision=False  over_limit=False
[603] PASS  time=  1.924s  status=Exact solution     len=  7.805  endpoints_valid=True  collision=False  over_limit=False
[604] PASS  time=  7.200s  status=Exact solution     len= 16.872  endpoints_valid=True  collision=False  over_limit=False
[605] PASS  time=  5.735s  status=Exact solution     len=  6.567  endpoints_valid=True  collision=False  over_limit=False
[606] PASS  time=  5.048s  status=Exact solution     len= 12.500  endpoints_valid=True  collision=False  over_limit=False
[607] PASS  time=  0.994s  status=Exact solution     len=  5.699  endpoints_valid=True  collision=False  over_limit=False
[608] PASS  time=  3.374s  status=Exact solution     len=  9.791  endpoints_valid=True  collision=False  over_limit=False
[609] PASS  time=  1.737s  status=Exact solution     len=  3.567  endpoints_valid=True  collision=False  over_limit=False
[610] PASS  time=  0.109s  status=Exact solution     len=  0.368  endpoints_valid=True  collision=False  over_limit=False
[611] PASS  time=  2.193s  status=Exact solution     len=  3.386  endpoints_valid=True  collision=False  over_limit=False
[612] PASS  time=  3.461s  status=Exact solution     len=  6.764  endpoints_valid=True  collision=False  over_limit=False
[613] PASS  time=  2.649s  status=Exact solution     len=  2.689  endpoints_valid=True  collision=False  over_limit=False
[614] PASS  time=  4.674s  status=Exact solution     len=  7.955  endpoints_valid=True  collision=False  over_limit=False
[615] PASS  time=  2.774s  status=Exact solution     len=  7.659  endpoints_valid=True  collision=False  over_limit=False
[616] PASS  time=  1.618s  status=Exact solution     len=  5.181  endpoints_valid=True  collision=False  over_limit=False
[617] PASS  time=  5.833s  status=Exact solution     len=  5.433  endpoints_valid=True  collision=False  over_limit=False
[618] PASS  time=  2.584s  status=Exact solution     len=  2.862  endpoints_valid=True  collision=False  over_limit=False
[619] PASS  time=  6.973s  status=Exact solution     len= 10.236  endpoints_valid=True  collision=False  over_limit=False
[620] PASS  time=  0.028s  status=Exact solution     len=  0.522  endpoints_valid=True  collision=False  over_limit=False
[621] PASS  time=  5.899s  status=Exact solution     len= 18.100  endpoints_valid=True  collision=False  over_limit=False
[622] PASS  time=  3.785s  status=Exact solution     len=  3.677  endpoints_valid=True  collision=False  over_limit=False
[623] PASS  time=  3.202s  status=Exact solution     len= 10.051  endpoints_valid=True  collision=False  over_limit=False
[624] PASS  time=  0.013s  status=Exact solution     len=  0.503  endpoints_valid=True  collision=False  over_limit=False
[625] PASS  time=  4.401s  status=Exact solution     len=  7.578  endpoints_valid=True  collision=False  over_limit=False
[626] PASS  time=  1.777s  status=Exact solution     len=  4.085  endpoints_valid=True  collision=False  over_limit=False
[627] PASS  time=  4.008s  status=Exact solution     len=  7.077  endpoints_valid=True  collision=False  over_limit=False
[628] PASS  time=  3.746s  status=Exact solution     len= 12.205  endpoints_valid=True  collision=False  over_limit=False
[629] PASS  time=  2.475s  status=Exact solution     len=  5.591  endpoints_valid=True  collision=False  over_limit=False
[630] PASS  time=  1.438s  status=Exact solution     len= 11.056  endpoints_valid=True  collision=False  over_limit=False
[631] PASS  time=  1.827s  status=Exact solution     len=  3.232  endpoints_valid=True  collision=False  over_limit=False
[632] PASS  time=  2.476s  status=Exact solution     len=  4.664  endpoints_valid=True  collision=False  over_limit=False
[633] PASS  time=  8.258s  status=Exact solution     len=  4.841  endpoints_valid=True  collision=False  over_limit=False
[634] PASS  time=  3.935s  status=Exact solution     len= 11.159  endpoints_valid=True  collision=False  over_limit=False
[635] PASS  time=  1.393s  status=Exact solution     len=  3.074  endpoints_valid=True  collision=False  over_limit=False
[636] PASS  time=  0.736s  status=Exact solution     len=  5.454  endpoints_valid=True  collision=False  over_limit=False
[637] PASS  time=  0.759s  status=Exact solution     len=  4.287  endpoints_valid=True  collision=False  over_limit=False
[638] PASS  time=  3.323s  status=Exact solution     len=  7.721  endpoints_valid=True  collision=False  over_limit=False
[639] PASS  time=  3.483s  status=Exact solution     len= 10.849  endpoints_valid=True  collision=False  over_limit=False
[640] PASS  time=  2.845s  status=Exact solution     len=  7.168  endpoints_valid=True  collision=False  over_limit=False
[641] PASS  time=  7.638s  status=Exact solution     len=  6.574  endpoints_valid=True  collision=False  over_limit=False
[642] PASS  time=  5.435s  status=Exact solution     len=  6.344  endpoints_valid=True  collision=False  over_limit=False
[643] PASS  time=  1.098s  status=Exact solution     len=  1.823  endpoints_valid=True  collision=False  over_limit=False
[644] PASS  time=  0.042s  status=Exact solution     len=  2.172  endpoints_valid=True  collision=False  over_limit=False
[645] PASS  time= 10.379s  status=Exact solution     len=  5.572  endpoints_valid=True  collision=False  over_limit=False
[646] PASS  time=  2.028s  status=Exact solution     len=  2.001  endpoints_valid=True  collision=False  over_limit=False
[647] PASS  time=  7.327s  status=Exact solution     len=  5.887  endpoints_valid=True  collision=False  over_limit=False
[648] PASS  time=  0.840s  status=Exact solution     len=  3.769  endpoints_valid=True  collision=False  over_limit=False
[649] PASS  time=  3.077s  status=Exact solution     len=  6.130  endpoints_valid=True  collision=False  over_limit=False
[650] PASS  time=  4.852s  status=Exact solution     len= 12.298  endpoints_valid=True  collision=False  over_limit=False
[651] PASS  time=  7.527s  status=Exact solution     len=  4.427  endpoints_valid=True  collision=False  over_limit=False
[652] PASS  time=  0.015s  status=Exact solution     len=  0.585  endpoints_valid=True  collision=False  over_limit=False
[653] PASS  time=  4.174s  status=Exact solution     len=  9.518  endpoints_valid=True  collision=False  over_limit=False
[654] PASS  time=  0.810s  status=Exact solution     len=  2.727  endpoints_valid=True  collision=False  over_limit=False
[655] PASS  time=  7.288s  status=Exact solution     len=  6.434  endpoints_valid=True  collision=False  over_limit=False
[656] PASS  time= 12.633s  status=Exact solution     len=  7.673  endpoints_valid=True  collision=False  over_limit=False
[657] PASS  time=  1.994s  status=Exact solution     len=  5.278  endpoints_valid=True  collision=False  over_limit=False
[658] PASS  time=  6.373s  status=Exact solution     len= 10.421  endpoints_valid=True  collision=False  over_limit=False
[659] PASS  time=  5.386s  status=Exact solution     len= 12.027  endpoints_valid=True  collision=False  over_limit=False
[660] PASS  time=  3.386s  status=Exact solution     len=  8.491  endpoints_valid=True  collision=False  over_limit=False
[661] PASS  time=  1.019s  status=Exact solution     len=  5.219  endpoints_valid=True  collision=False  over_limit=False
[662] PASS  time=  1.641s  status=Exact solution     len=  4.994  endpoints_valid=True  collision=False  over_limit=False
[663] PASS  time=  6.950s  status=Exact solution     len=  8.760  endpoints_valid=True  collision=False  over_limit=False
[664] PASS  time=  3.789s  status=Exact solution     len=  5.235  endpoints_valid=True  collision=False  over_limit=False
[665] PASS  time=  7.237s  status=Exact solution     len= 10.572  endpoints_valid=True  collision=False  over_limit=False
[666] PASS  time=  3.068s  status=Exact solution     len=  7.073  endpoints_valid=True  collision=False  over_limit=False
[667] PASS  time=  1.733s  status=Exact solution     len=  4.098  endpoints_valid=True  collision=False  over_limit=False
[668] PASS  time=  8.872s  status=Exact solution     len=  4.817  endpoints_valid=True  collision=False  over_limit=False
[669] PASS  time=  1.383s  status=Exact solution     len=  2.459  endpoints_valid=True  collision=False  over_limit=False
[670] PASS  time=  1.357s  status=Exact solution     len=  4.002  endpoints_valid=True  collision=False  over_limit=False
[671] PASS  time=  7.199s  status=Exact solution     len=  7.643  endpoints_valid=True  collision=False  over_limit=False
[672] PASS  time=  1.110s  status=Exact solution     len=  3.892  endpoints_valid=True  collision=False  over_limit=False
[673] PASS  time=  3.107s  status=Exact solution     len=  1.335  endpoints_valid=True  collision=False  over_limit=False
[674] PASS  time=  1.930s  status=Exact solution     len=  3.205  endpoints_valid=True  collision=False  over_limit=False
[675] PASS  time=  1.124s  status=Exact solution     len=  2.413  endpoints_valid=True  collision=False  over_limit=False
[676] PASS  time=  2.957s  status=Exact solution     len=  2.426  endpoints_valid=True  collision=False  over_limit=False
[677] PASS  time= 10.961s  status=Exact solution     len=  4.592  endpoints_valid=True  collision=False  over_limit=False
[678] PASS  time=  1.438s  status=Exact solution     len=  3.263  endpoints_valid=True  collision=False  over_limit=False
[679] PASS  time=  2.619s  status=Exact solution     len=  8.243  endpoints_valid=True  collision=False  over_limit=False
[680] PASS  time=  6.452s  status=Exact solution     len=  7.417  endpoints_valid=True  collision=False  over_limit=False
[681] PASS  time=  4.000s  status=Exact solution     len=  5.985  endpoints_valid=True  collision=False  over_limit=False
[682] PASS  time=  1.769s  status=Exact solution     len=  4.871  endpoints_valid=True  collision=False  over_limit=False
[683] PASS  time= 11.985s  status=Exact solution     len=  6.495  endpoints_valid=True  collision=False  over_limit=False
[684] PASS  time=  0.973s  status=Exact solution     len=  4.540  endpoints_valid=True  collision=False  over_limit=False
[685] PASS  time=  1.117s  status=Exact solution     len=  3.532  endpoints_valid=True  collision=False  over_limit=False
[686] PASS  time=  2.483s  status=Exact solution     len=  2.034  endpoints_valid=True  collision=False  over_limit=False
[687] PASS  time=  7.341s  status=Exact solution     len=  7.754  endpoints_valid=True  collision=False  over_limit=False
[688] PASS  time=  7.556s  status=Exact solution     len=  3.583  endpoints_valid=True  collision=False  over_limit=False
[689] PASS  time=  2.587s  status=Exact solution     len=  1.819  endpoints_valid=True  collision=False  over_limit=False
[690] PASS  time=  6.481s  status=Exact solution     len=  9.431  endpoints_valid=True  collision=False  over_limit=False
[691] PASS  time=  3.391s  status=Exact solution     len=  6.551  endpoints_valid=True  collision=False  over_limit=False
[692] PASS  time=  0.269s  status=Exact solution     len=  1.112  endpoints_valid=True  collision=False  over_limit=False
[693] PASS  time=  5.790s  status=Exact solution     len=  4.364  endpoints_valid=True  collision=False  over_limit=False
[694] PASS  time=  4.271s  status=Exact solution     len=  9.706  endpoints_valid=True  collision=False  over_limit=False
[695] PASS  time=  6.685s  status=Exact solution     len=  3.003  endpoints_valid=True  collision=False  over_limit=False
[696] PASS  time=  6.022s  status=Exact solution     len=  1.300  endpoints_valid=True  collision=False  over_limit=False
[697] PASS  time=  0.043s  status=Exact solution     len=  0.578  endpoints_valid=True  collision=False  over_limit=False
[698] PASS  time=  2.970s  status=Exact solution     len=  4.739  endpoints_valid=True  collision=False  over_limit=False
[699] PASS  time= 10.740s  status=Exact solution     len=  6.290  endpoints_valid=True  collision=False  over_limit=False
[700] PASS  time=  2.843s  status=Exact solution     len=  3.038  endpoints_valid=True  collision=False  over_limit=False
[701] PASS  time=  7.303s  status=Exact solution     len=  9.936  endpoints_valid=True  collision=False  over_limit=False
[702] PASS  time=  6.040s  status=Exact solution     len=  3.641  endpoints_valid=True  collision=False  over_limit=False
[703] PASS  time=  0.006s  status=Exact solution     len=  0.551  endpoints_valid=True  collision=False  over_limit=False
[704] PASS  time=  1.611s  status=Exact solution     len=  9.300  endpoints_valid=True  collision=False  over_limit=False
[705] PASS  time=  2.608s  status=Exact solution     len=  5.578  endpoints_valid=True  collision=False  over_limit=False
[706] PASS  time=  1.766s  status=Exact solution     len=  6.025  endpoints_valid=True  collision=False  over_limit=False
[707] PASS  time=  2.091s  status=Exact solution     len=  9.078  endpoints_valid=True  collision=False  over_limit=False
[708] PASS  time=  8.017s  status=Exact solution     len=  6.985  endpoints_valid=True  collision=False  over_limit=False
[709] PASS  time=  1.301s  status=Exact solution     len=  5.923  endpoints_valid=True  collision=False  over_limit=False
[710] PASS  time=  4.129s  status=Exact solution     len=  5.059  endpoints_valid=True  collision=False  over_limit=False
[711] PASS  time=  4.169s  status=Exact solution     len=  6.524  endpoints_valid=True  collision=False  over_limit=False
[712] PASS  time=  4.417s  status=Exact solution     len=  9.531  endpoints_valid=True  collision=False  over_limit=False
[713] PASS  time=  5.598s  status=Exact solution     len=  3.268  endpoints_valid=True  collision=False  over_limit=False
[714] PASS  time=  2.543s  status=Exact solution     len=  4.424  endpoints_valid=True  collision=False  over_limit=False
[715] PASS  time=  6.219s  status=Exact solution     len=  5.247  endpoints_valid=True  collision=False  over_limit=False
[716] PASS  time= 29.644s  status=Exact solution     len=  5.205  endpoints_valid=True  collision=False  over_limit=False
[717] PASS  time=  3.624s  status=Exact solution     len=  5.864  endpoints_valid=True  collision=False  over_limit=False
[718] PASS  time=  2.108s  status=Exact solution     len=  2.300  endpoints_valid=True  collision=False  over_limit=False
[719] PASS  time=  4.417s  status=Exact solution     len=  6.609  endpoints_valid=True  collision=False  over_limit=False
[720] PASS  time=  6.144s  status=Exact solution     len=  5.939  endpoints_valid=True  collision=False  over_limit=False
[721] PASS  time=  0.741s  status=Exact solution     len=  1.576  endpoints_valid=True  collision=False  over_limit=False
[722] PASS  time=  0.667s  status=Exact solution     len=  4.470  endpoints_valid=True  collision=False  over_limit=False
[723] PASS  time=  1.884s  status=Exact solution     len=  3.902  endpoints_valid=True  collision=False  over_limit=False
[724] PASS  time=  2.999s  status=Exact solution     len=  2.363  endpoints_valid=True  collision=False  over_limit=False
[725] PASS  time=  4.932s  status=Exact solution     len=  3.120  endpoints_valid=True  collision=False  over_limit=False
[726] PASS  time=  7.687s  status=Exact solution     len= 11.982  endpoints_valid=True  collision=False  over_limit=False
[727] PASS  time=  1.973s  status=Exact solution     len=  3.593  endpoints_valid=True  collision=False  over_limit=False
[728] PASS  time=  3.827s  status=Exact solution     len=  5.685  endpoints_valid=True  collision=False  over_limit=False
[729] PASS  time=  2.506s  status=Exact solution     len=  1.533  endpoints_valid=True  collision=False  over_limit=False
[730] PASS  time=  2.338s  status=Exact solution     len=  6.361  endpoints_valid=True  collision=False  over_limit=False
[731] PASS  time=  7.910s  status=Exact solution     len=  5.210  endpoints_valid=True  collision=False  over_limit=False
[732] PASS  time=  3.569s  status=Exact solution     len=  4.783  endpoints_valid=True  collision=False  over_limit=False
[733] PASS  time=  4.049s  status=Exact solution     len=  7.860  endpoints_valid=True  collision=False  over_limit=False
[734] PASS  time=  1.758s  status=Exact solution     len=  3.211  endpoints_valid=True  collision=False  over_limit=False
[735] PASS  time=  3.178s  status=Exact solution     len=  3.568  endpoints_valid=True  collision=False  over_limit=False
[736] PASS  time=  3.016s  status=Exact solution     len=  6.301  endpoints_valid=True  collision=False  over_limit=False
[737] PASS  time=  2.462s  status=Exact solution     len=  3.997  endpoints_valid=True  collision=False  over_limit=False
[738] PASS  time=  5.920s  status=Exact solution     len=  3.887  endpoints_valid=True  collision=False  over_limit=False
[739] PASS  time=  9.519s  status=Exact solution     len=  9.062  endpoints_valid=True  collision=False  over_limit=False
[740] PASS  time=  7.166s  status=Exact solution     len=  3.388  endpoints_valid=True  collision=False  over_limit=False
[741] PASS  time=  2.566s  status=Exact solution     len=  6.981  endpoints_valid=True  collision=False  over_limit=False
[742] PASS  time=  1.795s  status=Exact solution     len=  5.203  endpoints_valid=True  collision=False  over_limit=False
[743] PASS  time=  1.669s  status=Exact solution     len=  4.114  endpoints_valid=True  collision=False  over_limit=False
[744] FAIL  time= 30.118s  status=Timeout            len=    nan  endpoints_valid=True  collision=False  over_limit=True
[745] PASS  time= 11.201s  status=Exact solution     len=  5.209  endpoints_valid=True  collision=False  over_limit=False
[746] PASS  time=  7.500s  status=Exact solution     len=  4.984  endpoints_valid=True  collision=False  over_limit=False
[747] PASS  time=  4.958s  status=Exact solution     len=  8.122  endpoints_valid=True  collision=False  over_limit=False
[748] PASS  time=  2.710s  status=Exact solution     len= 12.384  endpoints_valid=True  collision=False  over_limit=False
[749] PASS  time=  4.469s  status=Exact solution     len=  8.685  endpoints_valid=True  collision=False  over_limit=False
[750] PASS  time= 11.849s  status=Exact solution     len=  9.864  endpoints_valid=True  collision=False  over_limit=False
[751] PASS  time=  1.877s  status=Exact solution     len=  4.890  endpoints_valid=True  collision=False  over_limit=False
[752] PASS  time=  2.164s  status=Exact solution     len=  7.722  endpoints_valid=True  collision=False  over_limit=False
[753] PASS  time=  1.976s  status=Exact solution     len=  5.584  endpoints_valid=True  collision=False  over_limit=False
[754] PASS  time=  4.023s  status=Exact solution     len=  6.782  endpoints_valid=True  collision=False  over_limit=False
[755] PASS  time=  8.324s  status=Exact solution     len=  5.660  endpoints_valid=True  collision=False  over_limit=False
[756] PASS  time=  5.807s  status=Exact solution     len=  4.416  endpoints_valid=True  collision=False  over_limit=False
[757] PASS  time=  3.739s  status=Exact solution     len= 15.497  endpoints_valid=True  collision=False  over_limit=False
[758] PASS  time=  3.105s  status=Exact solution     len=  4.443  endpoints_valid=True  collision=False  over_limit=False
[759] PASS  time=  6.502s  status=Exact solution     len= 11.251  endpoints_valid=True  collision=False  over_limit=False
[760] PASS  time=  4.919s  status=Exact solution     len=  1.985  endpoints_valid=True  collision=False  over_limit=False
[761] PASS  time=  3.194s  status=Exact solution     len=  6.491  endpoints_valid=True  collision=False  over_limit=False
[762] PASS  time=  4.819s  status=Exact solution     len= 11.578  endpoints_valid=True  collision=False  over_limit=False
[763] PASS  time=  2.546s  status=Exact solution     len=  6.565  endpoints_valid=True  collision=False  over_limit=False
[764] PASS  time=  0.177s  status=Exact solution     len=  0.973  endpoints_valid=True  collision=False  over_limit=False
[765] PASS  time=  0.043s  status=Exact solution     len=  0.497  endpoints_valid=True  collision=False  over_limit=False
[766] PASS  time=  5.274s  status=Exact solution     len=  3.302  endpoints_valid=True  collision=False  over_limit=False
[767] PASS  time=  2.390s  status=Exact solution     len=  6.204  endpoints_valid=True  collision=False  over_limit=False
[768] PASS  time=  0.916s  status=Exact solution     len=  1.724  endpoints_valid=True  collision=False  over_limit=False
[769] PASS  time=  1.738s  status=Exact solution     len=  3.358  endpoints_valid=True  collision=False  over_limit=False
[770] PASS  time=  1.681s  status=Exact solution     len=  3.442  endpoints_valid=True  collision=False  over_limit=False
[771] PASS  time=  8.377s  status=Exact solution     len= 12.329  endpoints_valid=True  collision=False  over_limit=False
[772] PASS  time=  3.421s  status=Exact solution     len=  5.735  endpoints_valid=True  collision=False  over_limit=False
[773] PASS  time=  2.071s  status=Exact solution     len=  7.500  endpoints_valid=True  collision=False  over_limit=False
[774] PASS  time=  3.613s  status=Exact solution     len=  5.175  endpoints_valid=True  collision=False  over_limit=False
[775] PASS  time=  8.098s  status=Exact solution     len= 13.987  endpoints_valid=True  collision=False  over_limit=False
[776] PASS  time=  8.899s  status=Exact solution     len=  8.296  endpoints_valid=True  collision=False  over_limit=False
[777] PASS  time=  4.906s  status=Exact solution     len=  7.269  endpoints_valid=True  collision=False  over_limit=False
[778] PASS  time=  3.374s  status=Exact solution     len=  2.489  endpoints_valid=True  collision=False  over_limit=False
[779] PASS  time=  3.135s  status=Exact solution     len=  4.251  endpoints_valid=True  collision=False  over_limit=False
[780] PASS  time=  2.999s  status=Exact solution     len=  6.616  endpoints_valid=True  collision=False  over_limit=False
[781] PASS  time=  4.241s  status=Exact solution     len=  6.677  endpoints_valid=True  collision=False  over_limit=False
[782] PASS  time=  2.150s  status=Exact solution     len=  6.255  endpoints_valid=True  collision=False  over_limit=False
[783] PASS  time=  1.734s  status=Exact solution     len=  5.029  endpoints_valid=True  collision=False  over_limit=False
[784] PASS  time=  4.146s  status=Exact solution     len=  6.963  endpoints_valid=True  collision=False  over_limit=False
[785] PASS  time=  0.435s  status=Exact solution     len=  6.341  endpoints_valid=True  collision=False  over_limit=False
[786] PASS  time=  3.486s  status=Exact solution     len= 10.722  endpoints_valid=True  collision=False  over_limit=False
[787] PASS  time=  4.524s  status=Exact solution     len= 11.790  endpoints_valid=True  collision=False  over_limit=False
[788] PASS  time=  3.982s  status=Exact solution     len=  9.370  endpoints_valid=True  collision=False  over_limit=False
[789] PASS  time=  5.541s  status=Exact solution     len=  3.193  endpoints_valid=True  collision=False  over_limit=False
[790] PASS  time=  7.388s  status=Exact solution     len=  8.644  endpoints_valid=True  collision=False  over_limit=False
[791] PASS  time=  3.429s  status=Exact solution     len=  6.244  endpoints_valid=True  collision=False  over_limit=False
[792] PASS  time= 27.692s  status=Exact solution     len=  4.302  endpoints_valid=True  collision=False  over_limit=False
[793] FAIL  time= 30.682s  status=Timeout            len=    nan  endpoints_valid=True  collision=False  over_limit=True
[794] PASS  time=  7.025s  status=Exact solution     len=  8.401  endpoints_valid=True  collision=False  over_limit=False
[795] PASS  time=  2.753s  status=Exact solution     len=  9.074  endpoints_valid=True  collision=False  over_limit=False
[796] PASS  time=  2.032s  status=Exact solution     len=  8.648  endpoints_valid=True  collision=False  over_limit=False
[797] PASS  time=  1.174s  status=Exact solution     len=  4.652  endpoints_valid=True  collision=False  over_limit=False
[798] PASS  time=  0.044s  status=Exact solution     len=  1.239  endpoints_valid=True  collision=False  over_limit=False
[799] PASS  time=  2.534s  status=Exact solution     len=  6.049  endpoints_valid=True  collision=False  over_limit=False
[800] PASS  time=  6.698s  status=Exact solution     len=  3.438  endpoints_valid=True  collision=False  over_limit=False
[801] PASS  time=  3.330s  status=Exact solution     len=  8.694  endpoints_valid=True  collision=False  over_limit=False
[802] PASS  time= 10.878s  status=Exact solution     len=  4.779  endpoints_valid=True  collision=False  over_limit=False
[803] PASS  time=  1.589s  status=Exact solution     len=  5.793  endpoints_valid=True  collision=False  over_limit=False
[804] PASS  time=  2.433s  status=Exact solution     len=  5.401  endpoints_valid=True  collision=False  over_limit=False
[805] PASS  time=  8.673s  status=Exact solution     len=  6.018  endpoints_valid=True  collision=False  over_limit=False
[806] PASS  time=  0.544s  status=Exact solution     len=  1.616  endpoints_valid=True  collision=False  over_limit=False
[807] PASS  time=  4.310s  status=Exact solution     len=  7.579  endpoints_valid=True  collision=False  over_limit=False
[808] PASS  time=  0.022s  status=Exact solution     len=  0.461  endpoints_valid=True  collision=False  over_limit=False
[809] PASS  time=  2.019s  status=Exact solution     len=  3.598  endpoints_valid=True  collision=False  over_limit=False
[810] PASS  time=  2.767s  status=Exact solution     len=  3.928  endpoints_valid=True  collision=False  over_limit=False
[811] PASS  time=  1.132s  status=Exact solution     len=  5.912  endpoints_valid=True  collision=False  over_limit=False
[812] PASS  time=  2.418s  status=Exact solution     len=  5.137  endpoints_valid=True  collision=False  over_limit=False
[813] PASS  time= 10.178s  status=Exact solution     len=  3.546  endpoints_valid=True  collision=False  over_limit=False
[814] PASS  time=  6.489s  status=Exact solution     len=  6.217  endpoints_valid=True  collision=False  over_limit=False
[815] PASS  time=  5.216s  status=Exact solution     len=  4.348  endpoints_valid=True  collision=False  over_limit=False
[816] PASS  time=  2.016s  status=Exact solution     len=  6.475  endpoints_valid=True  collision=False  over_limit=False
[817] PASS  time=  4.993s  status=Exact solution     len=  7.235  endpoints_valid=True  collision=False  over_limit=False
[818] PASS  time=  2.446s  status=Exact solution     len=  7.437  endpoints_valid=True  collision=False  over_limit=False
[819] PASS  time=  4.417s  status=Exact solution     len=  8.724  endpoints_valid=True  collision=False  over_limit=False
[820] PASS  time=  3.576s  status=Exact solution     len=  8.450  endpoints_valid=True  collision=False  over_limit=False
[821] PASS  time=  2.828s  status=Exact solution     len=  7.520  endpoints_valid=True  collision=False  over_limit=False
[822] PASS  time=  4.580s  status=Exact solution     len=  2.001  endpoints_valid=True  collision=False  over_limit=False
[823] PASS  time=  4.841s  status=Exact solution     len=  8.136  endpoints_valid=True  collision=False  over_limit=False
[824] PASS  time=  0.472s  status=Exact solution     len=  1.098  endpoints_valid=True  collision=False  over_limit=False
[825] PASS  time=  4.385s  status=Exact solution     len=  5.196  endpoints_valid=True  collision=False  over_limit=False
[826] PASS  time=  2.855s  status=Exact solution     len=  4.083  endpoints_valid=True  collision=False  over_limit=False
[827] PASS  time=  0.679s  status=Exact solution     len=  5.129  endpoints_valid=True  collision=False  over_limit=False
[828] PASS  time=  4.993s  status=Exact solution     len=  6.580  endpoints_valid=True  collision=False  over_limit=False
[829] PASS  time=  1.684s  status=Exact solution     len=  3.646  endpoints_valid=True  collision=False  over_limit=False
[830] PASS  time=  5.155s  status=Exact solution     len=  8.045  endpoints_valid=True  collision=False  over_limit=False
[831] PASS  time=  1.385s  status=Exact solution     len=  3.052  endpoints_valid=True  collision=False  over_limit=False
[832] PASS  time=  1.383s  status=Exact solution     len=  6.010  endpoints_valid=True  collision=False  over_limit=False
[833] PASS  time=  5.954s  status=Exact solution     len=  4.682  endpoints_valid=True  collision=False  over_limit=False
[834] PASS  time=  3.484s  status=Exact solution     len=  5.260  endpoints_valid=True  collision=False  over_limit=False
[835] PASS  time=  0.543s  status=Exact solution     len=  3.110  endpoints_valid=True  collision=False  over_limit=False
[836] PASS  time=  5.149s  status=Exact solution     len=  7.598  endpoints_valid=True  collision=False  over_limit=False
[837] PASS  time=  3.898s  status=Exact solution     len=  8.350  endpoints_valid=True  collision=False  over_limit=False
[838] FAIL  time= 30.397s  status=Timeout            len=    nan  endpoints_valid=True  collision=False  over_limit=True
[839] PASS  time=  3.287s  status=Exact solution     len=  6.581  endpoints_valid=True  collision=False  over_limit=False
[840] PASS  time=  3.746s  status=Exact solution     len=  7.701  endpoints_valid=True  collision=False  over_limit=False
[841] PASS  time=  6.500s  status=Exact solution     len=  6.377  endpoints_valid=True  collision=False  over_limit=False
[842] PASS  time=  4.632s  status=Exact solution     len=  6.718  endpoints_valid=True  collision=False  over_limit=False
[843] PASS  time=  2.303s  status=Exact solution     len=  4.339  endpoints_valid=True  collision=False  over_limit=False
[844] PASS  time=  9.264s  status=Exact solution     len=  4.751  endpoints_valid=True  collision=False  over_limit=False
[845] PASS  time=  0.616s  status=Exact solution     len=  2.067  endpoints_valid=True  collision=False  over_limit=False
[846] PASS  time=  9.818s  status=Exact solution     len=  6.665  endpoints_valid=True  collision=False  over_limit=False
[847] PASS  time=  4.564s  status=Exact solution     len=  9.955  endpoints_valid=True  collision=False  over_limit=False
[848] PASS  time=  3.186s  status=Exact solution     len=  3.636  endpoints_valid=True  collision=False  over_limit=False
[849] PASS  time=  6.419s  status=Exact solution     len=  6.564  endpoints_valid=True  collision=False  over_limit=False
[850] PASS  time=  3.299s  status=Exact solution     len=  8.291  endpoints_valid=True  collision=False  over_limit=False
[851] PASS  time=  5.735s  status=Exact solution     len= 12.339  endpoints_valid=True  collision=False  over_limit=False
[852] PASS  time=  2.992s  status=Exact solution     len=  7.292  endpoints_valid=True  collision=False  over_limit=False
[853] PASS  time=  2.899s  status=Exact solution     len=  6.066  endpoints_valid=True  collision=False  over_limit=False
[854] PASS  time=  3.210s  status=Exact solution     len=  6.376  endpoints_valid=True  collision=False  over_limit=False
[855] PASS  time=  1.247s  status=Exact solution     len=  6.960  endpoints_valid=True  collision=False  over_limit=False
[856] PASS  time=  2.553s  status=Exact solution     len=  1.856  endpoints_valid=True  collision=False  over_limit=False
[857] PASS  time=  0.796s  status=Exact solution     len=  1.183  endpoints_valid=True  collision=False  over_limit=False
[858] PASS  time=  1.262s  status=Exact solution     len=  6.049  endpoints_valid=True  collision=False  over_limit=False
[859] PASS  time=  4.615s  status=Exact solution     len= 10.638  endpoints_valid=True  collision=False  over_limit=False
[860] PASS  time=  6.681s  status=Exact solution     len= 17.588  endpoints_valid=True  collision=False  over_limit=False
[861] PASS  time=  4.001s  status=Exact solution     len= 10.130  endpoints_valid=True  collision=False  over_limit=False
[862] PASS  time=  8.337s  status=Exact solution     len=  9.411  endpoints_valid=True  collision=False  over_limit=False
[863] PASS  time=  3.824s  status=Exact solution     len=  4.098  endpoints_valid=True  collision=False  over_limit=False
[864] PASS  time=  3.209s  status=Exact solution     len=  5.572  endpoints_valid=True  collision=False  over_limit=False
[865] PASS  time=  3.322s  status=Exact solution     len=  9.731  endpoints_valid=True  collision=False  over_limit=False
[866] PASS  time=  4.772s  status=Exact solution     len= 15.751  endpoints_valid=True  collision=False  over_limit=False
[867] PASS  time=  5.523s  status=Exact solution     len=  4.946  endpoints_valid=True  collision=False  over_limit=False
[868] PASS  time=  5.789s  status=Exact solution     len= 17.399  endpoints_valid=True  collision=False  over_limit=False
[869] PASS  time=  0.640s  status=Exact solution     len=  0.961  endpoints_valid=True  collision=False  over_limit=False
[870] PASS  time=  4.200s  status=Exact solution     len=  5.924  endpoints_valid=True  collision=False  over_limit=False
[871] PASS  time=  6.373s  status=Exact solution     len=  5.388  endpoints_valid=True  collision=False  over_limit=False
[872] PASS  time=  0.205s  status=Exact solution     len=  2.124  endpoints_valid=True  collision=False  over_limit=False
[873] PASS  time= 10.688s  status=Exact solution     len=  5.785  endpoints_valid=True  collision=False  over_limit=False
[874] PASS  time= 12.188s  status=Exact solution     len= 11.323  endpoints_valid=True  collision=False  over_limit=False
[875] PASS  time=  3.665s  status=Exact solution     len= 11.456  endpoints_valid=True  collision=False  over_limit=False
[876] PASS  time=  1.477s  status=Exact solution     len=  2.060  endpoints_valid=True  collision=False  over_limit=False
[877] PASS  time=  0.665s  status=Exact solution     len=  5.289  endpoints_valid=True  collision=False  over_limit=False
[878] PASS  time= 14.866s  status=Exact solution     len=  2.501  endpoints_valid=True  collision=False  over_limit=False
[879] PASS  time=  9.280s  status=Exact solution     len=  5.924  endpoints_valid=True  collision=False  over_limit=False
[880] PASS  time= 13.909s  status=Exact solution     len=  4.729  endpoints_valid=True  collision=False  over_limit=False
[881] PASS  time=  0.911s  status=Exact solution     len=  1.897  endpoints_valid=True  collision=False  over_limit=False
[882] PASS  time=  3.110s  status=Exact solution     len=  7.796  endpoints_valid=True  collision=False  over_limit=False
[883] PASS  time=  0.998s  status=Exact solution     len=  5.800  endpoints_valid=True  collision=False  over_limit=False
[884] PASS  time=  4.638s  status=Exact solution     len=  1.996  endpoints_valid=True  collision=False  over_limit=False
[885] PASS  time=  4.010s  status=Exact solution     len=  4.870  endpoints_valid=True  collision=False  over_limit=False
[886] PASS  time=  6.499s  status=Exact solution     len=  8.965  endpoints_valid=True  collision=False  over_limit=False
[887] PASS  time=  0.410s  status=Exact solution     len=  1.737  endpoints_valid=True  collision=False  over_limit=False
[888] PASS  time=  1.733s  status=Exact solution     len=  3.527  endpoints_valid=True  collision=False  over_limit=False
[889] PASS  time=  0.890s  status=Exact solution     len=  3.110  endpoints_valid=True  collision=False  over_limit=False
[890] PASS  time=  5.701s  status=Exact solution     len=  9.449  endpoints_valid=True  collision=False  over_limit=False
[891] PASS  time= 11.886s  status=Exact solution     len=  6.628  endpoints_valid=True  collision=False  over_limit=False
[892] PASS  time=  0.242s  status=Exact solution     len=  1.497  endpoints_valid=True  collision=False  over_limit=False
[893] PASS  time=  0.060s  status=Exact solution     len=  0.573  endpoints_valid=True  collision=False  over_limit=False
[894] PASS  time=  1.972s  status=Exact solution     len=  4.958  endpoints_valid=True  collision=False  over_limit=False
[895] PASS  time=  8.258s  status=Exact solution     len=  2.901  endpoints_valid=True  collision=False  over_limit=False
[896] PASS  time=  1.269s  status=Exact solution     len=  6.030  endpoints_valid=True  collision=False  over_limit=False
[897] PASS  time=  1.578s  status=Exact solution     len=  4.087  endpoints_valid=True  collision=False  over_limit=False
[898] PASS  time=  3.861s  status=Exact solution     len=  6.023  endpoints_valid=True  collision=False  over_limit=False
[899] PASS  time=  1.788s  status=Exact solution     len=  4.134  endpoints_valid=True  collision=False  over_limit=False
[900] PASS  time=  4.520s  status=Exact solution     len=  7.967  endpoints_valid=True  collision=False  over_limit=False
[901] PASS  time=  3.711s  status=Exact solution     len=  4.551  endpoints_valid=True  collision=False  over_limit=False
[902] PASS  time=  3.573s  status=Exact solution     len=  7.576  endpoints_valid=True  collision=False  over_limit=False
[903] PASS  time=  2.295s  status=Exact solution     len=  2.917  endpoints_valid=True  collision=False  over_limit=False
[904] PASS  time=  4.556s  status=Exact solution     len= 11.855  endpoints_valid=True  collision=False  over_limit=False
[905] PASS  time=  1.609s  status=Exact solution     len=  5.986  endpoints_valid=True  collision=False  over_limit=False
[906] PASS  time=  3.094s  status=Exact solution     len=  7.717  endpoints_valid=True  collision=False  over_limit=False
[907] PASS  time=  6.479s  status=Exact solution     len= 11.722  endpoints_valid=True  collision=False  over_limit=False
[908] PASS  time=  2.464s  status=Exact solution     len=  4.236  endpoints_valid=True  collision=False  over_limit=False
[909] PASS  time=  1.551s  status=Exact solution     len=  5.263  endpoints_valid=True  collision=False  over_limit=False
[910] PASS  time=  8.415s  status=Exact solution     len=  4.536  endpoints_valid=True  collision=False  over_limit=False
[911] PASS  time=  3.272s  status=Exact solution     len=  5.979  endpoints_valid=True  collision=False  over_limit=False
[912] PASS  time=  8.473s  status=Exact solution     len=  3.698  endpoints_valid=True  collision=False  over_limit=False
[913] PASS  time=  1.521s  status=Exact solution     len=  8.032  endpoints_valid=True  collision=False  over_limit=False
[914] PASS  time=  2.290s  status=Exact solution     len=  6.846  endpoints_valid=True  collision=False  over_limit=False
[915] PASS  time=  3.105s  status=Exact solution     len=  5.167  endpoints_valid=True  collision=False  over_limit=False
[916] PASS  time=  3.165s  status=Exact solution     len=  6.220  endpoints_valid=True  collision=False  over_limit=False
[917] PASS  time=  0.612s  status=Exact solution     len=  3.140  endpoints_valid=True  collision=False  over_limit=False
[918] PASS  time=  0.314s  status=Exact solution     len=  2.488  endpoints_valid=True  collision=False  over_limit=False
[919] PASS  time=  1.280s  status=Exact solution     len=  6.098  endpoints_valid=True  collision=False  over_limit=False
[920] PASS  time=  1.465s  status=Exact solution     len=  5.460  endpoints_valid=True  collision=False  over_limit=False
[921] PASS  time=  0.588s  status=Exact solution     len=  3.117  endpoints_valid=True  collision=False  over_limit=False
[922] PASS  time=  0.394s  status=Exact solution     len=  1.589  endpoints_valid=True  collision=False  over_limit=False
[923] PASS  time=  6.985s  status=Exact solution     len=  6.231  endpoints_valid=True  collision=False  over_limit=False
[924] PASS  time=  4.277s  status=Exact solution     len=  4.329  endpoints_valid=True  collision=False  over_limit=False
[925] PASS  time=  4.329s  status=Exact solution     len= 14.684  endpoints_valid=True  collision=False  over_limit=False
[926] PASS  time=  3.036s  status=Exact solution     len=  8.632  endpoints_valid=True  collision=False  over_limit=False
[927] PASS  time=  1.191s  status=Exact solution     len=  6.490  endpoints_valid=True  collision=False  over_limit=False
[928] PASS  time=  4.056s  status=Exact solution     len=  3.684  endpoints_valid=True  collision=False  over_limit=False
[929] PASS  time=  0.970s  status=Exact solution     len=  2.179  endpoints_valid=True  collision=False  over_limit=False
[930] PASS  time=  4.646s  status=Exact solution     len=  5.289  endpoints_valid=True  collision=False  over_limit=False
[931] PASS  time=  4.948s  status=Exact solution     len=  7.728  endpoints_valid=True  collision=False  over_limit=False
[932] PASS  time=  1.611s  status=Exact solution     len=  4.073  endpoints_valid=True  collision=False  over_limit=False
[933] PASS  time=  5.481s  status=Exact solution     len= 13.093  endpoints_valid=True  collision=False  over_limit=False
[934] PASS  time=  1.799s  status=Exact solution     len=  7.423  endpoints_valid=True  collision=False  over_limit=False
[935] PASS  time=  5.541s  status=Exact solution     len= 13.971  endpoints_valid=True  collision=False  over_limit=False
[936] PASS  time=  9.414s  status=Exact solution     len=  4.590  endpoints_valid=True  collision=False  over_limit=False
[937] PASS  time=  5.427s  status=Exact solution     len= 14.350  endpoints_valid=True  collision=False  over_limit=False
[938] PASS  time=  1.356s  status=Exact solution     len=  3.493  endpoints_valid=True  collision=False  over_limit=False
[939] PASS  time=  6.474s  status=Exact solution     len=  6.358  endpoints_valid=True  collision=False  over_limit=False
[940] PASS  time=  2.600s  status=Exact solution     len= 11.671  endpoints_valid=True  collision=False  over_limit=False
[941] PASS  time=  5.510s  status=Exact solution     len=  6.434  endpoints_valid=True  collision=False  over_limit=False
[942] PASS  time=  7.063s  status=Exact solution     len=  8.568  endpoints_valid=True  collision=False  over_limit=False
[943] PASS  time=  1.147s  status=Exact solution     len=  6.218  endpoints_valid=True  collision=False  over_limit=False
[944] PASS  time=  1.053s  status=Exact solution     len=  4.414  endpoints_valid=True  collision=False  over_limit=False
[945] PASS  time= 16.243s  status=Exact solution     len=  7.130  endpoints_valid=True  collision=False  over_limit=False
[946] PASS  time=  7.677s  status=Exact solution     len=  7.556  endpoints_valid=True  collision=False  over_limit=False
[947] PASS  time=  5.216s  status=Exact solution     len=  9.430  endpoints_valid=True  collision=False  over_limit=False
[948] PASS  time=  2.258s  status=Exact solution     len=  6.980  endpoints_valid=True  collision=False  over_limit=False
[949] PASS  time=  1.683s  status=Exact solution     len=  3.298  endpoints_valid=True  collision=False  over_limit=False
[950] PASS  time=  2.002s  status=Exact solution     len=  7.717  endpoints_valid=True  collision=False  over_limit=False
[951] PASS  time=  2.032s  status=Exact solution     len=  5.922  endpoints_valid=True  collision=False  over_limit=False
[952] PASS  time=  8.977s  status=Exact solution     len= 12.035  endpoints_valid=True  collision=False  over_limit=False
[953] PASS  time=  3.638s  status=Exact solution     len=  4.145  endpoints_valid=True  collision=False  over_limit=False
[954] PASS  time=  5.986s  status=Exact solution     len=  7.489  endpoints_valid=True  collision=False  over_limit=False
[955] PASS  time=  4.853s  status=Exact solution     len= 10.405  endpoints_valid=True  collision=False  over_limit=False
[956] PASS  time= 12.767s  status=Exact solution     len=  8.136  endpoints_valid=True  collision=False  over_limit=False
[957] PASS  time=  3.017s  status=Exact solution     len=  4.198  endpoints_valid=True  collision=False  over_limit=False
[958] PASS  time=  3.576s  status=Exact solution     len=  2.960  endpoints_valid=True  collision=False  over_limit=False
[959] PASS  time=  0.045s  status=Exact solution     len=  0.545  endpoints_valid=True  collision=False  over_limit=False
[960] PASS  time=  5.740s  status=Exact solution     len= 10.099  endpoints_valid=True  collision=False  over_limit=False
[961] PASS  time=  0.739s  status=Exact solution     len=  3.427  endpoints_valid=True  collision=False  over_limit=False
[962] PASS  time=  3.806s  status=Exact solution     len=  3.905  endpoints_valid=True  collision=False  over_limit=False
[963] PASS  time=  1.687s  status=Exact solution     len= 10.594  endpoints_valid=True  collision=False  over_limit=False
[964] PASS  time=  5.299s  status=Exact solution     len=  8.097  endpoints_valid=True  collision=False  over_limit=False
[965] PASS  time=  0.825s  status=Exact solution     len=  2.933  endpoints_valid=True  collision=False  over_limit=False
[966] PASS  time=  1.267s  status=Exact solution     len=  5.067  endpoints_valid=True  collision=False  over_limit=False
[967] PASS  time=  3.530s  status=Exact solution     len=  4.742  endpoints_valid=True  collision=False  over_limit=False
[968] PASS  time=  2.771s  status=Exact solution     len=  7.927  endpoints_valid=True  collision=False  over_limit=False
[969] PASS  time=  2.927s  status=Exact solution     len=  4.601  endpoints_valid=True  collision=False  over_limit=False
[970] PASS  time=  2.599s  status=Exact solution     len=  4.646  endpoints_valid=True  collision=False  over_limit=False
[971] PASS  time=  1.622s  status=Exact solution     len=  5.814  endpoints_valid=True  collision=False  over_limit=False
[972] PASS  time=  5.777s  status=Exact solution     len=  5.657  endpoints_valid=True  collision=False  over_limit=False
[973] PASS  time=  0.036s  status=Exact solution     len=  0.595  endpoints_valid=True  collision=False  over_limit=False
[974] PASS  time=  6.529s  status=Exact solution     len=  7.054  endpoints_valid=True  collision=False  over_limit=False
[975] PASS  time=  3.683s  status=Exact solution     len=  6.189  endpoints_valid=True  collision=False  over_limit=False
[976] PASS  time=  2.596s  status=Exact solution     len=  2.274  endpoints_valid=True  collision=False  over_limit=False
[977] PASS  time=  4.113s  status=Exact solution     len=  6.698  endpoints_valid=True  collision=False  over_limit=False
[978] PASS  time=  7.446s  status=Exact solution     len=  6.180  endpoints_valid=True  collision=False  over_limit=False
[979] PASS  time=  2.476s  status=Exact solution     len=  8.875  endpoints_valid=True  collision=False  over_limit=False
[980] PASS  time=  3.464s  status=Exact solution     len= 10.319  endpoints_valid=True  collision=False  over_limit=False
[981] PASS  time=  0.015s  status=Exact solution     len=  0.484  endpoints_valid=True  collision=False  over_limit=False
[982] PASS  time=  5.888s  status=Exact solution     len=  4.952  endpoints_valid=True  collision=False  over_limit=False
[983] FAIL  time= 30.157s  status=Timeout            len=    nan  endpoints_valid=True  collision=False  over_limit=True
[984] PASS  time=  2.231s  status=Exact solution     len=  3.057  endpoints_valid=True  collision=False  over_limit=False
[985] PASS  time=  1.903s  status=Exact solution     len=  6.223  endpoints_valid=True  collision=False  over_limit=False
[986] PASS  time=  1.739s  status=Exact solution     len=  9.280  endpoints_valid=True  collision=False  over_limit=False
[987] PASS  time=  6.445s  status=Exact solution     len=  4.887  endpoints_valid=True  collision=False  over_limit=False
[988] PASS  time=  1.904s  status=Exact solution     len=  6.200  endpoints_valid=True  collision=False  over_limit=False
[989] PASS  time=  2.879s  status=Exact solution     len=  3.193  endpoints_valid=True  collision=False  over_limit=False
[990] PASS  time=  3.943s  status=Exact solution     len=  8.761  endpoints_valid=True  collision=False  over_limit=False
[991] PASS  time=  2.655s  status=Exact solution     len=  3.717  endpoints_valid=True  collision=False  over_limit=False
[992] PASS  time=  4.526s  status=Exact solution     len=  6.971  endpoints_valid=True  collision=False  over_limit=False
[993] PASS  time=  1.006s  status=Exact solution     len=  5.921  endpoints_valid=True  collision=False  over_limit=False
[994] PASS  time=  3.257s  status=Exact solution     len=  6.016  endpoints_valid=True  collision=False  over_limit=False
[995] PASS  time=  6.977s  status=Exact solution     len=  5.412  endpoints_valid=True  collision=False  over_limit=False
[996] PASS  time=  7.750s  status=Exact solution     len=  6.248  endpoints_valid=True  collision=False  over_limit=False
[997] PASS  time=  0.280s  status=Exact solution     len=  2.646  endpoints_valid=True  collision=False  over_limit=False
[998] PASS  time=  1.761s  status=Exact solution     len=  4.157  endpoints_valid=True  collision=False  over_limit=False
[999] PASS  time=  3.767s  status=Exact solution     len=  5.273  endpoints_valid=True  collision=False  over_limit=False

shape                     : datasets/3dshape/rectangle.obj
environment               : datasets/3dshape/env4.obj
data_path                 : testing_data/3dshape/rectangle_env4
planner                   : LazyPRM (OMPL, SE(3))
roadmap                   : cleared per case
time_limit_per_case       : 30.000 s  (a case over this = fail)
path_simplification       : off

test_cases_total          : 1000
invalid_start_or_goal     : 0  (excluded, unplannable)
test_cases_scored         : 1000  [valid start+goal only]
successes                 : 995
failures                  : 5
  no_solution_in_time     : 5
  over_time_limit         : 0
  path_in_collision       : 0
success_rate              : 0.9950  (99.5%)  [995/1000]

time_mean                 : 3.5671 s   [all 1000 scored cases]
time_std                  : 3.6543 s
time_mean_successful      : 3.4328 s   [995 successful cases]
time_std_successful       : 3.1314 s
time_median               : 2.7054 s

path_length_mean          : 5.8376   [995 successful cases]
path_length_std           : 3.1718
path_length_total         : 5808.4450

total_time                : 3567.15 s
collision_checks          : 2151679

Wrote results/ompl_lazyprm/rectangle_env4/lazy_prm_success_rate.txt
Wrote results/ompl_lazyprm/rectangle_env4/lazy_prm_cases.csv
