[load_obj] 'datasets/3dshape/4shape3d.obj': 1 objects/groups
  [0] 'Body4'  (36 triangles)
[load_obj] 'datasets/3dshape/env1.obj': 5 objects/groups
  [0] 'Body2'  (12 triangles)
  [1] 'Body3'  (12 triangles)
  [2] 'Body4'  (12 triangles)
  [3] 'Body5'  (12 triangles)
  [4] 'wall (2)'  (12 triangles)
shape       : datasets/3dshape/4shape3d.obj  (20 verts, 30 tets, radius 0.1654)
environment : datasets/3dshape/env1.obj  (60 tris, 50000 collision points)
bounds      : low [-0.475, -0.3329, -0.5]  high [0.475, 0.3329, 0.5]
test cases  : 1000 from testing_data/3dshape/4shape3d_env1/sampled_points.npy
planner     : RRTConnect  (time limit 30.0s per case, resolution 0.005)

[000] PASS  time=  1.114s  status=Exact solution     len=  2.924  endpoints_valid=True  collision=False  over_limit=False
[001] PASS  time=  1.781s  status=Exact solution     len=  3.049  endpoints_valid=True  collision=False  over_limit=False
[002] PASS  time=  0.752s  status=Exact solution     len=  2.446  endpoints_valid=True  collision=False  over_limit=False
[003] PASS  time=  1.515s  status=Exact solution     len=  2.128  endpoints_valid=True  collision=False  over_limit=False
[004] PASS  time=  4.159s  status=Exact solution     len=  4.186  endpoints_valid=True  collision=False  over_limit=False
[005] PASS  time=  1.698s  status=Exact solution     len=  1.787  endpoints_valid=True  collision=False  over_limit=False
[006] PASS  time=  0.492s  status=Exact solution     len=  1.809  endpoints_valid=True  collision=False  over_limit=False
[007] PASS  time=  6.437s  status=Exact solution     len=  7.048  endpoints_valid=True  collision=False  over_limit=False
[008] PASS  time=  1.631s  status=Exact solution     len=  3.673  endpoints_valid=True  collision=False  over_limit=False
[009] PASS  time=  0.430s  status=Exact solution     len=  1.177  endpoints_valid=True  collision=False  over_limit=False
[010] PASS  time=  0.777s  status=Exact solution     len=  1.438  endpoints_valid=True  collision=False  over_limit=False
[011] PASS  time=  0.444s  status=Exact solution     len=  1.142  endpoints_valid=True  collision=False  over_limit=False
[012] PASS  time=  0.259s  status=Exact solution     len=  1.830  endpoints_valid=True  collision=False  over_limit=False
[013] PASS  time=  3.242s  status=Exact solution     len=  3.013  endpoints_valid=True  collision=False  over_limit=False
[014] PASS  time=  5.011s  status=Exact solution     len=  5.698  endpoints_valid=True  collision=False  over_limit=False
[015] PASS  time=  1.300s  status=Exact solution     len=  2.081  endpoints_valid=True  collision=False  over_limit=False
[016] PASS  time=  0.523s  status=Exact solution     len=  2.262  endpoints_valid=True  collision=False  over_limit=False
[017] PASS  time=  4.172s  status=Exact solution     len=  4.292  endpoints_valid=True  collision=False  over_limit=False
[018] PASS  time=  1.857s  status=Exact solution     len=  2.803  endpoints_valid=True  collision=False  over_limit=False
[019] PASS  time=  4.441s  status=Exact solution     len=  6.250  endpoints_valid=True  collision=False  over_limit=False
[020] PASS  time=  0.362s  status=Exact solution     len=  2.017  endpoints_valid=True  collision=False  over_limit=False
[021] PASS  time=  1.826s  status=Exact solution     len=  3.833  endpoints_valid=True  collision=False  over_limit=False
[022] PASS  time=  0.593s  status=Exact solution     len=  1.673  endpoints_valid=True  collision=False  over_limit=False
[023] PASS  time=  0.318s  status=Exact solution     len=  1.331  endpoints_valid=True  collision=False  over_limit=False
[024] PASS  time=  0.629s  status=Exact solution     len=  1.362  endpoints_valid=True  collision=False  over_limit=False
[025] PASS  time=  1.094s  status=Exact solution     len=  1.743  endpoints_valid=True  collision=False  over_limit=False
[026] PASS  time=  0.667s  status=Exact solution     len=  1.156  endpoints_valid=True  collision=False  over_limit=False
[027] PASS  time=  0.258s  status=Exact solution     len=  1.820  endpoints_valid=True  collision=False  over_limit=False
[028] PASS  time=  1.414s  status=Exact solution     len=  3.678  endpoints_valid=True  collision=False  over_limit=False
[029] PASS  time=  1.276s  status=Exact solution     len=  3.846  endpoints_valid=True  collision=False  over_limit=False
[030] PASS  time=  0.691s  status=Exact solution     len=  2.406  endpoints_valid=True  collision=False  over_limit=False
[031] PASS  time=  2.683s  status=Exact solution     len=  3.317  endpoints_valid=True  collision=False  over_limit=False
[032] PASS  time=  1.440s  status=Exact solution     len=  2.191  endpoints_valid=True  collision=False  over_limit=False
[033] PASS  time=  2.694s  status=Exact solution     len=  2.489  endpoints_valid=True  collision=False  over_limit=False
[034] PASS  time=  0.944s  status=Exact solution     len=  3.506  endpoints_valid=True  collision=False  over_limit=False
[035] PASS  time=  0.405s  status=Exact solution     len=  1.527  endpoints_valid=True  collision=False  over_limit=False
[036] PASS  time=  1.664s  status=Exact solution     len=  3.384  endpoints_valid=True  collision=False  over_limit=False
[037] PASS  time=  0.789s  status=Exact solution     len=  2.732  endpoints_valid=True  collision=False  over_limit=False
[038] PASS  time=  0.388s  status=Exact solution     len=  1.534  endpoints_valid=True  collision=False  over_limit=False
[039] PASS  time=  0.761s  status=Exact solution     len=  2.999  endpoints_valid=True  collision=False  over_limit=False
[040] PASS  time=  2.276s  status=Exact solution     len=  3.678  endpoints_valid=True  collision=False  over_limit=False
[041] PASS  time=  0.570s  status=Exact solution     len=  2.317  endpoints_valid=True  collision=False  over_limit=False
[042] PASS  time=  6.218s  status=Exact solution     len=  7.546  endpoints_valid=True  collision=False  over_limit=False
[043] PASS  time=  3.134s  status=Exact solution     len=  4.096  endpoints_valid=True  collision=False  over_limit=False
[044] PASS  time=  1.179s  status=Exact solution     len=  3.758  endpoints_valid=True  collision=False  over_limit=False
[045] PASS  time=  0.436s  status=Exact solution     len=  2.104  endpoints_valid=True  collision=False  over_limit=False
[046] PASS  time=  0.770s  status=Exact solution     len=  2.686  endpoints_valid=True  collision=False  over_limit=False
[047] PASS  time=  0.819s  status=Exact solution     len=  3.135  endpoints_valid=True  collision=False  over_limit=False
[048] PASS  time=  0.778s  status=Exact solution     len=  2.074  endpoints_valid=True  collision=False  over_limit=False
[049] PASS  time=  0.235s  status=Exact solution     len=  1.460  endpoints_valid=True  collision=False  over_limit=False
[050] PASS  time=  0.595s  status=Exact solution     len=  1.147  endpoints_valid=True  collision=False  over_limit=False
[051] PASS  time=  1.047s  status=Exact solution     len=  2.774  endpoints_valid=True  collision=False  over_limit=False
[052] PASS  time=  0.466s  status=Exact solution     len=  1.711  endpoints_valid=True  collision=False  over_limit=False
[053] PASS  time=  0.772s  status=Exact solution     len=  1.809  endpoints_valid=True  collision=False  over_limit=False
[054] PASS  time=  1.090s  status=Exact solution     len=  2.749  endpoints_valid=True  collision=False  over_limit=False
[055] PASS  time=  0.188s  status=Exact solution     len=  2.051  endpoints_valid=True  collision=False  over_limit=False
[056] PASS  time=  1.297s  status=Exact solution     len=  2.418  endpoints_valid=True  collision=False  over_limit=False
[057] PASS  time=  1.587s  status=Exact solution     len=  3.030  endpoints_valid=True  collision=False  over_limit=False
[058] PASS  time=  2.361s  status=Exact solution     len=  4.380  endpoints_valid=True  collision=False  over_limit=False
[059] PASS  time=  0.603s  status=Exact solution     len=  2.074  endpoints_valid=True  collision=False  over_limit=False
[060] PASS  time=  1.312s  status=Exact solution     len=  1.662  endpoints_valid=True  collision=False  over_limit=False
[061] PASS  time=  0.784s  status=Exact solution     len=  1.674  endpoints_valid=True  collision=False  over_limit=False
[062] PASS  time=  4.609s  status=Exact solution     len=  6.154  endpoints_valid=True  collision=False  over_limit=False
[063] PASS  time=  0.354s  status=Exact solution     len=  3.029  endpoints_valid=True  collision=False  over_limit=False
[064] PASS  time=  1.576s  status=Exact solution     len=  3.403  endpoints_valid=True  collision=False  over_limit=False
[065] PASS  time=  2.775s  status=Exact solution     len=  4.340  endpoints_valid=True  collision=False  over_limit=False
[066] PASS  time=  4.345s  status=Exact solution     len=  4.661  endpoints_valid=True  collision=False  over_limit=False
[067] PASS  time=  1.657s  status=Exact solution     len=  3.291  endpoints_valid=True  collision=False  over_limit=False
[068] PASS  time=  0.427s  status=Exact solution     len=  1.942  endpoints_valid=True  collision=False  over_limit=False
[069] PASS  time=  0.280s  status=Exact solution     len=  2.254  endpoints_valid=True  collision=False  over_limit=False
[070] PASS  time=  5.254s  status=Exact solution     len=  7.413  endpoints_valid=True  collision=False  over_limit=False
[071] PASS  time=  1.031s  status=Exact solution     len=  2.249  endpoints_valid=True  collision=False  over_limit=False
[072] PASS  time=  0.680s  status=Exact solution     len=  2.524  endpoints_valid=True  collision=False  over_limit=False
[073] PASS  time=  0.323s  status=Exact solution     len=  1.824  endpoints_valid=True  collision=False  over_limit=False
[074] PASS  time=  2.237s  status=Exact solution     len=  3.999  endpoints_valid=True  collision=False  over_limit=False
[075] PASS  time=  3.371s  status=Exact solution     len=  5.763  endpoints_valid=True  collision=False  over_limit=False
[076] PASS  time=  2.178s  status=Exact solution     len=  5.048  endpoints_valid=True  collision=False  over_limit=False
[077] PASS  time=  0.885s  status=Exact solution     len=  4.242  endpoints_valid=True  collision=False  over_limit=False
[078] PASS  time=  3.810s  status=Exact solution     len=  1.926  endpoints_valid=True  collision=False  over_limit=False
[079] PASS  time=  1.360s  status=Exact solution     len=  4.008  endpoints_valid=True  collision=False  over_limit=False
[080] PASS  time=  0.836s  status=Exact solution     len=  2.041  endpoints_valid=True  collision=False  over_limit=False
[081] PASS  time=  1.298s  status=Exact solution     len=  3.516  endpoints_valid=True  collision=False  over_limit=False
[082] PASS  time=  0.355s  status=Exact solution     len=  2.002  endpoints_valid=True  collision=False  over_limit=False
[083] PASS  time=  2.940s  status=Exact solution     len=  3.137  endpoints_valid=True  collision=False  over_limit=False
[084] PASS  time=  2.934s  status=Exact solution     len=  5.130  endpoints_valid=True  collision=False  over_limit=False
[085] PASS  time=  2.048s  status=Exact solution     len=  4.392  endpoints_valid=True  collision=False  over_limit=False
[086] PASS  time=  0.556s  status=Exact solution     len=  1.185  endpoints_valid=True  collision=False  over_limit=False
[087] PASS  time=  3.009s  status=Exact solution     len=  3.456  endpoints_valid=True  collision=False  over_limit=False
[088] PASS  time=  1.566s  status=Exact solution     len=  3.652  endpoints_valid=True  collision=False  over_limit=False
[089] PASS  time=  0.620s  status=Exact solution     len=  2.536  endpoints_valid=True  collision=False  over_limit=False
[090] PASS  time=  1.384s  status=Exact solution     len=  1.926  endpoints_valid=True  collision=False  over_limit=False
[091] PASS  time=  0.761s  status=Exact solution     len=  2.927  endpoints_valid=True  collision=False  over_limit=False
[092] PASS  time=  0.846s  status=Exact solution     len=  2.522  endpoints_valid=True  collision=False  over_limit=False
[093] PASS  time=  2.834s  status=Exact solution     len=  3.975  endpoints_valid=True  collision=False  over_limit=False
[094] PASS  time=  0.838s  status=Exact solution     len=  2.365  endpoints_valid=True  collision=False  over_limit=False
[095] PASS  time=  0.480s  status=Exact solution     len=  2.615  endpoints_valid=True  collision=False  over_limit=False
[096] PASS  time=  0.807s  status=Exact solution     len=  1.880  endpoints_valid=True  collision=False  over_limit=False
[097] PASS  time=  0.219s  status=Exact solution     len=  2.050  endpoints_valid=True  collision=False  over_limit=False
[098] PASS  time=  2.730s  status=Exact solution     len=  3.453  endpoints_valid=True  collision=False  over_limit=False
[099] PASS  time=  3.946s  status=Exact solution     len=  4.620  endpoints_valid=True  collision=False  over_limit=False
[100] PASS  time=  1.023s  status=Exact solution     len=  2.466  endpoints_valid=True  collision=False  over_limit=False
[101] PASS  time=  0.301s  status=Exact solution     len=  1.375  endpoints_valid=True  collision=False  over_limit=False
[102] PASS  time=  1.138s  status=Exact solution     len=  2.499  endpoints_valid=True  collision=False  over_limit=False
[103] PASS  time=  1.493s  status=Exact solution     len=  4.128  endpoints_valid=True  collision=False  over_limit=False
[104] PASS  time=  1.619s  status=Exact solution     len=  3.234  endpoints_valid=True  collision=False  over_limit=False
[105] PASS  time=  0.315s  status=Exact solution     len=  2.107  endpoints_valid=True  collision=False  over_limit=False
[106] PASS  time=  0.331s  status=Exact solution     len=  1.787  endpoints_valid=True  collision=False  over_limit=False
[107] PASS  time=  2.135s  status=Exact solution     len=  3.930  endpoints_valid=True  collision=False  over_limit=False
[108] PASS  time=  0.905s  status=Exact solution     len=  3.101  endpoints_valid=True  collision=False  over_limit=False
[109] PASS  time=  2.277s  status=Exact solution     len=  4.584  endpoints_valid=True  collision=False  over_limit=False
[110] PASS  time=  2.986s  status=Exact solution     len=  3.566  endpoints_valid=True  collision=False  over_limit=False
[111] PASS  time=  1.405s  status=Exact solution     len=  4.107  endpoints_valid=True  collision=False  over_limit=False
[112] PASS  time=  1.110s  status=Exact solution     len=  2.146  endpoints_valid=True  collision=False  over_limit=False
[113] PASS  time=  2.050s  status=Exact solution     len=  3.384  endpoints_valid=True  collision=False  over_limit=False
[114] PASS  time=  0.394s  status=Exact solution     len=  1.449  endpoints_valid=True  collision=False  over_limit=False
[115] PASS  time=  0.411s  status=Exact solution     len=  1.840  endpoints_valid=True  collision=False  over_limit=False
[116] PASS  time=  3.453s  status=Exact solution     len=  2.405  endpoints_valid=True  collision=False  over_limit=False
[117] PASS  time=  2.167s  status=Exact solution     len=  5.003  endpoints_valid=True  collision=False  over_limit=False
[118] PASS  time=  2.721s  status=Exact solution     len=  3.180  endpoints_valid=True  collision=False  over_limit=False
[119] PASS  time=  0.192s  status=Exact solution     len=  1.519  endpoints_valid=True  collision=False  over_limit=False
[120] PASS  time=  3.153s  status=Exact solution     len=  3.324  endpoints_valid=True  collision=False  over_limit=False
[121] PASS  time=  1.688s  status=Exact solution     len=  3.514  endpoints_valid=True  collision=False  over_limit=False
[122] PASS  time=  0.861s  status=Exact solution     len=  1.480  endpoints_valid=True  collision=False  over_limit=False
[123] PASS  time=  4.364s  status=Exact solution     len=  4.541  endpoints_valid=True  collision=False  over_limit=False
[124] PASS  time=  2.978s  status=Exact solution     len=  8.172  endpoints_valid=True  collision=False  over_limit=False
[125] PASS  time=  2.919s  status=Exact solution     len=  3.557  endpoints_valid=True  collision=False  over_limit=False
[126] PASS  time=  2.473s  status=Exact solution     len=  4.126  endpoints_valid=True  collision=False  over_limit=False
[127] PASS  time=  2.015s  status=Exact solution     len=  2.755  endpoints_valid=True  collision=False  over_limit=False
[128] PASS  time=  1.170s  status=Exact solution     len=  2.054  endpoints_valid=True  collision=False  over_limit=False
[129] PASS  time=  1.241s  status=Exact solution     len=  3.976  endpoints_valid=True  collision=False  over_limit=False
[130] PASS  time=  2.056s  status=Exact solution     len=  4.070  endpoints_valid=True  collision=False  over_limit=False
[131] PASS  time=  1.627s  status=Exact solution     len=  2.838  endpoints_valid=True  collision=False  over_limit=False
[132] PASS  time=  0.468s  status=Exact solution     len=  1.303  endpoints_valid=True  collision=False  over_limit=False
[133] PASS  time=  2.954s  status=Exact solution     len=  2.519  endpoints_valid=True  collision=False  over_limit=False
[134] PASS  time=  0.277s  status=Exact solution     len=  2.466  endpoints_valid=True  collision=False  over_limit=False
[135] PASS  time=  1.170s  status=Exact solution     len=  2.618  endpoints_valid=True  collision=False  over_limit=False
[136] PASS  time=  0.555s  status=Exact solution     len=  1.487  endpoints_valid=True  collision=False  over_limit=False
[137] PASS  time=  0.831s  status=Exact solution     len=  2.028  endpoints_valid=True  collision=False  over_limit=False
[138] PASS  time=  5.201s  status=Exact solution     len=  3.943  endpoints_valid=True  collision=False  over_limit=False
[139] PASS  time=  1.637s  status=Exact solution     len=  3.916  endpoints_valid=True  collision=False  over_limit=False
[140] PASS  time=  2.784s  status=Exact solution     len=  2.760  endpoints_valid=True  collision=False  over_limit=False
[141] PASS  time=  3.226s  status=Exact solution     len=  3.726  endpoints_valid=True  collision=False  over_limit=False
[142] PASS  time=  0.493s  status=Exact solution     len=  1.756  endpoints_valid=True  collision=False  over_limit=False
[143] PASS  time=  0.173s  status=Exact solution     len=  1.736  endpoints_valid=True  collision=False  over_limit=False
[144] PASS  time=  0.639s  status=Exact solution     len=  2.235  endpoints_valid=True  collision=False  over_limit=False
[145] PASS  time=  1.849s  status=Exact solution     len=  5.177  endpoints_valid=True  collision=False  over_limit=False
[146] PASS  time=  1.716s  status=Exact solution     len=  1.681  endpoints_valid=True  collision=False  over_limit=False
[147] PASS  time=  1.696s  status=Exact solution     len=  2.845  endpoints_valid=True  collision=False  over_limit=False
[148] PASS  time=  1.457s  status=Exact solution     len=  3.122  endpoints_valid=True  collision=False  over_limit=False
[149] PASS  time=  7.639s  status=Exact solution     len=  5.781  endpoints_valid=True  collision=False  over_limit=False
[150] PASS  time=  0.931s  status=Exact solution     len=  2.231  endpoints_valid=True  collision=False  over_limit=False
[151] PASS  time=  0.935s  status=Exact solution     len=  2.016  endpoints_valid=True  collision=False  over_limit=False
[152] PASS  time=  0.709s  status=Exact solution     len=  2.061  endpoints_valid=True  collision=False  over_limit=False
[153] PASS  time=  0.400s  status=Exact solution     len=  1.549  endpoints_valid=True  collision=False  over_limit=False
[154] PASS  time=  3.062s  status=Exact solution     len=  3.406  endpoints_valid=True  collision=False  over_limit=False
[155] PASS  time=  2.811s  status=Exact solution     len=  4.745  endpoints_valid=True  collision=False  over_limit=False
[156] PASS  time=  0.616s  status=Exact solution     len=  3.192  endpoints_valid=True  collision=False  over_limit=False
[157] PASS  time=  1.320s  status=Exact solution     len=  2.276  endpoints_valid=True  collision=False  over_limit=False
[158] PASS  time=  0.871s  status=Exact solution     len=  2.892  endpoints_valid=True  collision=False  over_limit=False
[159] PASS  time=  0.564s  status=Exact solution     len=  1.104  endpoints_valid=True  collision=False  over_limit=False
[160] PASS  time=  4.413s  status=Exact solution     len=  3.658  endpoints_valid=True  collision=False  over_limit=False
[161] PASS  time=  0.257s  status=Exact solution     len=  1.471  endpoints_valid=True  collision=False  over_limit=False
[162] PASS  time=  0.736s  status=Exact solution     len=  3.078  endpoints_valid=True  collision=False  over_limit=False
[163] PASS  time=  0.985s  status=Exact solution     len=  3.458  endpoints_valid=True  collision=False  over_limit=False
[164] PASS  time=  0.741s  status=Exact solution     len=  4.585  endpoints_valid=True  collision=False  over_limit=False
[165] PASS  time=  3.541s  status=Exact solution     len=  5.606  endpoints_valid=True  collision=False  over_limit=False
[166] PASS  time=  0.685s  status=Exact solution     len=  2.549  endpoints_valid=True  collision=False  over_limit=False
[167] PASS  time=  1.393s  status=Exact solution     len=  2.531  endpoints_valid=True  collision=False  over_limit=False
[168] PASS  time=  0.424s  status=Exact solution     len=  2.279  endpoints_valid=True  collision=False  over_limit=False
[169] PASS  time=  0.245s  status=Exact solution     len=  1.962  endpoints_valid=True  collision=False  over_limit=False
[170] PASS  time=  2.244s  status=Exact solution     len=  2.368  endpoints_valid=True  collision=False  over_limit=False
[171] PASS  time=  1.087s  status=Exact solution     len=  2.497  endpoints_valid=True  collision=False  over_limit=False
[172] PASS  time=  1.643s  status=Exact solution     len=  3.414  endpoints_valid=True  collision=False  over_limit=False
[173] PASS  time=  3.691s  status=Exact solution     len=  6.288  endpoints_valid=True  collision=False  over_limit=False
[174] PASS  time=  1.039s  status=Exact solution     len=  2.362  endpoints_valid=True  collision=False  over_limit=False
[175] PASS  time=  1.462s  status=Exact solution     len=  4.918  endpoints_valid=True  collision=False  over_limit=False
[176] PASS  time=  0.224s  status=Exact solution     len=  1.608  endpoints_valid=True  collision=False  over_limit=False
[177] PASS  time=  2.707s  status=Exact solution     len=  4.132  endpoints_valid=True  collision=False  over_limit=False
[178] PASS  time=  4.860s  status=Exact solution     len=  3.815  endpoints_valid=True  collision=False  over_limit=False
[179] PASS  time=  0.636s  status=Exact solution     len=  1.570  endpoints_valid=True  collision=False  over_limit=False
[180] PASS  time=  1.247s  status=Exact solution     len=  2.960  endpoints_valid=True  collision=False  over_limit=False
[181] PASS  time=  1.606s  status=Exact solution     len=  2.897  endpoints_valid=True  collision=False  over_limit=False
[182] PASS  time=  1.593s  status=Exact solution     len=  2.623  endpoints_valid=True  collision=False  over_limit=False
[183] PASS  time=  1.694s  status=Exact solution     len=  2.503  endpoints_valid=True  collision=False  over_limit=False
[184] PASS  time=  1.622s  status=Exact solution     len=  3.438  endpoints_valid=True  collision=False  over_limit=False
[185] PASS  time=  2.474s  status=Exact solution     len=  3.193  endpoints_valid=True  collision=False  over_limit=False
[186] PASS  time=  1.892s  status=Exact solution     len=  3.061  endpoints_valid=True  collision=False  over_limit=False
[187] PASS  time=  2.290s  status=Exact solution     len=  4.823  endpoints_valid=True  collision=False  over_limit=False
[188] PASS  time=  0.468s  status=Exact solution     len=  1.830  endpoints_valid=True  collision=False  over_limit=False
[189] PASS  time=  0.574s  status=Exact solution     len=  3.071  endpoints_valid=True  collision=False  over_limit=False
[190] PASS  time=  0.792s  status=Exact solution     len=  1.558  endpoints_valid=True  collision=False  over_limit=False
[191] PASS  time=  3.669s  status=Exact solution     len=  5.365  endpoints_valid=True  collision=False  over_limit=False
[192] PASS  time=  1.136s  status=Exact solution     len=  2.441  endpoints_valid=True  collision=False  over_limit=False
[193] PASS  time=  0.819s  status=Exact solution     len=  2.662  endpoints_valid=True  collision=False  over_limit=False
[194] PASS  time=  2.679s  status=Exact solution     len=  6.173  endpoints_valid=True  collision=False  over_limit=False
[195] PASS  time=  2.371s  status=Exact solution     len=  3.107  endpoints_valid=True  collision=False  over_limit=False
[196] PASS  time=  1.722s  status=Exact solution     len=  4.161  endpoints_valid=True  collision=False  over_limit=False
[197] PASS  time=  3.644s  status=Exact solution     len=  2.521  endpoints_valid=True  collision=False  over_limit=False
[198] PASS  time=  2.773s  status=Exact solution     len=  4.672  endpoints_valid=True  collision=False  over_limit=False
[199] PASS  time=  4.699s  status=Exact solution     len=  3.161  endpoints_valid=True  collision=False  over_limit=False
[200] PASS  time=  5.128s  status=Exact solution     len=  3.763  endpoints_valid=True  collision=False  over_limit=False
[201] PASS  time=  0.817s  status=Exact solution     len=  2.007  endpoints_valid=True  collision=False  over_limit=False
[202] PASS  time=  0.592s  status=Exact solution     len=  1.842  endpoints_valid=True  collision=False  over_limit=False
[203] PASS  time=  0.785s  status=Exact solution     len=  2.141  endpoints_valid=True  collision=False  over_limit=False
[204] PASS  time=  3.294s  status=Exact solution     len=  3.881  endpoints_valid=True  collision=False  over_limit=False
[205] PASS  time=  1.071s  status=Exact solution     len=  2.859  endpoints_valid=True  collision=False  over_limit=False
[206] PASS  time=  5.089s  status=Exact solution     len=  3.619  endpoints_valid=True  collision=False  over_limit=False
[207] PASS  time=  0.882s  status=Exact solution     len=  2.293  endpoints_valid=True  collision=False  over_limit=False
[208] PASS  time=  0.813s  status=Exact solution     len=  2.430  endpoints_valid=True  collision=False  over_limit=False
[209] PASS  time=  2.955s  status=Exact solution     len=  3.339  endpoints_valid=True  collision=False  over_limit=False
[210] PASS  time=  5.598s  status=Exact solution     len=  3.958  endpoints_valid=True  collision=False  over_limit=False
[211] PASS  time=  2.476s  status=Exact solution     len=  2.202  endpoints_valid=True  collision=False  over_limit=False
[212] PASS  time=  1.290s  status=Exact solution     len=  1.562  endpoints_valid=True  collision=False  over_limit=False
[213] PASS  time=  2.344s  status=Exact solution     len=  2.944  endpoints_valid=True  collision=False  over_limit=False
[214] PASS  time=  0.277s  status=Exact solution     len=  1.342  endpoints_valid=True  collision=False  over_limit=False
[215] PASS  time=  2.739s  status=Exact solution     len=  2.998  endpoints_valid=True  collision=False  over_limit=False
[216] PASS  time=  3.680s  status=Exact solution     len=  4.989  endpoints_valid=True  collision=False  over_limit=False
[217] PASS  time=  1.815s  status=Exact solution     len=  3.122  endpoints_valid=True  collision=False  over_limit=False
[218] PASS  time=  1.705s  status=Exact solution     len=  2.478  endpoints_valid=True  collision=False  over_limit=False
[219] PASS  time=  1.580s  status=Exact solution     len=  2.229  endpoints_valid=True  collision=False  over_limit=False
[220] PASS  time=  0.444s  status=Exact solution     len=  2.074  endpoints_valid=True  collision=False  over_limit=False
[221] PASS  time=  1.756s  status=Exact solution     len=  2.602  endpoints_valid=True  collision=False  over_limit=False
[222] PASS  time=  2.801s  status=Exact solution     len=  4.468  endpoints_valid=True  collision=False  over_limit=False
[223] PASS  time=  3.002s  status=Exact solution     len=  1.390  endpoints_valid=True  collision=False  over_limit=False
[224] PASS  time=  2.205s  status=Exact solution     len=  3.422  endpoints_valid=True  collision=False  over_limit=False
[225] PASS  time=  1.019s  status=Exact solution     len=  2.857  endpoints_valid=True  collision=False  over_limit=False
[226] PASS  time=  1.150s  status=Exact solution     len=  2.042  endpoints_valid=True  collision=False  over_limit=False
[227] PASS  time=  0.882s  status=Exact solution     len=  1.801  endpoints_valid=True  collision=False  over_limit=False
[228] PASS  time=  3.951s  status=Exact solution     len=  4.693  endpoints_valid=True  collision=False  over_limit=False
[229] PASS  time=  1.355s  status=Exact solution     len=  1.214  endpoints_valid=True  collision=False  over_limit=False
[230] PASS  time=  0.648s  status=Exact solution     len=  2.334  endpoints_valid=True  collision=False  over_limit=False
[231] PASS  time=  7.903s  status=Exact solution     len=  4.356  endpoints_valid=True  collision=False  over_limit=False
[232] PASS  time=  0.576s  status=Exact solution     len=  1.884  endpoints_valid=True  collision=False  over_limit=False
[233] PASS  time=  3.260s  status=Exact solution     len=  4.447  endpoints_valid=True  collision=False  over_limit=False
[234] PASS  time=  4.962s  status=Exact solution     len=  3.118  endpoints_valid=True  collision=False  over_limit=False
[235] PASS  time=  2.572s  status=Exact solution     len=  3.049  endpoints_valid=True  collision=False  over_limit=False
[236] PASS  time=  3.267s  status=Exact solution     len=  6.259  endpoints_valid=True  collision=False  over_limit=False
[237] PASS  time=  1.589s  status=Exact solution     len=  3.212  endpoints_valid=True  collision=False  over_limit=False
[238] PASS  time=  0.776s  status=Exact solution     len=  2.269  endpoints_valid=True  collision=False  over_limit=False
[239] PASS  time=  1.565s  status=Exact solution     len=  2.221  endpoints_valid=True  collision=False  over_limit=False
[240] PASS  time=  4.470s  status=Exact solution     len=  4.856  endpoints_valid=True  collision=False  over_limit=False
[241] PASS  time=  1.082s  status=Exact solution     len=  3.351  endpoints_valid=True  collision=False  over_limit=False
[242] PASS  time=  1.198s  status=Exact solution     len=  2.712  endpoints_valid=True  collision=False  over_limit=False
[243] PASS  time=  1.404s  status=Exact solution     len=  3.289  endpoints_valid=True  collision=False  over_limit=False
[244] PASS  time=  1.225s  status=Exact solution     len=  2.572  endpoints_valid=True  collision=False  over_limit=False
[245] PASS  time=  1.954s  status=Exact solution     len=  3.602  endpoints_valid=True  collision=False  over_limit=False
[246] PASS  time=  2.502s  status=Exact solution     len=  2.048  endpoints_valid=True  collision=False  over_limit=False
[247] PASS  time=  0.674s  status=Exact solution     len=  1.685  endpoints_valid=True  collision=False  over_limit=False
[248] PASS  time=  1.966s  status=Exact solution     len=  2.412  endpoints_valid=True  collision=False  over_limit=False
[249] PASS  time=  1.356s  status=Exact solution     len=  2.032  endpoints_valid=True  collision=False  over_limit=False
[250] PASS  time=  3.355s  status=Exact solution     len=  3.055  endpoints_valid=True  collision=False  over_limit=False
[251] PASS  time=  4.359s  status=Exact solution     len=  5.060  endpoints_valid=True  collision=False  over_limit=False
[252] PASS  time=  2.239s  status=Exact solution     len=  2.159  endpoints_valid=True  collision=False  over_limit=False
[253] PASS  time=  0.914s  status=Exact solution     len=  2.231  endpoints_valid=True  collision=False  over_limit=False
[254] PASS  time=  1.558s  status=Exact solution     len=  4.010  endpoints_valid=True  collision=False  over_limit=False
[255] PASS  time=  6.222s  status=Exact solution     len=  8.063  endpoints_valid=True  collision=False  over_limit=False
[256] PASS  time=  1.382s  status=Exact solution     len=  1.740  endpoints_valid=True  collision=False  over_limit=False
[257] PASS  time=  4.856s  status=Exact solution     len=  5.019  endpoints_valid=True  collision=False  over_limit=False
[258] PASS  time=  5.456s  status=Exact solution     len=  5.247  endpoints_valid=True  collision=False  over_limit=False
[259] PASS  time=  1.501s  status=Exact solution     len=  1.427  endpoints_valid=True  collision=False  over_limit=False
[260] PASS  time= 10.987s  status=Exact solution     len=  4.640  endpoints_valid=True  collision=False  over_limit=False
[261] PASS  time=  1.499s  status=Exact solution     len=  2.859  endpoints_valid=True  collision=False  over_limit=False
[262] PASS  time=  2.275s  status=Exact solution     len=  2.483  endpoints_valid=True  collision=False  over_limit=False
[263] PASS  time=  0.604s  status=Exact solution     len=  2.424  endpoints_valid=True  collision=False  over_limit=False
[264] PASS  time=  1.558s  status=Exact solution     len=  2.725  endpoints_valid=True  collision=False  over_limit=False
[265] PASS  time=  2.833s  status=Exact solution     len=  4.366  endpoints_valid=True  collision=False  over_limit=False
[266] PASS  time=  0.468s  status=Exact solution     len=  2.556  endpoints_valid=True  collision=False  over_limit=False
[267] PASS  time=  0.361s  status=Exact solution     len=  1.427  endpoints_valid=True  collision=False  over_limit=False
[268] PASS  time=  1.937s  status=Exact solution     len=  3.299  endpoints_valid=True  collision=False  over_limit=False
[269] PASS  time=  5.239s  status=Exact solution     len=  5.305  endpoints_valid=True  collision=False  over_limit=False
[270] PASS  time=  2.905s  status=Exact solution     len=  2.433  endpoints_valid=True  collision=False  over_limit=False
[271] PASS  time=  0.983s  status=Exact solution     len=  1.341  endpoints_valid=True  collision=False  over_limit=False
[272] PASS  time=  2.066s  status=Exact solution     len=  3.494  endpoints_valid=True  collision=False  over_limit=False
[273] PASS  time=  0.776s  status=Exact solution     len=  2.270  endpoints_valid=True  collision=False  over_limit=False
[274] PASS  time=  2.185s  status=Exact solution     len=  3.763  endpoints_valid=True  collision=False  over_limit=False
[275] PASS  time=  1.827s  status=Exact solution     len=  4.209  endpoints_valid=True  collision=False  over_limit=False
[276] PASS  time=  0.326s  status=Exact solution     len=  1.233  endpoints_valid=True  collision=False  over_limit=False
[277] PASS  time=  1.195s  status=Exact solution     len=  2.706  endpoints_valid=True  collision=False  over_limit=False
[278] PASS  time=  0.446s  status=Exact solution     len=  2.092  endpoints_valid=True  collision=False  over_limit=False
[279] PASS  time=  5.316s  status=Exact solution     len=  2.774  endpoints_valid=True  collision=False  over_limit=False
[280] PASS  time=  2.817s  status=Exact solution     len=  3.773  endpoints_valid=True  collision=False  over_limit=False
[281] PASS  time=  0.961s  status=Exact solution     len=  2.426  endpoints_valid=True  collision=False  over_limit=False
[282] PASS  time=  4.578s  status=Exact solution     len=  2.419  endpoints_valid=True  collision=False  over_limit=False
[283] PASS  time=  0.405s  status=Exact solution     len=  1.333  endpoints_valid=True  collision=False  over_limit=False
[284] PASS  time=  5.566s  status=Exact solution     len=  3.188  endpoints_valid=True  collision=False  over_limit=False
[285] PASS  time=  4.812s  status=Exact solution     len=  3.745  endpoints_valid=True  collision=False  over_limit=False
[286] PASS  time=  1.065s  status=Exact solution     len=  2.317  endpoints_valid=True  collision=False  over_limit=False
[287] PASS  time=  1.401s  status=Exact solution     len=  2.008  endpoints_valid=True  collision=False  over_limit=False
[288] PASS  time=  1.714s  status=Exact solution     len=  2.618  endpoints_valid=True  collision=False  over_limit=False
[289] PASS  time=  5.783s  status=Exact solution     len=  4.466  endpoints_valid=True  collision=False  over_limit=False
[290] PASS  time=  1.009s  status=Exact solution     len=  1.691  endpoints_valid=True  collision=False  over_limit=False
[291] PASS  time=  0.200s  status=Exact solution     len=  1.254  endpoints_valid=True  collision=False  over_limit=False
[292] PASS  time=  0.215s  status=Exact solution     len=  1.244  endpoints_valid=True  collision=False  over_limit=False
[293] PASS  time=  6.014s  status=Exact solution     len=  5.575  endpoints_valid=True  collision=False  over_limit=False
[294] PASS  time=  1.706s  status=Exact solution     len=  2.475  endpoints_valid=True  collision=False  over_limit=False
[295] PASS  time=  0.487s  status=Exact solution     len=  2.158  endpoints_valid=True  collision=False  over_limit=False
[296] PASS  time=  0.560s  status=Exact solution     len=  1.537  endpoints_valid=True  collision=False  over_limit=False
[297] PASS  time=  4.222s  status=Exact solution     len=  4.415  endpoints_valid=True  collision=False  over_limit=False
[298] PASS  time=  0.193s  status=Exact solution     len=  1.658  endpoints_valid=True  collision=False  over_limit=False
[299] PASS  time=  2.963s  status=Exact solution     len=  3.960  endpoints_valid=True  collision=False  over_limit=False
[300] PASS  time=  2.435s  status=Exact solution     len=  4.793  endpoints_valid=True  collision=False  over_limit=False
[301] PASS  time=  1.685s  status=Exact solution     len=  1.946  endpoints_valid=True  collision=False  over_limit=False
[302] PASS  time=  3.659s  status=Exact solution     len=  5.791  endpoints_valid=True  collision=False  over_limit=False
[303] PASS  time=  6.739s  status=Exact solution     len=  6.357  endpoints_valid=True  collision=False  over_limit=False
[304] PASS  time=  1.707s  status=Exact solution     len=  2.404  endpoints_valid=True  collision=False  over_limit=False
[305] PASS  time=  2.678s  status=Exact solution     len=  2.721  endpoints_valid=True  collision=False  over_limit=False
[306] PASS  time=  0.370s  status=Exact solution     len=  1.123  endpoints_valid=True  collision=False  over_limit=False
[307] PASS  time=  1.024s  status=Exact solution     len=  1.490  endpoints_valid=True  collision=False  over_limit=False
[308] PASS  time=  1.040s  status=Exact solution     len=  1.705  endpoints_valid=True  collision=False  over_limit=False
[309] PASS  time=  2.570s  status=Exact solution     len=  3.298  endpoints_valid=True  collision=False  over_limit=False
[310] PASS  time=  0.162s  status=Exact solution     len=  1.599  endpoints_valid=True  collision=False  over_limit=False
[311] PASS  time=  5.089s  status=Exact solution     len=  6.150  endpoints_valid=True  collision=False  over_limit=False
[312] PASS  time=  2.579s  status=Exact solution     len=  3.817  endpoints_valid=True  collision=False  over_limit=False
[313] PASS  time=  2.417s  status=Exact solution     len=  4.181  endpoints_valid=True  collision=False  over_limit=False
[314] PASS  time=  5.951s  status=Exact solution     len=  3.779  endpoints_valid=True  collision=False  over_limit=False
[315] PASS  time=  4.276s  status=Exact solution     len=  6.386  endpoints_valid=True  collision=False  over_limit=False
[316] PASS  time=  1.026s  status=Exact solution     len=  2.750  endpoints_valid=True  collision=False  over_limit=False
[317] PASS  time=  3.652s  status=Exact solution     len=  5.781  endpoints_valid=True  collision=False  over_limit=False
[318] PASS  time=  1.122s  status=Exact solution     len=  2.605  endpoints_valid=True  collision=False  over_limit=False
[319] PASS  time=  0.688s  status=Exact solution     len=  1.981  endpoints_valid=True  collision=False  over_limit=False
[320] PASS  time=  2.475s  status=Exact solution     len=  3.914  endpoints_valid=True  collision=False  over_limit=False
[321] PASS  time=  1.800s  status=Exact solution     len=  2.904  endpoints_valid=True  collision=False  over_limit=False
[322] PASS  time=  4.196s  status=Exact solution     len=  6.237  endpoints_valid=True  collision=False  over_limit=False
[323] PASS  time=  0.641s  status=Exact solution     len=  1.678  endpoints_valid=True  collision=False  over_limit=False
[324] PASS  time=  8.881s  status=Exact solution     len=  6.323  endpoints_valid=True  collision=False  over_limit=False
[325] PASS  time=  2.113s  status=Exact solution     len=  3.797  endpoints_valid=True  collision=False  over_limit=False
[326] PASS  time=  4.749s  status=Exact solution     len=  4.305  endpoints_valid=True  collision=False  over_limit=False
[327] PASS  time=  1.151s  status=Exact solution     len=  2.570  endpoints_valid=True  collision=False  over_limit=False
[328] PASS  time=  0.586s  status=Exact solution     len=  1.310  endpoints_valid=True  collision=False  over_limit=False
[329] PASS  time=  3.857s  status=Exact solution     len=  4.363  endpoints_valid=True  collision=False  over_limit=False
[330] PASS  time=  1.134s  status=Exact solution     len=  1.609  endpoints_valid=True  collision=False  over_limit=False
[331] PASS  time=  1.672s  status=Exact solution     len=  3.718  endpoints_valid=True  collision=False  over_limit=False
[332] PASS  time=  5.969s  status=Exact solution     len=  6.262  endpoints_valid=True  collision=False  over_limit=False
[333] PASS  time=  0.324s  status=Exact solution     len=  1.423  endpoints_valid=True  collision=False  over_limit=False
[334] PASS  time=  1.818s  status=Exact solution     len=  3.530  endpoints_valid=True  collision=False  over_limit=False
[335] PASS  time=  3.074s  status=Exact solution     len=  3.026  endpoints_valid=True  collision=False  over_limit=False
[336] PASS  time=  1.286s  status=Exact solution     len=  3.449  endpoints_valid=True  collision=False  over_limit=False
[337] PASS  time=  2.487s  status=Exact solution     len=  2.841  endpoints_valid=True  collision=False  over_limit=False
[338] PASS  time=  0.683s  status=Exact solution     len=  2.200  endpoints_valid=True  collision=False  over_limit=False
[339] PASS  time=  1.844s  status=Exact solution     len=  2.769  endpoints_valid=True  collision=False  over_limit=False
[340] PASS  time=  2.433s  status=Exact solution     len=  1.682  endpoints_valid=True  collision=False  over_limit=False
[341] PASS  time=  1.339s  status=Exact solution     len=  2.436  endpoints_valid=True  collision=False  over_limit=False
[342] PASS  time=  5.215s  status=Exact solution     len=  4.539  endpoints_valid=True  collision=False  over_limit=False
[343] PASS  time=  3.469s  status=Exact solution     len=  5.906  endpoints_valid=True  collision=False  over_limit=False
[344] PASS  time=  3.539s  status=Exact solution     len=  3.989  endpoints_valid=True  collision=False  over_limit=False
[345] PASS  time=  0.344s  status=Exact solution     len=  1.552  endpoints_valid=True  collision=False  over_limit=False
[346] PASS  time=  1.395s  status=Exact solution     len=  2.749  endpoints_valid=True  collision=False  over_limit=False
[347] PASS  time=  0.732s  status=Exact solution     len=  1.503  endpoints_valid=True  collision=False  over_limit=False
[348] PASS  time=  0.912s  status=Exact solution     len=  2.730  endpoints_valid=True  collision=False  over_limit=False
[349] PASS  time=  4.558s  status=Exact solution     len=  4.011  endpoints_valid=True  collision=False  over_limit=False
[350] PASS  time=  1.575s  status=Exact solution     len=  1.364  endpoints_valid=True  collision=False  over_limit=False
[351] PASS  time=  0.704s  status=Exact solution     len=  1.816  endpoints_valid=True  collision=False  over_limit=False
[352] PASS  time=  0.763s  status=Exact solution     len=  3.111  endpoints_valid=True  collision=False  over_limit=False
[353] PASS  time=  2.932s  status=Exact solution     len=  3.439  endpoints_valid=True  collision=False  over_limit=False
[354] PASS  time=  0.523s  status=Exact solution     len=  2.001  endpoints_valid=True  collision=False  over_limit=False
[355] PASS  time=  2.344s  status=Exact solution     len=  3.508  endpoints_valid=True  collision=False  over_limit=False
[356] PASS  time=  2.670s  status=Exact solution     len=  3.720  endpoints_valid=True  collision=False  over_limit=False
[357] PASS  time=  0.236s  status=Exact solution     len=  2.226  endpoints_valid=True  collision=False  over_limit=False
[358] PASS  time=  4.314s  status=Exact solution     len=  7.244  endpoints_valid=True  collision=False  over_limit=False
[359] PASS  time=  0.556s  status=Exact solution     len=  1.530  endpoints_valid=True  collision=False  over_limit=False
[360] PASS  time=  1.827s  status=Exact solution     len=  3.261  endpoints_valid=True  collision=False  over_limit=False
[361] PASS  time=  1.008s  status=Exact solution     len=  1.544  endpoints_valid=True  collision=False  over_limit=False
[362] PASS  time=  0.474s  status=Exact solution     len=  1.838  endpoints_valid=True  collision=False  over_limit=False
[363] PASS  time=  2.441s  status=Exact solution     len=  2.829  endpoints_valid=True  collision=False  over_limit=False
[364] PASS  time=  1.951s  status=Exact solution     len=  2.551  endpoints_valid=True  collision=False  over_limit=False
[365] PASS  time=  0.273s  status=Exact solution     len=  1.827  endpoints_valid=True  collision=False  over_limit=False
[366] PASS  time=  0.762s  status=Exact solution     len=  1.480  endpoints_valid=True  collision=False  over_limit=False
[367] PASS  time=  1.928s  status=Exact solution     len=  4.129  endpoints_valid=True  collision=False  over_limit=False
[368] PASS  time=  1.064s  status=Exact solution     len=  2.433  endpoints_valid=True  collision=False  over_limit=False
[369] PASS  time=  6.378s  status=Exact solution     len=  4.869  endpoints_valid=True  collision=False  over_limit=False
[370] PASS  time=  4.027s  status=Exact solution     len=  2.304  endpoints_valid=True  collision=False  over_limit=False
[371] PASS  time=  0.953s  status=Exact solution     len=  1.589  endpoints_valid=True  collision=False  over_limit=False
[372] PASS  time=  3.667s  status=Exact solution     len=  3.434  endpoints_valid=True  collision=False  over_limit=False
[373] PASS  time=  0.379s  status=Exact solution     len=  1.859  endpoints_valid=True  collision=False  over_limit=False
[374] PASS  time=  0.321s  status=Exact solution     len=  1.993  endpoints_valid=True  collision=False  over_limit=False
[375] PASS  time=  4.136s  status=Exact solution     len=  4.157  endpoints_valid=True  collision=False  over_limit=False
[376] PASS  time=  2.060s  status=Exact solution     len=  2.977  endpoints_valid=True  collision=False  over_limit=False
[377] PASS  time=  7.713s  status=Exact solution     len=  4.005  endpoints_valid=True  collision=False  over_limit=False
[378] PASS  time=  5.828s  status=Exact solution     len=  6.652  endpoints_valid=True  collision=False  over_limit=False
[379] PASS  time=  5.103s  status=Exact solution     len=  2.642  endpoints_valid=True  collision=False  over_limit=False
[380] PASS  time=  2.857s  status=Exact solution     len=  5.408  endpoints_valid=True  collision=False  over_limit=False
[381] PASS  time=  0.875s  status=Exact solution     len=  1.494  endpoints_valid=True  collision=False  over_limit=False
[382] PASS  time=  3.609s  status=Exact solution     len=  4.227  endpoints_valid=True  collision=False  over_limit=False
[383] PASS  time=  0.646s  status=Exact solution     len=  2.160  endpoints_valid=True  collision=False  over_limit=False
[384] PASS  time=  2.074s  status=Exact solution     len=  2.654  endpoints_valid=True  collision=False  over_limit=False
[385] PASS  time=  1.117s  status=Exact solution     len=  2.420  endpoints_valid=True  collision=False  over_limit=False
[386] PASS  time=  4.164s  status=Exact solution     len=  3.162  endpoints_valid=True  collision=False  over_limit=False
[387] PASS  time=  7.850s  status=Exact solution     len=  6.384  endpoints_valid=True  collision=False  over_limit=False
[388] PASS  time=  0.880s  status=Exact solution     len=  1.966  endpoints_valid=True  collision=False  over_limit=False
[389] PASS  time=  0.398s  status=Exact solution     len=  1.413  endpoints_valid=True  collision=False  over_limit=False
[390] PASS  time=  2.103s  status=Exact solution     len=  2.230  endpoints_valid=True  collision=False  over_limit=False
[391] PASS  time=  0.547s  status=Exact solution     len=  2.448  endpoints_valid=True  collision=False  over_limit=False
[392] PASS  time=  0.447s  status=Exact solution     len=  2.432  endpoints_valid=True  collision=False  over_limit=False
[393] PASS  time=  0.444s  status=Exact solution     len=  1.140  endpoints_valid=True  collision=False  over_limit=False
[394] PASS  time=  0.376s  status=Exact solution     len=  1.405  endpoints_valid=True  collision=False  over_limit=False
[395] PASS  time=  1.023s  status=Exact solution     len=  2.327  endpoints_valid=True  collision=False  over_limit=False
[396] PASS  time=  0.963s  status=Exact solution     len=  2.908  endpoints_valid=True  collision=False  over_limit=False
[397] PASS  time=  2.115s  status=Exact solution     len=  4.008  endpoints_valid=True  collision=False  over_limit=False
[398] PASS  time=  1.464s  status=Exact solution     len=  3.250  endpoints_valid=True  collision=False  over_limit=False
[399] PASS  time=  1.033s  status=Exact solution     len=  2.390  endpoints_valid=True  collision=False  over_limit=False
[400] PASS  time=  0.739s  status=Exact solution     len=  2.081  endpoints_valid=True  collision=False  over_limit=False
[401] PASS  time=  2.624s  status=Exact solution     len=  4.718  endpoints_valid=True  collision=False  over_limit=False
[402] PASS  time=  1.698s  status=Exact solution     len=  2.456  endpoints_valid=True  collision=False  over_limit=False
[403] PASS  time=  1.671s  status=Exact solution     len=  2.380  endpoints_valid=True  collision=False  over_limit=False
[404] PASS  time=  0.424s  status=Exact solution     len=  1.607  endpoints_valid=True  collision=False  over_limit=False
[405] PASS  time=  1.931s  status=Exact solution     len=  3.412  endpoints_valid=True  collision=False  over_limit=False
[406] PASS  time=  5.470s  status=Exact solution     len=  6.540  endpoints_valid=True  collision=False  over_limit=False
[407] PASS  time=  0.335s  status=Exact solution     len=  1.536  endpoints_valid=True  collision=False  over_limit=False
[408] PASS  time=  1.003s  status=Exact solution     len=  2.758  endpoints_valid=True  collision=False  over_limit=False
[409] PASS  time=  3.362s  status=Exact solution     len=  2.923  endpoints_valid=True  collision=False  over_limit=False
[410] PASS  time=  1.212s  status=Exact solution     len=  1.606  endpoints_valid=True  collision=False  over_limit=False
[411] PASS  time=  0.602s  status=Exact solution     len=  1.338  endpoints_valid=True  collision=False  over_limit=False
[412] PASS  time=  0.226s  status=Exact solution     len=  2.244  endpoints_valid=True  collision=False  over_limit=False
[413] PASS  time=  4.547s  status=Exact solution     len=  3.536  endpoints_valid=True  collision=False  over_limit=False
[414] PASS  time=  1.027s  status=Exact solution     len=  1.985  endpoints_valid=True  collision=False  over_limit=False
[415] PASS  time=  0.440s  status=Exact solution     len=  1.800  endpoints_valid=True  collision=False  over_limit=False
[416] PASS  time=  0.595s  status=Exact solution     len=  1.886  endpoints_valid=True  collision=False  over_limit=False
[417] PASS  time=  1.228s  status=Exact solution     len=  3.746  endpoints_valid=True  collision=False  over_limit=False
[418] PASS  time=  0.729s  status=Exact solution     len=  2.377  endpoints_valid=True  collision=False  over_limit=False
[419] PASS  time=  5.059s  status=Exact solution     len=  4.833  endpoints_valid=True  collision=False  over_limit=False
[420] PASS  time=  0.489s  status=Exact solution     len=  1.635  endpoints_valid=True  collision=False  over_limit=False
[421] PASS  time=  0.702s  status=Exact solution     len=  1.587  endpoints_valid=True  collision=False  over_limit=False
[422] PASS  time=  0.709s  status=Exact solution     len=  1.903  endpoints_valid=True  collision=False  over_limit=False
[423] PASS  time=  4.995s  status=Exact solution     len=  4.388  endpoints_valid=True  collision=False  over_limit=False
[424] PASS  time=  2.127s  status=Exact solution     len=  2.765  endpoints_valid=True  collision=False  over_limit=False
[425] PASS  time=  2.122s  status=Exact solution     len=  2.638  endpoints_valid=True  collision=False  over_limit=False
[426] PASS  time=  0.523s  status=Exact solution     len=  1.973  endpoints_valid=True  collision=False  over_limit=False
[427] PASS  time=  1.217s  status=Exact solution     len=  2.233  endpoints_valid=True  collision=False  over_limit=False
[428] PASS  time=  5.183s  status=Exact solution     len=  5.470  endpoints_valid=True  collision=False  over_limit=False
[429] PASS  time=  1.215s  status=Exact solution     len=  2.175  endpoints_valid=True  collision=False  over_limit=False
[430] PASS  time=  1.434s  status=Exact solution     len=  2.106  endpoints_valid=True  collision=False  over_limit=False
[431] PASS  time=  1.552s  status=Exact solution     len=  2.505  endpoints_valid=True  collision=False  over_limit=False
[432] PASS  time=  0.730s  status=Exact solution     len=  2.292  endpoints_valid=True  collision=False  over_limit=False
[433] PASS  time=  0.663s  status=Exact solution     len=  2.499  endpoints_valid=True  collision=False  over_limit=False
[434] PASS  time=  0.755s  status=Exact solution     len=  1.554  endpoints_valid=True  collision=False  over_limit=False
[435] PASS  time=  0.270s  status=Exact solution     len=  2.479  endpoints_valid=True  collision=False  over_limit=False
[436] PASS  time=  3.454s  status=Exact solution     len=  1.839  endpoints_valid=True  collision=False  over_limit=False
[437] PASS  time=  0.993s  status=Exact solution     len=  2.261  endpoints_valid=True  collision=False  over_limit=False
[438] PASS  time=  0.568s  status=Exact solution     len=  2.373  endpoints_valid=True  collision=False  over_limit=False
[439] PASS  time=  0.385s  status=Exact solution     len=  1.338  endpoints_valid=True  collision=False  over_limit=False
[440] PASS  time=  2.267s  status=Exact solution     len=  2.921  endpoints_valid=True  collision=False  over_limit=False
[441] PASS  time=  0.752s  status=Exact solution     len=  2.064  endpoints_valid=True  collision=False  over_limit=False
[442] PASS  time=  3.549s  status=Exact solution     len=  4.125  endpoints_valid=True  collision=False  over_limit=False
[443] PASS  time=  2.393s  status=Exact solution     len=  3.798  endpoints_valid=True  collision=False  over_limit=False
[444] PASS  time=  0.584s  status=Exact solution     len=  2.667  endpoints_valid=True  collision=False  over_limit=False
[445] PASS  time=  4.141s  status=Exact solution     len=  3.930  endpoints_valid=True  collision=False  over_limit=False
[446] PASS  time=  0.609s  status=Exact solution     len=  1.633  endpoints_valid=True  collision=False  over_limit=False
[447] PASS  time=  1.350s  status=Exact solution     len=  2.744  endpoints_valid=True  collision=False  over_limit=False
[448] PASS  time=  1.889s  status=Exact solution     len=  3.965  endpoints_valid=True  collision=False  over_limit=False
[449] PASS  time=  1.327s  status=Exact solution     len=  2.122  endpoints_valid=True  collision=False  over_limit=False
[450] PASS  time=  6.267s  status=Exact solution     len=  3.917  endpoints_valid=True  collision=False  over_limit=False
[451] PASS  time=  0.860s  status=Exact solution     len=  1.698  endpoints_valid=True  collision=False  over_limit=False
[452] PASS  time=  0.565s  status=Exact solution     len=  2.336  endpoints_valid=True  collision=False  over_limit=False
[453] PASS  time=  4.467s  status=Exact solution     len=  2.981  endpoints_valid=True  collision=False  over_limit=False
[454] PASS  time=  0.723s  status=Exact solution     len=  1.630  endpoints_valid=True  collision=False  over_limit=False
[455] PASS  time=  1.481s  status=Exact solution     len=  3.288  endpoints_valid=True  collision=False  over_limit=False
[456] PASS  time=  2.131s  status=Exact solution     len=  3.940  endpoints_valid=True  collision=False  over_limit=False
[457] PASS  time=  3.889s  status=Exact solution     len=  4.033  endpoints_valid=True  collision=False  over_limit=False
[458] PASS  time=  2.406s  status=Exact solution     len=  1.977  endpoints_valid=True  collision=False  over_limit=False
[459] PASS  time=  0.631s  status=Exact solution     len=  1.699  endpoints_valid=True  collision=False  over_limit=False
[460] PASS  time=  5.363s  status=Exact solution     len=  6.118  endpoints_valid=True  collision=False  over_limit=False
[461] PASS  time=  3.032s  status=Exact solution     len=  4.825  endpoints_valid=True  collision=False  over_limit=False
[462] PASS  time=  2.049s  status=Exact solution     len=  1.873  endpoints_valid=True  collision=False  over_limit=False
[463] PASS  time=  5.335s  status=Exact solution     len=  5.140  endpoints_valid=True  collision=False  over_limit=False
[464] PASS  time=  1.416s  status=Exact solution     len=  4.268  endpoints_valid=True  collision=False  over_limit=False
[465] PASS  time=  1.901s  status=Exact solution     len=  3.210  endpoints_valid=True  collision=False  over_limit=False
[466] PASS  time=  2.362s  status=Exact solution     len=  3.109  endpoints_valid=True  collision=False  over_limit=False
[467] PASS  time=  1.222s  status=Exact solution     len=  3.268  endpoints_valid=True  collision=False  over_limit=False
[468] PASS  time=  1.282s  status=Exact solution     len=  3.749  endpoints_valid=True  collision=False  over_limit=False
[469] PASS  time=  0.373s  status=Exact solution     len=  1.874  endpoints_valid=True  collision=False  over_limit=False
[470] PASS  time=  1.455s  status=Exact solution     len=  3.073  endpoints_valid=True  collision=False  over_limit=False
[471] PASS  time=  0.311s  status=Exact solution     len=  1.735  endpoints_valid=True  collision=False  over_limit=False
[472] PASS  time=  0.536s  status=Exact solution     len=  1.555  endpoints_valid=True  collision=False  over_limit=False
[473] PASS  time=  0.708s  status=Exact solution     len=  2.244  endpoints_valid=True  collision=False  over_limit=False
[474] PASS  time=  0.977s  status=Exact solution     len=  2.157  endpoints_valid=True  collision=False  over_limit=False
[475] PASS  time=  0.362s  status=Exact solution     len=  1.387  endpoints_valid=True  collision=False  over_limit=False
[476] PASS  time= 11.994s  status=Exact solution     len=  4.740  endpoints_valid=True  collision=False  over_limit=False
[477] PASS  time=  2.013s  status=Exact solution     len=  2.559  endpoints_valid=True  collision=False  over_limit=False
[478] PASS  time=  0.733s  status=Exact solution     len=  2.423  endpoints_valid=True  collision=False  over_limit=False
[479] PASS  time=  2.633s  status=Exact solution     len=  4.280  endpoints_valid=True  collision=False  over_limit=False
[480] PASS  time=  2.862s  status=Exact solution     len=  3.615  endpoints_valid=True  collision=False  over_limit=False
[481] PASS  time=  1.555s  status=Exact solution     len=  2.867  endpoints_valid=True  collision=False  over_limit=False
[482] PASS  time=  1.058s  status=Exact solution     len=  2.141  endpoints_valid=True  collision=False  over_limit=False
[483] PASS  time=  2.045s  status=Exact solution     len=  3.005  endpoints_valid=True  collision=False  over_limit=False
[484] PASS  time=  4.559s  status=Exact solution     len=  5.909  endpoints_valid=True  collision=False  over_limit=False
[485] PASS  time=  0.323s  status=Exact solution     len=  1.908  endpoints_valid=True  collision=False  over_limit=False
[486] PASS  time=  1.862s  status=Exact solution     len=  3.126  endpoints_valid=True  collision=False  over_limit=False
[487] PASS  time=  0.666s  status=Exact solution     len=  2.769  endpoints_valid=True  collision=False  over_limit=False
[488] PASS  time=  0.742s  status=Exact solution     len=  2.138  endpoints_valid=True  collision=False  over_limit=False
[489] PASS  time=  3.550s  status=Exact solution     len=  4.764  endpoints_valid=True  collision=False  over_limit=False
[490] PASS  time=  0.850s  status=Exact solution     len=  3.114  endpoints_valid=True  collision=False  over_limit=False
[491] PASS  time=  1.942s  status=Exact solution     len=  5.457  endpoints_valid=True  collision=False  over_limit=False
[492] PASS  time=  3.123s  status=Exact solution     len=  3.127  endpoints_valid=True  collision=False  over_limit=False
[493] PASS  time=  2.136s  status=Exact solution     len=  2.469  endpoints_valid=True  collision=False  over_limit=False
[494] PASS  time=  2.557s  status=Exact solution     len=  1.943  endpoints_valid=True  collision=False  over_limit=False
[495] PASS  time=  0.268s  status=Exact solution     len=  2.992  endpoints_valid=True  collision=False  over_limit=False
[496] PASS  time=  0.380s  status=Exact solution     len=  2.753  endpoints_valid=True  collision=False  over_limit=False
[497] PASS  time=  1.845s  status=Exact solution     len=  3.144  endpoints_valid=True  collision=False  over_limit=False
[498] PASS  time=  4.786s  status=Exact solution     len=  6.154  endpoints_valid=True  collision=False  over_limit=False
[499] PASS  time=  0.976s  status=Exact solution     len=  3.050  endpoints_valid=True  collision=False  over_limit=False
[500] PASS  time=  5.105s  status=Exact solution     len=  3.002  endpoints_valid=True  collision=False  over_limit=False
[501] PASS  time=  0.759s  status=Exact solution     len=  2.606  endpoints_valid=True  collision=False  over_limit=False
[502] PASS  time=  1.334s  status=Exact solution     len=  3.669  endpoints_valid=True  collision=False  over_limit=False
[503] PASS  time=  1.901s  status=Exact solution     len=  1.946  endpoints_valid=True  collision=False  over_limit=False
[504] PASS  time=  1.683s  status=Exact solution     len=  2.335  endpoints_valid=True  collision=False  over_limit=False
[505] PASS  time=  4.655s  status=Exact solution     len=  2.880  endpoints_valid=True  collision=False  over_limit=False
[506] PASS  time=  1.506s  status=Exact solution     len=  1.882  endpoints_valid=True  collision=False  over_limit=False
[507] PASS  time=  2.733s  status=Exact solution     len=  3.729  endpoints_valid=True  collision=False  over_limit=False
[508] PASS  time=  0.755s  status=Exact solution     len=  1.447  endpoints_valid=True  collision=False  over_limit=False
[509] PASS  time=  1.111s  status=Exact solution     len=  1.508  endpoints_valid=True  collision=False  over_limit=False
[510] PASS  time=  0.640s  status=Exact solution     len=  2.266  endpoints_valid=True  collision=False  over_limit=False
[511] PASS  time=  1.093s  status=Exact solution     len=  1.830  endpoints_valid=True  collision=False  over_limit=False
[512] PASS  time=  0.376s  status=Exact solution     len=  1.779  endpoints_valid=True  collision=False  over_limit=False
[513] PASS  time=  0.735s  status=Exact solution     len=  1.756  endpoints_valid=True  collision=False  over_limit=False
[514] PASS  time=  2.519s  status=Exact solution     len=  3.323  endpoints_valid=True  collision=False  over_limit=False
[515] PASS  time=  0.531s  status=Exact solution     len=  2.094  endpoints_valid=True  collision=False  over_limit=False
[516] PASS  time=  1.820s  status=Exact solution     len=  3.424  endpoints_valid=True  collision=False  over_limit=False
[517] PASS  time=  5.894s  status=Exact solution     len=  3.789  endpoints_valid=True  collision=False  over_limit=False
[518] PASS  time=  1.458s  status=Exact solution     len=  2.402  endpoints_valid=True  collision=False  over_limit=False
[519] PASS  time=  1.219s  status=Exact solution     len=  1.580  endpoints_valid=True  collision=False  over_limit=False
[520] PASS  time=  0.458s  status=Exact solution     len=  1.979  endpoints_valid=True  collision=False  over_limit=False
[521] PASS  time=  2.644s  status=Exact solution     len=  5.562  endpoints_valid=True  collision=False  over_limit=False
[522] PASS  time=  2.433s  status=Exact solution     len=  4.397  endpoints_valid=True  collision=False  over_limit=False
[523] PASS  time=  2.126s  status=Exact solution     len=  2.999  endpoints_valid=True  collision=False  over_limit=False
[524] PASS  time=  2.540s  status=Exact solution     len=  3.816  endpoints_valid=True  collision=False  over_limit=False
[525] PASS  time=  0.554s  status=Exact solution     len=  2.162  endpoints_valid=True  collision=False  over_limit=False
[526] PASS  time=  2.107s  status=Exact solution     len=  1.830  endpoints_valid=True  collision=False  over_limit=False
[527] PASS  time=  1.924s  status=Exact solution     len=  4.135  endpoints_valid=True  collision=False  over_limit=False
[528] PASS  time=  0.458s  status=Exact solution     len=  2.504  endpoints_valid=True  collision=False  over_limit=False
[529] PASS  time=  2.012s  status=Exact solution     len=  3.687  endpoints_valid=True  collision=False  over_limit=False
[530] PASS  time=  1.884s  status=Exact solution     len=  2.054  endpoints_valid=True  collision=False  over_limit=False
[531] PASS  time=  3.324s  status=Exact solution     len=  4.470  endpoints_valid=True  collision=False  over_limit=False
[532] PASS  time=  1.940s  status=Exact solution     len=  2.943  endpoints_valid=True  collision=False  over_limit=False
[533] PASS  time=  1.183s  status=Exact solution     len=  3.726  endpoints_valid=True  collision=False  over_limit=False
[534] PASS  time=  1.735s  status=Exact solution     len=  3.986  endpoints_valid=True  collision=False  over_limit=False
[535] PASS  time=  0.613s  status=Exact solution     len=  2.116  endpoints_valid=True  collision=False  over_limit=False
[536] PASS  time=  3.840s  status=Exact solution     len=  6.700  endpoints_valid=True  collision=False  over_limit=False
[537] PASS  time=  0.710s  status=Exact solution     len=  3.326  endpoints_valid=True  collision=False  over_limit=False
[538] PASS  time=  0.457s  status=Exact solution     len=  2.394  endpoints_valid=True  collision=False  over_limit=False
[539] PASS  time=  0.615s  status=Exact solution     len=  2.022  endpoints_valid=True  collision=False  over_limit=False
[540] PASS  time=  0.788s  status=Exact solution     len=  2.075  endpoints_valid=True  collision=False  over_limit=False
[541] PASS  time=  0.946s  status=Exact solution     len=  4.155  endpoints_valid=True  collision=False  over_limit=False
[542] PASS  time=  2.007s  status=Exact solution     len=  2.726  endpoints_valid=True  collision=False  over_limit=False
[543] PASS  time=  0.617s  status=Exact solution     len=  1.871  endpoints_valid=True  collision=False  over_limit=False
[544] PASS  time=  1.714s  status=Exact solution     len=  1.796  endpoints_valid=True  collision=False  over_limit=False
[545] PASS  time=  3.327s  status=Exact solution     len=  5.482  endpoints_valid=True  collision=False  over_limit=False
[546] PASS  time=  0.683s  status=Exact solution     len=  1.410  endpoints_valid=True  collision=False  over_limit=False
[547] PASS  time=  0.852s  status=Exact solution     len=  2.144  endpoints_valid=True  collision=False  over_limit=False
[548] PASS  time=  1.091s  status=Exact solution     len=  3.599  endpoints_valid=True  collision=False  over_limit=False
[549] PASS  time=  5.036s  status=Exact solution     len=  5.730  endpoints_valid=True  collision=False  over_limit=False
[550] PASS  time=  2.791s  status=Exact solution     len=  4.239  endpoints_valid=True  collision=False  over_limit=False
[551] PASS  time=  4.687s  status=Exact solution     len=  3.922  endpoints_valid=True  collision=False  over_limit=False
[552] PASS  time=  1.174s  status=Exact solution     len=  1.846  endpoints_valid=True  collision=False  over_limit=False
[553] PASS  time=  0.103s  status=Exact solution     len=  1.163  endpoints_valid=True  collision=False  over_limit=False
[554] PASS  time=  4.950s  status=Exact solution     len=  3.676  endpoints_valid=True  collision=False  over_limit=False
[555] PASS  time=  1.289s  status=Exact solution     len=  2.165  endpoints_valid=True  collision=False  over_limit=False
[556] PASS  time=  0.583s  status=Exact solution     len=  2.659  endpoints_valid=True  collision=False  over_limit=False
[557] PASS  time=  1.041s  status=Exact solution     len=  2.670  endpoints_valid=True  collision=False  over_limit=False
[558] PASS  time=  2.460s  status=Exact solution     len=  5.917  endpoints_valid=True  collision=False  over_limit=False
[559] PASS  time=  0.986s  status=Exact solution     len=  2.214  endpoints_valid=True  collision=False  over_limit=False
[560] PASS  time=  4.828s  status=Exact solution     len=  5.550  endpoints_valid=True  collision=False  over_limit=False
[561] PASS  time=  2.321s  status=Exact solution     len=  2.892  endpoints_valid=True  collision=False  over_limit=False
[562] PASS  time=  3.597s  status=Exact solution     len=  5.239  endpoints_valid=True  collision=False  over_limit=False
[563] PASS  time=  8.747s  status=Exact solution     len=  4.528  endpoints_valid=True  collision=False  over_limit=False
[564] PASS  time=  0.532s  status=Exact solution     len=  1.567  endpoints_valid=True  collision=False  over_limit=False
[565] PASS  time=  0.504s  status=Exact solution     len=  2.536  endpoints_valid=True  collision=False  over_limit=False
[566] PASS  time=  0.299s  status=Exact solution     len=  0.947  endpoints_valid=True  collision=False  over_limit=False
[567] PASS  time=  0.980s  status=Exact solution     len=  2.738  endpoints_valid=True  collision=False  over_limit=False
[568] PASS  time=  1.360s  status=Exact solution     len=  2.063  endpoints_valid=True  collision=False  over_limit=False
[569] PASS  time=  0.725s  status=Exact solution     len=  1.758  endpoints_valid=True  collision=False  over_limit=False
[570] PASS  time=  8.005s  status=Exact solution     len=  5.289  endpoints_valid=True  collision=False  over_limit=False
[571] PASS  time=  1.751s  status=Exact solution     len=  2.425  endpoints_valid=True  collision=False  over_limit=False
[572] PASS  time=  0.318s  status=Exact solution     len=  2.041  endpoints_valid=True  collision=False  over_limit=False
[573] PASS  time=  0.199s  status=Exact solution     len=  2.055  endpoints_valid=True  collision=False  over_limit=False
[574] PASS  time=  2.842s  status=Exact solution     len=  3.633  endpoints_valid=True  collision=False  over_limit=False
[575] PASS  time=  4.590s  status=Exact solution     len=  5.624  endpoints_valid=True  collision=False  over_limit=False
[576] PASS  time=  0.866s  status=Exact solution     len=  1.947  endpoints_valid=True  collision=False  over_limit=False
[577] PASS  time=  3.740s  status=Exact solution     len=  4.603  endpoints_valid=True  collision=False  over_limit=False
[578] PASS  time=  0.640s  status=Exact solution     len=  2.571  endpoints_valid=True  collision=False  over_limit=False
[579] PASS  time=  2.209s  status=Exact solution     len=  2.636  endpoints_valid=True  collision=False  over_limit=False
[580] PASS  time=  2.078s  status=Exact solution     len=  3.340  endpoints_valid=True  collision=False  over_limit=False
[581] PASS  time=  6.701s  status=Exact solution     len=  6.672  endpoints_valid=True  collision=False  over_limit=False
[582] PASS  time=  1.943s  status=Exact solution     len=  2.192  endpoints_valid=True  collision=False  over_limit=False
[583] PASS  time=  2.251s  status=Exact solution     len=  3.614  endpoints_valid=True  collision=False  over_limit=False
[584] PASS  time=  1.002s  status=Exact solution     len=  1.802  endpoints_valid=True  collision=False  over_limit=False
[585] PASS  time=  0.770s  status=Exact solution     len=  1.202  endpoints_valid=True  collision=False  over_limit=False
[586] PASS  time=  0.222s  status=Exact solution     len=  1.847  endpoints_valid=True  collision=False  over_limit=False
[587] PASS  time=  0.705s  status=Exact solution     len=  2.243  endpoints_valid=True  collision=False  over_limit=False
[588] PASS  time=  3.518s  status=Exact solution     len=  4.282  endpoints_valid=True  collision=False  over_limit=False
[589] PASS  time=  5.297s  status=Exact solution     len=  5.634  endpoints_valid=True  collision=False  over_limit=False
[590] PASS  time=  1.709s  status=Exact solution     len=  3.518  endpoints_valid=True  collision=False  over_limit=False
[591] PASS  time=  1.643s  status=Exact solution     len=  2.803  endpoints_valid=True  collision=False  over_limit=False
[592] PASS  time=  0.670s  status=Exact solution     len=  1.363  endpoints_valid=True  collision=False  over_limit=False
[593] PASS  time=  1.105s  status=Exact solution     len=  2.139  endpoints_valid=True  collision=False  over_limit=False
[594] PASS  time=  0.627s  status=Exact solution     len=  1.526  endpoints_valid=True  collision=False  over_limit=False
[595] PASS  time=  2.077s  status=Exact solution     len=  3.577  endpoints_valid=True  collision=False  over_limit=False
[596] PASS  time=  0.726s  status=Exact solution     len=  2.842  endpoints_valid=True  collision=False  over_limit=False
[597] PASS  time=  1.943s  status=Exact solution     len=  3.702  endpoints_valid=True  collision=False  over_limit=False
[598] PASS  time=  2.193s  status=Exact solution     len=  3.191  endpoints_valid=True  collision=False  over_limit=False
[599] PASS  time=  1.165s  status=Exact solution     len=  2.947  endpoints_valid=True  collision=False  over_limit=False
[600] PASS  time=  1.444s  status=Exact solution     len=  2.771  endpoints_valid=True  collision=False  over_limit=False
[601] PASS  time=  1.174s  status=Exact solution     len=  2.359  endpoints_valid=True  collision=False  over_limit=False
[602] PASS  time=  3.826s  status=Exact solution     len=  5.641  endpoints_valid=True  collision=False  over_limit=False
[603] PASS  time=  2.853s  status=Exact solution     len=  2.620  endpoints_valid=True  collision=False  over_limit=False
[604] PASS  time=  1.905s  status=Exact solution     len=  2.059  endpoints_valid=True  collision=False  over_limit=False
[605] PASS  time=  3.392s  status=Exact solution     len=  5.708  endpoints_valid=True  collision=False  over_limit=False
[606] PASS  time=  0.752s  status=Exact solution     len=  2.483  endpoints_valid=True  collision=False  over_limit=False
[607] PASS  time=  2.169s  status=Exact solution     len=  2.857  endpoints_valid=True  collision=False  over_limit=False
[608] PASS  time=  0.603s  status=Exact solution     len=  3.091  endpoints_valid=True  collision=False  over_limit=False
[609] PASS  time=  1.016s  status=Exact solution     len=  1.728  endpoints_valid=True  collision=False  over_limit=False
[610] PASS  time=  2.152s  status=Exact solution     len=  2.861  endpoints_valid=True  collision=False  over_limit=False
[611] PASS  time=  0.806s  status=Exact solution     len=  2.282  endpoints_valid=True  collision=False  over_limit=False
[612] PASS  time=  4.225s  status=Exact solution     len=  3.185  endpoints_valid=True  collision=False  over_limit=False
[613] PASS  time=  0.608s  status=Exact solution     len=  1.395  endpoints_valid=True  collision=False  over_limit=False
[614] PASS  time=  1.263s  status=Exact solution     len=  1.975  endpoints_valid=True  collision=False  over_limit=False
[615] PASS  time=  0.619s  status=Exact solution     len=  1.281  endpoints_valid=True  collision=False  over_limit=False
[616] PASS  time=  4.340s  status=Exact solution     len=  4.189  endpoints_valid=True  collision=False  over_limit=False
[617] PASS  time=  2.571s  status=Exact solution     len=  3.381  endpoints_valid=True  collision=False  over_limit=False
[618] PASS  time=  0.719s  status=Exact solution     len=  2.975  endpoints_valid=True  collision=False  over_limit=False
[619] PASS  time=  0.904s  status=Exact solution     len=  2.082  endpoints_valid=True  collision=False  over_limit=False
[620] PASS  time=  0.398s  status=Exact solution     len=  2.129  endpoints_valid=True  collision=False  over_limit=False
[621] PASS  time=  2.418s  status=Exact solution     len=  3.721  endpoints_valid=True  collision=False  over_limit=False
[622] PASS  time=  0.626s  status=Exact solution     len=  2.633  endpoints_valid=True  collision=False  over_limit=False
[623] PASS  time=  0.682s  status=Exact solution     len=  1.837  endpoints_valid=True  collision=False  over_limit=False
[624] PASS  time=  4.557s  status=Exact solution     len=  4.707  endpoints_valid=True  collision=False  over_limit=False
[625] PASS  time=  6.330s  status=Exact solution     len=  3.554  endpoints_valid=True  collision=False  over_limit=False
[626] PASS  time=  3.745s  status=Exact solution     len=  4.959  endpoints_valid=True  collision=False  over_limit=False
[627] PASS  time=  1.601s  status=Exact solution     len=  2.812  endpoints_valid=True  collision=False  over_limit=False
[628] PASS  time=  3.572s  status=Exact solution     len=  3.027  endpoints_valid=True  collision=False  over_limit=False
[629] PASS  time=  0.812s  status=Exact solution     len=  2.736  endpoints_valid=True  collision=False  over_limit=False
[630] PASS  time=  2.273s  status=Exact solution     len=  4.360  endpoints_valid=True  collision=False  over_limit=False
[631] PASS  time=  1.886s  status=Exact solution     len=  1.899  endpoints_valid=True  collision=False  over_limit=False
[632] PASS  time=  0.282s  status=Exact solution     len=  1.608  endpoints_valid=True  collision=False  over_limit=False
[633] PASS  time=  0.815s  status=Exact solution     len=  1.897  endpoints_valid=True  collision=False  over_limit=False
[634] PASS  time=  1.797s  status=Exact solution     len=  4.186  endpoints_valid=True  collision=False  over_limit=False
[635] PASS  time=  1.722s  status=Exact solution     len=  2.150  endpoints_valid=True  collision=False  over_limit=False
[636] PASS  time=  2.734s  status=Exact solution     len=  6.323  endpoints_valid=True  collision=False  over_limit=False
[637] PASS  time=  2.143s  status=Exact solution     len=  3.536  endpoints_valid=True  collision=False  over_limit=False
[638] PASS  time=  2.140s  status=Exact solution     len=  3.410  endpoints_valid=True  collision=False  over_limit=False
[639] PASS  time=  1.687s  status=Exact solution     len=  3.193  endpoints_valid=True  collision=False  over_limit=False
[640] PASS  time=  3.125s  status=Exact solution     len=  3.978  endpoints_valid=True  collision=False  over_limit=False
[641] PASS  time=  2.604s  status=Exact solution     len=  3.003  endpoints_valid=True  collision=False  over_limit=False
[642] PASS  time=  1.102s  status=Exact solution     len=  2.416  endpoints_valid=True  collision=False  over_limit=False
[643] PASS  time=  3.336s  status=Exact solution     len=  5.931  endpoints_valid=True  collision=False  over_limit=False
[644] PASS  time=  0.254s  status=Exact solution     len=  1.560  endpoints_valid=True  collision=False  over_limit=False
[645] PASS  time=  1.717s  status=Exact solution     len=  3.106  endpoints_valid=True  collision=False  over_limit=False
[646] PASS  time=  1.491s  status=Exact solution     len=  1.187  endpoints_valid=True  collision=False  over_limit=False
[647] PASS  time=  1.446s  status=Exact solution     len=  2.549  endpoints_valid=True  collision=False  over_limit=False
[648] PASS  time=  0.803s  status=Exact solution     len=  2.395  endpoints_valid=True  collision=False  over_limit=False
[649] PASS  time=  3.888s  status=Exact solution     len=  5.376  endpoints_valid=True  collision=False  over_limit=False
[650] PASS  time=  2.234s  status=Exact solution     len=  3.336  endpoints_valid=True  collision=False  over_limit=False
[651] PASS  time=  3.279s  status=Exact solution     len=  3.778  endpoints_valid=True  collision=False  over_limit=False
[652] PASS  time=  2.752s  status=Exact solution     len=  3.790  endpoints_valid=True  collision=False  over_limit=False
[653] PASS  time=  0.904s  status=Exact solution     len=  2.415  endpoints_valid=True  collision=False  over_limit=False
[654] PASS  time=  0.476s  status=Exact solution     len=  1.358  endpoints_valid=True  collision=False  over_limit=False
[655] PASS  time=  1.406s  status=Exact solution     len=  2.297  endpoints_valid=True  collision=False  over_limit=False
[656] PASS  time=  0.245s  status=Exact solution     len=  1.897  endpoints_valid=True  collision=False  over_limit=False
[657] PASS  time=  1.453s  status=Exact solution     len=  3.924  endpoints_valid=True  collision=False  over_limit=False
[658] PASS  time=  2.447s  status=Exact solution     len=  3.278  endpoints_valid=True  collision=False  over_limit=False
[659] PASS  time=  0.774s  status=Exact solution     len=  2.486  endpoints_valid=True  collision=False  over_limit=False
[660] PASS  time=  1.839s  status=Exact solution     len=  2.223  endpoints_valid=True  collision=False  over_limit=False
[661] PASS  time=  1.487s  status=Exact solution     len=  2.348  endpoints_valid=True  collision=False  over_limit=False
[662] PASS  time=  1.367s  status=Exact solution     len=  3.198  endpoints_valid=True  collision=False  over_limit=False
[663] PASS  time=  1.919s  status=Exact solution     len=  4.094  endpoints_valid=True  collision=False  over_limit=False
[664] PASS  time=  2.216s  status=Exact solution     len=  2.733  endpoints_valid=True  collision=False  over_limit=False
[665] PASS  time=  0.248s  status=Exact solution     len=  1.761  endpoints_valid=True  collision=False  over_limit=False
[666] PASS  time=  2.142s  status=Exact solution     len=  3.166  endpoints_valid=True  collision=False  over_limit=False
[667] PASS  time=  4.037s  status=Exact solution     len=  2.712  endpoints_valid=True  collision=False  over_limit=False
[668] PASS  time=  2.606s  status=Exact solution     len=  5.097  endpoints_valid=True  collision=False  over_limit=False
[669] PASS  time=  6.268s  status=Exact solution     len=  5.399  endpoints_valid=True  collision=False  over_limit=False
[670] PASS  time=  1.500s  status=Exact solution     len=  2.401  endpoints_valid=True  collision=False  over_limit=False
[671] PASS  time=  3.755s  status=Exact solution     len=  4.735  endpoints_valid=True  collision=False  over_limit=False
[672] PASS  time=  1.651s  status=Exact solution     len=  3.237  endpoints_valid=True  collision=False  over_limit=False
[673] PASS  time=  1.801s  status=Exact solution     len=  2.829  endpoints_valid=True  collision=False  over_limit=False
[674] PASS  time=  3.185s  status=Exact solution     len=  4.491  endpoints_valid=True  collision=False  over_limit=False
[675] PASS  time=  1.890s  status=Exact solution     len=  2.441  endpoints_valid=True  collision=False  over_limit=False
[676] PASS  time=  2.975s  status=Exact solution     len=  1.963  endpoints_valid=True  collision=False  over_limit=False
[677] PASS  time=  1.933s  status=Exact solution     len=  4.663  endpoints_valid=True  collision=False  over_limit=False
[678] PASS  time=  0.393s  status=Exact solution     len=  1.737  endpoints_valid=True  collision=False  over_limit=False
[679] PASS  time=  1.915s  status=Exact solution     len=  3.137  endpoints_valid=True  collision=False  over_limit=False
[680] PASS  time=  1.928s  status=Exact solution     len=  4.580  endpoints_valid=True  collision=False  over_limit=False
[681] PASS  time=  0.854s  status=Exact solution     len=  1.023  endpoints_valid=True  collision=False  over_limit=False
[682] PASS  time=  0.638s  status=Exact solution     len=  2.281  endpoints_valid=True  collision=False  over_limit=False
[683] PASS  time=  0.295s  status=Exact solution     len=  1.045  endpoints_valid=True  collision=False  over_limit=False
[684] PASS  time=  1.940s  status=Exact solution     len=  3.611  endpoints_valid=True  collision=False  over_limit=False
[685] PASS  time=  0.962s  status=Exact solution     len=  2.530  endpoints_valid=True  collision=False  over_limit=False
[686] PASS  time=  2.347s  status=Exact solution     len=  3.219  endpoints_valid=True  collision=False  over_limit=False
[687] PASS  time=  3.196s  status=Exact solution     len=  3.873  endpoints_valid=True  collision=False  over_limit=False
[688] PASS  time=  2.820s  status=Exact solution     len=  2.054  endpoints_valid=True  collision=False  over_limit=False
[689] PASS  time=  1.967s  status=Exact solution     len=  2.904  endpoints_valid=True  collision=False  over_limit=False
[690] PASS  time=  2.006s  status=Exact solution     len=  2.346  endpoints_valid=True  collision=False  over_limit=False
[691] PASS  time=  0.562s  status=Exact solution     len=  1.954  endpoints_valid=True  collision=False  over_limit=False
[692] PASS  time=  0.420s  status=Exact solution     len=  1.439  endpoints_valid=True  collision=False  over_limit=False
[693] PASS  time=  0.174s  status=Exact solution     len=  2.186  endpoints_valid=True  collision=False  over_limit=False
[694] PASS  time=  1.181s  status=Exact solution     len=  3.491  endpoints_valid=True  collision=False  over_limit=False
[695] PASS  time=  0.614s  status=Exact solution     len=  2.851  endpoints_valid=True  collision=False  over_limit=False
[696] PASS  time=  4.508s  status=Exact solution     len=  3.157  endpoints_valid=True  collision=False  over_limit=False
[697] PASS  time=  0.394s  status=Exact solution     len=  1.352  endpoints_valid=True  collision=False  over_limit=False
[698] PASS  time=  1.044s  status=Exact solution     len=  2.188  endpoints_valid=True  collision=False  over_limit=False
[699] PASS  time=  2.166s  status=Exact solution     len=  5.693  endpoints_valid=True  collision=False  over_limit=False
[700] PASS  time=  1.181s  status=Exact solution     len=  2.864  endpoints_valid=True  collision=False  over_limit=False
[701] PASS  time=  7.103s  status=Exact solution     len=  4.182  endpoints_valid=True  collision=False  over_limit=False
[702] PASS  time=  0.710s  status=Exact solution     len=  1.961  endpoints_valid=True  collision=False  over_limit=False
[703] PASS  time=  3.074s  status=Exact solution     len=  4.496  endpoints_valid=True  collision=False  over_limit=False
[704] PASS  time=  0.731s  status=Exact solution     len=  1.265  endpoints_valid=True  collision=False  over_limit=False
[705] PASS  time=  1.134s  status=Exact solution     len=  1.836  endpoints_valid=True  collision=False  over_limit=False
[706] PASS  time=  1.684s  status=Exact solution     len=  3.551  endpoints_valid=True  collision=False  over_limit=False
[707] PASS  time=  1.605s  status=Exact solution     len=  3.087  endpoints_valid=True  collision=False  over_limit=False
[708] PASS  time=  4.390s  status=Exact solution     len=  5.320  endpoints_valid=True  collision=False  over_limit=False
[709] PASS  time=  4.243s  status=Exact solution     len=  4.266  endpoints_valid=True  collision=False  over_limit=False
[710] PASS  time=  0.535s  status=Exact solution     len=  1.439  endpoints_valid=True  collision=False  over_limit=False
[711] PASS  time=  0.516s  status=Exact solution     len=  1.778  endpoints_valid=True  collision=False  over_limit=False
[712] PASS  time=  2.491s  status=Exact solution     len=  2.703  endpoints_valid=True  collision=False  over_limit=False
[713] PASS  time=  2.703s  status=Exact solution     len=  5.108  endpoints_valid=True  collision=False  over_limit=False
[714] PASS  time=  2.635s  status=Exact solution     len=  3.432  endpoints_valid=True  collision=False  over_limit=False
[715] PASS  time=  1.097s  status=Exact solution     len=  2.931  endpoints_valid=True  collision=False  over_limit=False
[716] PASS  time=  0.339s  status=Exact solution     len=  2.336  endpoints_valid=True  collision=False  over_limit=False
[717] PASS  time=  0.345s  status=Exact solution     len=  1.930  endpoints_valid=True  collision=False  over_limit=False
[718] PASS  time=  5.195s  status=Exact solution     len=  7.800  endpoints_valid=True  collision=False  over_limit=False
[719] PASS  time=  2.446s  status=Exact solution     len=  3.857  endpoints_valid=True  collision=False  over_limit=False
[720] PASS  time=  0.605s  status=Exact solution     len=  1.411  endpoints_valid=True  collision=False  over_limit=False
[721] PASS  time=  5.390s  status=Exact solution     len=  5.295  endpoints_valid=True  collision=False  over_limit=False
[722] PASS  time=  2.084s  status=Exact solution     len=  4.204  endpoints_valid=True  collision=False  over_limit=False
[723] PASS  time=  2.816s  status=Exact solution     len=  5.154  endpoints_valid=True  collision=False  over_limit=False
[724] PASS  time=  0.626s  status=Exact solution     len=  2.103  endpoints_valid=True  collision=False  over_limit=False
[725] PASS  time=  0.262s  status=Exact solution     len=  1.529  endpoints_valid=True  collision=False  over_limit=False
[726] PASS  time=  0.682s  status=Exact solution     len=  1.880  endpoints_valid=True  collision=False  over_limit=False
[727] PASS  time=  1.924s  status=Exact solution     len=  4.358  endpoints_valid=True  collision=False  over_limit=False
[728] PASS  time=  1.710s  status=Exact solution     len=  3.893  endpoints_valid=True  collision=False  over_limit=False
[729] PASS  time=  0.739s  status=Exact solution     len=  2.812  endpoints_valid=True  collision=False  over_limit=False
[730] PASS  time=  4.158s  status=Exact solution     len=  3.777  endpoints_valid=True  collision=False  over_limit=False
[731] PASS  time=  0.973s  status=Exact solution     len=  2.181  endpoints_valid=True  collision=False  over_limit=False
[732] PASS  time=  2.775s  status=Exact solution     len=  3.509  endpoints_valid=True  collision=False  over_limit=False
[733] PASS  time=  1.520s  status=Exact solution     len=  1.080  endpoints_valid=True  collision=False  over_limit=False
[734] PASS  time=  2.058s  status=Exact solution     len=  2.885  endpoints_valid=True  collision=False  over_limit=False
[735] PASS  time=  4.248s  status=Exact solution     len=  5.765  endpoints_valid=True  collision=False  over_limit=False
[736] PASS  time=  0.762s  status=Exact solution     len=  2.239  endpoints_valid=True  collision=False  over_limit=False
[737] PASS  time=  2.374s  status=Exact solution     len=  1.548  endpoints_valid=True  collision=False  over_limit=False
[738] PASS  time=  0.790s  status=Exact solution     len=  1.943  endpoints_valid=True  collision=False  over_limit=False
[739] PASS  time=  0.826s  status=Exact solution     len=  2.071  endpoints_valid=True  collision=False  over_limit=False
[740] PASS  time=  4.280s  status=Exact solution     len=  5.346  endpoints_valid=True  collision=False  over_limit=False
[741] PASS  time=  4.817s  status=Exact solution     len=  4.364  endpoints_valid=True  collision=False  over_limit=False
[742] PASS  time=  0.611s  status=Exact solution     len=  1.554  endpoints_valid=True  collision=False  over_limit=False
[743] PASS  time=  1.809s  status=Exact solution     len=  3.265  endpoints_valid=True  collision=False  over_limit=False
[744] PASS  time=  1.704s  status=Exact solution     len=  2.180  endpoints_valid=True  collision=False  over_limit=False
[745] PASS  time=  2.031s  status=Exact solution     len=  5.370  endpoints_valid=True  collision=False  over_limit=False
[746] PASS  time=  2.349s  status=Exact solution     len=  3.542  endpoints_valid=True  collision=False  over_limit=False
[747] PASS  time=  0.647s  status=Exact solution     len=  2.994  endpoints_valid=True  collision=False  over_limit=False
[748] PASS  time=  0.900s  status=Exact solution     len=  3.030  endpoints_valid=True  collision=False  over_limit=False
[749] PASS  time=  1.424s  status=Exact solution     len=  2.816  endpoints_valid=True  collision=False  over_limit=False
[750] PASS  time=  6.743s  status=Exact solution     len=  7.131  endpoints_valid=True  collision=False  over_limit=False
[751] PASS  time=  0.253s  status=Exact solution     len=  1.117  endpoints_valid=True  collision=False  over_limit=False
[752] PASS  time=  2.065s  status=Exact solution     len=  4.345  endpoints_valid=True  collision=False  over_limit=False
[753] PASS  time=  2.974s  status=Exact solution     len=  5.295  endpoints_valid=True  collision=False  over_limit=False
[754] PASS  time=  0.341s  status=Exact solution     len=  2.420  endpoints_valid=True  collision=False  over_limit=False
[755] PASS  time=  1.765s  status=Exact solution     len=  3.000  endpoints_valid=True  collision=False  over_limit=False
[756] PASS  time=  1.137s  status=Exact solution     len=  3.105  endpoints_valid=True  collision=False  over_limit=False
[757] PASS  time=  1.167s  status=Exact solution     len=  2.537  endpoints_valid=True  collision=False  over_limit=False
[758] PASS  time=  1.105s  status=Exact solution     len=  2.626  endpoints_valid=True  collision=False  over_limit=False
[759] PASS  time=  3.803s  status=Exact solution     len=  6.281  endpoints_valid=True  collision=False  over_limit=False
[760] PASS  time=  4.598s  status=Exact solution     len=  7.331  endpoints_valid=True  collision=False  over_limit=False
[761] PASS  time=  0.440s  status=Exact solution     len=  2.340  endpoints_valid=True  collision=False  over_limit=False
[762] PASS  time=  2.674s  status=Exact solution     len=  4.127  endpoints_valid=True  collision=False  over_limit=False
[763] PASS  time=  1.676s  status=Exact solution     len=  2.556  endpoints_valid=True  collision=False  over_limit=False
[764] PASS  time=  0.808s  status=Exact solution     len=  1.309  endpoints_valid=True  collision=False  over_limit=False
[765] PASS  time=  1.860s  status=Exact solution     len=  3.596  endpoints_valid=True  collision=False  over_limit=False
[766] PASS  time=  0.458s  status=Exact solution     len=  2.542  endpoints_valid=True  collision=False  over_limit=False
[767] PASS  time=  0.477s  status=Exact solution     len=  1.935  endpoints_valid=True  collision=False  over_limit=False
[768] PASS  time=  0.726s  status=Exact solution     len=  2.715  endpoints_valid=True  collision=False  over_limit=False
[769] PASS  time=  2.084s  status=Exact solution     len=  2.606  endpoints_valid=True  collision=False  over_limit=False
[770] PASS  time=  6.260s  status=Exact solution     len=  4.435  endpoints_valid=True  collision=False  over_limit=False
[771] PASS  time=  2.003s  status=Exact solution     len=  3.404  endpoints_valid=True  collision=False  over_limit=False
[772] PASS  time=  1.235s  status=Exact solution     len=  2.459  endpoints_valid=True  collision=False  over_limit=False
[773] PASS  time=  7.666s  status=Exact solution     len=  5.904  endpoints_valid=True  collision=False  over_limit=False
[774] PASS  time=  6.521s  status=Exact solution     len=  6.469  endpoints_valid=True  collision=False  over_limit=False
[775] PASS  time=  0.637s  status=Exact solution     len=  2.419  endpoints_valid=True  collision=False  over_limit=False
[776] PASS  time=  1.563s  status=Exact solution     len=  3.363  endpoints_valid=True  collision=False  over_limit=False
[777] PASS  time=  2.688s  status=Exact solution     len=  4.351  endpoints_valid=True  collision=False  over_limit=False
[778] PASS  time=  0.541s  status=Exact solution     len=  2.229  endpoints_valid=True  collision=False  over_limit=False
[779] PASS  time=  0.407s  status=Exact solution     len=  1.763  endpoints_valid=True  collision=False  over_limit=False
[780] PASS  time=  0.852s  status=Exact solution     len=  2.781  endpoints_valid=True  collision=False  over_limit=False
[781] PASS  time=  3.072s  status=Exact solution     len=  5.046  endpoints_valid=True  collision=False  over_limit=False
[782] PASS  time=  1.192s  status=Exact solution     len=  3.051  endpoints_valid=True  collision=False  over_limit=False
[783] PASS  time=  0.285s  status=Exact solution     len=  1.592  endpoints_valid=True  collision=False  over_limit=False
[784] PASS  time=  2.693s  status=Exact solution     len=  4.148  endpoints_valid=True  collision=False  over_limit=False
[785] PASS  time=  0.221s  status=Exact solution     len=  1.435  endpoints_valid=True  collision=False  over_limit=False
[786] PASS  time=  4.066s  status=Exact solution     len=  2.961  endpoints_valid=True  collision=False  over_limit=False
[787] PASS  time=  2.420s  status=Exact solution     len=  2.349  endpoints_valid=True  collision=False  over_limit=False
[788] PASS  time=  4.310s  status=Exact solution     len=  4.144  endpoints_valid=True  collision=False  over_limit=False
[789] PASS  time=  2.934s  status=Exact solution     len=  6.850  endpoints_valid=True  collision=False  over_limit=False
[790] PASS  time=  0.485s  status=Exact solution     len=  2.409  endpoints_valid=True  collision=False  over_limit=False
[791] PASS  time=  0.512s  status=Exact solution     len=  2.256  endpoints_valid=True  collision=False  over_limit=False
[792] PASS  time=  2.066s  status=Exact solution     len=  4.286  endpoints_valid=True  collision=False  over_limit=False
[793] PASS  time=  1.852s  status=Exact solution     len=  2.713  endpoints_valid=True  collision=False  over_limit=False
[794] PASS  time=  0.524s  status=Exact solution     len=  2.025  endpoints_valid=True  collision=False  over_limit=False
[795] PASS  time=  0.207s  status=Exact solution     len=  1.359  endpoints_valid=True  collision=False  over_limit=False
[796] PASS  time=  1.485s  status=Exact solution     len=  2.285  endpoints_valid=True  collision=False  over_limit=False
[797] PASS  time=  7.028s  status=Exact solution     len=  4.062  endpoints_valid=True  collision=False  over_limit=False
[798] PASS  time=  0.352s  status=Exact solution     len=  1.771  endpoints_valid=True  collision=False  over_limit=False
[799] PASS  time=  1.117s  status=Exact solution     len=  2.768  endpoints_valid=True  collision=False  over_limit=False
[800] PASS  time=  3.393s  status=Exact solution     len=  5.580  endpoints_valid=True  collision=False  over_limit=False
[801] PASS  time=  0.875s  status=Exact solution     len=  2.288  endpoints_valid=True  collision=False  over_limit=False
[802] PASS  time=  0.206s  status=Exact solution     len=  1.594  endpoints_valid=True  collision=False  over_limit=False
[803] PASS  time=  3.702s  status=Exact solution     len=  3.384  endpoints_valid=True  collision=False  over_limit=False
[804] PASS  time=  1.778s  status=Exact solution     len=  3.902  endpoints_valid=True  collision=False  over_limit=False
[805] PASS  time=  1.774s  status=Exact solution     len=  2.787  endpoints_valid=True  collision=False  over_limit=False
[806] PASS  time=  1.396s  status=Exact solution     len=  2.366  endpoints_valid=True  collision=False  over_limit=False
[807] PASS  time=  3.596s  status=Exact solution     len=  3.399  endpoints_valid=True  collision=False  over_limit=False
[808] PASS  time=  3.608s  status=Exact solution     len=  2.773  endpoints_valid=True  collision=False  over_limit=False
[809] PASS  time=  1.753s  status=Exact solution     len=  1.687  endpoints_valid=True  collision=False  over_limit=False
[810] PASS  time=  4.133s  status=Exact solution     len=  5.015  endpoints_valid=True  collision=False  over_limit=False
[811] PASS  time=  3.442s  status=Exact solution     len=  4.918  endpoints_valid=True  collision=False  over_limit=False
[812] PASS  time=  1.603s  status=Exact solution     len=  1.421  endpoints_valid=True  collision=False  over_limit=False
[813] PASS  time=  1.560s  status=Exact solution     len=  4.439  endpoints_valid=True  collision=False  over_limit=False
[814] PASS  time=  0.727s  status=Exact solution     len=  2.027  endpoints_valid=True  collision=False  over_limit=False
[815] PASS  time=  1.824s  status=Exact solution     len=  2.506  endpoints_valid=True  collision=False  over_limit=False
[816] PASS  time=  0.221s  status=Exact solution     len=  2.053  endpoints_valid=True  collision=False  over_limit=False
[817] PASS  time=  1.838s  status=Exact solution     len=  3.064  endpoints_valid=True  collision=False  over_limit=False
[818] PASS  time=  1.058s  status=Exact solution     len=  2.589  endpoints_valid=True  collision=False  over_limit=False
[819] PASS  time=  2.852s  status=Exact solution     len=  4.463  endpoints_valid=True  collision=False  over_limit=False
[820] PASS  time=  2.216s  status=Exact solution     len=  3.301  endpoints_valid=True  collision=False  over_limit=False
[821] PASS  time=  0.574s  status=Exact solution     len=  2.597  endpoints_valid=True  collision=False  over_limit=False
[822] PASS  time=  1.882s  status=Exact solution     len=  3.023  endpoints_valid=True  collision=False  over_limit=False
[823] PASS  time=  0.704s  status=Exact solution     len=  2.300  endpoints_valid=True  collision=False  over_limit=False
[824] PASS  time=  0.440s  status=Exact solution     len=  2.016  endpoints_valid=True  collision=False  over_limit=False
[825] PASS  time=  0.727s  status=Exact solution     len=  2.319  endpoints_valid=True  collision=False  over_limit=False
[826] PASS  time=  4.139s  status=Exact solution     len=  3.688  endpoints_valid=True  collision=False  over_limit=False
[827] PASS  time=  3.009s  status=Exact solution     len=  2.468  endpoints_valid=True  collision=False  over_limit=False
[828] PASS  time=  1.252s  status=Exact solution     len=  1.893  endpoints_valid=True  collision=False  over_limit=False
[829] PASS  time=  3.217s  status=Exact solution     len=  2.153  endpoints_valid=True  collision=False  over_limit=False
[830] PASS  time=  0.535s  status=Exact solution     len=  2.545  endpoints_valid=True  collision=False  over_limit=False
[831] PASS  time=  1.331s  status=Exact solution     len=  2.585  endpoints_valid=True  collision=False  over_limit=False
[832] PASS  time=  1.920s  status=Exact solution     len=  2.965  endpoints_valid=True  collision=False  over_limit=False
[833] PASS  time=  0.893s  status=Exact solution     len=  1.988  endpoints_valid=True  collision=False  over_limit=False
[834] PASS  time=  2.691s  status=Exact solution     len=  3.143  endpoints_valid=True  collision=False  over_limit=False
[835] PASS  time=  3.862s  status=Exact solution     len=  3.176  endpoints_valid=True  collision=False  over_limit=False
[836] PASS  time=  0.555s  status=Exact solution     len=  1.695  endpoints_valid=True  collision=False  over_limit=False
[837] PASS  time=  1.025s  status=Exact solution     len=  3.704  endpoints_valid=True  collision=False  over_limit=False
[838] PASS  time=  1.457s  status=Exact solution     len=  2.614  endpoints_valid=True  collision=False  over_limit=False
[839] PASS  time=  0.525s  status=Exact solution     len=  2.048  endpoints_valid=True  collision=False  over_limit=False
[840] PASS  time=  2.432s  status=Exact solution     len=  5.605  endpoints_valid=True  collision=False  over_limit=False
[841] PASS  time=  0.486s  status=Exact solution     len=  1.558  endpoints_valid=True  collision=False  over_limit=False
[842] PASS  time=  1.240s  status=Exact solution     len=  2.897  endpoints_valid=True  collision=False  over_limit=False
[843] PASS  time=  1.533s  status=Exact solution     len=  3.517  endpoints_valid=True  collision=False  over_limit=False
[844] PASS  time=  2.307s  status=Exact solution     len=  2.230  endpoints_valid=True  collision=False  over_limit=False
[845] PASS  time=  2.026s  status=Exact solution     len=  5.084  endpoints_valid=True  collision=False  over_limit=False
[846] PASS  time=  0.425s  status=Exact solution     len=  1.360  endpoints_valid=True  collision=False  over_limit=False
[847] PASS  time=  3.013s  status=Exact solution     len=  3.206  endpoints_valid=True  collision=False  over_limit=False
[848] PASS  time=  4.761s  status=Exact solution     len=  6.313  endpoints_valid=True  collision=False  over_limit=False
[849] PASS  time=  3.446s  status=Exact solution     len=  3.134  endpoints_valid=True  collision=False  over_limit=False
[850] PASS  time=  8.499s  status=Exact solution     len=  6.398  endpoints_valid=True  collision=False  over_limit=False
[851] PASS  time=  0.525s  status=Exact solution     len=  1.089  endpoints_valid=True  collision=False  over_limit=False
[852] PASS  time=  0.981s  status=Exact solution     len=  1.882  endpoints_valid=True  collision=False  over_limit=False
[853] PASS  time=  4.216s  status=Exact solution     len=  4.362  endpoints_valid=True  collision=False  over_limit=False
[854] PASS  time=  3.259s  status=Exact solution     len=  4.679  endpoints_valid=True  collision=False  over_limit=False
[855] PASS  time=  0.845s  status=Exact solution     len=  1.914  endpoints_valid=True  collision=False  over_limit=False
[856] PASS  time=  5.730s  status=Exact solution     len=  3.757  endpoints_valid=True  collision=False  over_limit=False
[857] PASS  time=  0.986s  status=Exact solution     len=  1.961  endpoints_valid=True  collision=False  over_limit=False
[858] PASS  time=  0.924s  status=Exact solution     len=  2.328  endpoints_valid=True  collision=False  over_limit=False
[859] PASS  time=  1.924s  status=Exact solution     len=  1.894  endpoints_valid=True  collision=False  over_limit=False
[860] PASS  time=  2.109s  status=Exact solution     len=  3.485  endpoints_valid=True  collision=False  over_limit=False
[861] PASS  time=  3.668s  status=Exact solution     len=  2.977  endpoints_valid=True  collision=False  over_limit=False
[862] PASS  time=  3.324s  status=Exact solution     len=  4.904  endpoints_valid=True  collision=False  over_limit=False
[863] PASS  time=  2.119s  status=Exact solution     len=  3.946  endpoints_valid=True  collision=False  over_limit=False
[864] PASS  time=  3.375s  status=Exact solution     len=  2.690  endpoints_valid=True  collision=False  over_limit=False
[865] PASS  time=  2.459s  status=Exact solution     len=  4.999  endpoints_valid=True  collision=False  over_limit=False
[866] PASS  time=  1.344s  status=Exact solution     len=  3.070  endpoints_valid=True  collision=False  over_limit=False
[867] PASS  time=  0.470s  status=Exact solution     len=  2.425  endpoints_valid=True  collision=False  over_limit=False
[868] PASS  time=  0.817s  status=Exact solution     len=  2.667  endpoints_valid=True  collision=False  over_limit=False
[869] PASS  time=  0.879s  status=Exact solution     len=  1.805  endpoints_valid=True  collision=False  over_limit=False
[870] PASS  time=  0.262s  status=Exact solution     len=  1.009  endpoints_valid=True  collision=False  over_limit=False
[871] PASS  time=  0.504s  status=Exact solution     len=  1.818  endpoints_valid=True  collision=False  over_limit=False
[872] PASS  time=  0.778s  status=Exact solution     len=  1.989  endpoints_valid=True  collision=False  over_limit=False
[873] PASS  time=  0.541s  status=Exact solution     len=  2.108  endpoints_valid=True  collision=False  over_limit=False
[874] PASS  time=  1.582s  status=Exact solution     len=  4.392  endpoints_valid=True  collision=False  over_limit=False
[875] PASS  time=  0.751s  status=Exact solution     len=  2.579  endpoints_valid=True  collision=False  over_limit=False
[876] PASS  time=  0.992s  status=Exact solution     len=  2.138  endpoints_valid=True  collision=False  over_limit=False
[877] PASS  time=  0.674s  status=Exact solution     len=  2.004  endpoints_valid=True  collision=False  over_limit=False
[878] PASS  time=  2.060s  status=Exact solution     len=  5.268  endpoints_valid=True  collision=False  over_limit=False
[879] PASS  time=  1.247s  status=Exact solution     len=  3.492  endpoints_valid=True  collision=False  over_limit=False
[880] PASS  time=  0.826s  status=Exact solution     len=  1.996  endpoints_valid=True  collision=False  over_limit=False
[881] PASS  time=  7.122s  status=Exact solution     len=  5.899  endpoints_valid=True  collision=False  over_limit=False
[882] PASS  time=  4.411s  status=Exact solution     len=  3.663  endpoints_valid=True  collision=False  over_limit=False
[883] PASS  time=  0.300s  status=Exact solution     len=  2.073  endpoints_valid=True  collision=False  over_limit=False
[884] PASS  time=  0.343s  status=Exact solution     len=  1.681  endpoints_valid=True  collision=False  over_limit=False
[885] PASS  time=  2.245s  status=Exact solution     len=  4.316  endpoints_valid=True  collision=False  over_limit=False
[886] PASS  time=  1.964s  status=Exact solution     len=  3.087  endpoints_valid=True  collision=False  over_limit=False
[887] PASS  time=  1.177s  status=Exact solution     len=  2.187  endpoints_valid=True  collision=False  over_limit=False
[888] PASS  time=  0.792s  status=Exact solution     len=  1.997  endpoints_valid=True  collision=False  over_limit=False
[889] PASS  time=  1.213s  status=Exact solution     len=  3.132  endpoints_valid=True  collision=False  over_limit=False
[890] PASS  time=  0.744s  status=Exact solution     len=  2.353  endpoints_valid=True  collision=False  over_limit=False
[891] PASS  time=  3.398s  status=Exact solution     len=  4.708  endpoints_valid=True  collision=False  over_limit=False
[892] PASS  time=  2.866s  status=Exact solution     len=  5.476  endpoints_valid=True  collision=False  over_limit=False
[893] PASS  time=  3.138s  status=Exact solution     len=  2.694  endpoints_valid=True  collision=False  over_limit=False
[894] PASS  time=  1.228s  status=Exact solution     len=  2.818  endpoints_valid=True  collision=False  over_limit=False
[895] PASS  time=  2.280s  status=Exact solution     len=  4.600  endpoints_valid=True  collision=False  over_limit=False
[896] PASS  time=  3.065s  status=Exact solution     len=  4.547  endpoints_valid=True  collision=False  over_limit=False
[897] PASS  time=  1.184s  status=Exact solution     len=  2.271  endpoints_valid=True  collision=False  over_limit=False
[898] PASS  time=  0.510s  status=Exact solution     len=  2.278  endpoints_valid=True  collision=False  over_limit=False
[899] PASS  time=  2.529s  status=Exact solution     len=  3.964  endpoints_valid=True  collision=False  over_limit=False
[900] PASS  time=  0.893s  status=Exact solution     len=  2.653  endpoints_valid=True  collision=False  over_limit=False
[901] PASS  time=  0.551s  status=Exact solution     len=  1.510  endpoints_valid=True  collision=False  over_limit=False
[902] PASS  time=  3.150s  status=Exact solution     len=  3.315  endpoints_valid=True  collision=False  over_limit=False
[903] PASS  time=  1.170s  status=Exact solution     len=  1.182  endpoints_valid=True  collision=False  over_limit=False
[904] PASS  time=  0.654s  status=Exact solution     len=  2.070  endpoints_valid=True  collision=False  over_limit=False
[905] PASS  time=  5.011s  status=Exact solution     len=  5.112  endpoints_valid=True  collision=False  over_limit=False
[906] PASS  time=  0.869s  status=Exact solution     len=  1.520  endpoints_valid=True  collision=False  over_limit=False
[907] PASS  time=  0.516s  status=Exact solution     len=  1.997  endpoints_valid=True  collision=False  over_limit=False
[908] PASS  time=  2.896s  status=Exact solution     len=  4.896  endpoints_valid=True  collision=False  over_limit=False
[909] PASS  time=  3.700s  status=Exact solution     len=  4.400  endpoints_valid=True  collision=False  over_limit=False
[910] PASS  time=  1.014s  status=Exact solution     len=  1.941  endpoints_valid=True  collision=False  over_limit=False
[911] PASS  time=  4.039s  status=Exact solution     len=  6.980  endpoints_valid=True  collision=False  over_limit=False
[912] PASS  time=  1.730s  status=Exact solution     len=  2.287  endpoints_valid=True  collision=False  over_limit=False
[913] PASS  time=  1.295s  status=Exact solution     len=  2.428  endpoints_valid=True  collision=False  over_limit=False
[914] PASS  time=  3.768s  status=Exact solution     len=  4.984  endpoints_valid=True  collision=False  over_limit=False
[915] PASS  time=  3.934s  status=Exact solution     len=  3.582  endpoints_valid=True  collision=False  over_limit=False
[916] PASS  time=  1.200s  status=Exact solution     len=  3.232  endpoints_valid=True  collision=False  over_limit=False
[917] PASS  time=  1.157s  status=Exact solution     len=  4.348  endpoints_valid=True  collision=False  over_limit=False
[918] PASS  time=  3.262s  status=Exact solution     len=  5.329  endpoints_valid=True  collision=False  over_limit=False
[919] PASS  time=  2.120s  status=Exact solution     len=  3.862  endpoints_valid=True  collision=False  over_limit=False
[920] PASS  time=  2.027s  status=Exact solution     len=  2.914  endpoints_valid=True  collision=False  over_limit=False
[921] PASS  time=  2.067s  status=Exact solution     len=  2.752  endpoints_valid=True  collision=False  over_limit=False
[922] PASS  time=  1.967s  status=Exact solution     len=  2.829  endpoints_valid=True  collision=False  over_limit=False
[923] PASS  time=  2.212s  status=Exact solution     len=  3.179  endpoints_valid=True  collision=False  over_limit=False
[924] PASS  time=  5.759s  status=Exact solution     len=  6.015  endpoints_valid=True  collision=False  over_limit=False
[925] PASS  time=  3.037s  status=Exact solution     len=  4.933  endpoints_valid=True  collision=False  over_limit=False
[926] PASS  time=  1.269s  status=Exact solution     len=  3.156  endpoints_valid=True  collision=False  over_limit=False
[927] PASS  time=  1.743s  status=Exact solution     len=  2.532  endpoints_valid=True  collision=False  over_limit=False
[928] PASS  time=  3.309s  status=Exact solution     len=  4.088  endpoints_valid=True  collision=False  over_limit=False
[929] PASS  time=  2.414s  status=Exact solution     len=  4.642  endpoints_valid=True  collision=False  over_limit=False
[930] PASS  time=  6.244s  status=Exact solution     len=  4.999  endpoints_valid=True  collision=False  over_limit=False
[931] PASS  time=  4.485s  status=Exact solution     len=  4.430  endpoints_valid=True  collision=False  over_limit=False
[932] PASS  time=  0.487s  status=Exact solution     len=  1.740  endpoints_valid=True  collision=False  over_limit=False
[933] PASS  time=  3.399s  status=Exact solution     len=  3.018  endpoints_valid=True  collision=False  over_limit=False
[934] PASS  time=  0.874s  status=Exact solution     len=  2.417  endpoints_valid=True  collision=False  over_limit=False
[935] PASS  time=  1.899s  status=Exact solution     len=  2.827  endpoints_valid=True  collision=False  over_limit=False
[936] PASS  time=  0.999s  status=Exact solution     len=  2.359  endpoints_valid=True  collision=False  over_limit=False
[937] PASS  time=  1.752s  status=Exact solution     len=  2.686  endpoints_valid=True  collision=False  over_limit=False
[938] PASS  time=  1.004s  status=Exact solution     len=  2.661  endpoints_valid=True  collision=False  over_limit=False
[939] PASS  time=  1.802s  status=Exact solution     len=  3.331  endpoints_valid=True  collision=False  over_limit=False
[940] PASS  time=  1.737s  status=Exact solution     len=  2.383  endpoints_valid=True  collision=False  over_limit=False
[941] PASS  time= 19.440s  status=Exact solution     len=  8.667  endpoints_valid=True  collision=False  over_limit=False
[942] PASS  time=  3.467s  status=Exact solution     len=  3.695  endpoints_valid=True  collision=False  over_limit=False
[943] PASS  time=  3.757s  status=Exact solution     len=  4.133  endpoints_valid=True  collision=False  over_limit=False
[944] PASS  time=  1.628s  status=Exact solution     len=  2.276  endpoints_valid=True  collision=False  over_limit=False
[945] PASS  time=  4.557s  status=Exact solution     len=  7.220  endpoints_valid=True  collision=False  over_limit=False
[946] PASS  time=  2.867s  status=Exact solution     len=  2.981  endpoints_valid=True  collision=False  over_limit=False
[947] PASS  time=  0.850s  status=Exact solution     len=  1.809  endpoints_valid=True  collision=False  over_limit=False
[948] PASS  time=  0.543s  status=Exact solution     len=  2.080  endpoints_valid=True  collision=False  over_limit=False
[949] PASS  time=  0.970s  status=Exact solution     len=  1.953  endpoints_valid=True  collision=False  over_limit=False
[950] PASS  time=  2.301s  status=Exact solution     len=  2.708  endpoints_valid=True  collision=False  over_limit=False
[951] PASS  time=  2.121s  status=Exact solution     len=  2.650  endpoints_valid=True  collision=False  over_limit=False
[952] PASS  time=  3.137s  status=Exact solution     len=  3.199  endpoints_valid=True  collision=False  over_limit=False
[953] PASS  time=  3.299s  status=Exact solution     len=  2.852  endpoints_valid=True  collision=False  over_limit=False
[954] PASS  time=  1.831s  status=Exact solution     len=  4.012  endpoints_valid=True  collision=False  over_limit=False
[955] PASS  time=  1.801s  status=Exact solution     len=  3.255  endpoints_valid=True  collision=False  over_limit=False
[956] PASS  time=  0.726s  status=Exact solution     len=  2.023  endpoints_valid=True  collision=False  over_limit=False
[957] PASS  time=  5.238s  status=Exact solution     len=  4.308  endpoints_valid=True  collision=False  over_limit=False
[958] PASS  time=  1.009s  status=Exact solution     len=  3.188  endpoints_valid=True  collision=False  over_limit=False
[959] PASS  time=  1.992s  status=Exact solution     len=  4.380  endpoints_valid=True  collision=False  over_limit=False
[960] PASS  time=  0.644s  status=Exact solution     len=  2.708  endpoints_valid=True  collision=False  over_limit=False
[961] PASS  time=  0.890s  status=Exact solution     len=  2.356  endpoints_valid=True  collision=False  over_limit=False
[962] PASS  time=  1.212s  status=Exact solution     len=  1.917  endpoints_valid=True  collision=False  over_limit=False
[963] PASS  time=  0.561s  status=Exact solution     len=  1.562  endpoints_valid=True  collision=False  over_limit=False
[964] PASS  time=  0.852s  status=Exact solution     len=  3.429  endpoints_valid=True  collision=False  over_limit=False
[965] PASS  time=  0.474s  status=Exact solution     len=  2.123  endpoints_valid=True  collision=False  over_limit=False
[966] PASS  time=  1.185s  status=Exact solution     len=  2.272  endpoints_valid=True  collision=False  over_limit=False
[967] PASS  time=  0.276s  status=Exact solution     len=  1.779  endpoints_valid=True  collision=False  over_limit=False
[968] PASS  time=  1.136s  status=Exact solution     len=  2.789  endpoints_valid=True  collision=False  over_limit=False
[969] PASS  time=  0.788s  status=Exact solution     len=  2.410  endpoints_valid=True  collision=False  over_limit=False
[970] PASS  time=  1.137s  status=Exact solution     len=  2.902  endpoints_valid=True  collision=False  over_limit=False
[971] PASS  time=  0.958s  status=Exact solution     len=  1.970  endpoints_valid=True  collision=False  over_limit=False
[972] PASS  time=  0.710s  status=Exact solution     len=  2.547  endpoints_valid=True  collision=False  over_limit=False
[973] PASS  time=  0.544s  status=Exact solution     len=  2.899  endpoints_valid=True  collision=False  over_limit=False
[974] PASS  time=  1.710s  status=Exact solution     len=  5.058  endpoints_valid=True  collision=False  over_limit=False
[975] PASS  time=  0.745s  status=Exact solution     len=  2.444  endpoints_valid=True  collision=False  over_limit=False
[976] PASS  time=  0.428s  status=Exact solution     len=  1.477  endpoints_valid=True  collision=False  over_limit=False
[977] PASS  time=  0.891s  status=Exact solution     len=  2.549  endpoints_valid=True  collision=False  over_limit=False
[978] PASS  time=  0.438s  status=Exact solution     len=  2.222  endpoints_valid=True  collision=False  over_limit=False
[979] PASS  time=  0.932s  status=Exact solution     len=  2.573  endpoints_valid=True  collision=False  over_limit=False
[980] PASS  time=  0.368s  status=Exact solution     len=  1.802  endpoints_valid=True  collision=False  over_limit=False
[981] PASS  time=  0.365s  status=Exact solution     len=  2.439  endpoints_valid=True  collision=False  over_limit=False
[982] PASS  time=  1.858s  status=Exact solution     len=  3.545  endpoints_valid=True  collision=False  over_limit=False
[983] PASS  time=  0.282s  status=Exact solution     len=  2.084  endpoints_valid=True  collision=False  over_limit=False
[984] PASS  time=  0.757s  status=Exact solution     len=  2.996  endpoints_valid=True  collision=False  over_limit=False
[985] PASS  time=  0.379s  status=Exact solution     len=  1.654  endpoints_valid=True  collision=False  over_limit=False
[986] PASS  time=  0.876s  status=Exact solution     len=  2.453  endpoints_valid=True  collision=False  over_limit=False
[987] PASS  time=  3.417s  status=Exact solution     len=  3.283  endpoints_valid=True  collision=False  over_limit=False
[988] PASS  time=  3.690s  status=Exact solution     len=  5.701  endpoints_valid=True  collision=False  over_limit=False
[989] PASS  time=  1.427s  status=Exact solution     len=  3.549  endpoints_valid=True  collision=False  over_limit=False
[990] PASS  time=  3.064s  status=Exact solution     len=  4.001  endpoints_valid=True  collision=False  over_limit=False
[991] PASS  time=  3.517s  status=Exact solution     len=  2.553  endpoints_valid=True  collision=False  over_limit=False
[992] PASS  time=  0.874s  status=Exact solution     len=  2.322  endpoints_valid=True  collision=False  over_limit=False
[993] PASS  time=  0.942s  status=Exact solution     len=  1.694  endpoints_valid=True  collision=False  over_limit=False
[994] PASS  time=  1.986s  status=Exact solution     len=  3.182  endpoints_valid=True  collision=False  over_limit=False
[995] PASS  time=  4.509s  status=Exact solution     len=  6.435  endpoints_valid=True  collision=False  over_limit=False
[996] PASS  time=  1.826s  status=Exact solution     len=  4.769  endpoints_valid=True  collision=False  over_limit=False
[997] PASS  time=  2.059s  status=Exact solution     len=  4.588  endpoints_valid=True  collision=False  over_limit=False
[998] PASS  time=  0.804s  status=Exact solution     len=  1.199  endpoints_valid=True  collision=False  over_limit=False
[999] PASS  time=  1.000s  status=Exact solution     len=  3.675  endpoints_valid=True  collision=False  over_limit=False

shape                     : datasets/3dshape/4shape3d.obj
environment               : datasets/3dshape/env1.obj
data_path                 : testing_data/3dshape/4shape3d_env1
planner                   : RRTConnect (OMPL, SE(3))
time_limit_per_case       : 30.000 s  (a case over this = fail)
path_simplification       : off

test_cases_total          : 1000
invalid_start_or_goal     : 0  (excluded, unplannable)
test_cases_scored         : 1000  [valid start+goal only]
successes                 : 1000
failures                  : 0
  no_solution_in_time     : 0
  over_time_limit         : 0
  path_in_collision       : 0
success_rate              : 1.0000  (100.0%)  [1000/1000]

time_mean                 : 1.9813 s   [all 1000 scored cases]
time_std                  : 1.7134 s
time_mean_successful      : 1.9813 s   [1000 successful cases]
time_std_successful       : 1.7134 s
time_median               : 1.5427 s

path_length_mean          : 3.0575   [1000 successful cases]
path_length_std           : 1.3303
path_length_total         : 3057.4724

total_time                : 1981.28 s
collision_checks          : 845893

Wrote results/ompl_rrtconnect/4shape3d_env1/rrt_connect_success_rate.txt
Wrote results/ompl_rrtconnect/4shape3d_env1/rrt_connect_cases.csv
