[load_obj] 'datasets/3dshape/Ashape3d.obj': 1 objects/groups
  [0] 'Body2'  (40 triangles)
[load_obj] 'datasets/3dshape/env2.obj': 9 objects/groups
  [0] 'Body1'  (12 triangles)
  [1] 'Body2'  (12 triangles)
  [2] 'wall (1)'  (88 triangles)
  [3] 'Body4'  (12 triangles)
  [4] 'Body5'  (12 triangles)
  [5] 'Body6'  (12 triangles)
  [6] 'Body7'  (12 triangles)
  [7] 'Body8'  (12 triangles)
  [8] 'Body9'  (12 triangles)
shape       : datasets/3dshape/Ashape3d.obj  (20 verts, 30 tets, radius 0.1844)
environment : datasets/3dshape/env2.obj  (184 tris, 50000 collision points)
bounds      : low [-0.4539, -0.3175, -0.5]  high [0.4539, 0.3175, 0.5]
test cases  : 1000 from testing_data/3dshape/Ashape3d_env2/sampled_points.npy
planner     : RRTConnect  (time limit 30.0s per case, resolution 0.005)

[000] PASS  time=  2.721s  status=Exact solution     len=  3.401  endpoints_valid=True  collision=False  over_limit=False
[001] PASS  time=  0.672s  status=Exact solution     len=  2.004  endpoints_valid=True  collision=False  over_limit=False
[002] PASS  time=  2.119s  status=Exact solution     len=  1.364  endpoints_valid=True  collision=False  over_limit=False
[003] PASS  time=  0.815s  status=Exact solution     len=  1.969  endpoints_valid=True  collision=False  over_limit=False
[004] PASS  time=  1.552s  status=Exact solution     len=  2.682  endpoints_valid=True  collision=False  over_limit=False
[005] PASS  time=  3.597s  status=Exact solution     len=  1.442  endpoints_valid=True  collision=False  over_limit=False
[006] PASS  time=  2.148s  status=Exact solution     len=  1.956  endpoints_valid=True  collision=False  over_limit=False
[007] PASS  time=  1.863s  status=Exact solution     len=  3.441  endpoints_valid=True  collision=False  over_limit=False
[008] PASS  time=  0.275s  status=Exact solution     len=  1.542  endpoints_valid=True  collision=False  over_limit=False
[009] PASS  time=  4.290s  status=Exact solution     len=  5.554  endpoints_valid=True  collision=False  over_limit=False
[010] PASS  time=  2.629s  status=Exact solution     len=  3.217  endpoints_valid=True  collision=False  over_limit=False
[011] PASS  time=  1.172s  status=Exact solution     len=  3.841  endpoints_valid=True  collision=False  over_limit=False
[012] PASS  time=  1.918s  status=Exact solution     len=  3.035  endpoints_valid=True  collision=False  over_limit=False
[013] PASS  time=  1.478s  status=Exact solution     len=  2.370  endpoints_valid=True  collision=False  over_limit=False
[014] PASS  time=  1.345s  status=Exact solution     len=  2.518  endpoints_valid=True  collision=False  over_limit=False
[015] PASS  time=  1.153s  status=Exact solution     len=  3.052  endpoints_valid=True  collision=False  over_limit=False
[016] PASS  time=  1.326s  status=Exact solution     len=  2.378  endpoints_valid=True  collision=False  over_limit=False
[017] PASS  time=  1.671s  status=Exact solution     len=  2.183  endpoints_valid=True  collision=False  over_limit=False
[018] PASS  time=  2.518s  status=Exact solution     len=  3.127  endpoints_valid=True  collision=False  over_limit=False
[019] PASS  time=  0.353s  status=Exact solution     len=  1.296  endpoints_valid=True  collision=False  over_limit=False
[020] PASS  time=  4.000s  status=Exact solution     len=  3.669  endpoints_valid=True  collision=False  over_limit=False
[021] PASS  time=  3.224s  status=Exact solution     len=  4.939  endpoints_valid=True  collision=False  over_limit=False
[022] PASS  time=  0.629s  status=Exact solution     len=  2.193  endpoints_valid=True  collision=False  over_limit=False
[023] PASS  time=  0.552s  status=Exact solution     len=  1.387  endpoints_valid=True  collision=False  over_limit=False
[024] PASS  time=  0.769s  status=Exact solution     len=  2.177  endpoints_valid=True  collision=False  over_limit=False
[025] PASS  time=  2.204s  status=Exact solution     len=  3.509  endpoints_valid=True  collision=False  over_limit=False
[026] PASS  time=  0.640s  status=Exact solution     len=  1.030  endpoints_valid=True  collision=False  over_limit=False
[027] PASS  time=  2.115s  status=Exact solution     len=  2.462  endpoints_valid=True  collision=False  over_limit=False
[028] PASS  time=  3.183s  status=Exact solution     len=  2.586  endpoints_valid=True  collision=False  over_limit=False
[029] PASS  time=  1.480s  status=Exact solution     len=  2.871  endpoints_valid=True  collision=False  over_limit=False
[030] PASS  time=  3.942s  status=Exact solution     len=  3.605  endpoints_valid=True  collision=False  over_limit=False
[031] PASS  time=  0.915s  status=Exact solution     len=  2.194  endpoints_valid=True  collision=False  over_limit=False
[032] PASS  time=  0.449s  status=Exact solution     len=  1.713  endpoints_valid=True  collision=False  over_limit=False
[033] PASS  time=  0.691s  status=Exact solution     len=  1.599  endpoints_valid=True  collision=False  over_limit=False
[034] PASS  time=  2.120s  status=Exact solution     len=  3.322  endpoints_valid=True  collision=False  over_limit=False
[035] PASS  time=  2.144s  status=Exact solution     len=  3.207  endpoints_valid=True  collision=False  over_limit=False
[036] PASS  time=  3.429s  status=Exact solution     len=  4.310  endpoints_valid=True  collision=False  over_limit=False
[037] PASS  time=  1.271s  status=Exact solution     len=  2.197  endpoints_valid=True  collision=False  over_limit=False
[038] PASS  time=  0.787s  status=Exact solution     len=  1.862  endpoints_valid=True  collision=False  over_limit=False
[039] PASS  time=  2.026s  status=Exact solution     len=  2.660  endpoints_valid=True  collision=False  over_limit=False
[040] PASS  time=  0.649s  status=Exact solution     len=  2.302  endpoints_valid=True  collision=False  over_limit=False
[041] PASS  time=  5.933s  status=Exact solution     len=  4.798  endpoints_valid=True  collision=False  over_limit=False
[042] PASS  time=  1.391s  status=Exact solution     len=  2.385  endpoints_valid=True  collision=False  over_limit=False
[043] PASS  time=  0.684s  status=Exact solution     len=  1.888  endpoints_valid=True  collision=False  over_limit=False
[044] PASS  time=  4.139s  status=Exact solution     len=  3.758  endpoints_valid=True  collision=False  over_limit=False
[045] PASS  time=  3.008s  status=Exact solution     len=  4.125  endpoints_valid=True  collision=False  over_limit=False
[046] PASS  time=  0.913s  status=Exact solution     len=  3.382  endpoints_valid=True  collision=False  over_limit=False
[047] PASS  time=  5.261s  status=Exact solution     len=  6.220  endpoints_valid=True  collision=False  over_limit=False
[048] PASS  time=  0.994s  status=Exact solution     len=  2.815  endpoints_valid=True  collision=False  over_limit=False
[049] PASS  time=  0.957s  status=Exact solution     len=  2.207  endpoints_valid=True  collision=False  over_limit=False
[050] PASS  time=  5.496s  status=Exact solution     len=  3.957  endpoints_valid=True  collision=False  over_limit=False
[051] PASS  time=  4.821s  status=Exact solution     len=  4.073  endpoints_valid=True  collision=False  over_limit=False
[052] PASS  time=  2.663s  status=Exact solution     len=  2.583  endpoints_valid=True  collision=False  over_limit=False
[053] PASS  time=  1.277s  status=Exact solution     len=  2.213  endpoints_valid=True  collision=False  over_limit=False
[054] PASS  time=  2.978s  status=Exact solution     len=  3.195  endpoints_valid=True  collision=False  over_limit=False
[055] PASS  time=  4.233s  status=Exact solution     len=  5.105  endpoints_valid=True  collision=False  over_limit=False
[056] PASS  time=  1.718s  status=Exact solution     len=  3.610  endpoints_valid=True  collision=False  over_limit=False
[057] PASS  time=  1.285s  status=Exact solution     len=  3.088  endpoints_valid=True  collision=False  over_limit=False
[058] PASS  time=  1.956s  status=Exact solution     len=  3.658  endpoints_valid=True  collision=False  over_limit=False
[059] PASS  time=  1.946s  status=Exact solution     len=  3.162  endpoints_valid=True  collision=False  over_limit=False
[060] PASS  time=  2.316s  status=Exact solution     len=  2.649  endpoints_valid=True  collision=False  over_limit=False
[061] PASS  time=  0.878s  status=Exact solution     len=  2.255  endpoints_valid=True  collision=False  over_limit=False
[062] PASS  time=  1.514s  status=Exact solution     len=  2.469  endpoints_valid=True  collision=False  over_limit=False
[063] PASS  time=  0.487s  status=Exact solution     len=  1.595  endpoints_valid=True  collision=False  over_limit=False
[064] PASS  time=  0.697s  status=Exact solution     len=  2.211  endpoints_valid=True  collision=False  over_limit=False
[065] PASS  time=  3.308s  status=Exact solution     len=  3.692  endpoints_valid=True  collision=False  over_limit=False
[066] PASS  time=  2.263s  status=Exact solution     len=  3.301  endpoints_valid=True  collision=False  over_limit=False
[067] PASS  time=  2.854s  status=Exact solution     len=  5.088  endpoints_valid=True  collision=False  over_limit=False
[068] PASS  time=  4.291s  status=Exact solution     len=  3.894  endpoints_valid=True  collision=False  over_limit=False
[069] PASS  time=  0.662s  status=Exact solution     len=  2.644  endpoints_valid=True  collision=False  over_limit=False
[070] PASS  time=  9.154s  status=Exact solution     len=  4.341  endpoints_valid=True  collision=False  over_limit=False
[071] PASS  time=  2.381s  status=Exact solution     len=  4.603  endpoints_valid=True  collision=False  over_limit=False
[072] PASS  time=  3.925s  status=Exact solution     len=  4.786  endpoints_valid=True  collision=False  over_limit=False
[073] PASS  time=  2.198s  status=Exact solution     len=  2.866  endpoints_valid=True  collision=False  over_limit=False
[074] PASS  time=  1.308s  status=Exact solution     len=  2.721  endpoints_valid=True  collision=False  over_limit=False
[075] PASS  time=  3.819s  status=Exact solution     len=  4.272  endpoints_valid=True  collision=False  over_limit=False
[076] PASS  time=  1.904s  status=Exact solution     len=  1.556  endpoints_valid=True  collision=False  over_limit=False
[077] PASS  time=  0.395s  status=Exact solution     len=  2.021  endpoints_valid=True  collision=False  over_limit=False
[078] PASS  time=  1.023s  status=Exact solution     len=  2.459  endpoints_valid=True  collision=False  over_limit=False
[079] PASS  time=  0.937s  status=Exact solution     len=  3.361  endpoints_valid=True  collision=False  over_limit=False
[080] PASS  time=  7.196s  status=Exact solution     len=  2.558  endpoints_valid=True  collision=False  over_limit=False
[081] PASS  time=  3.708s  status=Exact solution     len=  2.923  endpoints_valid=True  collision=False  over_limit=False
[082] PASS  time=  5.053s  status=Exact solution     len=  5.456  endpoints_valid=True  collision=False  over_limit=False
[083] PASS  time=  0.827s  status=Exact solution     len=  1.797  endpoints_valid=True  collision=False  over_limit=False
[084] PASS  time=  1.046s  status=Exact solution     len=  2.622  endpoints_valid=True  collision=False  over_limit=False
[085] PASS  time=  3.871s  status=Exact solution     len=  3.830  endpoints_valid=True  collision=False  over_limit=False
[086] PASS  time=  0.872s  status=Exact solution     len=  1.909  endpoints_valid=True  collision=False  over_limit=False
[087] PASS  time=  4.691s  status=Exact solution     len=  3.151  endpoints_valid=True  collision=False  over_limit=False
[088] PASS  time=  1.730s  status=Exact solution     len=  2.241  endpoints_valid=True  collision=False  over_limit=False
[089] PASS  time=  1.613s  status=Exact solution     len=  3.234  endpoints_valid=True  collision=False  over_limit=False
[090] PASS  time=  1.044s  status=Exact solution     len=  3.374  endpoints_valid=True  collision=False  over_limit=False
[091] PASS  time=  1.928s  status=Exact solution     len=  2.192  endpoints_valid=True  collision=False  over_limit=False
[092] PASS  time=  2.207s  status=Exact solution     len=  3.914  endpoints_valid=True  collision=False  over_limit=False
[093] PASS  time=  2.852s  status=Exact solution     len=  4.448  endpoints_valid=True  collision=False  over_limit=False
[094] PASS  time= 12.902s  status=Exact solution     len=  6.433  endpoints_valid=True  collision=False  over_limit=False
[095] PASS  time=  1.459s  status=Exact solution     len=  2.835  endpoints_valid=True  collision=False  over_limit=False
[096] PASS  time=  6.920s  status=Exact solution     len=  2.869  endpoints_valid=True  collision=False  over_limit=False
[097] PASS  time=  6.968s  status=Exact solution     len=  6.914  endpoints_valid=True  collision=False  over_limit=False
[098] PASS  time=  4.437s  status=Exact solution     len=  5.013  endpoints_valid=True  collision=False  over_limit=False
[099] PASS  time=  3.009s  status=Exact solution     len=  3.282  endpoints_valid=True  collision=False  over_limit=False
[100] PASS  time=  6.373s  status=Exact solution     len=  4.103  endpoints_valid=True  collision=False  over_limit=False
[101] PASS  time=  0.292s  status=Exact solution     len=  1.627  endpoints_valid=True  collision=False  over_limit=False
[102] PASS  time=  0.520s  status=Exact solution     len=  1.581  endpoints_valid=True  collision=False  over_limit=False
[103] PASS  time=  3.716s  status=Exact solution     len=  4.761  endpoints_valid=True  collision=False  over_limit=False
[104] PASS  time=  4.696s  status=Exact solution     len=  7.829  endpoints_valid=True  collision=False  over_limit=False
[105] PASS  time=  1.066s  status=Exact solution     len=  2.496  endpoints_valid=True  collision=False  over_limit=False
[106] PASS  time=  0.583s  status=Exact solution     len=  2.349  endpoints_valid=True  collision=False  over_limit=False
[107] PASS  time=  1.340s  status=Exact solution     len=  2.321  endpoints_valid=True  collision=False  over_limit=False
[108] PASS  time=  0.384s  status=Exact solution     len=  1.354  endpoints_valid=True  collision=False  over_limit=False
[109] PASS  time=  0.646s  status=Exact solution     len=  2.584  endpoints_valid=True  collision=False  over_limit=False
[110] PASS  time=  0.298s  status=Exact solution     len=  1.761  endpoints_valid=True  collision=False  over_limit=False
[111] PASS  time=  2.372s  status=Exact solution     len=  3.751  endpoints_valid=True  collision=False  over_limit=False
[112] PASS  time=  4.602s  status=Exact solution     len=  4.036  endpoints_valid=True  collision=False  over_limit=False
[113] PASS  time=  0.198s  status=Exact solution     len=  1.114  endpoints_valid=True  collision=False  over_limit=False
[114] PASS  time=  1.673s  status=Exact solution     len=  2.719  endpoints_valid=True  collision=False  over_limit=False
[115] PASS  time=  1.138s  status=Exact solution     len=  2.159  endpoints_valid=True  collision=False  over_limit=False
[116] PASS  time=  0.955s  status=Exact solution     len=  2.020  endpoints_valid=True  collision=False  over_limit=False
[117] PASS  time=  3.954s  status=Exact solution     len=  5.175  endpoints_valid=True  collision=False  over_limit=False
[118] PASS  time=  0.985s  status=Exact solution     len=  2.073  endpoints_valid=True  collision=False  over_limit=False
[119] PASS  time=  1.641s  status=Exact solution     len=  4.645  endpoints_valid=True  collision=False  over_limit=False
[120] PASS  time=  2.702s  status=Exact solution     len=  3.524  endpoints_valid=True  collision=False  over_limit=False
[121] PASS  time=  6.215s  status=Exact solution     len=  6.018  endpoints_valid=True  collision=False  over_limit=False
[122] PASS  time=  2.837s  status=Exact solution     len=  3.458  endpoints_valid=True  collision=False  over_limit=False
[123] PASS  time=  1.530s  status=Exact solution     len=  2.710  endpoints_valid=True  collision=False  over_limit=False
[124] PASS  time=  1.518s  status=Exact solution     len=  3.899  endpoints_valid=True  collision=False  over_limit=False
[125] PASS  time=  0.586s  status=Exact solution     len=  2.418  endpoints_valid=True  collision=False  over_limit=False
[126] PASS  time=  0.723s  status=Exact solution     len=  1.855  endpoints_valid=True  collision=False  over_limit=False
[127] PASS  time=  2.521s  status=Exact solution     len=  3.920  endpoints_valid=True  collision=False  over_limit=False
[128] PASS  time=  0.792s  status=Exact solution     len=  2.547  endpoints_valid=True  collision=False  over_limit=False
[129] PASS  time=  0.831s  status=Exact solution     len=  2.615  endpoints_valid=True  collision=False  over_limit=False
[130] PASS  time=  3.364s  status=Exact solution     len=  4.530  endpoints_valid=True  collision=False  over_limit=False
[131] PASS  time=  0.761s  status=Exact solution     len=  2.967  endpoints_valid=True  collision=False  over_limit=False
[132] PASS  time=  1.216s  status=Exact solution     len=  2.952  endpoints_valid=True  collision=False  over_limit=False
[133] PASS  time=  4.755s  status=Exact solution     len=  7.205  endpoints_valid=True  collision=False  over_limit=False
[134] PASS  time=  1.522s  status=Exact solution     len=  3.607  endpoints_valid=True  collision=False  over_limit=False
[135] PASS  time=  0.318s  status=Exact solution     len=  1.804  endpoints_valid=True  collision=False  over_limit=False
[136] PASS  time=  2.979s  status=Exact solution     len=  4.182  endpoints_valid=True  collision=False  over_limit=False
[137] PASS  time=  2.833s  status=Exact solution     len=  4.204  endpoints_valid=True  collision=False  over_limit=False
[138] PASS  time=  0.372s  status=Exact solution     len=  1.389  endpoints_valid=True  collision=False  over_limit=False
[139] PASS  time=  1.636s  status=Exact solution     len=  5.000  endpoints_valid=True  collision=False  over_limit=False
[140] PASS  time=  0.629s  status=Exact solution     len=  1.210  endpoints_valid=True  collision=False  over_limit=False
[141] PASS  time=  0.799s  status=Exact solution     len=  1.957  endpoints_valid=True  collision=False  over_limit=False
[142] PASS  time=  0.841s  status=Exact solution     len=  1.129  endpoints_valid=True  collision=False  over_limit=False
[143] PASS  time=  0.836s  status=Exact solution     len=  2.367  endpoints_valid=True  collision=False  over_limit=False
[144] PASS  time=  1.493s  status=Exact solution     len=  1.976  endpoints_valid=True  collision=False  over_limit=False
[145] PASS  time=  0.660s  status=Exact solution     len=  2.518  endpoints_valid=True  collision=False  over_limit=False
[146] PASS  time=  1.884s  status=Exact solution     len=  5.436  endpoints_valid=True  collision=False  over_limit=False
[147] PASS  time=  5.330s  status=Exact solution     len=  7.119  endpoints_valid=True  collision=False  over_limit=False
[148] PASS  time=  2.309s  status=Exact solution     len=  3.221  endpoints_valid=True  collision=False  over_limit=False
[149] PASS  time=  0.587s  status=Exact solution     len=  1.779  endpoints_valid=True  collision=False  over_limit=False
[150] PASS  time=  0.569s  status=Exact solution     len=  1.595  endpoints_valid=True  collision=False  over_limit=False
[151] PASS  time=  6.754s  status=Exact solution     len=  6.549  endpoints_valid=True  collision=False  over_limit=False
[152] PASS  time=  2.316s  status=Exact solution     len=  3.709  endpoints_valid=True  collision=False  over_limit=False
[153] PASS  time=  6.752s  status=Exact solution     len=  4.155  endpoints_valid=True  collision=False  over_limit=False
[154] PASS  time=  0.528s  status=Exact solution     len=  1.639  endpoints_valid=True  collision=False  over_limit=False
[155] PASS  time=  2.097s  status=Exact solution     len=  3.282  endpoints_valid=True  collision=False  over_limit=False
[156] PASS  time=  2.109s  status=Exact solution     len=  2.037  endpoints_valid=True  collision=False  over_limit=False
[157] PASS  time=  0.781s  status=Exact solution     len=  3.270  endpoints_valid=True  collision=False  over_limit=False
[158] PASS  time=  1.033s  status=Exact solution     len=  1.172  endpoints_valid=True  collision=False  over_limit=False
[159] PASS  time=  1.554s  status=Exact solution     len=  2.309  endpoints_valid=True  collision=False  over_limit=False
[160] PASS  time=  4.130s  status=Exact solution     len=  5.259  endpoints_valid=True  collision=False  over_limit=False
[161] PASS  time=  1.720s  status=Exact solution     len=  2.337  endpoints_valid=True  collision=False  over_limit=False
[162] PASS  time=  5.603s  status=Exact solution     len=  4.812  endpoints_valid=True  collision=False  over_limit=False
[163] PASS  time=  0.927s  status=Exact solution     len=  1.639  endpoints_valid=True  collision=False  over_limit=False
[164] PASS  time=  0.606s  status=Exact solution     len=  2.717  endpoints_valid=True  collision=False  over_limit=False
[165] PASS  time=  1.141s  status=Exact solution     len=  1.893  endpoints_valid=True  collision=False  over_limit=False
[166] PASS  time=  3.133s  status=Exact solution     len=  3.155  endpoints_valid=True  collision=False  over_limit=False
[167] PASS  time=  1.063s  status=Exact solution     len=  2.333  endpoints_valid=True  collision=False  over_limit=False
[168] PASS  time=  0.551s  status=Exact solution     len=  1.872  endpoints_valid=True  collision=False  over_limit=False
[169] PASS  time=  0.648s  status=Exact solution     len=  2.759  endpoints_valid=True  collision=False  over_limit=False
[170] PASS  time=  8.233s  status=Exact solution     len=  6.153  endpoints_valid=True  collision=False  over_limit=False
[171] PASS  time=  0.449s  status=Exact solution     len=  1.752  endpoints_valid=True  collision=False  over_limit=False
[172] PASS  time=  5.545s  status=Exact solution     len=  5.520  endpoints_valid=True  collision=False  over_limit=False
[173] PASS  time=  2.963s  status=Exact solution     len=  3.134  endpoints_valid=True  collision=False  over_limit=False
[174] PASS  time=  1.801s  status=Exact solution     len=  1.822  endpoints_valid=True  collision=False  over_limit=False
[175] PASS  time=  0.716s  status=Exact solution     len=  1.678  endpoints_valid=True  collision=False  over_limit=False
[176] PASS  time=  0.739s  status=Exact solution     len=  2.023  endpoints_valid=True  collision=False  over_limit=False
[177] PASS  time=  1.914s  status=Exact solution     len=  2.762  endpoints_valid=True  collision=False  over_limit=False
[178] PASS  time=  1.889s  status=Exact solution     len=  3.244  endpoints_valid=True  collision=False  over_limit=False
[179] PASS  time=  3.766s  status=Exact solution     len=  5.000  endpoints_valid=True  collision=False  over_limit=False
[180] PASS  time=  2.057s  status=Exact solution     len=  3.435  endpoints_valid=True  collision=False  over_limit=False
[181] PASS  time=  2.495s  status=Exact solution     len=  2.675  endpoints_valid=True  collision=False  over_limit=False
[182] PASS  time=  7.149s  status=Exact solution     len=  6.398  endpoints_valid=True  collision=False  over_limit=False
[183] PASS  time=  0.787s  status=Exact solution     len=  2.543  endpoints_valid=True  collision=False  over_limit=False
[184] PASS  time=  2.513s  status=Exact solution     len=  2.818  endpoints_valid=True  collision=False  over_limit=False
[185] PASS  time=  3.945s  status=Exact solution     len=  4.666  endpoints_valid=True  collision=False  over_limit=False
[186] PASS  time=  1.444s  status=Exact solution     len=  2.796  endpoints_valid=True  collision=False  over_limit=False
[187] PASS  time=  3.486s  status=Exact solution     len=  4.054  endpoints_valid=True  collision=False  over_limit=False
[188] PASS  time=  8.221s  status=Exact solution     len=  5.132  endpoints_valid=True  collision=False  over_limit=False
[189] PASS  time=  1.505s  status=Exact solution     len=  1.364  endpoints_valid=True  collision=False  over_limit=False
[190] PASS  time=  1.644s  status=Exact solution     len=  2.186  endpoints_valid=True  collision=False  over_limit=False
[191] PASS  time=  2.430s  status=Exact solution     len=  2.947  endpoints_valid=True  collision=False  over_limit=False
[192] PASS  time= 10.685s  status=Exact solution     len=  5.331  endpoints_valid=True  collision=False  over_limit=False
[193] PASS  time=  0.577s  status=Exact solution     len=  1.525  endpoints_valid=True  collision=False  over_limit=False
[194] PASS  time= 11.647s  status=Exact solution     len=  7.470  endpoints_valid=True  collision=False  over_limit=False
[195] PASS  time=  3.280s  status=Exact solution     len=  3.091  endpoints_valid=True  collision=False  over_limit=False
[196] PASS  time=  4.247s  status=Exact solution     len=  3.739  endpoints_valid=True  collision=False  over_limit=False
[197] PASS  time=  7.497s  status=Exact solution     len=  5.140  endpoints_valid=True  collision=False  over_limit=False
[198] PASS  time=  4.018s  status=Exact solution     len=  3.390  endpoints_valid=True  collision=False  over_limit=False
[199] PASS  time=  1.283s  status=Exact solution     len=  3.028  endpoints_valid=True  collision=False  over_limit=False
[200] PASS  time=  0.392s  status=Exact solution     len=  1.473  endpoints_valid=True  collision=False  over_limit=False
[201] PASS  time=  6.956s  status=Exact solution     len=  4.353  endpoints_valid=True  collision=False  over_limit=False
[202] PASS  time=  2.765s  status=Exact solution     len=  4.486  endpoints_valid=True  collision=False  over_limit=False
[203] PASS  time=  0.607s  status=Exact solution     len=  1.358  endpoints_valid=True  collision=False  over_limit=False
[204] PASS  time=  4.164s  status=Exact solution     len=  5.601  endpoints_valid=True  collision=False  over_limit=False
[205] PASS  time=  2.382s  status=Exact solution     len=  4.574  endpoints_valid=True  collision=False  over_limit=False
[206] PASS  time=  7.144s  status=Exact solution     len=  4.482  endpoints_valid=True  collision=False  over_limit=False
[207] PASS  time=  1.209s  status=Exact solution     len=  2.827  endpoints_valid=True  collision=False  over_limit=False
[208] PASS  time=  0.635s  status=Exact solution     len=  2.526  endpoints_valid=True  collision=False  over_limit=False
[209] PASS  time=  1.295s  status=Exact solution     len=  3.038  endpoints_valid=True  collision=False  over_limit=False
[210] PASS  time=  6.776s  status=Exact solution     len=  6.380  endpoints_valid=True  collision=False  over_limit=False
[211] PASS  time=  1.027s  status=Exact solution     len=  2.876  endpoints_valid=True  collision=False  over_limit=False
[212] PASS  time=  4.343s  status=Exact solution     len=  3.165  endpoints_valid=True  collision=False  over_limit=False
[213] PASS  time=  0.547s  status=Exact solution     len=  1.308  endpoints_valid=True  collision=False  over_limit=False
[214] PASS  time=  3.117s  status=Exact solution     len=  2.969  endpoints_valid=True  collision=False  over_limit=False
[215] PASS  time=  1.154s  status=Exact solution     len=  3.885  endpoints_valid=True  collision=False  over_limit=False
[216] PASS  time=  0.532s  status=Exact solution     len=  2.439  endpoints_valid=True  collision=False  over_limit=False
[217] PASS  time=  2.043s  status=Exact solution     len=  3.158  endpoints_valid=True  collision=False  over_limit=False
[218] PASS  time=  0.824s  status=Exact solution     len=  1.367  endpoints_valid=True  collision=False  over_limit=False
[219] PASS  time=  1.481s  status=Exact solution     len=  3.834  endpoints_valid=True  collision=False  over_limit=False
[220] PASS  time=  2.100s  status=Exact solution     len=  2.591  endpoints_valid=True  collision=False  over_limit=False
[221] PASS  time=  4.131s  status=Exact solution     len=  5.373  endpoints_valid=True  collision=False  over_limit=False
[222] PASS  time=  4.172s  status=Exact solution     len=  4.258  endpoints_valid=True  collision=False  over_limit=False
[223] PASS  time=  1.398s  status=Exact solution     len=  2.167  endpoints_valid=True  collision=False  over_limit=False
[224] PASS  time=  0.574s  status=Exact solution     len=  2.543  endpoints_valid=True  collision=False  over_limit=False
[225] PASS  time=  1.334s  status=Exact solution     len=  2.623  endpoints_valid=True  collision=False  over_limit=False
[226] PASS  time=  2.098s  status=Exact solution     len=  3.263  endpoints_valid=True  collision=False  over_limit=False
[227] PASS  time=  0.643s  status=Exact solution     len=  1.925  endpoints_valid=True  collision=False  over_limit=False
[228] PASS  time=  1.555s  status=Exact solution     len=  3.093  endpoints_valid=True  collision=False  over_limit=False
[229] PASS  time=  2.178s  status=Exact solution     len=  2.805  endpoints_valid=True  collision=False  over_limit=False
[230] PASS  time=  4.676s  status=Exact solution     len=  4.169  endpoints_valid=True  collision=False  over_limit=False
[231] PASS  time=  1.918s  status=Exact solution     len=  2.275  endpoints_valid=True  collision=False  over_limit=False
[232] PASS  time=  3.318s  status=Exact solution     len=  2.625  endpoints_valid=True  collision=False  over_limit=False
[233] PASS  time=  5.160s  status=Exact solution     len=  4.381  endpoints_valid=True  collision=False  over_limit=False
[234] PASS  time=  3.383s  status=Exact solution     len=  3.141  endpoints_valid=True  collision=False  over_limit=False
[235] PASS  time=  1.108s  status=Exact solution     len=  2.017  endpoints_valid=True  collision=False  over_limit=False
[236] PASS  time=  0.469s  status=Exact solution     len=  2.006  endpoints_valid=True  collision=False  over_limit=False
[237] PASS  time=  0.712s  status=Exact solution     len=  1.809  endpoints_valid=True  collision=False  over_limit=False
[238] PASS  time=  1.326s  status=Exact solution     len=  2.433  endpoints_valid=True  collision=False  over_limit=False
[239] PASS  time= 19.568s  status=Exact solution     len=  8.995  endpoints_valid=True  collision=False  over_limit=False
[240] PASS  time=  0.765s  status=Exact solution     len=  1.433  endpoints_valid=True  collision=False  over_limit=False
[241] PASS  time=  5.283s  status=Exact solution     len=  3.001  endpoints_valid=True  collision=False  over_limit=False
[242] PASS  time=  1.691s  status=Exact solution     len=  2.508  endpoints_valid=True  collision=False  over_limit=False
[243] PASS  time=  3.847s  status=Exact solution     len=  4.224  endpoints_valid=True  collision=False  over_limit=False
[244] PASS  time=  4.761s  status=Exact solution     len=  5.412  endpoints_valid=True  collision=False  over_limit=False
[245] PASS  time=  0.683s  status=Exact solution     len=  1.349  endpoints_valid=True  collision=False  over_limit=False
[246] PASS  time=  2.565s  status=Exact solution     len=  2.406  endpoints_valid=True  collision=False  over_limit=False
[247] PASS  time=  1.382s  status=Exact solution     len=  3.711  endpoints_valid=True  collision=False  over_limit=False
[248] PASS  time=  2.800s  status=Exact solution     len=  4.498  endpoints_valid=True  collision=False  over_limit=False
[249] PASS  time=  1.038s  status=Exact solution     len=  2.022  endpoints_valid=True  collision=False  over_limit=False
[250] PASS  time=  2.440s  status=Exact solution     len=  4.967  endpoints_valid=True  collision=False  over_limit=False
[251] PASS  time=  4.308s  status=Exact solution     len=  4.939  endpoints_valid=True  collision=False  over_limit=False
[252] PASS  time=  1.119s  status=Exact solution     len=  3.132  endpoints_valid=True  collision=False  over_limit=False
[253] PASS  time=  5.523s  status=Exact solution     len=  4.318  endpoints_valid=True  collision=False  over_limit=False
[254] PASS  time=  1.615s  status=Exact solution     len=  2.691  endpoints_valid=True  collision=False  over_limit=False
[255] PASS  time=  0.694s  status=Exact solution     len=  2.102  endpoints_valid=True  collision=False  over_limit=False
[256] PASS  time=  2.300s  status=Exact solution     len=  3.354  endpoints_valid=True  collision=False  over_limit=False
[257] PASS  time= 11.409s  status=Exact solution     len=  5.414  endpoints_valid=True  collision=False  over_limit=False
[258] PASS  time=  0.567s  status=Exact solution     len=  1.673  endpoints_valid=True  collision=False  over_limit=False
[259] PASS  time=  6.441s  status=Exact solution     len=  5.779  endpoints_valid=True  collision=False  over_limit=False
[260] PASS  time=  4.085s  status=Exact solution     len=  3.090  endpoints_valid=True  collision=False  over_limit=False
[261] PASS  time=  6.733s  status=Exact solution     len=  3.025  endpoints_valid=True  collision=False  over_limit=False
[262] PASS  time=  3.718s  status=Exact solution     len=  3.544  endpoints_valid=True  collision=False  over_limit=False
[263] PASS  time=  6.953s  status=Exact solution     len=  3.416  endpoints_valid=True  collision=False  over_limit=False
[264] PASS  time=  5.651s  status=Exact solution     len=  3.977  endpoints_valid=True  collision=False  over_limit=False
[265] PASS  time=  6.230s  status=Exact solution     len=  5.230  endpoints_valid=True  collision=False  over_limit=False
[266] PASS  time=  0.383s  status=Exact solution     len=  1.039  endpoints_valid=True  collision=False  over_limit=False
[267] PASS  time=  4.243s  status=Exact solution     len=  2.673  endpoints_valid=True  collision=False  over_limit=False
[268] PASS  time=  2.431s  status=Exact solution     len=  2.910  endpoints_valid=True  collision=False  over_limit=False
[269] PASS  time=  0.559s  status=Exact solution     len=  2.274  endpoints_valid=True  collision=False  over_limit=False
[270] PASS  time=  9.743s  status=Exact solution     len=  5.017  endpoints_valid=True  collision=False  over_limit=False
[271] PASS  time=  1.709s  status=Exact solution     len=  2.712  endpoints_valid=True  collision=False  over_limit=False
[272] PASS  time=  3.739s  status=Exact solution     len=  5.196  endpoints_valid=True  collision=False  over_limit=False
[273] PASS  time=  1.079s  status=Exact solution     len=  2.105  endpoints_valid=True  collision=False  over_limit=False
[274] PASS  time=  1.454s  status=Exact solution     len=  1.696  endpoints_valid=True  collision=False  over_limit=False
[275] PASS  time=  0.552s  status=Exact solution     len=  1.587  endpoints_valid=True  collision=False  over_limit=False
[276] PASS  time=  1.997s  status=Exact solution     len=  3.011  endpoints_valid=True  collision=False  over_limit=False
[277] PASS  time=  4.440s  status=Exact solution     len=  4.213  endpoints_valid=True  collision=False  over_limit=False
[278] PASS  time=  1.034s  status=Exact solution     len=  2.093  endpoints_valid=True  collision=False  over_limit=False
[279] PASS  time=  4.149s  status=Exact solution     len=  2.498  endpoints_valid=True  collision=False  over_limit=False
[280] PASS  time=  0.787s  status=Exact solution     len=  1.253  endpoints_valid=True  collision=False  over_limit=False
[281] PASS  time=  4.180s  status=Exact solution     len=  4.163  endpoints_valid=True  collision=False  over_limit=False
[282] PASS  time=  2.764s  status=Exact solution     len=  2.739  endpoints_valid=True  collision=False  over_limit=False
[283] PASS  time=  0.646s  status=Exact solution     len=  1.843  endpoints_valid=True  collision=False  over_limit=False
[284] PASS  time=  0.905s  status=Exact solution     len=  0.993  endpoints_valid=True  collision=False  over_limit=False
[285] PASS  time=  2.086s  status=Exact solution     len=  3.291  endpoints_valid=True  collision=False  over_limit=False
[286] PASS  time=  5.057s  status=Exact solution     len=  3.838  endpoints_valid=True  collision=False  over_limit=False
[287] PASS  time=  0.476s  status=Exact solution     len=  2.387  endpoints_valid=True  collision=False  over_limit=False
[288] PASS  time=  2.813s  status=Exact solution     len=  3.235  endpoints_valid=True  collision=False  over_limit=False
[289] PASS  time=  3.036s  status=Exact solution     len=  4.158  endpoints_valid=True  collision=False  over_limit=False
[290] PASS  time=  1.949s  status=Exact solution     len=  3.741  endpoints_valid=True  collision=False  over_limit=False
[291] PASS  time=  3.461s  status=Exact solution     len=  3.993  endpoints_valid=True  collision=False  over_limit=False
[292] PASS  time=  0.785s  status=Exact solution     len=  2.045  endpoints_valid=True  collision=False  over_limit=False
[293] PASS  time=  5.716s  status=Exact solution     len=  2.796  endpoints_valid=True  collision=False  over_limit=False
[294] PASS  time=  2.130s  status=Exact solution     len=  3.112  endpoints_valid=True  collision=False  over_limit=False
[295] PASS  time=  1.188s  status=Exact solution     len=  2.466  endpoints_valid=True  collision=False  over_limit=False
[296] PASS  time=  1.673s  status=Exact solution     len=  3.099  endpoints_valid=True  collision=False  over_limit=False
[297] PASS  time=  1.306s  status=Exact solution     len=  3.473  endpoints_valid=True  collision=False  over_limit=False
[298] PASS  time=  1.741s  status=Exact solution     len=  1.576  endpoints_valid=True  collision=False  over_limit=False
[299] PASS  time=  1.357s  status=Exact solution     len=  1.455  endpoints_valid=True  collision=False  over_limit=False
[300] PASS  time=  0.681s  status=Exact solution     len=  1.816  endpoints_valid=True  collision=False  over_limit=False
[301] PASS  time=  1.702s  status=Exact solution     len=  2.813  endpoints_valid=True  collision=False  over_limit=False
[302] PASS  time=  1.162s  status=Exact solution     len=  3.077  endpoints_valid=True  collision=False  over_limit=False
[303] PASS  time=  1.711s  status=Exact solution     len=  2.791  endpoints_valid=True  collision=False  over_limit=False
[304] PASS  time=  3.196s  status=Exact solution     len=  3.648  endpoints_valid=True  collision=False  over_limit=False
[305] PASS  time=  2.337s  status=Exact solution     len=  3.926  endpoints_valid=True  collision=False  over_limit=False
[306] PASS  time=  0.392s  status=Exact solution     len=  1.343  endpoints_valid=True  collision=False  over_limit=False
[307] PASS  time= 10.058s  status=Exact solution     len=  6.260  endpoints_valid=True  collision=False  over_limit=False
[308] PASS  time=  3.711s  status=Exact solution     len=  4.477  endpoints_valid=True  collision=False  over_limit=False
[309] PASS  time=  0.714s  status=Exact solution     len=  2.333  endpoints_valid=True  collision=False  over_limit=False
[310] PASS  time=  2.377s  status=Exact solution     len=  3.811  endpoints_valid=True  collision=False  over_limit=False
[311] PASS  time=  5.337s  status=Exact solution     len=  3.054  endpoints_valid=True  collision=False  over_limit=False
[312] PASS  time=  0.825s  status=Exact solution     len=  2.251  endpoints_valid=True  collision=False  over_limit=False
[313] PASS  time=  2.215s  status=Exact solution     len=  3.114  endpoints_valid=True  collision=False  over_limit=False
[314] PASS  time=  2.073s  status=Exact solution     len=  2.735  endpoints_valid=True  collision=False  over_limit=False
[315] PASS  time=  1.433s  status=Exact solution     len=  1.725  endpoints_valid=True  collision=False  over_limit=False
[316] PASS  time=  0.351s  status=Exact solution     len=  1.799  endpoints_valid=True  collision=False  over_limit=False
[317] PASS  time=  2.741s  status=Exact solution     len=  3.607  endpoints_valid=True  collision=False  over_limit=False
[318] PASS  time=  6.842s  status=Exact solution     len=  6.337  endpoints_valid=True  collision=False  over_limit=False
[319] PASS  time=  2.261s  status=Exact solution     len=  2.367  endpoints_valid=True  collision=False  over_limit=False
[320] PASS  time=  1.523s  status=Exact solution     len=  2.951  endpoints_valid=True  collision=False  over_limit=False
[321] PASS  time=  0.955s  status=Exact solution     len=  1.306  endpoints_valid=True  collision=False  over_limit=False
[322] PASS  time=  0.843s  status=Exact solution     len=  2.116  endpoints_valid=True  collision=False  over_limit=False
[323] PASS  time=  4.449s  status=Exact solution     len=  4.348  endpoints_valid=True  collision=False  over_limit=False
[324] PASS  time=  0.277s  status=Exact solution     len=  1.966  endpoints_valid=True  collision=False  over_limit=False
[325] PASS  time=  1.489s  status=Exact solution     len=  2.928  endpoints_valid=True  collision=False  over_limit=False
[326] PASS  time=  3.978s  status=Exact solution     len=  4.340  endpoints_valid=True  collision=False  over_limit=False
[327] PASS  time=  1.141s  status=Exact solution     len=  1.180  endpoints_valid=True  collision=False  over_limit=False
[328] PASS  time=  8.350s  status=Exact solution     len=  5.874  endpoints_valid=True  collision=False  over_limit=False
[329] PASS  time=  6.047s  status=Exact solution     len=  4.503  endpoints_valid=True  collision=False  over_limit=False
[330] PASS  time=  0.466s  status=Exact solution     len=  1.249  endpoints_valid=True  collision=False  over_limit=False
[331] PASS  time=  2.067s  status=Exact solution     len=  2.863  endpoints_valid=True  collision=False  over_limit=False
[332] PASS  time=  0.825s  status=Exact solution     len=  1.832  endpoints_valid=True  collision=False  over_limit=False
[333] PASS  time=  4.597s  status=Exact solution     len=  5.059  endpoints_valid=True  collision=False  over_limit=False
[334] PASS  time=  6.540s  status=Exact solution     len=  7.746  endpoints_valid=True  collision=False  over_limit=False
[335] PASS  time=  3.443s  status=Exact solution     len=  3.242  endpoints_valid=True  collision=False  over_limit=False
[336] PASS  time=  1.499s  status=Exact solution     len=  2.044  endpoints_valid=True  collision=False  over_limit=False
[337] PASS  time=  0.733s  status=Exact solution     len=  2.304  endpoints_valid=True  collision=False  over_limit=False
[338] PASS  time=  1.527s  status=Exact solution     len=  1.442  endpoints_valid=True  collision=False  over_limit=False
[339] PASS  time=  0.810s  status=Exact solution     len=  2.009  endpoints_valid=True  collision=False  over_limit=False
[340] PASS  time=  2.728s  status=Exact solution     len=  2.799  endpoints_valid=True  collision=False  over_limit=False
[341] PASS  time=  8.398s  status=Exact solution     len=  3.455  endpoints_valid=True  collision=False  over_limit=False
[342] PASS  time=  0.791s  status=Exact solution     len=  2.030  endpoints_valid=True  collision=False  over_limit=False
[343] PASS  time=  1.173s  status=Exact solution     len=  1.886  endpoints_valid=True  collision=False  over_limit=False
[344] PASS  time=  2.028s  status=Exact solution     len=  3.752  endpoints_valid=True  collision=False  over_limit=False
[345] PASS  time=  5.837s  status=Exact solution     len=  3.502  endpoints_valid=True  collision=False  over_limit=False
[346] PASS  time=  2.270s  status=Exact solution     len=  1.589  endpoints_valid=True  collision=False  over_limit=False
[347] PASS  time=  4.226s  status=Exact solution     len=  3.270  endpoints_valid=True  collision=False  over_limit=False
[348] PASS  time=  6.773s  status=Exact solution     len=  6.792  endpoints_valid=True  collision=False  over_limit=False
[349] PASS  time=  3.699s  status=Exact solution     len=  3.324  endpoints_valid=True  collision=False  over_limit=False
[350] PASS  time=  5.555s  status=Exact solution     len=  5.228  endpoints_valid=True  collision=False  over_limit=False
[351] PASS  time=  0.868s  status=Exact solution     len=  1.653  endpoints_valid=True  collision=False  over_limit=False
[352] PASS  time=  1.188s  status=Exact solution     len=  3.033  endpoints_valid=True  collision=False  over_limit=False
[353] PASS  time=  5.380s  status=Exact solution     len=  6.741  endpoints_valid=True  collision=False  over_limit=False
[354] PASS  time=  0.972s  status=Exact solution     len=  2.438  endpoints_valid=True  collision=False  over_limit=False
[355] PASS  time=  1.031s  status=Exact solution     len=  1.164  endpoints_valid=True  collision=False  over_limit=False
[356] PASS  time=  0.647s  status=Exact solution     len=  2.348  endpoints_valid=True  collision=False  over_limit=False
[357] PASS  time=  2.836s  status=Exact solution     len=  3.765  endpoints_valid=True  collision=False  over_limit=False
[358] PASS  time=  1.050s  status=Exact solution     len=  1.627  endpoints_valid=True  collision=False  over_limit=False
[359] PASS  time=  1.883s  status=Exact solution     len=  4.187  endpoints_valid=True  collision=False  over_limit=False
[360] PASS  time=  1.290s  status=Exact solution     len=  1.965  endpoints_valid=True  collision=False  over_limit=False
[361] PASS  time=  0.514s  status=Exact solution     len=  1.363  endpoints_valid=True  collision=False  over_limit=False
[362] PASS  time=  3.452s  status=Exact solution     len=  3.748  endpoints_valid=True  collision=False  over_limit=False
[363] PASS  time=  2.250s  status=Exact solution     len=  4.703  endpoints_valid=True  collision=False  over_limit=False
[364] PASS  time=  5.594s  status=Exact solution     len=  4.361  endpoints_valid=True  collision=False  over_limit=False
[365] PASS  time=  2.767s  status=Exact solution     len=  1.738  endpoints_valid=True  collision=False  over_limit=False
[366] PASS  time=  1.074s  status=Exact solution     len=  1.883  endpoints_valid=True  collision=False  over_limit=False
[367] PASS  time=  1.077s  status=Exact solution     len=  2.319  endpoints_valid=True  collision=False  over_limit=False
[368] PASS  time= 11.919s  status=Exact solution     len=  5.566  endpoints_valid=True  collision=False  over_limit=False
[369] PASS  time=  0.547s  status=Exact solution     len=  1.701  endpoints_valid=True  collision=False  over_limit=False
[370] PASS  time=  1.312s  status=Exact solution     len=  2.721  endpoints_valid=True  collision=False  over_limit=False
[371] PASS  time=  0.914s  status=Exact solution     len=  2.232  endpoints_valid=True  collision=False  over_limit=False
[372] PASS  time=  3.135s  status=Exact solution     len=  4.929  endpoints_valid=True  collision=False  over_limit=False
[373] PASS  time=  1.035s  status=Exact solution     len=  1.479  endpoints_valid=True  collision=False  over_limit=False
[374] PASS  time=  0.570s  status=Exact solution     len=  1.790  endpoints_valid=True  collision=False  over_limit=False
[375] PASS  time=  5.352s  status=Exact solution     len=  6.766  endpoints_valid=True  collision=False  over_limit=False
[376] PASS  time=  2.310s  status=Exact solution     len=  2.224  endpoints_valid=True  collision=False  over_limit=False
[377] PASS  time=  0.416s  status=Exact solution     len=  1.407  endpoints_valid=True  collision=False  over_limit=False
[378] PASS  time=  1.270s  status=Exact solution     len=  1.568  endpoints_valid=True  collision=False  over_limit=False
[379] PASS  time=  1.956s  status=Exact solution     len=  2.470  endpoints_valid=True  collision=False  over_limit=False
[380] PASS  time=  1.047s  status=Exact solution     len=  2.517  endpoints_valid=True  collision=False  over_limit=False
[381] PASS  time=  2.380s  status=Exact solution     len=  1.559  endpoints_valid=True  collision=False  over_limit=False
[382] PASS  time=  2.352s  status=Exact solution     len=  3.660  endpoints_valid=True  collision=False  over_limit=False
[383] PASS  time=  2.262s  status=Exact solution     len=  1.884  endpoints_valid=True  collision=False  over_limit=False
[384] PASS  time=  6.133s  status=Exact solution     len=  4.355  endpoints_valid=True  collision=False  over_limit=False
[385] PASS  time=  1.823s  status=Exact solution     len=  2.174  endpoints_valid=True  collision=False  over_limit=False
[386] PASS  time=  6.365s  status=Exact solution     len=  6.418  endpoints_valid=True  collision=False  over_limit=False
[387] PASS  time=  9.124s  status=Exact solution     len=  4.426  endpoints_valid=True  collision=False  over_limit=False
[388] PASS  time=  1.065s  status=Exact solution     len=  1.864  endpoints_valid=True  collision=False  over_limit=False
[389] PASS  time=  1.387s  status=Exact solution     len=  2.669  endpoints_valid=True  collision=False  over_limit=False
[390] PASS  time=  1.129s  status=Exact solution     len=  1.767  endpoints_valid=True  collision=False  over_limit=False
[391] PASS  time=  4.991s  status=Exact solution     len=  5.738  endpoints_valid=True  collision=False  over_limit=False
[392] PASS  time=  7.584s  status=Exact solution     len=  4.511  endpoints_valid=True  collision=False  over_limit=False
[393] PASS  time=  0.926s  status=Exact solution     len=  1.239  endpoints_valid=True  collision=False  over_limit=False
[394] PASS  time=  2.397s  status=Exact solution     len=  3.176  endpoints_valid=True  collision=False  over_limit=False
[395] PASS  time=  2.755s  status=Exact solution     len=  3.350  endpoints_valid=True  collision=False  over_limit=False
[396] PASS  time=  2.875s  status=Exact solution     len=  3.170  endpoints_valid=True  collision=False  over_limit=False
[397] PASS  time= 12.633s  status=Exact solution     len=  7.650  endpoints_valid=True  collision=False  over_limit=False
[398] PASS  time=  6.482s  status=Exact solution     len=  5.686  endpoints_valid=True  collision=False  over_limit=False
[399] PASS  time=  3.268s  status=Exact solution     len=  1.839  endpoints_valid=True  collision=False  over_limit=False
[400] PASS  time=  7.240s  status=Exact solution     len=  5.597  endpoints_valid=True  collision=False  over_limit=False
[401] PASS  time=  0.735s  status=Exact solution     len=  1.768  endpoints_valid=True  collision=False  over_limit=False
[402] PASS  time= 19.533s  status=Exact solution     len=  6.588  endpoints_valid=True  collision=False  over_limit=False
[403] PASS  time=  1.153s  status=Exact solution     len=  3.146  endpoints_valid=True  collision=False  over_limit=False
[404] PASS  time=  1.102s  status=Exact solution     len=  1.994  endpoints_valid=True  collision=False  over_limit=False
[405] PASS  time=  1.466s  status=Exact solution     len=  3.144  endpoints_valid=True  collision=False  over_limit=False
[406] PASS  time=  2.022s  status=Exact solution     len=  2.912  endpoints_valid=True  collision=False  over_limit=False
[407] PASS  time=  4.062s  status=Exact solution     len=  4.919  endpoints_valid=True  collision=False  over_limit=False
[408] PASS  time=  4.070s  status=Exact solution     len=  3.995  endpoints_valid=True  collision=False  over_limit=False
[409] PASS  time=  0.422s  status=Exact solution     len=  1.690  endpoints_valid=True  collision=False  over_limit=False
[410] PASS  time=  1.370s  status=Exact solution     len=  2.692  endpoints_valid=True  collision=False  over_limit=False
[411] PASS  time=  3.420s  status=Exact solution     len=  2.433  endpoints_valid=True  collision=False  over_limit=False
[412] PASS  time=  0.798s  status=Exact solution     len=  1.543  endpoints_valid=True  collision=False  over_limit=False
[413] PASS  time=  3.790s  status=Exact solution     len=  4.058  endpoints_valid=True  collision=False  over_limit=False
[414] PASS  time=  1.011s  status=Exact solution     len=  2.703  endpoints_valid=True  collision=False  over_limit=False
[415] PASS  time=  1.793s  status=Exact solution     len=  3.315  endpoints_valid=True  collision=False  over_limit=False
[416] PASS  time=  0.472s  status=Exact solution     len=  1.450  endpoints_valid=True  collision=False  over_limit=False
[417] PASS  time=  1.203s  status=Exact solution     len=  2.824  endpoints_valid=True  collision=False  over_limit=False
[418] PASS  time=  1.063s  status=Exact solution     len=  3.988  endpoints_valid=True  collision=False  over_limit=False
[419] PASS  time=  2.872s  status=Exact solution     len=  3.349  endpoints_valid=True  collision=False  over_limit=False
[420] PASS  time= 13.538s  status=Exact solution     len=  5.415  endpoints_valid=True  collision=False  over_limit=False
[421] PASS  time=  2.158s  status=Exact solution     len=  3.524  endpoints_valid=True  collision=False  over_limit=False
[422] PASS  time=  1.347s  status=Exact solution     len=  2.436  endpoints_valid=True  collision=False  over_limit=False
[423] PASS  time=  0.770s  status=Exact solution     len=  2.604  endpoints_valid=True  collision=False  over_limit=False
[424] PASS  time=  1.692s  status=Exact solution     len=  2.584  endpoints_valid=True  collision=False  over_limit=False
[425] PASS  time=  0.443s  status=Exact solution     len=  1.211  endpoints_valid=True  collision=False  over_limit=False
[426] PASS  time=  0.414s  status=Exact solution     len=  1.758  endpoints_valid=True  collision=False  over_limit=False
[427] PASS  time=  1.186s  status=Exact solution     len=  2.296  endpoints_valid=True  collision=False  over_limit=False
[428] PASS  time=  3.761s  status=Exact solution     len=  3.643  endpoints_valid=True  collision=False  over_limit=False
[429] PASS  time=  6.394s  status=Exact solution     len=  6.366  endpoints_valid=True  collision=False  over_limit=False
[430] PASS  time=  0.559s  status=Exact solution     len=  2.315  endpoints_valid=True  collision=False  over_limit=False
[431] PASS  time=  1.202s  status=Exact solution     len=  2.519  endpoints_valid=True  collision=False  over_limit=False
[432] PASS  time=  1.777s  status=Exact solution     len=  4.641  endpoints_valid=True  collision=False  over_limit=False
[433] PASS  time=  2.160s  status=Exact solution     len=  3.277  endpoints_valid=True  collision=False  over_limit=False
[434] PASS  time=  0.830s  status=Exact solution     len=  1.774  endpoints_valid=True  collision=False  over_limit=False
[435] PASS  time=  4.034s  status=Exact solution     len=  5.509  endpoints_valid=True  collision=False  over_limit=False
[436] PASS  time=  1.868s  status=Exact solution     len=  3.720  endpoints_valid=True  collision=False  over_limit=False
[437] PASS  time=  0.344s  status=Exact solution     len=  1.067  endpoints_valid=True  collision=False  over_limit=False
[438] PASS  time=  0.832s  status=Exact solution     len=  1.549  endpoints_valid=True  collision=False  over_limit=False
[439] PASS  time=  5.804s  status=Exact solution     len=  6.288  endpoints_valid=True  collision=False  over_limit=False
[440] PASS  time=  0.466s  status=Exact solution     len=  1.506  endpoints_valid=True  collision=False  over_limit=False
[441] PASS  time=  5.354s  status=Exact solution     len=  5.437  endpoints_valid=True  collision=False  over_limit=False
[442] PASS  time=  5.657s  status=Exact solution     len=  4.813  endpoints_valid=True  collision=False  over_limit=False
[443] PASS  time=  0.388s  status=Exact solution     len=  1.744  endpoints_valid=True  collision=False  over_limit=False
[444] PASS  time=  0.439s  status=Exact solution     len=  1.593  endpoints_valid=True  collision=False  over_limit=False
[445] PASS  time=  0.873s  status=Exact solution     len=  1.494  endpoints_valid=True  collision=False  over_limit=False
[446] PASS  time=  1.497s  status=Exact solution     len=  2.371  endpoints_valid=True  collision=False  over_limit=False
[447] PASS  time=  0.579s  status=Exact solution     len=  1.884  endpoints_valid=True  collision=False  over_limit=False
[448] PASS  time=  0.338s  status=Exact solution     len=  1.108  endpoints_valid=True  collision=False  over_limit=False
[449] PASS  time=  1.094s  status=Exact solution     len=  2.407  endpoints_valid=True  collision=False  over_limit=False
[450] PASS  time=  0.396s  status=Exact solution     len=  1.376  endpoints_valid=True  collision=False  over_limit=False
[451] PASS  time=  5.965s  status=Exact solution     len=  4.603  endpoints_valid=True  collision=False  over_limit=False
[452] PASS  time=  2.589s  status=Exact solution     len=  3.709  endpoints_valid=True  collision=False  over_limit=False
[453] PASS  time=  0.300s  status=Exact solution     len=  1.337  endpoints_valid=True  collision=False  over_limit=False
[454] PASS  time=  1.946s  status=Exact solution     len=  3.423  endpoints_valid=True  collision=False  over_limit=False
[455] PASS  time=  3.423s  status=Exact solution     len=  2.302  endpoints_valid=True  collision=False  over_limit=False
[456] PASS  time=  1.058s  status=Exact solution     len=  2.856  endpoints_valid=True  collision=False  over_limit=False
[457] PASS  time=  4.031s  status=Exact solution     len=  3.291  endpoints_valid=True  collision=False  over_limit=False
[458] PASS  time=  5.499s  status=Exact solution     len=  6.062  endpoints_valid=True  collision=False  over_limit=False
[459] PASS  time=  5.903s  status=Exact solution     len=  3.625  endpoints_valid=True  collision=False  over_limit=False
[460] PASS  time=  2.395s  status=Exact solution     len=  2.870  endpoints_valid=True  collision=False  over_limit=False
[461] PASS  time=  1.414s  status=Exact solution     len=  1.788  endpoints_valid=True  collision=False  over_limit=False
[462] PASS  time=  2.642s  status=Exact solution     len=  2.573  endpoints_valid=True  collision=False  over_limit=False
[463] PASS  time=  0.546s  status=Exact solution     len=  1.996  endpoints_valid=True  collision=False  over_limit=False
[464] PASS  time=  1.111s  status=Exact solution     len=  3.701  endpoints_valid=True  collision=False  over_limit=False
[465] PASS  time=  8.968s  status=Exact solution     len=  5.306  endpoints_valid=True  collision=False  over_limit=False
[466] PASS  time=  0.445s  status=Exact solution     len=  1.555  endpoints_valid=True  collision=False  over_limit=False
[467] PASS  time=  1.395s  status=Exact solution     len=  2.439  endpoints_valid=True  collision=False  over_limit=False
[468] PASS  time=  0.828s  status=Exact solution     len=  2.249  endpoints_valid=True  collision=False  over_limit=False
[469] PASS  time=  1.107s  status=Exact solution     len=  1.428  endpoints_valid=True  collision=False  over_limit=False
[470] PASS  time=  0.318s  status=Exact solution     len=  1.268  endpoints_valid=True  collision=False  over_limit=False
[471] PASS  time=  0.939s  status=Exact solution     len=  1.854  endpoints_valid=True  collision=False  over_limit=False
[472] PASS  time=  5.856s  status=Exact solution     len=  4.707  endpoints_valid=True  collision=False  over_limit=False
[473] PASS  time=  1.066s  status=Exact solution     len=  2.046  endpoints_valid=True  collision=False  over_limit=False
[474] PASS  time=  8.266s  status=Exact solution     len=  5.931  endpoints_valid=True  collision=False  over_limit=False
[475] PASS  time=  0.753s  status=Exact solution     len=  1.466  endpoints_valid=True  collision=False  over_limit=False
[476] PASS  time=  3.878s  status=Exact solution     len=  4.073  endpoints_valid=True  collision=False  over_limit=False
[477] PASS  time=  1.161s  status=Exact solution     len=  3.335  endpoints_valid=True  collision=False  over_limit=False
[478] PASS  time=  0.249s  status=Exact solution     len=  1.480  endpoints_valid=True  collision=False  over_limit=False
[479] PASS  time=  1.702s  status=Exact solution     len=  2.094  endpoints_valid=True  collision=False  over_limit=False
[480] PASS  time=  1.755s  status=Exact solution     len=  2.781  endpoints_valid=True  collision=False  over_limit=False
[481] PASS  time=  1.207s  status=Exact solution     len=  1.638  endpoints_valid=True  collision=False  over_limit=False
[482] PASS  time=  3.760s  status=Exact solution     len=  4.092  endpoints_valid=True  collision=False  over_limit=False
[483] PASS  time=  1.848s  status=Exact solution     len=  2.344  endpoints_valid=True  collision=False  over_limit=False
[484] PASS  time=  0.275s  status=Exact solution     len=  2.355  endpoints_valid=True  collision=False  over_limit=False
[485] PASS  time=  3.800s  status=Exact solution     len=  2.684  endpoints_valid=True  collision=False  over_limit=False
[486] PASS  time=  0.473s  status=Exact solution     len=  1.671  endpoints_valid=True  collision=False  over_limit=False
[487] PASS  time=  1.361s  status=Exact solution     len=  2.264  endpoints_valid=True  collision=False  over_limit=False
[488] PASS  time=  3.870s  status=Exact solution     len=  2.832  endpoints_valid=True  collision=False  over_limit=False
[489] PASS  time=  7.008s  status=Exact solution     len=  3.947  endpoints_valid=True  collision=False  over_limit=False
[490] PASS  time=  5.568s  status=Exact solution     len=  6.252  endpoints_valid=True  collision=False  over_limit=False
[491] PASS  time=  0.748s  status=Exact solution     len=  2.370  endpoints_valid=True  collision=False  over_limit=False
[492] PASS  time=  0.593s  status=Exact solution     len=  1.758  endpoints_valid=True  collision=False  over_limit=False
[493] PASS  time=  1.366s  status=Exact solution     len=  2.486  endpoints_valid=True  collision=False  over_limit=False
[494] PASS  time=  3.586s  status=Exact solution     len=  4.597  endpoints_valid=True  collision=False  over_limit=False
[495] PASS  time=  0.745s  status=Exact solution     len=  1.721  endpoints_valid=True  collision=False  over_limit=False
[496] PASS  time=  0.996s  status=Exact solution     len=  2.006  endpoints_valid=True  collision=False  over_limit=False
[497] PASS  time=  4.719s  status=Exact solution     len=  6.216  endpoints_valid=True  collision=False  over_limit=False
[498] PASS  time=  6.438s  status=Exact solution     len=  3.927  endpoints_valid=True  collision=False  over_limit=False
[499] PASS  time=  2.156s  status=Exact solution     len=  1.550  endpoints_valid=True  collision=False  over_limit=False
[500] PASS  time=  1.652s  status=Exact solution     len=  2.377  endpoints_valid=True  collision=False  over_limit=False
[501] PASS  time=  5.470s  status=Exact solution     len=  5.164  endpoints_valid=True  collision=False  over_limit=False
[502] PASS  time=  3.473s  status=Exact solution     len=  3.497  endpoints_valid=True  collision=False  over_limit=False
[503] PASS  time=  7.441s  status=Exact solution     len=  6.611  endpoints_valid=True  collision=False  over_limit=False
[504] PASS  time=  3.876s  status=Exact solution     len=  5.201  endpoints_valid=True  collision=False  over_limit=False
[505] PASS  time=  0.731s  status=Exact solution     len=  1.482  endpoints_valid=True  collision=False  over_limit=False
[506] PASS  time=  5.767s  status=Exact solution     len=  4.571  endpoints_valid=True  collision=False  over_limit=False
[507] PASS  time=  2.819s  status=Exact solution     len=  4.661  endpoints_valid=True  collision=False  over_limit=False
[508] PASS  time=  0.350s  status=Exact solution     len=  2.075  endpoints_valid=True  collision=False  over_limit=False
[509] PASS  time=  1.354s  status=Exact solution     len=  1.475  endpoints_valid=True  collision=False  over_limit=False
[510] PASS  time=  1.091s  status=Exact solution     len=  2.057  endpoints_valid=True  collision=False  over_limit=False
[511] PASS  time=  9.542s  status=Exact solution     len=  4.753  endpoints_valid=True  collision=False  over_limit=False
[512] PASS  time=  4.144s  status=Exact solution     len=  5.112  endpoints_valid=True  collision=False  over_limit=False
[513] PASS  time=  5.582s  status=Exact solution     len=  4.008  endpoints_valid=True  collision=False  over_limit=False
[514] PASS  time=  2.454s  status=Exact solution     len=  3.330  endpoints_valid=True  collision=False  over_limit=False
[515] PASS  time=  1.445s  status=Exact solution     len=  2.679  endpoints_valid=True  collision=False  over_limit=False
[516] PASS  time=  4.229s  status=Exact solution     len=  3.453  endpoints_valid=True  collision=False  over_limit=False
[517] PASS  time=  4.495s  status=Exact solution     len=  5.158  endpoints_valid=True  collision=False  over_limit=False
[518] PASS  time=  1.041s  status=Exact solution     len=  2.471  endpoints_valid=True  collision=False  over_limit=False
[519] PASS  time=  1.280s  status=Exact solution     len=  1.723  endpoints_valid=True  collision=False  over_limit=False
[520] PASS  time=  0.602s  status=Exact solution     len=  1.905  endpoints_valid=True  collision=False  over_limit=False
[521] PASS  time=  3.435s  status=Exact solution     len=  3.802  endpoints_valid=True  collision=False  over_limit=False
[522] PASS  time=  5.688s  status=Exact solution     len=  6.127  endpoints_valid=True  collision=False  over_limit=False
[523] PASS  time=  0.537s  status=Exact solution     len=  1.589  endpoints_valid=True  collision=False  over_limit=False
[524] PASS  time=  3.870s  status=Exact solution     len=  2.958  endpoints_valid=True  collision=False  over_limit=False
[525] PASS  time=  3.778s  status=Exact solution     len=  3.431  endpoints_valid=True  collision=False  over_limit=False
[526] PASS  time=  3.681s  status=Exact solution     len=  6.182  endpoints_valid=True  collision=False  over_limit=False
[527] PASS  time=  1.652s  status=Exact solution     len=  1.970  endpoints_valid=True  collision=False  over_limit=False
[528] PASS  time=  0.761s  status=Exact solution     len=  1.098  endpoints_valid=True  collision=False  over_limit=False
[529] PASS  time=  1.652s  status=Exact solution     len=  2.904  endpoints_valid=True  collision=False  over_limit=False
[530] PASS  time=  3.734s  status=Exact solution     len=  3.418  endpoints_valid=True  collision=False  over_limit=False
[531] PASS  time=  0.287s  status=Exact solution     len=  1.876  endpoints_valid=True  collision=False  over_limit=False
[532] PASS  time=  4.982s  status=Exact solution     len=  3.932  endpoints_valid=True  collision=False  over_limit=False
[533] PASS  time=  0.687s  status=Exact solution     len=  2.079  endpoints_valid=True  collision=False  over_limit=False
[534] PASS  time=  1.309s  status=Exact solution     len=  3.488  endpoints_valid=True  collision=False  over_limit=False
[535] PASS  time=  2.298s  status=Exact solution     len=  3.822  endpoints_valid=True  collision=False  over_limit=False
[536] PASS  time=  7.132s  status=Exact solution     len=  5.142  endpoints_valid=True  collision=False  over_limit=False
[537] PASS  time=  0.462s  status=Exact solution     len=  2.166  endpoints_valid=True  collision=False  over_limit=False
[538] PASS  time=  1.490s  status=Exact solution     len=  2.214  endpoints_valid=True  collision=False  over_limit=False
[539] PASS  time=  0.980s  status=Exact solution     len=  2.070  endpoints_valid=True  collision=False  over_limit=False
[540] PASS  time=  0.632s  status=Exact solution     len=  2.400  endpoints_valid=True  collision=False  over_limit=False
[541] PASS  time=  1.306s  status=Exact solution     len=  3.160  endpoints_valid=True  collision=False  over_limit=False
[542] PASS  time=  1.980s  status=Exact solution     len=  2.847  endpoints_valid=True  collision=False  over_limit=False
[543] PASS  time=  2.289s  status=Exact solution     len=  4.282  endpoints_valid=True  collision=False  over_limit=False
[544] PASS  time=  1.381s  status=Exact solution     len=  3.498  endpoints_valid=True  collision=False  over_limit=False
[545] PASS  time=  7.858s  status=Exact solution     len=  5.191  endpoints_valid=True  collision=False  over_limit=False
[546] PASS  time=  2.498s  status=Exact solution     len=  2.026  endpoints_valid=True  collision=False  over_limit=False
[547] PASS  time=  6.752s  status=Exact solution     len=  2.005  endpoints_valid=True  collision=False  over_limit=False
[548] PASS  time=  2.696s  status=Exact solution     len=  2.963  endpoints_valid=True  collision=False  over_limit=False
[549] PASS  time=  2.062s  status=Exact solution     len=  2.197  endpoints_valid=True  collision=False  over_limit=False
[550] PASS  time=  2.203s  status=Exact solution     len=  4.408  endpoints_valid=True  collision=False  over_limit=False
[551] PASS  time=  5.183s  status=Exact solution     len=  5.509  endpoints_valid=True  collision=False  over_limit=False
[552] PASS  time=  0.625s  status=Exact solution     len=  1.611  endpoints_valid=True  collision=False  over_limit=False
[553] PASS  time=  5.020s  status=Exact solution     len=  4.299  endpoints_valid=True  collision=False  over_limit=False
[554] PASS  time=  1.488s  status=Exact solution     len=  2.042  endpoints_valid=True  collision=False  over_limit=False
[555] PASS  time=  3.544s  status=Exact solution     len=  4.071  endpoints_valid=True  collision=False  over_limit=False
[556] PASS  time=  5.897s  status=Exact solution     len=  5.084  endpoints_valid=True  collision=False  over_limit=False
[557] PASS  time=  1.046s  status=Exact solution     len=  1.738  endpoints_valid=True  collision=False  over_limit=False
[558] PASS  time=  2.646s  status=Exact solution     len=  3.965  endpoints_valid=True  collision=False  over_limit=False
[559] PASS  time=  0.993s  status=Exact solution     len=  1.947  endpoints_valid=True  collision=False  over_limit=False
[560] PASS  time=  0.860s  status=Exact solution     len=  1.625  endpoints_valid=True  collision=False  over_limit=False
[561] PASS  time=  6.675s  status=Exact solution     len=  5.879  endpoints_valid=True  collision=False  over_limit=False
[562] PASS  time=  2.940s  status=Exact solution     len=  3.352  endpoints_valid=True  collision=False  over_limit=False
[563] PASS  time=  0.363s  status=Exact solution     len=  2.152  endpoints_valid=True  collision=False  over_limit=False
[564] PASS  time=  5.287s  status=Exact solution     len=  5.385  endpoints_valid=True  collision=False  over_limit=False
[565] PASS  time=  5.621s  status=Exact solution     len=  3.360  endpoints_valid=True  collision=False  over_limit=False
[566] PASS  time=  0.325s  status=Exact solution     len=  2.009  endpoints_valid=True  collision=False  over_limit=False
[567] PASS  time=  0.809s  status=Exact solution     len=  2.185  endpoints_valid=True  collision=False  over_limit=False
[568] PASS  time=  7.872s  status=Exact solution     len=  3.908  endpoints_valid=True  collision=False  over_limit=False
[569] PASS  time=  0.477s  status=Exact solution     len=  1.912  endpoints_valid=True  collision=False  over_limit=False
[570] PASS  time=  0.815s  status=Exact solution     len=  1.656  endpoints_valid=True  collision=False  over_limit=False
[571] PASS  time=  1.565s  status=Exact solution     len=  4.169  endpoints_valid=True  collision=False  over_limit=False
[572] PASS  time=  7.886s  status=Exact solution     len=  5.965  endpoints_valid=True  collision=False  over_limit=False
[573] PASS  time=  1.638s  status=Exact solution     len=  2.890  endpoints_valid=True  collision=False  over_limit=False
[574] PASS  time=  1.150s  status=Exact solution     len=  2.525  endpoints_valid=True  collision=False  over_limit=False
[575] PASS  time=  7.063s  status=Exact solution     len=  5.764  endpoints_valid=True  collision=False  over_limit=False
[576] PASS  time=  1.516s  status=Exact solution     len=  3.117  endpoints_valid=True  collision=False  over_limit=False
[577] PASS  time=  2.283s  status=Exact solution     len=  4.463  endpoints_valid=True  collision=False  over_limit=False
[578] PASS  time=  0.697s  status=Exact solution     len=  2.025  endpoints_valid=True  collision=False  over_limit=False
[579] PASS  time=  4.004s  status=Exact solution     len=  6.015  endpoints_valid=True  collision=False  over_limit=False
[580] PASS  time=  2.125s  status=Exact solution     len=  2.200  endpoints_valid=True  collision=False  over_limit=False
[581] PASS  time=  0.571s  status=Exact solution     len=  1.885  endpoints_valid=True  collision=False  over_limit=False
[582] PASS  time=  4.339s  status=Exact solution     len=  6.338  endpoints_valid=True  collision=False  over_limit=False
[583] PASS  time=  0.464s  status=Exact solution     len=  2.074  endpoints_valid=True  collision=False  over_limit=False
[584] PASS  time=  1.316s  status=Exact solution     len=  2.305  endpoints_valid=True  collision=False  over_limit=False
[585] PASS  time=  2.817s  status=Exact solution     len=  3.220  endpoints_valid=True  collision=False  over_limit=False
[586] PASS  time=  0.818s  status=Exact solution     len=  1.967  endpoints_valid=True  collision=False  over_limit=False
[587] PASS  time=  0.364s  status=Exact solution     len=  1.380  endpoints_valid=True  collision=False  over_limit=False
[588] PASS  time=  1.362s  status=Exact solution     len=  2.880  endpoints_valid=True  collision=False  over_limit=False
[589] PASS  time=  3.765s  status=Exact solution     len=  3.915  endpoints_valid=True  collision=False  over_limit=False
[590] PASS  time=  2.372s  status=Exact solution     len=  3.444  endpoints_valid=True  collision=False  over_limit=False
[591] PASS  time=  2.133s  status=Exact solution     len=  3.476  endpoints_valid=True  collision=False  over_limit=False
[592] PASS  time=  4.985s  status=Exact solution     len=  5.611  endpoints_valid=True  collision=False  over_limit=False
[593] PASS  time=  1.099s  status=Exact solution     len=  1.976  endpoints_valid=True  collision=False  over_limit=False
[594] PASS  time=  1.284s  status=Exact solution     len=  1.920  endpoints_valid=True  collision=False  over_limit=False
[595] PASS  time=  2.424s  status=Exact solution     len=  4.544  endpoints_valid=True  collision=False  over_limit=False
[596] PASS  time=  2.758s  status=Exact solution     len=  2.341  endpoints_valid=True  collision=False  over_limit=False
[597] PASS  time=  7.509s  status=Exact solution     len=  4.210  endpoints_valid=True  collision=False  over_limit=False
[598] PASS  time=  4.554s  status=Exact solution     len=  4.560  endpoints_valid=True  collision=False  over_limit=False
[599] PASS  time=  3.598s  status=Exact solution     len=  3.671  endpoints_valid=True  collision=False  over_limit=False
[600] PASS  time=  0.956s  status=Exact solution     len=  3.578  endpoints_valid=True  collision=False  over_limit=False
[601] PASS  time=  0.579s  status=Exact solution     len=  1.879  endpoints_valid=True  collision=False  over_limit=False
[602] PASS  time=  0.466s  status=Exact solution     len=  2.096  endpoints_valid=True  collision=False  over_limit=False
[603] PASS  time=  1.706s  status=Exact solution     len=  2.686  endpoints_valid=True  collision=False  over_limit=False
[604] PASS  time=  0.916s  status=Exact solution     len=  2.690  endpoints_valid=True  collision=False  over_limit=False
[605] PASS  time=  1.271s  status=Exact solution     len=  2.689  endpoints_valid=True  collision=False  over_limit=False
[606] PASS  time= 11.385s  status=Exact solution     len=  4.610  endpoints_valid=True  collision=False  over_limit=False
[607] PASS  time=  2.273s  status=Exact solution     len=  2.825  endpoints_valid=True  collision=False  over_limit=False
[608] PASS  time=  1.646s  status=Exact solution     len=  2.309  endpoints_valid=True  collision=False  over_limit=False
[609] PASS  time=  1.467s  status=Exact solution     len=  2.098  endpoints_valid=True  collision=False  over_limit=False
[610] PASS  time=  1.244s  status=Exact solution     len=  1.952  endpoints_valid=True  collision=False  over_limit=False
[611] PASS  time=  1.315s  status=Exact solution     len=  3.159  endpoints_valid=True  collision=False  over_limit=False
[612] PASS  time=  6.868s  status=Exact solution     len=  5.154  endpoints_valid=True  collision=False  over_limit=False
[613] PASS  time=  4.782s  status=Exact solution     len=  6.008  endpoints_valid=True  collision=False  over_limit=False
[614] PASS  time=  4.628s  status=Exact solution     len=  3.372  endpoints_valid=True  collision=False  over_limit=False
[615] PASS  time=  1.746s  status=Exact solution     len=  3.019  endpoints_valid=True  collision=False  over_limit=False
[616] PASS  time=  4.965s  status=Exact solution     len=  3.758  endpoints_valid=True  collision=False  over_limit=False
[617] PASS  time=  0.479s  status=Exact solution     len=  1.526  endpoints_valid=True  collision=False  over_limit=False
[618] PASS  time=  0.751s  status=Exact solution     len=  2.060  endpoints_valid=True  collision=False  over_limit=False
[619] PASS  time=  4.010s  status=Exact solution     len=  2.020  endpoints_valid=True  collision=False  over_limit=False
[620] PASS  time=  1.017s  status=Exact solution     len=  2.877  endpoints_valid=True  collision=False  over_limit=False
[621] PASS  time=  0.674s  status=Exact solution     len=  1.504  endpoints_valid=True  collision=False  over_limit=False
[622] PASS  time=  0.577s  status=Exact solution     len=  2.868  endpoints_valid=True  collision=False  over_limit=False
[623] PASS  time=  0.593s  status=Exact solution     len=  1.928  endpoints_valid=True  collision=False  over_limit=False
[624] PASS  time=  2.723s  status=Exact solution     len=  3.031  endpoints_valid=True  collision=False  over_limit=False
[625] PASS  time=  0.249s  status=Exact solution     len=  1.725  endpoints_valid=True  collision=False  over_limit=False
[626] PASS  time=  0.946s  status=Exact solution     len=  1.964  endpoints_valid=True  collision=False  over_limit=False
[627] PASS  time=  4.863s  status=Exact solution     len=  4.467  endpoints_valid=True  collision=False  over_limit=False
[628] PASS  time=  1.599s  status=Exact solution     len=  3.281  endpoints_valid=True  collision=False  over_limit=False
[629] PASS  time=  1.069s  status=Exact solution     len=  1.957  endpoints_valid=True  collision=False  over_limit=False
[630] PASS  time=  1.479s  status=Exact solution     len=  2.750  endpoints_valid=True  collision=False  over_limit=False
[631] PASS  time=  2.577s  status=Exact solution     len=  4.218  endpoints_valid=True  collision=False  over_limit=False
[632] PASS  time=  2.708s  status=Exact solution     len=  3.621  endpoints_valid=True  collision=False  over_limit=False
[633] PASS  time=  1.437s  status=Exact solution     len=  2.317  endpoints_valid=True  collision=False  over_limit=False
[634] PASS  time=  1.698s  status=Exact solution     len=  3.034  endpoints_valid=True  collision=False  over_limit=False
[635] PASS  time=  2.469s  status=Exact solution     len=  3.574  endpoints_valid=True  collision=False  over_limit=False
[636] PASS  time=  1.167s  status=Exact solution     len=  1.997  endpoints_valid=True  collision=False  over_limit=False
[637] PASS  time=  1.036s  status=Exact solution     len=  2.003  endpoints_valid=True  collision=False  over_limit=False
[638] PASS  time=  4.096s  status=Exact solution     len=  4.167  endpoints_valid=True  collision=False  over_limit=False
[639] PASS  time=  3.790s  status=Exact solution     len=  5.010  endpoints_valid=True  collision=False  over_limit=False
[640] PASS  time=  1.995s  status=Exact solution     len=  2.279  endpoints_valid=True  collision=False  over_limit=False
[641] PASS  time=  5.616s  status=Exact solution     len=  6.173  endpoints_valid=True  collision=False  over_limit=False
[642] PASS  time=  4.256s  status=Exact solution     len=  4.931  endpoints_valid=True  collision=False  over_limit=False
[643] PASS  time=  0.729s  status=Exact solution     len=  1.816  endpoints_valid=True  collision=False  over_limit=False
[644] PASS  time=  2.238s  status=Exact solution     len=  3.244  endpoints_valid=True  collision=False  over_limit=False
[645] PASS  time=  8.092s  status=Exact solution     len=  4.558  endpoints_valid=True  collision=False  over_limit=False
[646] PASS  time=  1.424s  status=Exact solution     len=  3.336  endpoints_valid=True  collision=False  over_limit=False
[647] PASS  time=  1.552s  status=Exact solution     len=  2.181  endpoints_valid=True  collision=False  over_limit=False
[648] PASS  time=  2.804s  status=Exact solution     len=  4.361  endpoints_valid=True  collision=False  over_limit=False
[649] PASS  time=  4.041s  status=Exact solution     len=  5.147  endpoints_valid=True  collision=False  over_limit=False
[650] PASS  time=  5.057s  status=Exact solution     len=  6.619  endpoints_valid=True  collision=False  over_limit=False
[651] PASS  time=  3.920s  status=Exact solution     len=  4.464  endpoints_valid=True  collision=False  over_limit=False
[652] PASS  time=  1.466s  status=Exact solution     len=  2.905  endpoints_valid=True  collision=False  over_limit=False
[653] PASS  time=  4.580s  status=Exact solution     len=  3.854  endpoints_valid=True  collision=False  over_limit=False
[654] PASS  time=  2.503s  status=Exact solution     len=  4.432  endpoints_valid=True  collision=False  over_limit=False
[655] PASS  time=  2.103s  status=Exact solution     len=  3.418  endpoints_valid=True  collision=False  over_limit=False
[656] PASS  time=  2.793s  status=Exact solution     len=  4.330  endpoints_valid=True  collision=False  over_limit=False
[657] PASS  time=  0.759s  status=Exact solution     len=  2.001  endpoints_valid=True  collision=False  over_limit=False
[658] PASS  time=  0.737s  status=Exact solution     len=  1.678  endpoints_valid=True  collision=False  over_limit=False
[659] PASS  time=  3.673s  status=Exact solution     len=  4.980  endpoints_valid=True  collision=False  over_limit=False
[660] PASS  time=  0.599s  status=Exact solution     len=  2.058  endpoints_valid=True  collision=False  over_limit=False
[661] PASS  time=  1.618s  status=Exact solution     len=  1.983  endpoints_valid=True  collision=False  over_limit=False
[662] PASS  time=  1.295s  status=Exact solution     len=  2.068  endpoints_valid=True  collision=False  over_limit=False
[663] PASS  time=  5.944s  status=Exact solution     len=  3.357  endpoints_valid=True  collision=False  over_limit=False
[664] PASS  time=  1.458s  status=Exact solution     len=  2.040  endpoints_valid=True  collision=False  over_limit=False
[665] PASS  time=  3.993s  status=Exact solution     len=  5.610  endpoints_valid=True  collision=False  over_limit=False
[666] PASS  time=  2.382s  status=Exact solution     len=  3.835  endpoints_valid=True  collision=False  over_limit=False
[667] PASS  time=  0.672s  status=Exact solution     len=  1.992  endpoints_valid=True  collision=False  over_limit=False
[668] PASS  time=  6.110s  status=Exact solution     len=  5.599  endpoints_valid=True  collision=False  over_limit=False
[669] PASS  time=  1.345s  status=Exact solution     len=  2.790  endpoints_valid=True  collision=False  over_limit=False
[670] PASS  time=  7.207s  status=Exact solution     len=  5.288  endpoints_valid=True  collision=False  over_limit=False
[671] PASS  time=  1.018s  status=Exact solution     len=  2.308  endpoints_valid=True  collision=False  over_limit=False
[672] PASS  time=  2.413s  status=Exact solution     len=  1.514  endpoints_valid=True  collision=False  over_limit=False
[673] PASS  time=  2.491s  status=Exact solution     len=  4.180  endpoints_valid=True  collision=False  over_limit=False
[674] PASS  time=  2.891s  status=Exact solution     len=  5.268  endpoints_valid=True  collision=False  over_limit=False
[675] PASS  time=  0.908s  status=Exact solution     len=  2.312  endpoints_valid=True  collision=False  over_limit=False
[676] PASS  time=  0.779s  status=Exact solution     len=  2.322  endpoints_valid=True  collision=False  over_limit=False
[677] PASS  time=  0.915s  status=Exact solution     len=  2.521  endpoints_valid=True  collision=False  over_limit=False
[678] PASS  time=  0.274s  status=Exact solution     len=  0.848  endpoints_valid=True  collision=False  over_limit=False
[679] PASS  time=  1.956s  status=Exact solution     len=  4.804  endpoints_valid=True  collision=False  over_limit=False
[680] PASS  time=  0.894s  status=Exact solution     len=  2.452  endpoints_valid=True  collision=False  over_limit=False
[681] PASS  time=  3.643s  status=Exact solution     len=  2.832  endpoints_valid=True  collision=False  over_limit=False
[682] PASS  time= 27.994s  status=Exact solution     len=  5.799  endpoints_valid=True  collision=False  over_limit=False
[683] PASS  time=  2.651s  status=Exact solution     len=  2.869  endpoints_valid=True  collision=False  over_limit=False
[684] PASS  time=  2.584s  status=Exact solution     len=  1.941  endpoints_valid=True  collision=False  over_limit=False
[685] PASS  time=  1.538s  status=Exact solution     len=  2.649  endpoints_valid=True  collision=False  over_limit=False
[686] PASS  time=  1.537s  status=Exact solution     len=  1.975  endpoints_valid=True  collision=False  over_limit=False
[687] PASS  time=  2.612s  status=Exact solution     len=  3.638  endpoints_valid=True  collision=False  over_limit=False
[688] PASS  time=  1.792s  status=Exact solution     len=  3.162  endpoints_valid=True  collision=False  over_limit=False
[689] PASS  time=  3.986s  status=Exact solution     len=  2.694  endpoints_valid=True  collision=False  over_limit=False
[690] PASS  time=  2.188s  status=Exact solution     len=  3.660  endpoints_valid=True  collision=False  over_limit=False
[691] PASS  time=  2.698s  status=Exact solution     len=  3.795  endpoints_valid=True  collision=False  over_limit=False
[692] PASS  time=  7.654s  status=Exact solution     len=  6.587  endpoints_valid=True  collision=False  over_limit=False
[693] PASS  time=  1.714s  status=Exact solution     len=  2.569  endpoints_valid=True  collision=False  over_limit=False
[694] PASS  time=  4.651s  status=Exact solution     len=  4.994  endpoints_valid=True  collision=False  over_limit=False
[695] PASS  time=  0.609s  status=Exact solution     len=  1.286  endpoints_valid=True  collision=False  over_limit=False
[696] PASS  time=  0.699s  status=Exact solution     len=  2.916  endpoints_valid=True  collision=False  over_limit=False
[697] PASS  time=  1.069s  status=Exact solution     len=  2.415  endpoints_valid=True  collision=False  over_limit=False
[698] PASS  time=  1.701s  status=Exact solution     len=  3.282  endpoints_valid=True  collision=False  over_limit=False
[699] PASS  time=  2.895s  status=Exact solution     len=  3.151  endpoints_valid=True  collision=False  over_limit=False
[700] PASS  time=  3.623s  status=Exact solution     len=  4.567  endpoints_valid=True  collision=False  over_limit=False
[701] PASS  time=  2.201s  status=Exact solution     len=  3.078  endpoints_valid=True  collision=False  over_limit=False
[702] PASS  time=  3.432s  status=Exact solution     len=  2.499  endpoints_valid=True  collision=False  over_limit=False
[703] PASS  time=  1.031s  status=Exact solution     len=  2.347  endpoints_valid=True  collision=False  over_limit=False
[704] PASS  time=  1.094s  status=Exact solution     len=  2.273  endpoints_valid=True  collision=False  over_limit=False
[705] PASS  time=  2.604s  status=Exact solution     len=  4.726  endpoints_valid=True  collision=False  over_limit=False
[706] PASS  time=  3.357s  status=Exact solution     len=  4.686  endpoints_valid=True  collision=False  over_limit=False
[707] PASS  time=  7.063s  status=Exact solution     len=  5.652  endpoints_valid=True  collision=False  over_limit=False
[708] PASS  time=  0.597s  status=Exact solution     len=  1.738  endpoints_valid=True  collision=False  over_limit=False
[709] PASS  time=  3.437s  status=Exact solution     len=  5.792  endpoints_valid=True  collision=False  over_limit=False
[710] PASS  time=  4.973s  status=Exact solution     len=  5.240  endpoints_valid=True  collision=False  over_limit=False
[711] PASS  time=  4.360s  status=Exact solution     len=  2.836  endpoints_valid=True  collision=False  over_limit=False
[712] PASS  time=  0.592s  status=Exact solution     len=  1.378  endpoints_valid=True  collision=False  over_limit=False
[713] PASS  time=  2.901s  status=Exact solution     len=  2.501  endpoints_valid=True  collision=False  over_limit=False
[714] PASS  time=  4.421s  status=Exact solution     len=  5.588  endpoints_valid=True  collision=False  over_limit=False
[715] PASS  time=  6.667s  status=Exact solution     len=  3.281  endpoints_valid=True  collision=False  over_limit=False
[716] PASS  time=  1.550s  status=Exact solution     len=  2.884  endpoints_valid=True  collision=False  over_limit=False
[717] PASS  time=  5.642s  status=Exact solution     len=  4.652  endpoints_valid=True  collision=False  over_limit=False
[718] PASS  time=  0.756s  status=Exact solution     len=  1.616  endpoints_valid=True  collision=False  over_limit=False
[719] PASS  time=  0.978s  status=Exact solution     len=  2.814  endpoints_valid=True  collision=False  over_limit=False
[720] PASS  time=  4.378s  status=Exact solution     len=  1.911  endpoints_valid=True  collision=False  over_limit=False
[721] PASS  time=  0.365s  status=Exact solution     len=  2.081  endpoints_valid=True  collision=False  over_limit=False
[722] PASS  time=  0.421s  status=Exact solution     len=  1.640  endpoints_valid=True  collision=False  over_limit=False
[723] PASS  time=  6.825s  status=Exact solution     len=  3.921  endpoints_valid=True  collision=False  over_limit=False
[724] PASS  time=  6.211s  status=Exact solution     len=  3.949  endpoints_valid=True  collision=False  over_limit=False
[725] PASS  time=  2.422s  status=Exact solution     len=  4.875  endpoints_valid=True  collision=False  over_limit=False
[726] PASS  time=  0.454s  status=Exact solution     len=  2.236  endpoints_valid=True  collision=False  over_limit=False
[727] PASS  time=  2.797s  status=Exact solution     len=  3.723  endpoints_valid=True  collision=False  over_limit=False
[728] PASS  time=  0.749s  status=Exact solution     len=  1.930  endpoints_valid=True  collision=False  over_limit=False
[729] PASS  time=  0.560s  status=Exact solution     len=  2.229  endpoints_valid=True  collision=False  over_limit=False
[730] PASS  time=  1.868s  status=Exact solution     len=  3.579  endpoints_valid=True  collision=False  over_limit=False
[731] PASS  time=  1.756s  status=Exact solution     len=  4.143  endpoints_valid=True  collision=False  over_limit=False
[732] PASS  time=  3.739s  status=Exact solution     len=  5.311  endpoints_valid=True  collision=False  over_limit=False
[733] PASS  time=  2.470s  status=Exact solution     len=  5.098  endpoints_valid=True  collision=False  over_limit=False
[734] PASS  time=  2.186s  status=Exact solution     len=  3.421  endpoints_valid=True  collision=False  over_limit=False
[735] PASS  time=  0.573s  status=Exact solution     len=  1.168  endpoints_valid=True  collision=False  over_limit=False
[736] PASS  time=  6.651s  status=Exact solution     len=  5.697  endpoints_valid=True  collision=False  over_limit=False
[737] PASS  time=  4.261s  status=Exact solution     len=  2.518  endpoints_valid=True  collision=False  over_limit=False
[738] PASS  time=  1.641s  status=Exact solution     len=  3.168  endpoints_valid=True  collision=False  over_limit=False
[739] PASS  time=  3.583s  status=Exact solution     len=  5.724  endpoints_valid=True  collision=False  over_limit=False
[740] PASS  time=  0.922s  status=Exact solution     len=  2.479  endpoints_valid=True  collision=False  over_limit=False
[741] PASS  time=  3.454s  status=Exact solution     len=  4.454  endpoints_valid=True  collision=False  over_limit=False
[742] PASS  time=  2.456s  status=Exact solution     len=  4.637  endpoints_valid=True  collision=False  over_limit=False
[743] PASS  time=  2.120s  status=Exact solution     len=  3.628  endpoints_valid=True  collision=False  over_limit=False
[744] PASS  time=  0.869s  status=Exact solution     len=  1.567  endpoints_valid=True  collision=False  over_limit=False
[745] PASS  time=  0.427s  status=Exact solution     len=  2.023  endpoints_valid=True  collision=False  over_limit=False
[746] PASS  time=  1.864s  status=Exact solution     len=  4.615  endpoints_valid=True  collision=False  over_limit=False
[747] PASS  time=  3.529s  status=Exact solution     len=  5.579  endpoints_valid=True  collision=False  over_limit=False
[748] PASS  time=  0.456s  status=Exact solution     len=  1.770  endpoints_valid=True  collision=False  over_limit=False
[749] PASS  time=  1.101s  status=Exact solution     len=  1.748  endpoints_valid=True  collision=False  over_limit=False
[750] PASS  time=  0.491s  status=Exact solution     len=  2.008  endpoints_valid=True  collision=False  over_limit=False
[751] PASS  time=  0.948s  status=Exact solution     len=  3.068  endpoints_valid=True  collision=False  over_limit=False
[752] PASS  time=  5.458s  status=Exact solution     len=  6.015  endpoints_valid=True  collision=False  over_limit=False
[753] PASS  time=  3.315s  status=Exact solution     len=  4.497  endpoints_valid=True  collision=False  over_limit=False
[754] PASS  time=  0.739s  status=Exact solution     len=  1.866  endpoints_valid=True  collision=False  over_limit=False
[755] PASS  time=  0.200s  status=Exact solution     len=  1.831  endpoints_valid=True  collision=False  over_limit=False
[756] PASS  time=  3.351s  status=Exact solution     len=  3.812  endpoints_valid=True  collision=False  over_limit=False
[757] PASS  time=  1.246s  status=Exact solution     len=  3.616  endpoints_valid=True  collision=False  over_limit=False
[758] PASS  time=  1.560s  status=Exact solution     len=  3.325  endpoints_valid=True  collision=False  over_limit=False
[759] PASS  time=  0.688s  status=Exact solution     len=  2.712  endpoints_valid=True  collision=False  over_limit=False
[760] PASS  time=  0.911s  status=Exact solution     len=  1.532  endpoints_valid=True  collision=False  over_limit=False
[761] PASS  time=  1.549s  status=Exact solution     len=  4.558  endpoints_valid=True  collision=False  over_limit=False
[762] PASS  time=  1.383s  status=Exact solution     len=  1.838  endpoints_valid=True  collision=False  over_limit=False
[763] PASS  time=  5.032s  status=Exact solution     len=  3.394  endpoints_valid=True  collision=False  over_limit=False
[764] PASS  time=  1.041s  status=Exact solution     len=  2.960  endpoints_valid=True  collision=False  over_limit=False
[765] PASS  time=  0.359s  status=Exact solution     len=  1.665  endpoints_valid=True  collision=False  over_limit=False
[766] PASS  time=  5.301s  status=Exact solution     len=  5.385  endpoints_valid=True  collision=False  over_limit=False
[767] PASS  time=  0.867s  status=Exact solution     len=  2.290  endpoints_valid=True  collision=False  over_limit=False
[768] PASS  time=  0.511s  status=Exact solution     len=  1.502  endpoints_valid=True  collision=False  over_limit=False
[769] PASS  time=  1.711s  status=Exact solution     len=  2.572  endpoints_valid=True  collision=False  over_limit=False
[770] PASS  time=  0.423s  status=Exact solution     len=  1.834  endpoints_valid=True  collision=False  over_limit=False
[771] PASS  time=  1.557s  status=Exact solution     len=  3.323  endpoints_valid=True  collision=False  over_limit=False
[772] PASS  time=  0.560s  status=Exact solution     len=  1.886  endpoints_valid=True  collision=False  over_limit=False
[773] PASS  time=  0.526s  status=Exact solution     len=  2.802  endpoints_valid=True  collision=False  over_limit=False
[774] PASS  time=  4.706s  status=Exact solution     len=  4.925  endpoints_valid=True  collision=False  over_limit=False
[775] PASS  time=  1.549s  status=Exact solution     len=  3.417  endpoints_valid=True  collision=False  over_limit=False
[776] PASS  time=  0.753s  status=Exact solution     len=  2.711  endpoints_valid=True  collision=False  over_limit=False
[777] PASS  time=  5.460s  status=Exact solution     len=  4.684  endpoints_valid=True  collision=False  over_limit=False
[778] PASS  time=  1.073s  status=Exact solution     len=  3.650  endpoints_valid=True  collision=False  over_limit=False
[779] PASS  time=  0.601s  status=Exact solution     len=  1.986  endpoints_valid=True  collision=False  over_limit=False
[780] PASS  time=  1.350s  status=Exact solution     len=  2.650  endpoints_valid=True  collision=False  over_limit=False
[781] PASS  time=  1.294s  status=Exact solution     len=  2.254  endpoints_valid=True  collision=False  over_limit=False
[782] PASS  time=  1.566s  status=Exact solution     len=  3.841  endpoints_valid=True  collision=False  over_limit=False
[783] PASS  time=  0.610s  status=Exact solution     len=  2.432  endpoints_valid=True  collision=False  over_limit=False
[784] PASS  time=  1.213s  status=Exact solution     len=  1.588  endpoints_valid=True  collision=False  over_limit=False
[785] PASS  time=  6.601s  status=Exact solution     len=  7.773  endpoints_valid=True  collision=False  over_limit=False
[786] PASS  time=  0.963s  status=Exact solution     len=  1.936  endpoints_valid=True  collision=False  over_limit=False
[787] PASS  time=  0.732s  status=Exact solution     len=  2.259  endpoints_valid=True  collision=False  over_limit=False
[788] PASS  time=  2.557s  status=Exact solution     len=  4.782  endpoints_valid=True  collision=False  over_limit=False
[789] PASS  time=  4.198s  status=Exact solution     len=  1.470  endpoints_valid=True  collision=False  over_limit=False
[790] PASS  time=  0.561s  status=Exact solution     len=  2.429  endpoints_valid=True  collision=False  over_limit=False
[791] PASS  time=  2.149s  status=Exact solution     len=  1.408  endpoints_valid=True  collision=False  over_limit=False
[792] PASS  time=  5.181s  status=Exact solution     len=  5.576  endpoints_valid=True  collision=False  over_limit=False
[793] PASS  time=  0.208s  status=Exact solution     len=  1.050  endpoints_valid=True  collision=False  over_limit=False
[794] PASS  time=  1.539s  status=Exact solution     len=  2.883  endpoints_valid=True  collision=False  over_limit=False
[795] PASS  time=  1.436s  status=Exact solution     len=  4.754  endpoints_valid=True  collision=False  over_limit=False
[796] PASS  time=  0.417s  status=Exact solution     len=  1.401  endpoints_valid=True  collision=False  over_limit=False
[797] PASS  time=  2.330s  status=Exact solution     len=  5.679  endpoints_valid=True  collision=False  over_limit=False
[798] PASS  time=  2.406s  status=Exact solution     len=  4.783  endpoints_valid=True  collision=False  over_limit=False
[799] PASS  time=  5.353s  status=Exact solution     len=  4.321  endpoints_valid=True  collision=False  over_limit=False
[800] PASS  time=  4.797s  status=Exact solution     len=  6.789  endpoints_valid=True  collision=False  over_limit=False
[801] PASS  time=  1.712s  status=Exact solution     len=  4.495  endpoints_valid=True  collision=False  over_limit=False
[802] PASS  time=  0.377s  status=Exact solution     len=  2.392  endpoints_valid=True  collision=False  over_limit=False
[803] PASS  time=  1.877s  status=Exact solution     len=  3.076  endpoints_valid=True  collision=False  over_limit=False
[804] PASS  time=  2.995s  status=Exact solution     len=  4.254  endpoints_valid=True  collision=False  over_limit=False
[805] PASS  time=  0.798s  status=Exact solution     len=  2.332  endpoints_valid=True  collision=False  over_limit=False
[806] PASS  time=  1.211s  status=Exact solution     len=  2.115  endpoints_valid=True  collision=False  over_limit=False
[807] PASS  time=  1.479s  status=Exact solution     len=  1.893  endpoints_valid=True  collision=False  over_limit=False
[808] PASS  time=  0.273s  status=Exact solution     len=  1.564  endpoints_valid=True  collision=False  over_limit=False
[809] PASS  time=  0.766s  status=Exact solution     len=  1.820  endpoints_valid=True  collision=False  over_limit=False
[810] PASS  time=  0.936s  status=Exact solution     len=  2.140  endpoints_valid=True  collision=False  over_limit=False
[811] PASS  time=  0.859s  status=Exact solution     len=  2.492  endpoints_valid=True  collision=False  over_limit=False
[812] PASS  time=  0.397s  status=Exact solution     len=  1.515  endpoints_valid=True  collision=False  over_limit=False
[813] PASS  time=  0.947s  status=Exact solution     len=  2.924  endpoints_valid=True  collision=False  over_limit=False
[814] PASS  time=  1.132s  status=Exact solution     len=  3.472  endpoints_valid=True  collision=False  over_limit=False
[815] PASS  time=  3.672s  status=Exact solution     len=  3.409  endpoints_valid=True  collision=False  over_limit=False
[816] PASS  time=  3.379s  status=Exact solution     len=  4.005  endpoints_valid=True  collision=False  over_limit=False
[817] PASS  time=  4.848s  status=Exact solution     len=  4.134  endpoints_valid=True  collision=False  over_limit=False
[818] PASS  time=  2.869s  status=Exact solution     len=  4.221  endpoints_valid=True  collision=False  over_limit=False
[819] PASS  time=  0.995s  status=Exact solution     len=  1.971  endpoints_valid=True  collision=False  over_limit=False
[820] PASS  time=  0.826s  status=Exact solution     len=  2.228  endpoints_valid=True  collision=False  over_limit=False
[821] PASS  time=  1.412s  status=Exact solution     len=  2.887  endpoints_valid=True  collision=False  over_limit=False
[822] PASS  time=  1.757s  status=Exact solution     len=  3.660  endpoints_valid=True  collision=False  over_limit=False
[823] PASS  time=  0.341s  status=Exact solution     len=  1.361  endpoints_valid=True  collision=False  over_limit=False
[824] PASS  time=  0.368s  status=Exact solution     len=  1.109  endpoints_valid=True  collision=False  over_limit=False
[825] PASS  time=  2.387s  status=Exact solution     len=  5.456  endpoints_valid=True  collision=False  over_limit=False
[826] PASS  time=  0.821s  status=Exact solution     len=  1.430  endpoints_valid=True  collision=False  over_limit=False
[827] PASS  time=  0.952s  status=Exact solution     len=  2.931  endpoints_valid=True  collision=False  over_limit=False
[828] PASS  time=  2.008s  status=Exact solution     len=  1.589  endpoints_valid=True  collision=False  over_limit=False
[829] PASS  time=  3.842s  status=Exact solution     len=  4.265  endpoints_valid=True  collision=False  over_limit=False
[830] PASS  time=  0.514s  status=Exact solution     len=  2.319  endpoints_valid=True  collision=False  over_limit=False
[831] PASS  time=  0.497s  status=Exact solution     len=  1.214  endpoints_valid=True  collision=False  over_limit=False
[832] PASS  time=  4.480s  status=Exact solution     len=  5.720  endpoints_valid=True  collision=False  over_limit=False
[833] PASS  time=  0.595s  status=Exact solution     len=  1.957  endpoints_valid=True  collision=False  over_limit=False
[834] PASS  time=  1.210s  status=Exact solution     len=  3.436  endpoints_valid=True  collision=False  over_limit=False
[835] PASS  time=  3.147s  status=Exact solution     len=  2.403  endpoints_valid=True  collision=False  over_limit=False
[836] PASS  time=  1.100s  status=Exact solution     len=  2.606  endpoints_valid=True  collision=False  over_limit=False
[837] PASS  time=  1.375s  status=Exact solution     len=  4.886  endpoints_valid=True  collision=False  over_limit=False
[838] PASS  time=  1.626s  status=Exact solution     len=  4.394  endpoints_valid=True  collision=False  over_limit=False
[839] PASS  time=  5.338s  status=Exact solution     len=  4.007  endpoints_valid=True  collision=False  over_limit=False
[840] PASS  time= 12.878s  status=Exact solution     len=  7.101  endpoints_valid=True  collision=False  over_limit=False
[841] PASS  time=  5.376s  status=Exact solution     len=  4.003  endpoints_valid=True  collision=False  over_limit=False
[842] PASS  time=  0.999s  status=Exact solution     len=  1.642  endpoints_valid=True  collision=False  over_limit=False
[843] PASS  time=  1.252s  status=Exact solution     len=  3.715  endpoints_valid=True  collision=False  over_limit=False
[844] PASS  time=  0.534s  status=Exact solution     len=  2.189  endpoints_valid=True  collision=False  over_limit=False
[845] PASS  time=  0.463s  status=Exact solution     len=  2.122  endpoints_valid=True  collision=False  over_limit=False
[846] PASS  time=  1.688s  status=Exact solution     len=  1.836  endpoints_valid=True  collision=False  over_limit=False
[847] PASS  time=  5.480s  status=Exact solution     len=  4.518  endpoints_valid=True  collision=False  over_limit=False
[848] PASS  time=  3.114s  status=Exact solution     len=  3.443  endpoints_valid=True  collision=False  over_limit=False
[849] PASS  time=  0.599s  status=Exact solution     len=  2.355  endpoints_valid=True  collision=False  over_limit=False
[850] PASS  time=  0.297s  status=Exact solution     len=  1.451  endpoints_valid=True  collision=False  over_limit=False
[851] PASS  time=  1.604s  status=Exact solution     len=  2.280  endpoints_valid=True  collision=False  over_limit=False
[852] PASS  time=  0.645s  status=Exact solution     len=  1.486  endpoints_valid=True  collision=False  over_limit=False
[853] PASS  time=  3.250s  status=Exact solution     len=  3.857  endpoints_valid=True  collision=False  over_limit=False
[854] PASS  time=  1.247s  status=Exact solution     len=  2.218  endpoints_valid=True  collision=False  over_limit=False
[855] PASS  time=  0.424s  status=Exact solution     len=  1.858  endpoints_valid=True  collision=False  over_limit=False
[856] PASS  time=  0.910s  status=Exact solution     len=  3.263  endpoints_valid=True  collision=False  over_limit=False
[857] PASS  time=  4.355s  status=Exact solution     len=  5.163  endpoints_valid=True  collision=False  over_limit=False
[858] PASS  time=  0.541s  status=Exact solution     len=  2.184  endpoints_valid=True  collision=False  over_limit=False
[859] PASS  time=  2.985s  status=Exact solution     len=  4.284  endpoints_valid=True  collision=False  over_limit=False
[860] PASS  time=  2.274s  status=Exact solution     len=  3.000  endpoints_valid=True  collision=False  over_limit=False
[861] PASS  time=  5.957s  status=Exact solution     len=  4.818  endpoints_valid=True  collision=False  over_limit=False
[862] PASS  time=  1.535s  status=Exact solution     len=  1.417  endpoints_valid=True  collision=False  over_limit=False
[863] PASS  time=  2.392s  status=Exact solution     len=  2.426  endpoints_valid=True  collision=False  over_limit=False
[864] PASS  time=  5.482s  status=Exact solution     len=  4.992  endpoints_valid=True  collision=False  over_limit=False
[865] PASS  time=  1.172s  status=Exact solution     len=  3.152  endpoints_valid=True  collision=False  over_limit=False
[866] PASS  time=  5.024s  status=Exact solution     len=  5.452  endpoints_valid=True  collision=False  over_limit=False
[867] PASS  time=  1.285s  status=Exact solution     len=  3.124  endpoints_valid=True  collision=False  over_limit=False
[868] PASS  time=  0.257s  status=Exact solution     len=  1.414  endpoints_valid=True  collision=False  over_limit=False
[869] PASS  time=  1.605s  status=Exact solution     len=  3.051  endpoints_valid=True  collision=False  over_limit=False
[870] PASS  time=  1.456s  status=Exact solution     len=  2.588  endpoints_valid=True  collision=False  over_limit=False
[871] PASS  time=  0.847s  status=Exact solution     len=  2.743  endpoints_valid=True  collision=False  over_limit=False
[872] PASS  time=  5.956s  status=Exact solution     len=  8.612  endpoints_valid=True  collision=False  over_limit=False
[873] PASS  time=  0.295s  status=Exact solution     len=  1.344  endpoints_valid=True  collision=False  over_limit=False
[874] PASS  time=  2.863s  status=Exact solution     len=  4.933  endpoints_valid=True  collision=False  over_limit=False
[875] PASS  time=  1.733s  status=Exact solution     len=  1.238  endpoints_valid=True  collision=False  over_limit=False
[876] PASS  time=  4.421s  status=Exact solution     len=  4.800  endpoints_valid=True  collision=False  over_limit=False
[877] PASS  time=  1.315s  status=Exact solution     len=  3.512  endpoints_valid=True  collision=False  over_limit=False
[878] PASS  time=  1.361s  status=Exact solution     len=  4.463  endpoints_valid=True  collision=False  over_limit=False
[879] PASS  time=  0.582s  status=Exact solution     len=  3.159  endpoints_valid=True  collision=False  over_limit=False
[880] PASS  time=  0.429s  status=Exact solution     len=  2.424  endpoints_valid=True  collision=False  over_limit=False
[881] PASS  time=  1.757s  status=Exact solution     len=  1.355  endpoints_valid=True  collision=False  over_limit=False
[882] PASS  time=  0.592s  status=Exact solution     len=  1.818  endpoints_valid=True  collision=False  over_limit=False
[883] PASS  time=  0.392s  status=Exact solution     len=  1.267  endpoints_valid=True  collision=False  over_limit=False
[884] PASS  time=  1.733s  status=Exact solution     len=  4.430  endpoints_valid=True  collision=False  over_limit=False
[885] PASS  time=  1.229s  status=Exact solution     len=  4.476  endpoints_valid=True  collision=False  over_limit=False
[886] PASS  time=  0.826s  status=Exact solution     len=  2.468  endpoints_valid=True  collision=False  over_limit=False
[887] PASS  time=  0.731s  status=Exact solution     len=  3.357  endpoints_valid=True  collision=False  over_limit=False
[888] PASS  time=  1.806s  status=Exact solution     len=  5.777  endpoints_valid=True  collision=False  over_limit=False
[889] PASS  time=  2.558s  status=Exact solution     len=  4.446  endpoints_valid=True  collision=False  over_limit=False
[890] PASS  time=  2.152s  status=Exact solution     len=  5.674  endpoints_valid=True  collision=False  over_limit=False
[891] PASS  time=  3.135s  status=Exact solution     len=  2.946  endpoints_valid=True  collision=False  over_limit=False
[892] PASS  time=  6.456s  status=Exact solution     len=  7.069  endpoints_valid=True  collision=False  over_limit=False
[893] PASS  time=  1.077s  status=Exact solution     len=  2.600  endpoints_valid=True  collision=False  over_limit=False
[894] PASS  time=  2.059s  status=Exact solution     len=  2.357  endpoints_valid=True  collision=False  over_limit=False
[895] PASS  time=  0.790s  status=Exact solution     len=  1.913  endpoints_valid=True  collision=False  over_limit=False
[896] PASS  time=  2.202s  status=Exact solution     len=  3.325  endpoints_valid=True  collision=False  over_limit=False
[897] PASS  time=  0.393s  status=Exact solution     len=  1.499  endpoints_valid=True  collision=False  over_limit=False
[898] PASS  time=  1.483s  status=Exact solution     len=  3.020  endpoints_valid=True  collision=False  over_limit=False
[899] PASS  time=  0.539s  status=Exact solution     len=  2.223  endpoints_valid=True  collision=False  over_limit=False
[900] PASS  time=  0.865s  status=Exact solution     len=  1.929  endpoints_valid=True  collision=False  over_limit=False
[901] PASS  time=  0.987s  status=Exact solution     len=  1.996  endpoints_valid=True  collision=False  over_limit=False
[902] PASS  time=  1.067s  status=Exact solution     len=  1.645  endpoints_valid=True  collision=False  over_limit=False
[903] PASS  time=  1.147s  status=Exact solution     len=  1.664  endpoints_valid=True  collision=False  over_limit=False
[904] PASS  time=  1.235s  status=Exact solution     len=  2.894  endpoints_valid=True  collision=False  over_limit=False
[905] PASS  time=  0.623s  status=Exact solution     len=  3.370  endpoints_valid=True  collision=False  over_limit=False
[906] PASS  time=  0.359s  status=Exact solution     len=  2.343  endpoints_valid=True  collision=False  over_limit=False
[907] PASS  time=  1.264s  status=Exact solution     len=  3.066  endpoints_valid=True  collision=False  over_limit=False
[908] PASS  time=  0.643s  status=Exact solution     len=  2.150  endpoints_valid=True  collision=False  over_limit=False
[909] PASS  time=  3.723s  status=Exact solution     len=  5.264  endpoints_valid=True  collision=False  over_limit=False
[910] PASS  time=  0.752s  status=Exact solution     len=  1.452  endpoints_valid=True  collision=False  over_limit=False
[911] PASS  time=  2.958s  status=Exact solution     len=  2.011  endpoints_valid=True  collision=False  over_limit=False
[912] PASS  time=  1.763s  status=Exact solution     len=  3.983  endpoints_valid=True  collision=False  over_limit=False
[913] PASS  time=  0.367s  status=Exact solution     len=  0.961  endpoints_valid=True  collision=False  over_limit=False
[914] PASS  time=  0.896s  status=Exact solution     len=  1.903  endpoints_valid=True  collision=False  over_limit=False
[915] PASS  time=  0.464s  status=Exact solution     len=  3.081  endpoints_valid=True  collision=False  over_limit=False
[916] PASS  time=  0.170s  status=Exact solution     len=  1.250  endpoints_valid=True  collision=False  over_limit=False
[917] PASS  time=  0.352s  status=Exact solution     len=  2.265  endpoints_valid=True  collision=False  over_limit=False
[918] PASS  time=  0.650s  status=Exact solution     len=  2.193  endpoints_valid=True  collision=False  over_limit=False
[919] PASS  time=  2.293s  status=Exact solution     len=  4.915  endpoints_valid=True  collision=False  over_limit=False
[920] PASS  time=  1.682s  status=Exact solution     len=  3.998  endpoints_valid=True  collision=False  over_limit=False
[921] PASS  time=  0.850s  status=Exact solution     len=  1.979  endpoints_valid=True  collision=False  over_limit=False
[922] PASS  time=  3.413s  status=Exact solution     len=  3.164  endpoints_valid=True  collision=False  over_limit=False
[923] PASS  time=  2.048s  status=Exact solution     len=  3.179  endpoints_valid=True  collision=False  over_limit=False
[924] PASS  time=  1.666s  status=Exact solution     len=  3.886  endpoints_valid=True  collision=False  over_limit=False
[925] PASS  time=  2.312s  status=Exact solution     len=  2.868  endpoints_valid=True  collision=False  over_limit=False
[926] PASS  time=  0.633s  status=Exact solution     len=  2.110  endpoints_valid=True  collision=False  over_limit=False
[927] PASS  time=  0.943s  status=Exact solution     len=  1.762  endpoints_valid=True  collision=False  over_limit=False
[928] PASS  time=  0.267s  status=Exact solution     len=  1.583  endpoints_valid=True  collision=False  over_limit=False
[929] PASS  time=  0.817s  status=Exact solution     len=  2.093  endpoints_valid=True  collision=False  over_limit=False
[930] PASS  time=  0.248s  status=Exact solution     len=  1.314  endpoints_valid=True  collision=False  over_limit=False
[931] PASS  time=  0.627s  status=Exact solution     len=  2.384  endpoints_valid=True  collision=False  over_limit=False
[932] PASS  time=  2.223s  status=Exact solution     len=  1.173  endpoints_valid=True  collision=False  over_limit=False
[933] PASS  time=  2.691s  status=Exact solution     len=  5.530  endpoints_valid=True  collision=False  over_limit=False
[934] PASS  time=  1.219s  status=Exact solution     len=  2.697  endpoints_valid=True  collision=False  over_limit=False
[935] PASS  time=  2.077s  status=Exact solution     len=  2.995  endpoints_valid=True  collision=False  over_limit=False
[936] PASS  time=  2.345s  status=Exact solution     len=  2.672  endpoints_valid=True  collision=False  over_limit=False
[937] PASS  time=  0.994s  status=Exact solution     len=  2.810  endpoints_valid=True  collision=False  over_limit=False
[938] PASS  time=  1.010s  status=Exact solution     len=  1.378  endpoints_valid=True  collision=False  over_limit=False
[939] PASS  time=  3.276s  status=Exact solution     len=  5.510  endpoints_valid=True  collision=False  over_limit=False
[940] PASS  time=  6.881s  status=Exact solution     len=  3.590  endpoints_valid=True  collision=False  over_limit=False
[941] PASS  time=  5.092s  status=Exact solution     len=  2.248  endpoints_valid=True  collision=False  over_limit=False
[942] PASS  time=  1.557s  status=Exact solution     len=  2.748  endpoints_valid=True  collision=False  over_limit=False
[943] PASS  time=  4.391s  status=Exact solution     len=  4.382  endpoints_valid=True  collision=False  over_limit=False
[944] PASS  time=  0.938s  status=Exact solution     len=  2.172  endpoints_valid=True  collision=False  over_limit=False
[945] PASS  time=  2.187s  status=Exact solution     len=  5.617  endpoints_valid=True  collision=False  over_limit=False
[946] PASS  time=  0.674s  status=Exact solution     len=  2.428  endpoints_valid=True  collision=False  over_limit=False
[947] PASS  time=  3.027s  status=Exact solution     len=  1.976  endpoints_valid=True  collision=False  over_limit=False
[948] PASS  time=  1.611s  status=Exact solution     len=  2.044  endpoints_valid=True  collision=False  over_limit=False
[949] PASS  time=  1.181s  status=Exact solution     len=  1.499  endpoints_valid=True  collision=False  over_limit=False
[950] PASS  time=  4.885s  status=Exact solution     len=  4.615  endpoints_valid=True  collision=False  over_limit=False
[951] PASS  time=  3.822s  status=Exact solution     len=  4.484  endpoints_valid=True  collision=False  over_limit=False
[952] PASS  time=  0.217s  status=Exact solution     len=  1.277  endpoints_valid=True  collision=False  over_limit=False
[953] PASS  time=  1.735s  status=Exact solution     len=  2.125  endpoints_valid=True  collision=False  over_limit=False
[954] PASS  time=  0.375s  status=Exact solution     len=  2.011  endpoints_valid=True  collision=False  over_limit=False
[955] PASS  time=  0.747s  status=Exact solution     len=  1.875  endpoints_valid=True  collision=False  over_limit=False
[956] PASS  time=  0.672s  status=Exact solution     len=  1.277  endpoints_valid=True  collision=False  over_limit=False
[957] PASS  time=  1.693s  status=Exact solution     len=  1.671  endpoints_valid=True  collision=False  over_limit=False
[958] PASS  time=  1.009s  status=Exact solution     len=  2.275  endpoints_valid=True  collision=False  over_limit=False
[959] PASS  time=  2.328s  status=Exact solution     len=  2.614  endpoints_valid=True  collision=False  over_limit=False
[960] PASS  time=  0.355s  status=Exact solution     len=  1.941  endpoints_valid=True  collision=False  over_limit=False
[961] PASS  time=  1.889s  status=Exact solution     len=  4.580  endpoints_valid=True  collision=False  over_limit=False
[962] PASS  time=  2.501s  status=Exact solution     len=  2.675  endpoints_valid=True  collision=False  over_limit=False
[963] PASS  time=  0.582s  status=Exact solution     len=  1.707  endpoints_valid=True  collision=False  over_limit=False
[964] PASS  time=  2.564s  status=Exact solution     len=  2.524  endpoints_valid=True  collision=False  over_limit=False
[965] PASS  time=  1.985s  status=Exact solution     len=  3.367  endpoints_valid=True  collision=False  over_limit=False
[966] PASS  time=  2.863s  status=Exact solution     len=  4.903  endpoints_valid=True  collision=False  over_limit=False
[967] PASS  time=  3.537s  status=Exact solution     len=  2.580  endpoints_valid=True  collision=False  over_limit=False
[968] PASS  time=  0.696s  status=Exact solution     len=  3.218  endpoints_valid=True  collision=False  over_limit=False
[969] PASS  time=  2.451s  status=Exact solution     len=  6.033  endpoints_valid=True  collision=False  over_limit=False
[970] PASS  time=  3.255s  status=Exact solution     len=  2.945  endpoints_valid=True  collision=False  over_limit=False
[971] PASS  time=  3.551s  status=Exact solution     len=  4.568  endpoints_valid=True  collision=False  over_limit=False
[972] PASS  time=  3.091s  status=Exact solution     len=  2.598  endpoints_valid=True  collision=False  over_limit=False
[973] PASS  time=  0.938s  status=Exact solution     len=  1.910  endpoints_valid=True  collision=False  over_limit=False
[974] PASS  time=  1.392s  status=Exact solution     len=  2.466  endpoints_valid=True  collision=False  over_limit=False
[975] PASS  time=  0.745s  status=Exact solution     len=  2.495  endpoints_valid=True  collision=False  over_limit=False
[976] PASS  time=  1.910s  status=Exact solution     len=  3.325  endpoints_valid=True  collision=False  over_limit=False
[977] PASS  time=  6.848s  status=Exact solution     len=  2.274  endpoints_valid=True  collision=False  over_limit=False
[978] PASS  time=  4.386s  status=Exact solution     len=  5.785  endpoints_valid=True  collision=False  over_limit=False
[979] PASS  time=  2.829s  status=Exact solution     len=  4.523  endpoints_valid=True  collision=False  over_limit=False
[980] PASS  time=  0.199s  status=Exact solution     len=  1.276  endpoints_valid=True  collision=False  over_limit=False
[981] PASS  time=  0.358s  status=Exact solution     len=  1.572  endpoints_valid=True  collision=False  over_limit=False
[982] PASS  time=  1.479s  status=Exact solution     len=  4.305  endpoints_valid=True  collision=False  over_limit=False
[983] PASS  time=  1.040s  status=Exact solution     len=  3.056  endpoints_valid=True  collision=False  over_limit=False
[984] PASS  time=  4.487s  status=Exact solution     len=  3.674  endpoints_valid=True  collision=False  over_limit=False
[985] PASS  time=  0.495s  status=Exact solution     len=  1.608  endpoints_valid=True  collision=False  over_limit=False
[986] PASS  time=  2.694s  status=Exact solution     len=  3.183  endpoints_valid=True  collision=False  over_limit=False
[987] PASS  time=  3.146s  status=Exact solution     len=  2.315  endpoints_valid=True  collision=False  over_limit=False
[988] PASS  time=  5.325s  status=Exact solution     len=  4.910  endpoints_valid=True  collision=False  over_limit=False
[989] PASS  time=  1.903s  status=Exact solution     len=  1.654  endpoints_valid=True  collision=False  over_limit=False
[990] PASS  time=  0.606s  status=Exact solution     len=  2.888  endpoints_valid=True  collision=False  over_limit=False
[991] PASS  time=  7.373s  status=Exact solution     len=  3.100  endpoints_valid=True  collision=False  over_limit=False
[992] PASS  time=  1.870s  status=Exact solution     len=  1.711  endpoints_valid=True  collision=False  over_limit=False
[993] PASS  time=  4.755s  status=Exact solution     len=  8.178  endpoints_valid=True  collision=False  over_limit=False
[994] PASS  time=  0.389s  status=Exact solution     len=  2.033  endpoints_valid=True  collision=False  over_limit=False
[995] PASS  time=  0.164s  status=Exact solution     len=  1.656  endpoints_valid=True  collision=False  over_limit=False
[996] PASS  time=  0.810s  status=Exact solution     len=  1.959  endpoints_valid=True  collision=False  over_limit=False
[997] PASS  time=  1.746s  status=Exact solution     len=  3.318  endpoints_valid=True  collision=False  over_limit=False
[998] PASS  time=  0.285s  status=Exact solution     len=  1.514  endpoints_valid=True  collision=False  over_limit=False
[999] PASS  time=  1.526s  status=Exact solution     len=  3.365  endpoints_valid=True  collision=False  over_limit=False

shape                     : datasets/3dshape/Ashape3d.obj
environment               : datasets/3dshape/env2.obj
data_path                 : testing_data/3dshape/Ashape3d_env2
planner                   : RRTConnect (OMPL, SE(3))
time_limit_per_case       : 30.000 s  (a case over this = fail)
path_simplification       : off

test_cases_total          : 1000
invalid_start_or_goal     : 0  (excluded, unplannable)
test_cases_scored         : 1000  [valid start+goal only]
successes                 : 1000
failures                  : 0
  no_solution_in_time     : 0
  over_time_limit         : 0
  path_in_collision       : 0
success_rate              : 1.0000  (100.0%)  [1000/1000]

time_mean                 : 2.4992 s   [all 1000 scored cases]
time_std                  : 2.4049 s
time_mean_successful      : 2.4992 s   [1000 successful cases]
time_std_successful       : 2.4049 s
time_median               : 1.6995 s

path_length_mean          : 3.1467   [1000 successful cases]
path_length_std           : 1.4199
path_length_total         : 3146.7319

total_time                : 2499.20 s
collision_checks          : 968886

Wrote results/ompl_rrtconnect/Ashape3d_env2/rrt_connect_success_rate.txt
Wrote results/ompl_rrtconnect/Ashape3d_env2/rrt_connect_cases.csv
