[load_obj] 'datasets/3dshape/rectangle.obj': 1 objects/groups
  [0] 'Body1'  (12 triangles)
[load_obj] 'datasets/3dshape/env1.obj': 5 objects/groups
  [0] 'Body2'  (12 triangles)
  [1] 'Body3'  (12 triangles)
  [2] 'Body4'  (12 triangles)
  [3] 'Body5'  (12 triangles)
  [4] 'wall (2)'  (12 triangles)
shape       : datasets/3dshape/rectangle.obj  (8 verts, 12 tets, radius 0.1490)
environment : datasets/3dshape/env1.obj  (60 tris, 50000 collision points)
bounds      : low [-0.475, -0.3329, -0.5]  high [0.475, 0.3329, 0.5]
test cases  : 1000 from testing_data/3dshape/rectangle_env1/sampled_points.npy
planner     : RRTConnect  (time limit 30.0s per case, resolution 0.005)

[000] PASS  time=  0.272s  status=Exact solution     len=  2.018  endpoints_valid=True  collision=False  over_limit=False
[001] PASS  time=  0.459s  status=Exact solution     len=  3.129  endpoints_valid=True  collision=False  over_limit=False
[002] PASS  time=  0.424s  status=Exact solution     len=  2.281  endpoints_valid=True  collision=False  over_limit=False
[003] PASS  time=  1.389s  status=Exact solution     len=  3.905  endpoints_valid=True  collision=False  over_limit=False
[004] PASS  time=  0.164s  status=Exact solution     len=  1.862  endpoints_valid=True  collision=False  over_limit=False
[005] PASS  time=  0.615s  status=Exact solution     len=  4.118  endpoints_valid=True  collision=False  over_limit=False
[006] PASS  time=  0.146s  status=Exact solution     len=  2.143  endpoints_valid=True  collision=False  over_limit=False
[007] PASS  time=  0.166s  status=Exact solution     len=  2.336  endpoints_valid=True  collision=False  over_limit=False
[008] PASS  time=  0.484s  status=Exact solution     len=  3.045  endpoints_valid=True  collision=False  over_limit=False
[009] PASS  time=  1.543s  status=Exact solution     len=  2.266  endpoints_valid=True  collision=False  over_limit=False
[010] PASS  time=  0.237s  status=Exact solution     len=  2.109  endpoints_valid=True  collision=False  over_limit=False
[011] PASS  time=  0.684s  status=Exact solution     len=  4.763  endpoints_valid=True  collision=False  over_limit=False
[012] PASS  time=  1.177s  status=Exact solution     len=  3.662  endpoints_valid=True  collision=False  over_limit=False
[013] PASS  time=  0.781s  status=Exact solution     len=  3.756  endpoints_valid=True  collision=False  over_limit=False
[014] PASS  time=  0.402s  status=Exact solution     len=  3.746  endpoints_valid=True  collision=False  over_limit=False
[015] PASS  time=  0.145s  status=Exact solution     len=  1.704  endpoints_valid=True  collision=False  over_limit=False
[016] PASS  time=  0.235s  status=Exact solution     len=  3.409  endpoints_valid=True  collision=False  over_limit=False
[017] PASS  time=  0.467s  status=Exact solution     len=  3.464  endpoints_valid=True  collision=False  over_limit=False
[018] PASS  time=  1.333s  status=Exact solution     len=  4.482  endpoints_valid=True  collision=False  over_limit=False
[019] PASS  time=  0.101s  status=Exact solution     len=  1.449  endpoints_valid=True  collision=False  over_limit=False
[020] PASS  time=  0.352s  status=Exact solution     len=  2.364  endpoints_valid=True  collision=False  over_limit=False
[021] PASS  time=  0.701s  status=Exact solution     len=  3.567  endpoints_valid=True  collision=False  over_limit=False
[022] PASS  time=  0.058s  status=Exact solution     len=  1.451  endpoints_valid=True  collision=False  over_limit=False
[023] PASS  time=  0.562s  status=Exact solution     len=  5.532  endpoints_valid=True  collision=False  over_limit=False
[024] PASS  time=  0.257s  status=Exact solution     len=  2.452  endpoints_valid=True  collision=False  over_limit=False
[025] PASS  time=  0.375s  status=Exact solution     len=  3.873  endpoints_valid=True  collision=False  over_limit=False
[026] PASS  time=  0.362s  status=Exact solution     len=  2.702  endpoints_valid=True  collision=False  over_limit=False
[027] PASS  time=  0.350s  status=Exact solution     len=  3.083  endpoints_valid=True  collision=False  over_limit=False
[028] PASS  time=  0.242s  status=Exact solution     len=  2.036  endpoints_valid=True  collision=False  over_limit=False
[029] PASS  time=  1.204s  status=Exact solution     len=  4.047  endpoints_valid=True  collision=False  over_limit=False
[030] PASS  time=  0.039s  status=Exact solution     len=  1.857  endpoints_valid=True  collision=False  over_limit=False
[031] PASS  time=  0.448s  status=Exact solution     len=  3.005  endpoints_valid=True  collision=False  over_limit=False
[032] PASS  time=  0.221s  status=Exact solution     len=  1.974  endpoints_valid=True  collision=False  over_limit=False
[033] PASS  time=  0.286s  status=Exact solution     len=  2.508  endpoints_valid=True  collision=False  over_limit=False
[034] PASS  time=  0.200s  status=Exact solution     len=  2.067  endpoints_valid=True  collision=False  over_limit=False
[035] PASS  time=  0.172s  status=Exact solution     len=  2.619  endpoints_valid=True  collision=False  over_limit=False
[036] PASS  time=  0.082s  status=Exact solution     len=  1.530  endpoints_valid=True  collision=False  over_limit=False
[037] PASS  time=  0.680s  status=Exact solution     len=  4.377  endpoints_valid=True  collision=False  over_limit=False
[038] PASS  time=  0.876s  status=Exact solution     len=  3.116  endpoints_valid=True  collision=False  over_limit=False
[039] PASS  time=  0.183s  status=Exact solution     len=  1.816  endpoints_valid=True  collision=False  over_limit=False
[040] PASS  time=  0.135s  status=Exact solution     len=  1.853  endpoints_valid=True  collision=False  over_limit=False
[041] PASS  time=  0.167s  status=Exact solution     len=  2.088  endpoints_valid=True  collision=False  over_limit=False
[042] PASS  time=  0.318s  status=Exact solution     len=  5.069  endpoints_valid=True  collision=False  over_limit=False
[043] PASS  time=  0.252s  status=Exact solution     len=  3.177  endpoints_valid=True  collision=False  over_limit=False
[044] PASS  time=  1.090s  status=Exact solution     len=  3.794  endpoints_valid=True  collision=False  over_limit=False
[045] PASS  time=  0.227s  status=Exact solution     len=  3.005  endpoints_valid=True  collision=False  over_limit=False
[046] PASS  time=  0.548s  status=Exact solution     len=  3.939  endpoints_valid=True  collision=False  over_limit=False
[047] PASS  time=  0.214s  status=Exact solution     len=  2.147  endpoints_valid=True  collision=False  over_limit=False
[048] PASS  time=  0.223s  status=Exact solution     len=  2.616  endpoints_valid=True  collision=False  over_limit=False
[049] PASS  time=  0.830s  status=Exact solution     len=  7.963  endpoints_valid=True  collision=False  over_limit=False
[050] PASS  time=  0.222s  status=Exact solution     len=  2.102  endpoints_valid=True  collision=False  over_limit=False
[051] PASS  time=  0.150s  status=Exact solution     len=  1.901  endpoints_valid=True  collision=False  over_limit=False
[052] PASS  time=  0.351s  status=Exact solution     len=  2.948  endpoints_valid=True  collision=False  over_limit=False
[053] PASS  time=  0.136s  status=Exact solution     len=  1.847  endpoints_valid=True  collision=False  over_limit=False
[054] PASS  time=  0.518s  status=Exact solution     len=  2.662  endpoints_valid=True  collision=False  over_limit=False
[055] PASS  time=  0.630s  status=Exact solution     len=  3.693  endpoints_valid=True  collision=False  over_limit=False
[056] PASS  time=  0.275s  status=Exact solution     len=  2.238  endpoints_valid=True  collision=False  over_limit=False
[057] PASS  time=  0.173s  status=Exact solution     len=  2.529  endpoints_valid=True  collision=False  over_limit=False
[058] PASS  time=  0.277s  status=Exact solution     len=  2.262  endpoints_valid=True  collision=False  over_limit=False
[059] PASS  time=  0.234s  status=Exact solution     len=  1.932  endpoints_valid=True  collision=False  over_limit=False
[060] PASS  time=  0.210s  status=Exact solution     len=  1.677  endpoints_valid=True  collision=False  over_limit=False
[061] PASS  time=  0.396s  status=Exact solution     len=  2.557  endpoints_valid=True  collision=False  over_limit=False
[062] PASS  time=  0.065s  status=Exact solution     len=  1.565  endpoints_valid=True  collision=False  over_limit=False
[063] PASS  time=  0.571s  status=Exact solution     len=  3.216  endpoints_valid=True  collision=False  over_limit=False
[064] PASS  time=  0.526s  status=Exact solution     len=  3.784  endpoints_valid=True  collision=False  over_limit=False
[065] PASS  time=  0.578s  status=Exact solution     len=  2.707  endpoints_valid=True  collision=False  over_limit=False
[066] PASS  time=  0.376s  status=Exact solution     len=  3.042  endpoints_valid=True  collision=False  over_limit=False
[067] PASS  time=  0.216s  status=Exact solution     len=  2.484  endpoints_valid=True  collision=False  over_limit=False
[068] PASS  time=  0.259s  status=Exact solution     len=  2.820  endpoints_valid=True  collision=False  over_limit=False
[069] PASS  time=  0.365s  status=Exact solution     len=  4.289  endpoints_valid=True  collision=False  over_limit=False
[070] PASS  time=  0.359s  status=Exact solution     len=  3.271  endpoints_valid=True  collision=False  over_limit=False
[071] PASS  time=  0.297s  status=Exact solution     len=  1.356  endpoints_valid=True  collision=False  over_limit=False
[072] PASS  time=  0.453s  status=Exact solution     len=  3.610  endpoints_valid=True  collision=False  over_limit=False
[073] PASS  time=  0.156s  status=Exact solution     len=  1.744  endpoints_valid=True  collision=False  over_limit=False
[074] PASS  time=  0.125s  status=Exact solution     len=  2.967  endpoints_valid=True  collision=False  over_limit=False
[075] PASS  time=  0.295s  status=Exact solution     len=  2.620  endpoints_valid=True  collision=False  over_limit=False
[076] PASS  time=  0.797s  status=Exact solution     len=  4.895  endpoints_valid=True  collision=False  over_limit=False
[077] PASS  time=  0.474s  status=Exact solution     len=  2.550  endpoints_valid=True  collision=False  over_limit=False
[078] PASS  time=  0.278s  status=Exact solution     len=  2.811  endpoints_valid=True  collision=False  over_limit=False
[079] PASS  time=  1.009s  status=Exact solution     len=  4.046  endpoints_valid=True  collision=False  over_limit=False
[080] PASS  time=  0.298s  status=Exact solution     len=  2.179  endpoints_valid=True  collision=False  over_limit=False
[081] PASS  time=  0.247s  status=Exact solution     len=  1.876  endpoints_valid=True  collision=False  over_limit=False
[082] PASS  time=  0.652s  status=Exact solution     len=  3.762  endpoints_valid=True  collision=False  over_limit=False
[083] PASS  time=  0.791s  status=Exact solution     len=  2.906  endpoints_valid=True  collision=False  over_limit=False
[084] PASS  time=  0.137s  status=Exact solution     len=  1.987  endpoints_valid=True  collision=False  over_limit=False
[085] PASS  time=  0.174s  status=Exact solution     len=  1.305  endpoints_valid=True  collision=False  over_limit=False
[086] PASS  time=  0.227s  status=Exact solution     len=  1.532  endpoints_valid=True  collision=False  over_limit=False
[087] PASS  time=  0.340s  status=Exact solution     len=  2.495  endpoints_valid=True  collision=False  over_limit=False
[088] PASS  time=  0.325s  status=Exact solution     len=  3.597  endpoints_valid=True  collision=False  over_limit=False
[089] PASS  time=  0.732s  status=Exact solution     len=  3.047  endpoints_valid=True  collision=False  over_limit=False
[090] PASS  time=  1.035s  status=Exact solution     len=  3.067  endpoints_valid=True  collision=False  over_limit=False
[091] PASS  time=  1.063s  status=Exact solution     len=  5.431  endpoints_valid=True  collision=False  over_limit=False
[092] PASS  time=  0.872s  status=Exact solution     len=  5.065  endpoints_valid=True  collision=False  over_limit=False
[093] PASS  time=  0.121s  status=Exact solution     len=  1.675  endpoints_valid=True  collision=False  over_limit=False
[094] PASS  time=  1.763s  status=Exact solution     len=  3.426  endpoints_valid=True  collision=False  over_limit=False
[095] PASS  time=  0.799s  status=Exact solution     len=  5.224  endpoints_valid=True  collision=False  over_limit=False
[096] PASS  time=  0.281s  status=Exact solution     len=  2.034  endpoints_valid=True  collision=False  over_limit=False
[097] PASS  time=  0.340s  status=Exact solution     len=  3.083  endpoints_valid=True  collision=False  over_limit=False
[098] PASS  time=  0.171s  status=Exact solution     len=  2.153  endpoints_valid=True  collision=False  over_limit=False
[099] PASS  time=  0.264s  status=Exact solution     len=  2.552  endpoints_valid=True  collision=False  over_limit=False
[100] PASS  time=  0.121s  status=Exact solution     len=  2.124  endpoints_valid=True  collision=False  over_limit=False
[101] PASS  time=  0.557s  status=Exact solution     len=  2.598  endpoints_valid=True  collision=False  over_limit=False
[102] PASS  time=  0.246s  status=Exact solution     len=  2.486  endpoints_valid=True  collision=False  over_limit=False
[103] PASS  time=  0.063s  status=Exact solution     len=  2.274  endpoints_valid=True  collision=False  over_limit=False
[104] PASS  time=  0.848s  status=Exact solution     len=  2.929  endpoints_valid=True  collision=False  over_limit=False
[105] PASS  time=  0.122s  status=Exact solution     len=  2.159  endpoints_valid=True  collision=False  over_limit=False
[106] PASS  time=  1.012s  status=Exact solution     len=  5.645  endpoints_valid=True  collision=False  over_limit=False
[107] PASS  time=  0.193s  status=Exact solution     len=  2.068  endpoints_valid=True  collision=False  over_limit=False
[108] PASS  time=  0.674s  status=Exact solution     len=  3.142  endpoints_valid=True  collision=False  over_limit=False
[109] PASS  time=  0.507s  status=Exact solution     len=  4.566  endpoints_valid=True  collision=False  over_limit=False
[110] PASS  time=  0.198s  status=Exact solution     len=  3.765  endpoints_valid=True  collision=False  over_limit=False
[111] PASS  time=  0.502s  status=Exact solution     len=  3.154  endpoints_valid=True  collision=False  over_limit=False
[112] PASS  time=  0.307s  status=Exact solution     len=  2.842  endpoints_valid=True  collision=False  over_limit=False
[113] PASS  time=  1.064s  status=Exact solution     len=  5.373  endpoints_valid=True  collision=False  over_limit=False
[114] PASS  time=  0.189s  status=Exact solution     len=  2.054  endpoints_valid=True  collision=False  over_limit=False
[115] PASS  time=  0.666s  status=Exact solution     len=  3.651  endpoints_valid=True  collision=False  over_limit=False
[116] PASS  time=  0.747s  status=Exact solution     len=  5.541  endpoints_valid=True  collision=False  over_limit=False
[117] PASS  time=  0.326s  status=Exact solution     len=  1.260  endpoints_valid=True  collision=False  over_limit=False
[118] PASS  time=  0.100s  status=Exact solution     len=  1.382  endpoints_valid=True  collision=False  over_limit=False
[119] PASS  time=  0.202s  status=Exact solution     len=  2.704  endpoints_valid=True  collision=False  over_limit=False
[120] PASS  time=  0.824s  status=Exact solution     len=  4.770  endpoints_valid=True  collision=False  over_limit=False
[121] PASS  time=  0.046s  status=Exact solution     len=  1.190  endpoints_valid=True  collision=False  over_limit=False
[122] PASS  time=  0.744s  status=Exact solution     len=  4.891  endpoints_valid=True  collision=False  over_limit=False
[123] PASS  time=  0.289s  status=Exact solution     len=  2.860  endpoints_valid=True  collision=False  over_limit=False
[124] PASS  time=  0.282s  status=Exact solution     len=  2.899  endpoints_valid=True  collision=False  over_limit=False
[125] PASS  time=  0.494s  status=Exact solution     len=  4.644  endpoints_valid=True  collision=False  over_limit=False
[126] PASS  time=  0.235s  status=Exact solution     len=  2.192  endpoints_valid=True  collision=False  over_limit=False
[127] PASS  time=  0.283s  status=Exact solution     len=  3.269  endpoints_valid=True  collision=False  over_limit=False
[128] PASS  time=  0.169s  status=Exact solution     len=  1.979  endpoints_valid=True  collision=False  over_limit=False
[129] PASS  time=  0.345s  status=Exact solution     len=  3.611  endpoints_valid=True  collision=False  over_limit=False
[130] PASS  time=  0.453s  status=Exact solution     len=  4.521  endpoints_valid=True  collision=False  over_limit=False
[131] PASS  time=  0.108s  status=Exact solution     len=  2.526  endpoints_valid=True  collision=False  over_limit=False
[132] PASS  time=  0.043s  status=Exact solution     len=  2.496  endpoints_valid=True  collision=False  over_limit=False
[133] PASS  time=  0.261s  status=Exact solution     len=  1.798  endpoints_valid=True  collision=False  over_limit=False
[134] PASS  time=  0.046s  status=Exact solution     len=  1.780  endpoints_valid=True  collision=False  over_limit=False
[135] PASS  time=  0.693s  status=Exact solution     len=  5.072  endpoints_valid=True  collision=False  over_limit=False
[136] PASS  time=  0.400s  status=Exact solution     len=  3.502  endpoints_valid=True  collision=False  over_limit=False
[137] PASS  time=  0.132s  status=Exact solution     len=  1.193  endpoints_valid=True  collision=False  over_limit=False
[138] PASS  time=  0.366s  status=Exact solution     len=  2.845  endpoints_valid=True  collision=False  over_limit=False
[139] PASS  time=  0.151s  status=Exact solution     len=  1.682  endpoints_valid=True  collision=False  over_limit=False
[140] PASS  time=  0.623s  status=Exact solution     len=  5.081  endpoints_valid=True  collision=False  over_limit=False
[141] PASS  time=  0.417s  status=Exact solution     len=  3.335  endpoints_valid=True  collision=False  over_limit=False
[142] PASS  time=  0.133s  status=Exact solution     len=  1.188  endpoints_valid=True  collision=False  over_limit=False
[143] PASS  time=  0.369s  status=Exact solution     len=  2.912  endpoints_valid=True  collision=False  over_limit=False
[144] PASS  time=  0.489s  status=Exact solution     len=  4.503  endpoints_valid=True  collision=False  over_limit=False
[145] PASS  time=  0.170s  status=Exact solution     len=  2.449  endpoints_valid=True  collision=False  over_limit=False
[146] PASS  time=  0.157s  status=Exact solution     len=  1.623  endpoints_valid=True  collision=False  over_limit=False
[147] PASS  time=  0.187s  status=Exact solution     len=  2.036  endpoints_valid=True  collision=False  over_limit=False
[148] PASS  time=  0.220s  status=Exact solution     len=  1.592  endpoints_valid=True  collision=False  over_limit=False
[149] PASS  time=  0.676s  status=Exact solution     len=  3.181  endpoints_valid=True  collision=False  over_limit=False
[150] PASS  time=  0.858s  status=Exact solution     len=  2.804  endpoints_valid=True  collision=False  over_limit=False
[151] PASS  time=  0.073s  status=Exact solution     len=  2.602  endpoints_valid=True  collision=False  over_limit=False
[152] PASS  time=  0.235s  status=Exact solution     len=  2.964  endpoints_valid=True  collision=False  over_limit=False
[153] PASS  time=  0.051s  status=Exact solution     len=  1.233  endpoints_valid=True  collision=False  over_limit=False
[154] PASS  time=  0.177s  status=Exact solution     len=  2.300  endpoints_valid=True  collision=False  over_limit=False
[155] PASS  time=  0.051s  status=Exact solution     len=  2.670  endpoints_valid=True  collision=False  over_limit=False
[156] PASS  time=  0.378s  status=Exact solution     len=  2.534  endpoints_valid=True  collision=False  over_limit=False
[157] PASS  time=  0.148s  status=Exact solution     len=  1.352  endpoints_valid=True  collision=False  over_limit=False
[158] PASS  time=  0.876s  status=Exact solution     len=  6.580  endpoints_valid=True  collision=False  over_limit=False
[159] PASS  time=  0.127s  status=Exact solution     len=  1.839  endpoints_valid=True  collision=False  over_limit=False
[160] PASS  time=  0.199s  status=Exact solution     len=  2.494  endpoints_valid=True  collision=False  over_limit=False
[161] PASS  time=  0.105s  status=Exact solution     len=  2.303  endpoints_valid=True  collision=False  over_limit=False
[162] PASS  time=  0.272s  status=Exact solution     len=  2.261  endpoints_valid=True  collision=False  over_limit=False
[163] PASS  time=  1.438s  status=Exact solution     len=  5.608  endpoints_valid=True  collision=False  over_limit=False
[164] PASS  time=  0.198s  status=Exact solution     len=  1.385  endpoints_valid=True  collision=False  over_limit=False
[165] PASS  time=  0.045s  status=Exact solution     len=  1.289  endpoints_valid=True  collision=False  over_limit=False
[166] PASS  time=  0.155s  status=Exact solution     len=  1.662  endpoints_valid=True  collision=False  over_limit=False
[167] PASS  time=  0.389s  status=Exact solution     len=  2.758  endpoints_valid=True  collision=False  over_limit=False
[168] PASS  time=  0.342s  status=Exact solution     len=  3.345  endpoints_valid=True  collision=False  over_limit=False
[169] PASS  time=  1.252s  status=Exact solution     len=  4.251  endpoints_valid=True  collision=False  over_limit=False
[170] PASS  time=  0.189s  status=Exact solution     len=  2.345  endpoints_valid=True  collision=False  over_limit=False
[171] PASS  time=  0.168s  status=Exact solution     len=  2.751  endpoints_valid=True  collision=False  over_limit=False
[172] PASS  time=  0.080s  status=Exact solution     len=  0.980  endpoints_valid=True  collision=False  over_limit=False
[173] PASS  time=  0.537s  status=Exact solution     len=  1.571  endpoints_valid=True  collision=False  over_limit=False
[174] PASS  time=  0.258s  status=Exact solution     len=  2.461  endpoints_valid=True  collision=False  over_limit=False
[175] PASS  time=  0.346s  status=Exact solution     len=  4.254  endpoints_valid=True  collision=False  over_limit=False
[176] PASS  time=  0.181s  status=Exact solution     len=  3.104  endpoints_valid=True  collision=False  over_limit=False
[177] PASS  time=  0.130s  status=Exact solution     len=  1.176  endpoints_valid=True  collision=False  over_limit=False
[178] PASS  time=  0.095s  status=Exact solution     len=  2.214  endpoints_valid=True  collision=False  over_limit=False
[179] PASS  time=  0.993s  status=Exact solution     len=  4.696  endpoints_valid=True  collision=False  over_limit=False
[180] PASS  time=  1.191s  status=Exact solution     len=  5.360  endpoints_valid=True  collision=False  over_limit=False
[181] PASS  time=  1.082s  status=Exact solution     len=  3.931  endpoints_valid=True  collision=False  over_limit=False
[182] PASS  time=  0.374s  status=Exact solution     len=  2.009  endpoints_valid=True  collision=False  over_limit=False
[183] PASS  time=  0.410s  status=Exact solution     len=  2.879  endpoints_valid=True  collision=False  over_limit=False
[184] PASS  time=  0.781s  status=Exact solution     len=  4.001  endpoints_valid=True  collision=False  over_limit=False
[185] PASS  time=  0.025s  status=Exact solution     len=  1.197  endpoints_valid=True  collision=False  over_limit=False
[186] PASS  time=  0.539s  status=Exact solution     len=  4.508  endpoints_valid=True  collision=False  over_limit=False
[187] PASS  time=  0.417s  status=Exact solution     len=  3.448  endpoints_valid=True  collision=False  over_limit=False
[188] PASS  time=  0.470s  status=Exact solution     len=  3.749  endpoints_valid=True  collision=False  over_limit=False
[189] PASS  time=  0.268s  status=Exact solution     len=  2.480  endpoints_valid=True  collision=False  over_limit=False
[190] PASS  time=  0.149s  status=Exact solution     len=  1.904  endpoints_valid=True  collision=False  over_limit=False
[191] PASS  time=  0.632s  status=Exact solution     len=  5.586  endpoints_valid=True  collision=False  over_limit=False
[192] PASS  time=  0.164s  status=Exact solution     len=  1.504  endpoints_valid=True  collision=False  over_limit=False
[193] PASS  time=  0.210s  status=Exact solution     len=  2.396  endpoints_valid=True  collision=False  over_limit=False
[194] PASS  time=  0.575s  status=Exact solution     len=  3.672  endpoints_valid=True  collision=False  over_limit=False
[195] PASS  time=  0.156s  status=Exact solution     len=  2.863  endpoints_valid=True  collision=False  over_limit=False
[196] PASS  time=  0.061s  status=Exact solution     len=  1.759  endpoints_valid=True  collision=False  over_limit=False
[197] PASS  time=  0.453s  status=Exact solution     len=  5.599  endpoints_valid=True  collision=False  over_limit=False
[198] PASS  time=  0.161s  status=Exact solution     len=  2.355  endpoints_valid=True  collision=False  over_limit=False
[199] PASS  time=  1.089s  status=Exact solution     len=  4.833  endpoints_valid=True  collision=False  over_limit=False
[200] PASS  time=  0.124s  status=Exact solution     len=  1.840  endpoints_valid=True  collision=False  over_limit=False
[201] PASS  time=  0.173s  status=Exact solution     len=  2.397  endpoints_valid=True  collision=False  over_limit=False
[202] PASS  time=  0.371s  status=Exact solution     len=  3.791  endpoints_valid=True  collision=False  over_limit=False
[203] PASS  time=  0.670s  status=Exact solution     len=  3.609  endpoints_valid=True  collision=False  over_limit=False
[204] PASS  time=  0.263s  status=Exact solution     len=  2.780  endpoints_valid=True  collision=False  over_limit=False
[205] PASS  time=  0.362s  status=Exact solution     len=  1.274  endpoints_valid=True  collision=False  over_limit=False
[206] PASS  time=  0.195s  status=Exact solution     len=  3.407  endpoints_valid=True  collision=False  over_limit=False
[207] PASS  time=  0.130s  status=Exact solution     len=  1.547  endpoints_valid=True  collision=False  over_limit=False
[208] PASS  time=  0.771s  status=Exact solution     len=  2.402  endpoints_valid=True  collision=False  over_limit=False
[209] PASS  time=  0.616s  status=Exact solution     len=  4.970  endpoints_valid=True  collision=False  over_limit=False
[210] PASS  time=  0.091s  status=Exact solution     len=  1.552  endpoints_valid=True  collision=False  over_limit=False
[211] PASS  time=  0.400s  status=Exact solution     len=  5.776  endpoints_valid=True  collision=False  over_limit=False
[212] PASS  time=  0.304s  status=Exact solution     len=  2.639  endpoints_valid=True  collision=False  over_limit=False
[213] PASS  time=  0.162s  status=Exact solution     len=  2.552  endpoints_valid=True  collision=False  over_limit=False
[214] PASS  time=  0.515s  status=Exact solution     len=  3.699  endpoints_valid=True  collision=False  over_limit=False
[215] PASS  time=  0.199s  status=Exact solution     len=  1.661  endpoints_valid=True  collision=False  over_limit=False
[216] PASS  time=  0.205s  status=Exact solution     len=  2.300  endpoints_valid=True  collision=False  over_limit=False
[217] PASS  time=  0.094s  status=Exact solution     len=  2.041  endpoints_valid=True  collision=False  over_limit=False
[218] PASS  time=  0.275s  status=Exact solution     len=  2.791  endpoints_valid=True  collision=False  over_limit=False
[219] PASS  time=  0.201s  status=Exact solution     len=  3.360  endpoints_valid=True  collision=False  over_limit=False
[220] PASS  time=  0.218s  status=Exact solution     len=  2.223  endpoints_valid=True  collision=False  over_limit=False
[221] PASS  time=  0.130s  status=Exact solution     len=  2.096  endpoints_valid=True  collision=False  over_limit=False
[222] PASS  time=  0.688s  status=Exact solution     len=  6.393  endpoints_valid=True  collision=False  over_limit=False
[223] PASS  time=  0.293s  status=Exact solution     len=  2.827  endpoints_valid=True  collision=False  over_limit=False
[224] PASS  time=  0.110s  status=Exact solution     len=  2.724  endpoints_valid=True  collision=False  over_limit=False
[225] PASS  time=  0.155s  status=Exact solution     len=  2.691  endpoints_valid=True  collision=False  over_limit=False
[226] PASS  time=  0.858s  status=Exact solution     len=  6.695  endpoints_valid=True  collision=False  over_limit=False
[227] PASS  time=  0.122s  status=Exact solution     len=  2.919  endpoints_valid=True  collision=False  over_limit=False
[228] PASS  time=  0.691s  status=Exact solution     len=  4.426  endpoints_valid=True  collision=False  over_limit=False
[229] PASS  time=  0.231s  status=Exact solution     len=  1.931  endpoints_valid=True  collision=False  over_limit=False
[230] PASS  time=  0.672s  status=Exact solution     len=  4.369  endpoints_valid=True  collision=False  over_limit=False
[231] PASS  time=  0.493s  status=Exact solution     len=  3.348  endpoints_valid=True  collision=False  over_limit=False
[232] PASS  time=  0.308s  status=Exact solution     len=  1.970  endpoints_valid=True  collision=False  over_limit=False
[233] PASS  time=  0.308s  status=Exact solution     len=  1.561  endpoints_valid=True  collision=False  over_limit=False
[234] PASS  time=  0.360s  status=Exact solution     len=  2.124  endpoints_valid=True  collision=False  over_limit=False
[235] PASS  time=  0.699s  status=Exact solution     len=  3.847  endpoints_valid=True  collision=False  over_limit=False
[236] PASS  time=  0.143s  status=Exact solution     len=  3.100  endpoints_valid=True  collision=False  over_limit=False
[237] PASS  time=  0.094s  status=Exact solution     len=  2.025  endpoints_valid=True  collision=False  over_limit=False
[238] PASS  time=  0.882s  status=Exact solution     len=  3.921  endpoints_valid=True  collision=False  over_limit=False
[239] PASS  time=  0.453s  status=Exact solution     len=  1.856  endpoints_valid=True  collision=False  over_limit=False
[240] PASS  time=  1.010s  status=Exact solution     len=  4.407  endpoints_valid=True  collision=False  over_limit=False
[241] PASS  time=  0.739s  status=Exact solution     len=  5.353  endpoints_valid=True  collision=False  over_limit=False
[242] PASS  time=  0.303s  status=Exact solution     len=  3.387  endpoints_valid=True  collision=False  over_limit=False
[243] PASS  time=  0.235s  status=Exact solution     len=  2.105  endpoints_valid=True  collision=False  over_limit=False
[244] PASS  time=  0.661s  status=Exact solution     len=  4.067  endpoints_valid=True  collision=False  over_limit=False
[245] PASS  time=  0.873s  status=Exact solution     len=  4.539  endpoints_valid=True  collision=False  over_limit=False
[246] PASS  time=  0.320s  status=Exact solution     len=  2.453  endpoints_valid=True  collision=False  over_limit=False
[247] PASS  time=  0.813s  status=Exact solution     len=  3.982  endpoints_valid=True  collision=False  over_limit=False
[248] PASS  time=  0.312s  status=Exact solution     len=  2.857  endpoints_valid=True  collision=False  over_limit=False
[249] PASS  time=  0.088s  status=Exact solution     len=  0.946  endpoints_valid=True  collision=False  over_limit=False
[250] PASS  time=  0.355s  status=Exact solution     len=  4.848  endpoints_valid=True  collision=False  over_limit=False
[251] PASS  time=  0.193s  status=Exact solution     len=  1.347  endpoints_valid=True  collision=False  over_limit=False
[252] PASS  time=  0.705s  status=Exact solution     len=  3.030  endpoints_valid=True  collision=False  over_limit=False
[253] PASS  time=  0.179s  status=Exact solution     len=  2.126  endpoints_valid=True  collision=False  over_limit=False
[254] PASS  time=  0.666s  status=Exact solution     len=  2.016  endpoints_valid=True  collision=False  over_limit=False
[255] PASS  time=  0.410s  status=Exact solution     len=  3.275  endpoints_valid=True  collision=False  over_limit=False
[256] PASS  time=  0.225s  status=Exact solution     len=  2.499  endpoints_valid=True  collision=False  over_limit=False
[257] PASS  time=  0.149s  status=Exact solution     len=  2.265  endpoints_valid=True  collision=False  over_limit=False
[258] PASS  time=  0.750s  status=Exact solution     len=  5.342  endpoints_valid=True  collision=False  over_limit=False
[259] PASS  time=  0.475s  status=Exact solution     len=  2.589  endpoints_valid=True  collision=False  over_limit=False
[260] PASS  time=  0.182s  status=Exact solution     len=  2.144  endpoints_valid=True  collision=False  over_limit=False
[261] PASS  time=  0.529s  status=Exact solution     len=  5.078  endpoints_valid=True  collision=False  over_limit=False
[262] PASS  time=  0.302s  status=Exact solution     len=  2.689  endpoints_valid=True  collision=False  over_limit=False
[263] PASS  time=  1.041s  status=Exact solution     len=  3.933  endpoints_valid=True  collision=False  over_limit=False
[264] PASS  time=  0.108s  status=Exact solution     len=  1.319  endpoints_valid=True  collision=False  over_limit=False
[265] PASS  time=  0.222s  status=Exact solution     len=  3.127  endpoints_valid=True  collision=False  over_limit=False
[266] PASS  time=  0.043s  status=Exact solution     len=  2.148  endpoints_valid=True  collision=False  over_limit=False
[267] PASS  time=  0.171s  status=Exact solution     len=  2.408  endpoints_valid=True  collision=False  over_limit=False
[268] PASS  time=  0.505s  status=Exact solution     len=  3.822  endpoints_valid=True  collision=False  over_limit=False
[269] PASS  time=  0.760s  status=Exact solution     len=  3.455  endpoints_valid=True  collision=False  over_limit=False
[270] PASS  time=  0.069s  status=Exact solution     len=  2.079  endpoints_valid=True  collision=False  over_limit=False
[271] PASS  time=  1.088s  status=Exact solution     len=  3.614  endpoints_valid=True  collision=False  over_limit=False
[272] PASS  time=  0.859s  status=Exact solution     len=  3.931  endpoints_valid=True  collision=False  over_limit=False
[273] PASS  time=  0.682s  status=Exact solution     len=  3.951  endpoints_valid=True  collision=False  over_limit=False
[274] PASS  time=  0.088s  status=Exact solution     len=  2.074  endpoints_valid=True  collision=False  over_limit=False
[275] PASS  time=  0.427s  status=Exact solution     len=  3.333  endpoints_valid=True  collision=False  over_limit=False
[276] PASS  time=  0.235s  status=Exact solution     len=  2.599  endpoints_valid=True  collision=False  over_limit=False
[277] PASS  time=  0.078s  status=Exact solution     len=  2.080  endpoints_valid=True  collision=False  over_limit=False
[278] PASS  time=  1.228s  status=Exact solution     len=  5.292  endpoints_valid=True  collision=False  over_limit=False
[279] PASS  time=  0.129s  status=Exact solution     len=  1.529  endpoints_valid=True  collision=False  over_limit=False
[280] PASS  time=  1.013s  status=Exact solution     len=  4.311  endpoints_valid=True  collision=False  over_limit=False
[281] PASS  time=  0.598s  status=Exact solution     len=  3.545  endpoints_valid=True  collision=False  over_limit=False
[282] PASS  time=  0.397s  status=Exact solution     len=  3.382  endpoints_valid=True  collision=False  over_limit=False
[283] PASS  time=  0.061s  status=Exact solution     len=  1.256  endpoints_valid=True  collision=False  over_limit=False
[284] PASS  time=  0.314s  status=Exact solution     len=  2.220  endpoints_valid=True  collision=False  over_limit=False
[285] PASS  time=  0.585s  status=Exact solution     len=  3.071  endpoints_valid=True  collision=False  over_limit=False
[286] PASS  time=  0.092s  status=Exact solution     len=  2.153  endpoints_valid=True  collision=False  over_limit=False
[287] PASS  time=  0.282s  status=Exact solution     len=  3.711  endpoints_valid=True  collision=False  over_limit=False
[288] PASS  time=  0.660s  status=Exact solution     len=  5.033  endpoints_valid=True  collision=False  over_limit=False
[289] PASS  time=  0.483s  status=Exact solution     len=  2.672  endpoints_valid=True  collision=False  over_limit=False
[290] PASS  time=  0.883s  status=Exact solution     len=  5.705  endpoints_valid=True  collision=False  over_limit=False
[291] PASS  time=  0.140s  status=Exact solution     len=  2.214  endpoints_valid=True  collision=False  over_limit=False
[292] PASS  time=  0.478s  status=Exact solution     len=  2.721  endpoints_valid=True  collision=False  over_limit=False
[293] PASS  time=  0.249s  status=Exact solution     len=  2.174  endpoints_valid=True  collision=False  over_limit=False
[294] PASS  time=  0.380s  status=Exact solution     len=  3.861  endpoints_valid=True  collision=False  over_limit=False
[295] PASS  time=  0.355s  status=Exact solution     len=  2.716  endpoints_valid=True  collision=False  over_limit=False
[296] PASS  time=  0.089s  status=Exact solution     len=  2.239  endpoints_valid=True  collision=False  over_limit=False
[297] PASS  time=  0.479s  status=Exact solution     len=  2.946  endpoints_valid=True  collision=False  over_limit=False
[298] PASS  time=  0.129s  status=Exact solution     len=  2.388  endpoints_valid=True  collision=False  over_limit=False
[299] PASS  time=  0.388s  status=Exact solution     len=  2.877  endpoints_valid=True  collision=False  over_limit=False
[300] PASS  time=  0.189s  status=Exact solution     len=  1.859  endpoints_valid=True  collision=False  over_limit=False
[301] PASS  time=  1.298s  status=Exact solution     len=  5.126  endpoints_valid=True  collision=False  over_limit=False
[302] PASS  time=  0.361s  status=Exact solution     len=  3.826  endpoints_valid=True  collision=False  over_limit=False
[303] PASS  time=  0.324s  status=Exact solution     len=  2.987  endpoints_valid=True  collision=False  over_limit=False
[304] PASS  time=  0.367s  status=Exact solution     len=  2.204  endpoints_valid=True  collision=False  over_limit=False
[305] PASS  time=  1.042s  status=Exact solution     len=  4.204  endpoints_valid=True  collision=False  over_limit=False
[306] PASS  time=  0.106s  status=Exact solution     len=  2.630  endpoints_valid=True  collision=False  over_limit=False
[307] PASS  time=  0.336s  status=Exact solution     len=  2.828  endpoints_valid=True  collision=False  over_limit=False
[308] PASS  time=  0.213s  status=Exact solution     len=  1.962  endpoints_valid=True  collision=False  over_limit=False
[309] PASS  time=  0.783s  status=Exact solution     len=  4.193  endpoints_valid=True  collision=False  over_limit=False
[310] PASS  time=  0.249s  status=Exact solution     len=  3.140  endpoints_valid=True  collision=False  over_limit=False
[311] PASS  time=  0.509s  status=Exact solution     len=  2.908  endpoints_valid=True  collision=False  over_limit=False
[312] PASS  time=  0.085s  status=Exact solution     len=  2.381  endpoints_valid=True  collision=False  over_limit=False
[313] PASS  time=  0.263s  status=Exact solution     len=  2.502  endpoints_valid=True  collision=False  over_limit=False
[314] PASS  time=  0.259s  status=Exact solution     len=  1.838  endpoints_valid=True  collision=False  over_limit=False
[315] PASS  time=  0.769s  status=Exact solution     len=  4.098  endpoints_valid=True  collision=False  over_limit=False
[316] PASS  time=  0.629s  status=Exact solution     len=  2.918  endpoints_valid=True  collision=False  over_limit=False
[317] PASS  time=  0.600s  status=Exact solution     len=  4.015  endpoints_valid=True  collision=False  over_limit=False
[318] PASS  time=  0.390s  status=Exact solution     len=  4.146  endpoints_valid=True  collision=False  over_limit=False
[319] PASS  time=  0.496s  status=Exact solution     len=  2.433  endpoints_valid=True  collision=False  over_limit=False
[320] PASS  time=  0.586s  status=Exact solution     len=  3.243  endpoints_valid=True  collision=False  over_limit=False
[321] PASS  time=  0.174s  status=Exact solution     len=  2.290  endpoints_valid=True  collision=False  over_limit=False
[322] PASS  time=  0.103s  status=Exact solution     len=  2.391  endpoints_valid=True  collision=False  over_limit=False
[323] PASS  time=  0.404s  status=Exact solution     len=  3.567  endpoints_valid=True  collision=False  over_limit=False
[324] PASS  time=  1.148s  status=Exact solution     len=  2.939  endpoints_valid=True  collision=False  over_limit=False
[325] PASS  time=  0.486s  status=Exact solution     len=  3.006  endpoints_valid=True  collision=False  over_limit=False
[326] PASS  time=  0.321s  status=Exact solution     len=  3.180  endpoints_valid=True  collision=False  over_limit=False
[327] PASS  time=  0.163s  status=Exact solution     len=  1.927  endpoints_valid=True  collision=False  over_limit=False
[328] PASS  time=  0.237s  status=Exact solution     len=  2.259  endpoints_valid=True  collision=False  over_limit=False
[329] PASS  time=  0.899s  status=Exact solution     len=  4.670  endpoints_valid=True  collision=False  over_limit=False
[330] PASS  time=  0.056s  status=Exact solution     len=  1.799  endpoints_valid=True  collision=False  over_limit=False
[331] PASS  time=  0.367s  status=Exact solution     len=  1.674  endpoints_valid=True  collision=False  over_limit=False
[332] PASS  time=  0.825s  status=Exact solution     len=  2.858  endpoints_valid=True  collision=False  over_limit=False
[333] PASS  time=  0.092s  status=Exact solution     len=  1.438  endpoints_valid=True  collision=False  over_limit=False
[334] PASS  time=  0.848s  status=Exact solution     len=  3.871  endpoints_valid=True  collision=False  over_limit=False
[335] PASS  time=  0.083s  status=Exact solution     len=  1.857  endpoints_valid=True  collision=False  over_limit=False
[336] PASS  time=  0.096s  status=Exact solution     len=  2.070  endpoints_valid=True  collision=False  over_limit=False
[337] PASS  time=  0.709s  status=Exact solution     len=  3.533  endpoints_valid=True  collision=False  over_limit=False
[338] PASS  time=  0.210s  status=Exact solution     len=  1.984  endpoints_valid=True  collision=False  over_limit=False
[339] PASS  time=  1.356s  status=Exact solution     len=  4.177  endpoints_valid=True  collision=False  over_limit=False
[340] PASS  time=  0.768s  status=Exact solution     len=  3.289  endpoints_valid=True  collision=False  over_limit=False
[341] PASS  time=  0.242s  status=Exact solution     len=  2.219  endpoints_valid=True  collision=False  over_limit=False
[342] PASS  time=  1.530s  status=Exact solution     len=  4.482  endpoints_valid=True  collision=False  over_limit=False
[343] PASS  time=  0.525s  status=Exact solution     len=  4.525  endpoints_valid=True  collision=False  over_limit=False
[344] PASS  time=  0.488s  status=Exact solution     len=  3.092  endpoints_valid=True  collision=False  over_limit=False
[345] PASS  time=  0.561s  status=Exact solution     len=  4.600  endpoints_valid=True  collision=False  over_limit=False
[346] PASS  time=  0.109s  status=Exact solution     len=  2.525  endpoints_valid=True  collision=False  over_limit=False
[347] PASS  time=  0.325s  status=Exact solution     len=  2.244  endpoints_valid=True  collision=False  over_limit=False
[348] PASS  time=  0.156s  status=Exact solution     len=  1.217  endpoints_valid=True  collision=False  over_limit=False
[349] PASS  time=  0.694s  status=Exact solution     len=  3.066  endpoints_valid=True  collision=False  over_limit=False
[350] PASS  time=  0.449s  status=Exact solution     len=  3.044  endpoints_valid=True  collision=False  over_limit=False
[351] PASS  time=  0.150s  status=Exact solution     len=  3.076  endpoints_valid=True  collision=False  over_limit=False
[352] PASS  time=  0.223s  status=Exact solution     len=  2.723  endpoints_valid=True  collision=False  over_limit=False
[353] PASS  time=  0.280s  status=Exact solution     len=  3.093  endpoints_valid=True  collision=False  over_limit=False
[354] PASS  time=  0.025s  status=Exact solution     len=  1.622  endpoints_valid=True  collision=False  over_limit=False
[355] PASS  time=  0.605s  status=Exact solution     len=  4.082  endpoints_valid=True  collision=False  over_limit=False
[356] PASS  time=  0.204s  status=Exact solution     len=  2.309  endpoints_valid=True  collision=False  over_limit=False
[357] PASS  time=  0.443s  status=Exact solution     len=  2.447  endpoints_valid=True  collision=False  over_limit=False
[358] PASS  time=  0.524s  status=Exact solution     len=  2.944  endpoints_valid=True  collision=False  over_limit=False
[359] PASS  time=  0.156s  status=Exact solution     len=  2.087  endpoints_valid=True  collision=False  over_limit=False
[360] PASS  time=  0.269s  status=Exact solution     len=  2.681  endpoints_valid=True  collision=False  over_limit=False
[361] PASS  time=  0.290s  status=Exact solution     len=  2.704  endpoints_valid=True  collision=False  over_limit=False
[362] PASS  time=  0.122s  status=Exact solution     len=  1.760  endpoints_valid=True  collision=False  over_limit=False
[363] PASS  time=  0.466s  status=Exact solution     len=  5.927  endpoints_valid=True  collision=False  over_limit=False
[364] PASS  time=  0.286s  status=Exact solution     len=  2.956  endpoints_valid=True  collision=False  over_limit=False
[365] PASS  time=  0.749s  status=Exact solution     len=  3.652  endpoints_valid=True  collision=False  over_limit=False
[366] PASS  time=  0.434s  status=Exact solution     len=  3.949  endpoints_valid=True  collision=False  over_limit=False
[367] PASS  time=  0.790s  status=Exact solution     len=  5.633  endpoints_valid=True  collision=False  over_limit=False
[368] PASS  time=  0.201s  status=Exact solution     len=  2.067  endpoints_valid=True  collision=False  over_limit=False
[369] PASS  time=  0.252s  status=Exact solution     len=  2.003  endpoints_valid=True  collision=False  over_limit=False
[370] PASS  time=  0.210s  status=Exact solution     len=  2.021  endpoints_valid=True  collision=False  over_limit=False
[371] PASS  time=  0.564s  status=Exact solution     len=  3.138  endpoints_valid=True  collision=False  over_limit=False
[372] PASS  time=  1.475s  status=Exact solution     len=  2.148  endpoints_valid=True  collision=False  over_limit=False
[373] PASS  time=  0.174s  status=Exact solution     len=  2.139  endpoints_valid=True  collision=False  over_limit=False
[374] PASS  time=  0.522s  status=Exact solution     len=  3.875  endpoints_valid=True  collision=False  over_limit=False
[375] PASS  time=  0.253s  status=Exact solution     len=  2.054  endpoints_valid=True  collision=False  over_limit=False
[376] PASS  time=  0.059s  status=Exact solution     len=  1.724  endpoints_valid=True  collision=False  over_limit=False
[377] PASS  time=  0.572s  status=Exact solution     len=  4.310  endpoints_valid=True  collision=False  over_limit=False
[378] PASS  time=  0.085s  status=Exact solution     len=  1.406  endpoints_valid=True  collision=False  over_limit=False
[379] PASS  time=  2.024s  status=Exact solution     len=  5.497  endpoints_valid=True  collision=False  over_limit=False
[380] PASS  time=  0.074s  status=Exact solution     len=  1.728  endpoints_valid=True  collision=False  over_limit=False
[381] PASS  time=  0.082s  status=Exact solution     len=  1.767  endpoints_valid=True  collision=False  over_limit=False
[382] PASS  time=  0.441s  status=Exact solution     len=  1.811  endpoints_valid=True  collision=False  over_limit=False
[383] PASS  time=  0.169s  status=Exact solution     len=  3.642  endpoints_valid=True  collision=False  over_limit=False
[384] PASS  time=  0.130s  status=Exact solution     len=  2.395  endpoints_valid=True  collision=False  over_limit=False
[385] PASS  time=  0.313s  status=Exact solution     len=  3.820  endpoints_valid=True  collision=False  over_limit=False
[386] PASS  time=  0.106s  status=Exact solution     len=  2.052  endpoints_valid=True  collision=False  over_limit=False
[387] PASS  time=  0.508s  status=Exact solution     len=  2.491  endpoints_valid=True  collision=False  over_limit=False
[388] PASS  time=  0.042s  status=Exact solution     len=  1.479  endpoints_valid=True  collision=False  over_limit=False
[389] PASS  time=  0.544s  status=Exact solution     len=  3.229  endpoints_valid=True  collision=False  over_limit=False
[390] PASS  time=  0.039s  status=Exact solution     len=  2.163  endpoints_valid=True  collision=False  over_limit=False
[391] PASS  time=  0.100s  status=Exact solution     len=  2.006  endpoints_valid=True  collision=False  over_limit=False
[392] PASS  time=  0.292s  status=Exact solution     len=  1.548  endpoints_valid=True  collision=False  over_limit=False
[393] PASS  time=  0.933s  status=Exact solution     len=  2.870  endpoints_valid=True  collision=False  over_limit=False
[394] PASS  time=  0.163s  status=Exact solution     len=  1.983  endpoints_valid=True  collision=False  over_limit=False
[395] PASS  time=  0.616s  status=Exact solution     len=  3.535  endpoints_valid=True  collision=False  over_limit=False
[396] PASS  time=  0.408s  status=Exact solution     len=  3.517  endpoints_valid=True  collision=False  over_limit=False
[397] PASS  time=  0.316s  status=Exact solution     len=  1.887  endpoints_valid=True  collision=False  over_limit=False
[398] PASS  time=  0.059s  status=Exact solution     len=  0.939  endpoints_valid=True  collision=False  over_limit=False
[399] PASS  time=  0.299s  status=Exact solution     len=  2.488  endpoints_valid=True  collision=False  over_limit=False
[400] PASS  time=  0.129s  status=Exact solution     len=  1.942  endpoints_valid=True  collision=False  over_limit=False
[401] PASS  time=  0.941s  status=Exact solution     len=  3.419  endpoints_valid=True  collision=False  over_limit=False
[402] PASS  time=  0.112s  status=Exact solution     len=  2.252  endpoints_valid=True  collision=False  over_limit=False
[403] PASS  time=  0.145s  status=Exact solution     len=  1.860  endpoints_valid=True  collision=False  over_limit=False
[404] PASS  time=  0.177s  status=Exact solution     len=  1.943  endpoints_valid=True  collision=False  over_limit=False
[405] PASS  time=  0.348s  status=Exact solution     len=  2.759  endpoints_valid=True  collision=False  over_limit=False
[406] PASS  time=  0.765s  status=Exact solution     len=  3.556  endpoints_valid=True  collision=False  over_limit=False
[407] PASS  time=  0.148s  status=Exact solution     len=  2.304  endpoints_valid=True  collision=False  over_limit=False
[408] PASS  time=  0.360s  status=Exact solution     len=  2.582  endpoints_valid=True  collision=False  over_limit=False
[409] PASS  time=  1.015s  status=Exact solution     len=  3.427  endpoints_valid=True  collision=False  over_limit=False
[410] PASS  time=  0.137s  status=Exact solution     len=  1.373  endpoints_valid=True  collision=False  over_limit=False
[411] PASS  time=  0.544s  status=Exact solution     len=  3.273  endpoints_valid=True  collision=False  over_limit=False
[412] PASS  time=  0.105s  status=Exact solution     len=  2.116  endpoints_valid=True  collision=False  over_limit=False
[413] PASS  time=  0.097s  status=Exact solution     len=  1.374  endpoints_valid=True  collision=False  over_limit=False
[414] PASS  time=  0.950s  status=Exact solution     len=  3.834  endpoints_valid=True  collision=False  over_limit=False
[415] PASS  time=  0.509s  status=Exact solution     len=  4.284  endpoints_valid=True  collision=False  over_limit=False
[416] PASS  time=  0.287s  status=Exact solution     len=  2.187  endpoints_valid=True  collision=False  over_limit=False
[417] PASS  time=  1.372s  status=Exact solution     len=  5.125  endpoints_valid=True  collision=False  over_limit=False
[418] PASS  time=  0.444s  status=Exact solution     len=  3.467  endpoints_valid=True  collision=False  over_limit=False
[419] PASS  time=  0.408s  status=Exact solution     len=  3.029  endpoints_valid=True  collision=False  over_limit=False
[420] PASS  time=  0.195s  status=Exact solution     len=  1.950  endpoints_valid=True  collision=False  over_limit=False
[421] PASS  time=  0.652s  status=Exact solution     len=  2.870  endpoints_valid=True  collision=False  over_limit=False
[422] PASS  time=  0.220s  status=Exact solution     len=  1.581  endpoints_valid=True  collision=False  over_limit=False
[423] PASS  time=  0.208s  status=Exact solution     len=  1.898  endpoints_valid=True  collision=False  over_limit=False
[424] PASS  time=  0.303s  status=Exact solution     len=  3.180  endpoints_valid=True  collision=False  over_limit=False
[425] PASS  time=  0.262s  status=Exact solution     len=  2.837  endpoints_valid=True  collision=False  over_limit=False
[426] PASS  time=  1.110s  status=Exact solution     len=  5.607  endpoints_valid=True  collision=False  over_limit=False
[427] PASS  time=  0.624s  status=Exact solution     len=  3.665  endpoints_valid=True  collision=False  over_limit=False
[428] PASS  time=  0.128s  status=Exact solution     len=  1.631  endpoints_valid=True  collision=False  over_limit=False
[429] PASS  time=  1.383s  status=Exact solution     len=  6.136  endpoints_valid=True  collision=False  over_limit=False
[430] PASS  time=  0.430s  status=Exact solution     len=  1.792  endpoints_valid=True  collision=False  over_limit=False
[431] PASS  time=  0.179s  status=Exact solution     len=  1.416  endpoints_valid=True  collision=False  over_limit=False
[432] PASS  time=  0.215s  status=Exact solution     len=  2.435  endpoints_valid=True  collision=False  over_limit=False
[433] PASS  time=  0.087s  status=Exact solution     len=  2.083  endpoints_valid=True  collision=False  over_limit=False
[434] PASS  time=  0.309s  status=Exact solution     len=  2.467  endpoints_valid=True  collision=False  over_limit=False
[435] PASS  time=  1.409s  status=Exact solution     len=  6.060  endpoints_valid=True  collision=False  over_limit=False
[436] PASS  time=  0.240s  status=Exact solution     len=  2.624  endpoints_valid=True  collision=False  over_limit=False
[437] PASS  time=  0.309s  status=Exact solution     len=  2.027  endpoints_valid=True  collision=False  over_limit=False
[438] PASS  time=  1.015s  status=Exact solution     len=  4.588  endpoints_valid=True  collision=False  over_limit=False
[439] PASS  time=  0.226s  status=Exact solution     len=  2.569  endpoints_valid=True  collision=False  over_limit=False
[440] PASS  time=  1.146s  status=Exact solution     len=  3.869  endpoints_valid=True  collision=False  over_limit=False
[441] PASS  time=  0.732s  status=Exact solution     len=  4.433  endpoints_valid=True  collision=False  over_limit=False
[442] PASS  time=  0.490s  status=Exact solution     len=  6.085  endpoints_valid=True  collision=False  over_limit=False
[443] PASS  time=  0.977s  status=Exact solution     len=  4.362  endpoints_valid=True  collision=False  over_limit=False
[444] PASS  time=  0.461s  status=Exact solution     len=  2.512  endpoints_valid=True  collision=False  over_limit=False
[445] PASS  time=  0.153s  status=Exact solution     len=  2.066  endpoints_valid=True  collision=False  over_limit=False
[446] PASS  time=  0.479s  status=Exact solution     len=  3.794  endpoints_valid=True  collision=False  over_limit=False
[447] PASS  time=  0.933s  status=Exact solution     len=  5.400  endpoints_valid=True  collision=False  over_limit=False
[448] PASS  time=  0.717s  status=Exact solution     len=  3.773  endpoints_valid=True  collision=False  over_limit=False
[449] PASS  time=  0.146s  status=Exact solution     len=  2.248  endpoints_valid=True  collision=False  over_limit=False
[450] PASS  time=  0.548s  status=Exact solution     len=  4.168  endpoints_valid=True  collision=False  over_limit=False
[451] PASS  time=  0.098s  status=Exact solution     len=  1.831  endpoints_valid=True  collision=False  over_limit=False
[452] PASS  time=  1.375s  status=Exact solution     len=  5.644  endpoints_valid=True  collision=False  over_limit=False
[453] PASS  time=  0.521s  status=Exact solution     len=  3.953  endpoints_valid=True  collision=False  over_limit=False
[454] PASS  time=  0.663s  status=Exact solution     len=  4.591  endpoints_valid=True  collision=False  over_limit=False
[455] PASS  time=  0.415s  status=Exact solution     len=  2.861  endpoints_valid=True  collision=False  over_limit=False
[456] PASS  time=  0.695s  status=Exact solution     len=  5.039  endpoints_valid=True  collision=False  over_limit=False
[457] PASS  time=  0.248s  status=Exact solution     len=  2.636  endpoints_valid=True  collision=False  over_limit=False
[458] PASS  time=  0.166s  status=Exact solution     len=  1.767  endpoints_valid=True  collision=False  over_limit=False
[459] PASS  time=  0.792s  status=Exact solution     len=  3.785  endpoints_valid=True  collision=False  over_limit=False
[460] PASS  time=  0.123s  status=Exact solution     len=  1.702  endpoints_valid=True  collision=False  over_limit=False
[461] PASS  time=  0.177s  status=Exact solution     len=  2.944  endpoints_valid=True  collision=False  over_limit=False
[462] PASS  time=  1.427s  status=Exact solution     len=  7.619  endpoints_valid=True  collision=False  over_limit=False
[463] PASS  time=  0.455s  status=Exact solution     len=  2.730  endpoints_valid=True  collision=False  over_limit=False
[464] PASS  time=  0.607s  status=Exact solution     len=  3.524  endpoints_valid=True  collision=False  over_limit=False
[465] PASS  time=  0.469s  status=Exact solution     len=  2.285  endpoints_valid=True  collision=False  over_limit=False
[466] PASS  time=  0.102s  status=Exact solution     len=  2.303  endpoints_valid=True  collision=False  over_limit=False
[467] PASS  time=  0.191s  status=Exact solution     len=  2.060  endpoints_valid=True  collision=False  over_limit=False
[468] PASS  time=  0.381s  status=Exact solution     len=  2.835  endpoints_valid=True  collision=False  over_limit=False
[469] PASS  time=  0.166s  status=Exact solution     len=  1.883  endpoints_valid=True  collision=False  over_limit=False
[470] PASS  time=  0.157s  status=Exact solution     len=  2.468  endpoints_valid=True  collision=False  over_limit=False
[471] PASS  time=  0.223s  status=Exact solution     len=  2.615  endpoints_valid=True  collision=False  over_limit=False
[472] PASS  time=  1.650s  status=Exact solution     len=  7.939  endpoints_valid=True  collision=False  over_limit=False
[473] PASS  time=  0.094s  status=Exact solution     len=  1.749  endpoints_valid=True  collision=False  over_limit=False
[474] PASS  time=  0.079s  status=Exact solution     len=  2.155  endpoints_valid=True  collision=False  over_limit=False
[475] PASS  time=  0.423s  status=Exact solution     len=  1.922  endpoints_valid=True  collision=False  over_limit=False
[476] PASS  time=  0.029s  status=Exact solution     len=  1.180  endpoints_valid=True  collision=False  over_limit=False
[477] PASS  time=  0.450s  status=Exact solution     len=  2.433  endpoints_valid=True  collision=False  over_limit=False
[478] PASS  time=  0.269s  status=Exact solution     len=  1.766  endpoints_valid=True  collision=False  over_limit=False
[479] PASS  time=  0.502s  status=Exact solution     len=  2.860  endpoints_valid=True  collision=False  over_limit=False
[480] PASS  time=  0.149s  status=Exact solution     len=  1.614  endpoints_valid=True  collision=False  over_limit=False
[481] PASS  time=  0.421s  status=Exact solution     len=  3.322  endpoints_valid=True  collision=False  over_limit=False
[482] PASS  time=  0.494s  status=Exact solution     len=  4.151  endpoints_valid=True  collision=False  over_limit=False
[483] PASS  time=  0.186s  status=Exact solution     len=  1.667  endpoints_valid=True  collision=False  over_limit=False
[484] PASS  time=  0.167s  status=Exact solution     len=  1.953  endpoints_valid=True  collision=False  over_limit=False
[485] PASS  time=  0.219s  status=Exact solution     len=  3.324  endpoints_valid=True  collision=False  over_limit=False
[486] PASS  time=  0.150s  status=Exact solution     len=  1.711  endpoints_valid=True  collision=False  over_limit=False
[487] PASS  time=  0.286s  status=Exact solution     len=  1.755  endpoints_valid=True  collision=False  over_limit=False
[488] PASS  time=  0.588s  status=Exact solution     len=  3.368  endpoints_valid=True  collision=False  over_limit=False
[489] PASS  time=  0.574s  status=Exact solution     len=  4.316  endpoints_valid=True  collision=False  over_limit=False
[490] PASS  time=  0.411s  status=Exact solution     len=  2.259  endpoints_valid=True  collision=False  over_limit=False
[491] PASS  time=  0.332s  status=Exact solution     len=  2.417  endpoints_valid=True  collision=False  over_limit=False
[492] PASS  time=  0.164s  status=Exact solution     len=  2.341  endpoints_valid=True  collision=False  over_limit=False
[493] PASS  time=  1.450s  status=Exact solution     len=  4.350  endpoints_valid=True  collision=False  over_limit=False
[494] PASS  time=  0.160s  status=Exact solution     len=  2.257  endpoints_valid=True  collision=False  over_limit=False
[495] PASS  time=  0.092s  status=Exact solution     len=  1.209  endpoints_valid=True  collision=False  over_limit=False
[496] PASS  time=  0.590s  status=Exact solution     len=  3.479  endpoints_valid=True  collision=False  over_limit=False
[497] PASS  time=  0.632s  status=Exact solution     len=  2.390  endpoints_valid=True  collision=False  over_limit=False
[498] PASS  time=  0.144s  status=Exact solution     len=  1.299  endpoints_valid=True  collision=False  over_limit=False
[499] PASS  time=  0.611s  status=Exact solution     len=  3.108  endpoints_valid=True  collision=False  over_limit=False
[500] PASS  time=  0.163s  status=Exact solution     len=  1.147  endpoints_valid=True  collision=False  over_limit=False
[501] PASS  time=  0.605s  status=Exact solution     len=  3.242  endpoints_valid=True  collision=False  over_limit=False
[502] PASS  time=  0.570s  status=Exact solution     len=  3.396  endpoints_valid=True  collision=False  over_limit=False
[503] PASS  time=  0.118s  status=Exact solution     len=  1.430  endpoints_valid=True  collision=False  over_limit=False
[504] PASS  time=  0.324s  status=Exact solution     len=  2.247  endpoints_valid=True  collision=False  over_limit=False
[505] PASS  time=  0.740s  status=Exact solution     len=  2.374  endpoints_valid=True  collision=False  over_limit=False
[506] PASS  time=  0.525s  status=Exact solution     len=  4.588  endpoints_valid=True  collision=False  over_limit=False
[507] PASS  time=  0.265s  status=Exact solution     len=  2.802  endpoints_valid=True  collision=False  over_limit=False
[508] PASS  time=  0.338s  status=Exact solution     len=  3.754  endpoints_valid=True  collision=False  over_limit=False
[509] PASS  time=  0.121s  status=Exact solution     len=  1.566  endpoints_valid=True  collision=False  over_limit=False
[510] PASS  time=  0.660s  status=Exact solution     len=  5.240  endpoints_valid=True  collision=False  over_limit=False
[511] PASS  time=  0.244s  status=Exact solution     len=  1.636  endpoints_valid=True  collision=False  over_limit=False
[512] PASS  time=  0.139s  status=Exact solution     len=  2.110  endpoints_valid=True  collision=False  over_limit=False
[513] PASS  time=  0.780s  status=Exact solution     len=  3.040  endpoints_valid=True  collision=False  over_limit=False
[514] PASS  time=  0.676s  status=Exact solution     len=  3.990  endpoints_valid=True  collision=False  over_limit=False
[515] PASS  time=  0.450s  status=Exact solution     len=  4.379  endpoints_valid=True  collision=False  over_limit=False
[516] PASS  time=  0.378s  status=Exact solution     len=  3.374  endpoints_valid=True  collision=False  over_limit=False
[517] PASS  time=  0.682s  status=Exact solution     len=  4.027  endpoints_valid=True  collision=False  over_limit=False
[518] PASS  time=  0.269s  status=Exact solution     len=  2.643  endpoints_valid=True  collision=False  over_limit=False
[519] PASS  time=  0.206s  status=Exact solution     len=  2.959  endpoints_valid=True  collision=False  over_limit=False
[520] PASS  time=  0.965s  status=Exact solution     len=  1.746  endpoints_valid=True  collision=False  over_limit=False
[521] PASS  time=  0.330s  status=Exact solution     len=  3.107  endpoints_valid=True  collision=False  over_limit=False
[522] PASS  time=  0.272s  status=Exact solution     len=  3.229  endpoints_valid=True  collision=False  over_limit=False
[523] PASS  time=  0.184s  status=Exact solution     len=  1.769  endpoints_valid=True  collision=False  over_limit=False
[524] PASS  time=  0.217s  status=Exact solution     len=  1.829  endpoints_valid=True  collision=False  over_limit=False
[525] PASS  time=  1.108s  status=Exact solution     len=  7.323  endpoints_valid=True  collision=False  over_limit=False
[526] PASS  time=  0.409s  status=Exact solution     len=  3.398  endpoints_valid=True  collision=False  over_limit=False
[527] PASS  time=  0.206s  status=Exact solution     len=  2.211  endpoints_valid=True  collision=False  over_limit=False
[528] PASS  time=  0.208s  status=Exact solution     len=  1.278  endpoints_valid=True  collision=False  over_limit=False
[529] PASS  time=  0.547s  status=Exact solution     len=  3.435  endpoints_valid=True  collision=False  over_limit=False
[530] PASS  time=  0.081s  status=Exact solution     len=  2.354  endpoints_valid=True  collision=False  over_limit=False
[531] PASS  time=  0.795s  status=Exact solution     len=  5.776  endpoints_valid=True  collision=False  over_limit=False
[532] PASS  time=  0.709s  status=Exact solution     len=  4.223  endpoints_valid=True  collision=False  over_limit=False
[533] PASS  time=  0.061s  status=Exact solution     len=  1.443  endpoints_valid=True  collision=False  over_limit=False
[534] PASS  time=  0.316s  status=Exact solution     len=  2.449  endpoints_valid=True  collision=False  over_limit=False
[535] PASS  time=  0.203s  status=Exact solution     len=  3.613  endpoints_valid=True  collision=False  over_limit=False
[536] PASS  time=  0.149s  status=Exact solution     len=  1.913  endpoints_valid=True  collision=False  over_limit=False
[537] PASS  time=  0.199s  status=Exact solution     len=  1.752  endpoints_valid=True  collision=False  over_limit=False
[538] PASS  time=  0.585s  status=Exact solution     len=  3.217  endpoints_valid=True  collision=False  over_limit=False
[539] PASS  time=  0.217s  status=Exact solution     len=  1.472  endpoints_valid=True  collision=False  over_limit=False
[540] PASS  time=  0.661s  status=Exact solution     len=  3.644  endpoints_valid=True  collision=False  over_limit=False
[541] PASS  time=  0.393s  status=Exact solution     len=  2.975  endpoints_valid=True  collision=False  over_limit=False
[542] PASS  time=  1.372s  status=Exact solution     len=  3.006  endpoints_valid=True  collision=False  over_limit=False
[543] PASS  time=  0.294s  status=Exact solution     len=  2.252  endpoints_valid=True  collision=False  over_limit=False
[544] PASS  time=  1.232s  status=Exact solution     len=  5.492  endpoints_valid=True  collision=False  over_limit=False
[545] PASS  time=  0.308s  status=Exact solution     len=  1.799  endpoints_valid=True  collision=False  over_limit=False
[546] PASS  time=  0.295s  status=Exact solution     len=  2.041  endpoints_valid=True  collision=False  over_limit=False
[547] PASS  time=  0.336s  status=Exact solution     len=  2.759  endpoints_valid=True  collision=False  over_limit=False
[548] PASS  time=  0.221s  status=Exact solution     len=  1.701  endpoints_valid=True  collision=False  over_limit=False
[549] PASS  time=  0.511s  status=Exact solution     len=  4.064  endpoints_valid=True  collision=False  over_limit=False
[550] PASS  time=  0.036s  status=Exact solution     len=  1.998  endpoints_valid=True  collision=False  over_limit=False
[551] PASS  time=  0.336s  status=Exact solution     len=  3.354  endpoints_valid=True  collision=False  over_limit=False
[552] PASS  time=  0.585s  status=Exact solution     len=  3.723  endpoints_valid=True  collision=False  over_limit=False
[553] PASS  time=  0.174s  status=Exact solution     len=  1.511  endpoints_valid=True  collision=False  over_limit=False
[554] PASS  time=  0.349s  status=Exact solution     len=  2.128  endpoints_valid=True  collision=False  over_limit=False
[555] PASS  time=  0.129s  status=Exact solution     len=  1.315  endpoints_valid=True  collision=False  over_limit=False
[556] PASS  time=  0.134s  status=Exact solution     len=  1.601  endpoints_valid=True  collision=False  over_limit=False
[557] PASS  time=  0.258s  status=Exact solution     len=  2.867  endpoints_valid=True  collision=False  over_limit=False
[558] PASS  time=  0.324s  status=Exact solution     len=  1.974  endpoints_valid=True  collision=False  over_limit=False
[559] PASS  time=  0.392s  status=Exact solution     len=  2.213  endpoints_valid=True  collision=False  over_limit=False
[560] PASS  time=  0.511s  status=Exact solution     len=  3.328  endpoints_valid=True  collision=False  over_limit=False
[561] PASS  time=  0.494s  status=Exact solution     len=  3.247  endpoints_valid=True  collision=False  over_limit=False
[562] PASS  time=  1.120s  status=Exact solution     len=  4.058  endpoints_valid=True  collision=False  over_limit=False
[563] PASS  time=  0.183s  status=Exact solution     len=  1.798  endpoints_valid=True  collision=False  over_limit=False
[564] PASS  time=  0.815s  status=Exact solution     len=  3.345  endpoints_valid=True  collision=False  over_limit=False
[565] PASS  time=  0.112s  status=Exact solution     len=  1.837  endpoints_valid=True  collision=False  over_limit=False
[566] PASS  time=  0.056s  status=Exact solution     len=  2.196  endpoints_valid=True  collision=False  over_limit=False
[567] PASS  time=  0.315s  status=Exact solution     len=  2.836  endpoints_valid=True  collision=False  over_limit=False
[568] PASS  time=  0.070s  status=Exact solution     len=  1.181  endpoints_valid=True  collision=False  over_limit=False
[569] PASS  time=  0.117s  status=Exact solution     len=  1.552  endpoints_valid=True  collision=False  over_limit=False
[570] PASS  time=  0.162s  status=Exact solution     len=  2.751  endpoints_valid=True  collision=False  over_limit=False
[571] PASS  time=  0.164s  status=Exact solution     len=  2.438  endpoints_valid=True  collision=False  over_limit=False
[572] PASS  time=  0.380s  status=Exact solution     len=  2.871  endpoints_valid=True  collision=False  over_limit=False
[573] PASS  time=  0.059s  status=Exact solution     len=  1.371  endpoints_valid=True  collision=False  over_limit=False
[574] PASS  time=  0.120s  status=Exact solution     len=  1.492  endpoints_valid=True  collision=False  over_limit=False
[575] PASS  time=  0.349s  status=Exact solution     len=  3.217  endpoints_valid=True  collision=False  over_limit=False
[576] PASS  time=  0.271s  status=Exact solution     len=  2.700  endpoints_valid=True  collision=False  over_limit=False
[577] PASS  time=  0.165s  status=Exact solution     len=  4.074  endpoints_valid=True  collision=False  over_limit=False
[578] PASS  time=  0.142s  status=Exact solution     len=  2.342  endpoints_valid=True  collision=False  over_limit=False
[579] PASS  time=  0.332s  status=Exact solution     len=  2.408  endpoints_valid=True  collision=False  over_limit=False
[580] PASS  time=  0.651s  status=Exact solution     len=  2.864  endpoints_valid=True  collision=False  over_limit=False
[581] PASS  time=  0.236s  status=Exact solution     len=  2.259  endpoints_valid=True  collision=False  over_limit=False
[582] PASS  time=  0.128s  status=Exact solution     len=  1.505  endpoints_valid=True  collision=False  over_limit=False
[583] PASS  time=  0.152s  status=Exact solution     len=  2.396  endpoints_valid=True  collision=False  over_limit=False
[584] PASS  time=  0.076s  status=Exact solution     len=  1.960  endpoints_valid=True  collision=False  over_limit=False
[585] PASS  time=  0.248s  status=Exact solution     len=  3.014  endpoints_valid=True  collision=False  over_limit=False
[586] PASS  time=  0.271s  status=Exact solution     len=  2.950  endpoints_valid=True  collision=False  over_limit=False
[587] PASS  time=  0.113s  status=Exact solution     len=  1.575  endpoints_valid=True  collision=False  over_limit=False
[588] PASS  time=  0.123s  status=Exact solution     len=  1.923  endpoints_valid=True  collision=False  over_limit=False
[589] PASS  time=  0.380s  status=Exact solution     len=  3.528  endpoints_valid=True  collision=False  over_limit=False
[590] PASS  time=  0.184s  status=Exact solution     len=  2.189  endpoints_valid=True  collision=False  over_limit=False
[591] PASS  time=  0.058s  status=Exact solution     len=  1.837  endpoints_valid=True  collision=False  over_limit=False
[592] PASS  time=  0.137s  status=Exact solution     len=  2.024  endpoints_valid=True  collision=False  over_limit=False
[593] PASS  time=  0.777s  status=Exact solution     len=  4.904  endpoints_valid=True  collision=False  over_limit=False
[594] PASS  time=  0.178s  status=Exact solution     len=  2.047  endpoints_valid=True  collision=False  over_limit=False
[595] PASS  time=  0.206s  status=Exact solution     len=  3.406  endpoints_valid=True  collision=False  over_limit=False
[596] PASS  time=  0.249s  status=Exact solution     len=  3.096  endpoints_valid=True  collision=False  over_limit=False
[597] PASS  time=  0.268s  status=Exact solution     len=  3.743  endpoints_valid=True  collision=False  over_limit=False
[598] PASS  time=  0.150s  status=Exact solution     len=  2.203  endpoints_valid=True  collision=False  over_limit=False
[599] PASS  time=  0.057s  status=Exact solution     len=  1.831  endpoints_valid=True  collision=False  over_limit=False
[600] PASS  time=  0.157s  status=Exact solution     len=  2.431  endpoints_valid=True  collision=False  over_limit=False
[601] PASS  time=  0.740s  status=Exact solution     len=  4.337  endpoints_valid=True  collision=False  over_limit=False
[602] PASS  time=  0.220s  status=Exact solution     len=  3.079  endpoints_valid=True  collision=False  over_limit=False
[603] PASS  time=  0.649s  status=Exact solution     len=  2.715  endpoints_valid=True  collision=False  over_limit=False
[604] PASS  time=  0.483s  status=Exact solution     len=  2.985  endpoints_valid=True  collision=False  over_limit=False
[605] PASS  time=  0.665s  status=Exact solution     len=  3.906  endpoints_valid=True  collision=False  over_limit=False
[606] PASS  time=  0.509s  status=Exact solution     len=  4.961  endpoints_valid=True  collision=False  over_limit=False
[607] PASS  time=  0.230s  status=Exact solution     len=  2.519  endpoints_valid=True  collision=False  over_limit=False
[608] PASS  time=  0.104s  status=Exact solution     len=  1.570  endpoints_valid=True  collision=False  over_limit=False
[609] PASS  time=  0.105s  status=Exact solution     len=  2.199  endpoints_valid=True  collision=False  over_limit=False
[610] PASS  time=  0.529s  status=Exact solution     len=  4.861  endpoints_valid=True  collision=False  over_limit=False
[611] PASS  time=  0.313s  status=Exact solution     len=  3.000  endpoints_valid=True  collision=False  over_limit=False
[612] PASS  time=  0.260s  status=Exact solution     len=  2.892  endpoints_valid=True  collision=False  over_limit=False
[613] PASS  time=  0.057s  status=Exact solution     len=  1.956  endpoints_valid=True  collision=False  over_limit=False
[614] PASS  time=  0.176s  status=Exact solution     len=  1.219  endpoints_valid=True  collision=False  over_limit=False
[615] PASS  time=  0.400s  status=Exact solution     len=  2.364  endpoints_valid=True  collision=False  over_limit=False
[616] PASS  time=  0.062s  status=Exact solution     len=  1.651  endpoints_valid=True  collision=False  over_limit=False
[617] PASS  time=  0.318s  status=Exact solution     len=  2.062  endpoints_valid=True  collision=False  over_limit=False
[618] PASS  time=  0.451s  status=Exact solution     len=  2.690  endpoints_valid=True  collision=False  over_limit=False
[619] PASS  time=  1.075s  status=Exact solution     len=  2.720  endpoints_valid=True  collision=False  over_limit=False
[620] PASS  time=  0.615s  status=Exact solution     len=  3.937  endpoints_valid=True  collision=False  over_limit=False
[621] PASS  time=  0.166s  status=Exact solution     len=  3.121  endpoints_valid=True  collision=False  over_limit=False
[622] PASS  time=  0.604s  status=Exact solution     len=  4.217  endpoints_valid=True  collision=False  over_limit=False
[623] PASS  time=  0.424s  status=Exact solution     len=  3.345  endpoints_valid=True  collision=False  over_limit=False
[624] PASS  time=  0.319s  status=Exact solution     len=  2.270  endpoints_valid=True  collision=False  over_limit=False
[625] PASS  time=  0.336s  status=Exact solution     len=  3.618  endpoints_valid=True  collision=False  over_limit=False
[626] PASS  time=  0.266s  status=Exact solution     len=  2.408  endpoints_valid=True  collision=False  over_limit=False
[627] PASS  time=  0.361s  status=Exact solution     len=  3.799  endpoints_valid=True  collision=False  over_limit=False
[628] PASS  time=  0.372s  status=Exact solution     len=  2.857  endpoints_valid=True  collision=False  over_limit=False
[629] PASS  time=  0.247s  status=Exact solution     len=  2.585  endpoints_valid=True  collision=False  over_limit=False
[630] PASS  time=  1.257s  status=Exact solution     len=  5.816  endpoints_valid=True  collision=False  over_limit=False
[631] PASS  time=  0.264s  status=Exact solution     len=  2.270  endpoints_valid=True  collision=False  over_limit=False
[632] PASS  time=  0.521s  status=Exact solution     len=  3.114  endpoints_valid=True  collision=False  over_limit=False
[633] PASS  time=  0.196s  status=Exact solution     len=  1.866  endpoints_valid=True  collision=False  over_limit=False
[634] PASS  time=  0.224s  status=Exact solution     len=  1.554  endpoints_valid=True  collision=False  over_limit=False
[635] PASS  time=  1.466s  status=Exact solution     len=  6.533  endpoints_valid=True  collision=False  over_limit=False
[636] PASS  time=  0.112s  status=Exact solution     len=  1.563  endpoints_valid=True  collision=False  over_limit=False
[637] PASS  time=  0.683s  status=Exact solution     len=  1.026  endpoints_valid=True  collision=False  over_limit=False
[638] PASS  time=  0.586s  status=Exact solution     len=  3.134  endpoints_valid=True  collision=False  over_limit=False
[639] PASS  time=  0.452s  status=Exact solution     len=  2.537  endpoints_valid=True  collision=False  over_limit=False
[640] PASS  time=  1.053s  status=Exact solution     len=  4.100  endpoints_valid=True  collision=False  over_limit=False
[641] PASS  time=  0.559s  status=Exact solution     len=  2.862  endpoints_valid=True  collision=False  over_limit=False
[642] PASS  time=  0.250s  status=Exact solution     len=  2.827  endpoints_valid=True  collision=False  over_limit=False
[643] PASS  time=  0.348s  status=Exact solution     len=  3.364  endpoints_valid=True  collision=False  over_limit=False
[644] PASS  time=  0.549s  status=Exact solution     len=  4.547  endpoints_valid=True  collision=False  over_limit=False
[645] PASS  time=  0.267s  status=Exact solution     len=  2.577  endpoints_valid=True  collision=False  over_limit=False
[646] PASS  time=  0.195s  status=Exact solution     len=  3.192  endpoints_valid=True  collision=False  over_limit=False
[647] PASS  time=  0.237s  status=Exact solution     len=  2.958  endpoints_valid=True  collision=False  over_limit=False
[648] PASS  time=  0.096s  status=Exact solution     len=  1.697  endpoints_valid=True  collision=False  over_limit=False
[649] PASS  time=  0.134s  status=Exact solution     len=  1.973  endpoints_valid=True  collision=False  over_limit=False
[650] PASS  time=  1.006s  status=Exact solution     len=  6.236  endpoints_valid=True  collision=False  over_limit=False
[651] PASS  time=  0.741s  status=Exact solution     len=  2.876  endpoints_valid=True  collision=False  over_limit=False
[652] PASS  time=  0.464s  status=Exact solution     len=  2.217  endpoints_valid=True  collision=False  over_limit=False
[653] PASS  time=  0.084s  status=Exact solution     len=  1.059  endpoints_valid=True  collision=False  over_limit=False
[654] PASS  time=  0.109s  status=Exact solution     len=  1.885  endpoints_valid=True  collision=False  over_limit=False
[655] PASS  time=  0.827s  status=Exact solution     len=  2.521  endpoints_valid=True  collision=False  over_limit=False
[656] PASS  time=  0.560s  status=Exact solution     len=  4.415  endpoints_valid=True  collision=False  over_limit=False
[657] PASS  time=  0.390s  status=Exact solution     len=  4.741  endpoints_valid=True  collision=False  over_limit=False
[658] PASS  time=  0.085s  status=Exact solution     len=  2.846  endpoints_valid=True  collision=False  over_limit=False
[659] PASS  time=  0.503s  status=Exact solution     len=  3.777  endpoints_valid=True  collision=False  over_limit=False
[660] PASS  time=  0.106s  status=Exact solution     len=  2.068  endpoints_valid=True  collision=False  over_limit=False
[661] PASS  time=  0.333s  status=Exact solution     len=  2.983  endpoints_valid=True  collision=False  over_limit=False
[662] PASS  time=  0.187s  status=Exact solution     len=  2.507  endpoints_valid=True  collision=False  over_limit=False
[663] PASS  time=  0.553s  status=Exact solution     len=  2.527  endpoints_valid=True  collision=False  over_limit=False
[664] PASS  time=  0.207s  status=Exact solution     len=  1.638  endpoints_valid=True  collision=False  over_limit=False
[665] PASS  time=  0.519s  status=Exact solution     len=  3.409  endpoints_valid=True  collision=False  over_limit=False
[666] PASS  time=  0.164s  status=Exact solution     len=  2.286  endpoints_valid=True  collision=False  over_limit=False
[667] PASS  time=  0.137s  status=Exact solution     len=  2.459  endpoints_valid=True  collision=False  over_limit=False
[668] PASS  time=  1.130s  status=Exact solution     len=  5.725  endpoints_valid=True  collision=False  over_limit=False
[669] PASS  time=  0.314s  status=Exact solution     len=  2.010  endpoints_valid=True  collision=False  over_limit=False
[670] PASS  time=  0.260s  status=Exact solution     len=  1.649  endpoints_valid=True  collision=False  over_limit=False
[671] PASS  time=  1.700s  status=Exact solution     len=  4.882  endpoints_valid=True  collision=False  over_limit=False
[672] PASS  time=  0.408s  status=Exact solution     len=  2.938  endpoints_valid=True  collision=False  over_limit=False
[673] PASS  time=  0.272s  status=Exact solution     len=  4.021  endpoints_valid=True  collision=False  over_limit=False
[674] PASS  time=  0.207s  status=Exact solution     len=  2.348  endpoints_valid=True  collision=False  over_limit=False
[675] PASS  time=  0.250s  status=Exact solution     len=  1.719  endpoints_valid=True  collision=False  over_limit=False
[676] PASS  time=  0.725s  status=Exact solution     len=  5.909  endpoints_valid=True  collision=False  over_limit=False
[677] PASS  time=  0.784s  status=Exact solution     len=  3.908  endpoints_valid=True  collision=False  over_limit=False
[678] PASS  time=  0.451s  status=Exact solution     len=  1.608  endpoints_valid=True  collision=False  over_limit=False
[679] PASS  time=  0.207s  status=Exact solution     len=  2.478  endpoints_valid=True  collision=False  over_limit=False
[680] PASS  time=  0.091s  status=Exact solution     len=  2.277  endpoints_valid=True  collision=False  over_limit=False
[681] PASS  time=  0.418s  status=Exact solution     len=  3.451  endpoints_valid=True  collision=False  over_limit=False
[682] PASS  time=  0.873s  status=Exact solution     len=  2.466  endpoints_valid=True  collision=False  over_limit=False
[683] PASS  time=  1.094s  status=Exact solution     len=  3.732  endpoints_valid=True  collision=False  over_limit=False
[684] PASS  time=  0.066s  status=Exact solution     len=  1.872  endpoints_valid=True  collision=False  over_limit=False
[685] PASS  time=  0.279s  status=Exact solution     len=  2.779  endpoints_valid=True  collision=False  over_limit=False
[686] PASS  time=  0.298s  status=Exact solution     len=  3.474  endpoints_valid=True  collision=False  over_limit=False
[687] PASS  time=  0.092s  status=Exact solution     len=  1.287  endpoints_valid=True  collision=False  over_limit=False
[688] PASS  time=  0.145s  status=Exact solution     len=  1.850  endpoints_valid=True  collision=False  over_limit=False
[689] PASS  time=  0.273s  status=Exact solution     len=  2.634  endpoints_valid=True  collision=False  over_limit=False
[690] PASS  time=  0.452s  status=Exact solution     len=  2.728  endpoints_valid=True  collision=False  over_limit=False
[691] PASS  time=  0.248s  status=Exact solution     len=  2.144  endpoints_valid=True  collision=False  over_limit=False
[692] PASS  time=  0.199s  status=Exact solution     len=  2.065  endpoints_valid=True  collision=False  over_limit=False
[693] PASS  time=  0.040s  status=Exact solution     len=  1.676  endpoints_valid=True  collision=False  over_limit=False
[694] PASS  time=  0.217s  status=Exact solution     len=  2.525  endpoints_valid=True  collision=False  over_limit=False
[695] PASS  time=  0.259s  status=Exact solution     len=  2.368  endpoints_valid=True  collision=False  over_limit=False
[696] PASS  time=  0.298s  status=Exact solution     len=  3.052  endpoints_valid=True  collision=False  over_limit=False
[697] PASS  time=  0.477s  status=Exact solution     len=  3.916  endpoints_valid=True  collision=False  over_limit=False
[698] PASS  time=  0.311s  status=Exact solution     len=  2.283  endpoints_valid=True  collision=False  over_limit=False
[699] PASS  time=  0.491s  status=Exact solution     len=  3.995  endpoints_valid=True  collision=False  over_limit=False
[700] PASS  time=  0.174s  status=Exact solution     len=  2.401  endpoints_valid=True  collision=False  over_limit=False
[701] PASS  time=  0.323s  status=Exact solution     len=  2.011  endpoints_valid=True  collision=False  over_limit=False
[702] PASS  time=  1.193s  status=Exact solution     len=  4.466  endpoints_valid=True  collision=False  over_limit=False
[703] PASS  time=  0.451s  status=Exact solution     len=  3.859  endpoints_valid=True  collision=False  over_limit=False
[704] PASS  time=  0.650s  status=Exact solution     len=  3.659  endpoints_valid=True  collision=False  over_limit=False
[705] PASS  time=  1.146s  status=Exact solution     len=  5.778  endpoints_valid=True  collision=False  over_limit=False
[706] PASS  time=  0.238s  status=Exact solution     len=  1.932  endpoints_valid=True  collision=False  over_limit=False
[707] PASS  time=  0.370s  status=Exact solution     len=  2.809  endpoints_valid=True  collision=False  over_limit=False
[708] PASS  time=  0.369s  status=Exact solution     len=  1.574  endpoints_valid=True  collision=False  over_limit=False
[709] PASS  time=  0.309s  status=Exact solution     len=  3.510  endpoints_valid=True  collision=False  over_limit=False
[710] PASS  time=  0.357s  status=Exact solution     len=  4.438  endpoints_valid=True  collision=False  over_limit=False
[711] PASS  time=  0.252s  status=Exact solution     len=  1.453  endpoints_valid=True  collision=False  over_limit=False
[712] PASS  time=  0.284s  status=Exact solution     len=  4.112  endpoints_valid=True  collision=False  over_limit=False
[713] PASS  time=  0.145s  status=Exact solution     len=  2.567  endpoints_valid=True  collision=False  over_limit=False
[714] PASS  time=  0.141s  status=Exact solution     len=  2.054  endpoints_valid=True  collision=False  over_limit=False
[715] PASS  time=  0.203s  status=Exact solution     len=  1.748  endpoints_valid=True  collision=False  over_limit=False
[716] PASS  time=  0.636s  status=Exact solution     len=  4.517  endpoints_valid=True  collision=False  over_limit=False
[717] PASS  time=  0.200s  status=Exact solution     len=  2.329  endpoints_valid=True  collision=False  over_limit=False
[718] PASS  time=  0.737s  status=Exact solution     len=  5.038  endpoints_valid=True  collision=False  over_limit=False
[719] PASS  time=  0.320s  status=Exact solution     len=  2.593  endpoints_valid=True  collision=False  over_limit=False
[720] PASS  time=  0.390s  status=Exact solution     len=  2.935  endpoints_valid=True  collision=False  over_limit=False
[721] PASS  time=  0.149s  status=Exact solution     len=  1.535  endpoints_valid=True  collision=False  over_limit=False
[722] PASS  time=  0.463s  status=Exact solution     len=  3.908  endpoints_valid=True  collision=False  over_limit=False
[723] PASS  time=  0.238s  status=Exact solution     len=  2.868  endpoints_valid=True  collision=False  over_limit=False
[724] PASS  time=  0.281s  status=Exact solution     len=  3.661  endpoints_valid=True  collision=False  over_limit=False
[725] PASS  time=  0.444s  status=Exact solution     len=  2.154  endpoints_valid=True  collision=False  over_limit=False
[726] PASS  time=  0.059s  status=Exact solution     len=  1.846  endpoints_valid=True  collision=False  over_limit=False
[727] PASS  time=  0.219s  status=Exact solution     len=  3.147  endpoints_valid=True  collision=False  over_limit=False
[728] PASS  time=  0.182s  status=Exact solution     len=  2.015  endpoints_valid=True  collision=False  over_limit=False
[729] PASS  time=  0.120s  status=Exact solution     len=  1.875  endpoints_valid=True  collision=False  over_limit=False
[730] PASS  time=  0.175s  status=Exact solution     len=  2.737  endpoints_valid=True  collision=False  over_limit=False
[731] PASS  time=  0.796s  status=Exact solution     len=  5.660  endpoints_valid=True  collision=False  over_limit=False
[732] PASS  time=  1.056s  status=Exact solution     len=  4.878  endpoints_valid=True  collision=False  over_limit=False
[733] PASS  time=  0.782s  status=Exact solution     len=  3.403  endpoints_valid=True  collision=False  over_limit=False
[734] PASS  time=  0.086s  status=Exact solution     len=  1.922  endpoints_valid=True  collision=False  over_limit=False
[735] PASS  time=  0.113s  status=Exact solution     len=  1.496  endpoints_valid=True  collision=False  over_limit=False
[736] PASS  time=  0.403s  status=Exact solution     len=  3.428  endpoints_valid=True  collision=False  over_limit=False
[737] PASS  time=  0.945s  status=Exact solution     len=  3.269  endpoints_valid=True  collision=False  over_limit=False
[738] PASS  time=  0.108s  status=Exact solution     len=  1.991  endpoints_valid=True  collision=False  over_limit=False
[739] PASS  time=  0.252s  status=Exact solution     len=  2.212  endpoints_valid=True  collision=False  over_limit=False
[740] PASS  time=  0.841s  status=Exact solution     len=  3.339  endpoints_valid=True  collision=False  over_limit=False
[741] PASS  time=  1.585s  status=Exact solution     len=  4.471  endpoints_valid=True  collision=False  over_limit=False
[742] PASS  time=  0.165s  status=Exact solution     len=  2.025  endpoints_valid=True  collision=False  over_limit=False
[743] PASS  time=  0.255s  status=Exact solution     len=  2.479  endpoints_valid=True  collision=False  over_limit=False
[744] PASS  time=  0.174s  status=Exact solution     len=  2.819  endpoints_valid=True  collision=False  over_limit=False
[745] PASS  time=  0.950s  status=Exact solution     len=  5.813  endpoints_valid=True  collision=False  over_limit=False
[746] PASS  time=  0.063s  status=Exact solution     len=  2.302  endpoints_valid=True  collision=False  over_limit=False
[747] PASS  time=  0.285s  status=Exact solution     len=  1.897  endpoints_valid=True  collision=False  over_limit=False
[748] PASS  time=  1.486s  status=Exact solution     len=  6.314  endpoints_valid=True  collision=False  over_limit=False
[749] PASS  time=  0.457s  status=Exact solution     len=  3.638  endpoints_valid=True  collision=False  over_limit=False
[750] PASS  time=  0.861s  status=Exact solution     len=  3.436  endpoints_valid=True  collision=False  over_limit=False
[751] PASS  time=  0.079s  status=Exact solution     len=  1.896  endpoints_valid=True  collision=False  over_limit=False
[752] PASS  time=  0.038s  status=Exact solution     len=  1.668  endpoints_valid=True  collision=False  over_limit=False
[753] PASS  time=  0.261s  status=Exact solution     len=  2.171  endpoints_valid=True  collision=False  over_limit=False
[754] PASS  time=  1.326s  status=Exact solution     len=  6.947  endpoints_valid=True  collision=False  over_limit=False
[755] PASS  time=  0.215s  status=Exact solution     len=  2.493  endpoints_valid=True  collision=False  over_limit=False
[756] PASS  time=  0.064s  status=Exact solution     len=  2.657  endpoints_valid=True  collision=False  over_limit=False
[757] PASS  time=  0.282s  status=Exact solution     len=  2.408  endpoints_valid=True  collision=False  over_limit=False
[758] PASS  time=  0.472s  status=Exact solution     len=  2.088  endpoints_valid=True  collision=False  over_limit=False
[759] PASS  time=  0.086s  status=Exact solution     len=  2.186  endpoints_valid=True  collision=False  over_limit=False
[760] PASS  time=  1.252s  status=Exact solution     len=  4.376  endpoints_valid=True  collision=False  over_limit=False
[761] PASS  time=  0.178s  status=Exact solution     len=  1.686  endpoints_valid=True  collision=False  over_limit=False
[762] PASS  time=  0.185s  status=Exact solution     len=  1.626  endpoints_valid=True  collision=False  over_limit=False
[763] PASS  time=  0.427s  status=Exact solution     len=  4.502  endpoints_valid=True  collision=False  over_limit=False
[764] PASS  time=  0.438s  status=Exact solution     len=  2.553  endpoints_valid=True  collision=False  over_limit=False
[765] PASS  time=  0.473s  status=Exact solution     len=  2.924  endpoints_valid=True  collision=False  over_limit=False
[766] PASS  time=  0.797s  status=Exact solution     len=  4.310  endpoints_valid=True  collision=False  over_limit=False
[767] PASS  time=  0.529s  status=Exact solution     len=  1.555  endpoints_valid=True  collision=False  over_limit=False
[768] PASS  time=  0.117s  status=Exact solution     len=  2.322  endpoints_valid=True  collision=False  over_limit=False
[769] PASS  time=  1.734s  status=Exact solution     len=  6.199  endpoints_valid=True  collision=False  over_limit=False
[770] PASS  time=  0.568s  status=Exact solution     len=  2.336  endpoints_valid=True  collision=False  over_limit=False
[771] PASS  time=  0.194s  status=Exact solution     len=  2.328  endpoints_valid=True  collision=False  over_limit=False
[772] PASS  time=  0.518s  status=Exact solution     len=  4.195  endpoints_valid=True  collision=False  over_limit=False
[773] PASS  time=  0.289s  status=Exact solution     len=  1.454  endpoints_valid=True  collision=False  over_limit=False
[774] PASS  time=  0.385s  status=Exact solution     len=  4.415  endpoints_valid=True  collision=False  over_limit=False
[775] PASS  time=  0.282s  status=Exact solution     len=  1.689  endpoints_valid=True  collision=False  over_limit=False
[776] PASS  time=  0.475s  status=Exact solution     len=  2.528  endpoints_valid=True  collision=False  over_limit=False
[777] PASS  time=  0.263s  status=Exact solution     len=  2.198  endpoints_valid=True  collision=False  over_limit=False
[778] PASS  time=  1.514s  status=Exact solution     len=  4.982  endpoints_valid=True  collision=False  over_limit=False
[779] PASS  time=  0.122s  status=Exact solution     len=  1.424  endpoints_valid=True  collision=False  over_limit=False
[780] PASS  time=  0.137s  status=Exact solution     len=  1.134  endpoints_valid=True  collision=False  over_limit=False
[781] PASS  time=  1.657s  status=Exact solution     len=  3.933  endpoints_valid=True  collision=False  over_limit=False
[782] PASS  time=  0.751s  status=Exact solution     len=  2.189  endpoints_valid=True  collision=False  over_limit=False
[783] PASS  time=  0.321s  status=Exact solution     len=  2.534  endpoints_valid=True  collision=False  over_limit=False
[784] PASS  time=  1.826s  status=Exact solution     len=  3.793  endpoints_valid=True  collision=False  over_limit=False
[785] PASS  time=  1.011s  status=Exact solution     len=  2.010  endpoints_valid=True  collision=False  over_limit=False
[786] PASS  time=  0.468s  status=Exact solution     len=  1.874  endpoints_valid=True  collision=False  over_limit=False
[787] PASS  time=  0.429s  status=Exact solution     len=  1.456  endpoints_valid=True  collision=False  over_limit=False
[788] PASS  time=  0.622s  status=Exact solution     len=  2.814  endpoints_valid=True  collision=False  over_limit=False
[789] PASS  time=  0.430s  status=Exact solution     len=  2.188  endpoints_valid=True  collision=False  over_limit=False
[790] PASS  time=  0.732s  status=Exact solution     len=  3.936  endpoints_valid=True  collision=False  over_limit=False
[791] PASS  time=  0.420s  status=Exact solution     len=  1.974  endpoints_valid=True  collision=False  over_limit=False
[792] PASS  time=  0.360s  status=Exact solution     len=  2.912  endpoints_valid=True  collision=False  over_limit=False
[793] PASS  time=  2.118s  status=Exact solution     len=  4.123  endpoints_valid=True  collision=False  over_limit=False
[794] PASS  time=  0.148s  status=Exact solution     len=  2.342  endpoints_valid=True  collision=False  over_limit=False
[795] PASS  time=  0.688s  status=Exact solution     len=  3.378  endpoints_valid=True  collision=False  over_limit=False
[796] PASS  time=  1.711s  status=Exact solution     len=  6.602  endpoints_valid=True  collision=False  over_limit=False
[797] PASS  time=  0.453s  status=Exact solution     len=  2.782  endpoints_valid=True  collision=False  over_limit=False
[798] PASS  time=  0.914s  status=Exact solution     len=  3.685  endpoints_valid=True  collision=False  over_limit=False
[799] PASS  time=  1.077s  status=Exact solution     len=  5.080  endpoints_valid=True  collision=False  over_limit=False
[800] PASS  time=  0.240s  status=Exact solution     len=  1.320  endpoints_valid=True  collision=False  over_limit=False
[801] PASS  time=  0.605s  status=Exact solution     len=  2.333  endpoints_valid=True  collision=False  over_limit=False
[802] PASS  time=  0.842s  status=Exact solution     len=  2.050  endpoints_valid=True  collision=False  over_limit=False
[803] PASS  time=  0.364s  status=Exact solution     len=  3.098  endpoints_valid=True  collision=False  over_limit=False
[804] PASS  time=  0.434s  status=Exact solution     len=  3.456  endpoints_valid=True  collision=False  over_limit=False
[805] PASS  time=  0.039s  status=Exact solution     len=  1.428  endpoints_valid=True  collision=False  over_limit=False
[806] PASS  time=  0.217s  status=Exact solution     len=  1.219  endpoints_valid=True  collision=False  over_limit=False
[807] PASS  time=  1.137s  status=Exact solution     len=  3.931  endpoints_valid=True  collision=False  over_limit=False
[808] PASS  time=  2.182s  status=Exact solution     len=  4.533  endpoints_valid=True  collision=False  over_limit=False
[809] PASS  time=  1.054s  status=Exact solution     len=  5.890  endpoints_valid=True  collision=False  over_limit=False
[810] PASS  time=  0.845s  status=Exact solution     len=  3.172  endpoints_valid=True  collision=False  over_limit=False
[811] PASS  time=  0.281s  status=Exact solution     len=  1.409  endpoints_valid=True  collision=False  over_limit=False
[812] PASS  time=  0.680s  status=Exact solution     len=  2.016  endpoints_valid=True  collision=False  over_limit=False
[813] PASS  time=  0.515s  status=Exact solution     len=  3.539  endpoints_valid=True  collision=False  over_limit=False
[814] PASS  time=  0.361s  status=Exact solution     len=  2.606  endpoints_valid=True  collision=False  over_limit=False
[815] PASS  time=  0.177s  status=Exact solution     len=  1.935  endpoints_valid=True  collision=False  over_limit=False
[816] PASS  time=  0.277s  status=Exact solution     len=  2.456  endpoints_valid=True  collision=False  over_limit=False
[817] PASS  time=  0.211s  status=Exact solution     len=  1.761  endpoints_valid=True  collision=False  over_limit=False
[818] PASS  time=  0.217s  status=Exact solution     len=  1.847  endpoints_valid=True  collision=False  over_limit=False
[819] PASS  time=  1.657s  status=Exact solution     len=  3.144  endpoints_valid=True  collision=False  over_limit=False
[820] PASS  time=  1.261s  status=Exact solution     len=  5.585  endpoints_valid=True  collision=False  over_limit=False
[821] PASS  time=  0.895s  status=Exact solution     len=  4.951  endpoints_valid=True  collision=False  over_limit=False
[822] PASS  time=  0.159s  status=Exact solution     len=  2.650  endpoints_valid=True  collision=False  over_limit=False
[823] PASS  time=  0.126s  status=Exact solution     len=  1.246  endpoints_valid=True  collision=False  over_limit=False
[824] PASS  time=  0.268s  status=Exact solution     len=  2.189  endpoints_valid=True  collision=False  over_limit=False
[825] PASS  time=  0.265s  status=Exact solution     len=  1.857  endpoints_valid=True  collision=False  over_limit=False
[826] PASS  time=  1.771s  status=Exact solution     len=  5.078  endpoints_valid=True  collision=False  over_limit=False
[827] PASS  time=  0.409s  status=Exact solution     len=  2.385  endpoints_valid=True  collision=False  over_limit=False
[828] PASS  time=  0.145s  status=Exact solution     len=  1.572  endpoints_valid=True  collision=False  over_limit=False
[829] PASS  time=  0.959s  status=Exact solution     len=  2.037  endpoints_valid=True  collision=False  over_limit=False
[830] PASS  time=  0.138s  status=Exact solution     len=  2.058  endpoints_valid=True  collision=False  over_limit=False
[831] PASS  time=  1.270s  status=Exact solution     len=  5.494  endpoints_valid=True  collision=False  over_limit=False
[832] PASS  time=  0.323s  status=Exact solution     len=  2.102  endpoints_valid=True  collision=False  over_limit=False
[833] PASS  time=  0.064s  status=Exact solution     len=  1.608  endpoints_valid=True  collision=False  over_limit=False
[834] PASS  time=  0.553s  status=Exact solution     len=  3.612  endpoints_valid=True  collision=False  over_limit=False
[835] PASS  time=  0.566s  status=Exact solution     len=  2.376  endpoints_valid=True  collision=False  over_limit=False
[836] PASS  time=  0.981s  status=Exact solution     len=  3.812  endpoints_valid=True  collision=False  over_limit=False
[837] PASS  time=  0.196s  status=Exact solution     len=  1.353  endpoints_valid=True  collision=False  over_limit=False
[838] PASS  time=  0.451s  status=Exact solution     len=  1.923  endpoints_valid=True  collision=False  over_limit=False
[839] PASS  time=  1.355s  status=Exact solution     len=  3.442  endpoints_valid=True  collision=False  over_limit=False
[840] PASS  time=  1.445s  status=Exact solution     len=  4.197  endpoints_valid=True  collision=False  over_limit=False
[841] PASS  time=  0.444s  status=Exact solution     len=  1.240  endpoints_valid=True  collision=False  over_limit=False
[842] PASS  time=  0.627s  status=Exact solution     len=  2.710  endpoints_valid=True  collision=False  over_limit=False
[843] PASS  time=  0.504s  status=Exact solution     len=  2.590  endpoints_valid=True  collision=False  over_limit=False
[844] PASS  time=  0.145s  status=Exact solution     len=  2.309  endpoints_valid=True  collision=False  over_limit=False
[845] PASS  time=  0.452s  status=Exact solution     len=  2.045  endpoints_valid=True  collision=False  over_limit=False
[846] PASS  time=  0.310s  status=Exact solution     len=  2.566  endpoints_valid=True  collision=False  over_limit=False
[847] PASS  time=  0.969s  status=Exact solution     len=  3.339  endpoints_valid=True  collision=False  over_limit=False
[848] PASS  time=  0.696s  status=Exact solution     len=  4.035  endpoints_valid=True  collision=False  over_limit=False
[849] PASS  time=  0.767s  status=Exact solution     len=  2.510  endpoints_valid=True  collision=False  over_limit=False
[850] PASS  time=  0.156s  status=Exact solution     len=  1.967  endpoints_valid=True  collision=False  over_limit=False
[851] PASS  time=  0.127s  status=Exact solution     len=  1.936  endpoints_valid=True  collision=False  over_limit=False
[852] PASS  time=  0.610s  status=Exact solution     len=  2.910  endpoints_valid=True  collision=False  over_limit=False
[853] PASS  time=  1.035s  status=Exact solution     len=  3.337  endpoints_valid=True  collision=False  over_limit=False
[854] PASS  time=  0.170s  status=Exact solution     len=  1.612  endpoints_valid=True  collision=False  over_limit=False
[855] PASS  time=  0.306s  status=Exact solution     len=  2.329  endpoints_valid=True  collision=False  over_limit=False
[856] PASS  time=  0.539s  status=Exact solution     len=  3.299  endpoints_valid=True  collision=False  over_limit=False
[857] PASS  time=  0.366s  status=Exact solution     len=  2.187  endpoints_valid=True  collision=False  over_limit=False
[858] PASS  time=  1.284s  status=Exact solution     len=  3.576  endpoints_valid=True  collision=False  over_limit=False
[859] PASS  time=  1.160s  status=Exact solution     len=  5.556  endpoints_valid=True  collision=False  over_limit=False
[860] PASS  time=  0.112s  status=Exact solution     len=  1.125  endpoints_valid=True  collision=False  over_limit=False
[861] PASS  time=  0.420s  status=Exact solution     len=  2.011  endpoints_valid=True  collision=False  over_limit=False
[862] PASS  time=  0.126s  status=Exact solution     len=  2.027  endpoints_valid=True  collision=False  over_limit=False
[863] PASS  time=  0.107s  status=Exact solution     len=  2.410  endpoints_valid=True  collision=False  over_limit=False
[864] PASS  time=  0.128s  status=Exact solution     len=  2.117  endpoints_valid=True  collision=False  over_limit=False
[865] PASS  time=  0.494s  status=Exact solution     len=  3.926  endpoints_valid=True  collision=False  over_limit=False
[866] PASS  time=  0.427s  status=Exact solution     len=  1.943  endpoints_valid=True  collision=False  over_limit=False
[867] PASS  time=  0.663s  status=Exact solution     len=  1.878  endpoints_valid=True  collision=False  over_limit=False
[868] PASS  time=  0.080s  status=Exact solution     len=  2.427  endpoints_valid=True  collision=False  over_limit=False
[869] PASS  time=  0.234s  status=Exact solution     len=  2.060  endpoints_valid=True  collision=False  over_limit=False
[870] PASS  time=  0.289s  status=Exact solution     len=  2.491  endpoints_valid=True  collision=False  over_limit=False
[871] PASS  time=  0.879s  status=Exact solution     len=  3.774  endpoints_valid=True  collision=False  over_limit=False
[872] PASS  time=  0.411s  status=Exact solution     len=  2.240  endpoints_valid=True  collision=False  over_limit=False
[873] PASS  time=  0.575s  status=Exact solution     len=  3.166  endpoints_valid=True  collision=False  over_limit=False
[874] PASS  time=  1.389s  status=Exact solution     len=  3.379  endpoints_valid=True  collision=False  over_limit=False
[875] PASS  time=  1.181s  status=Exact solution     len=  4.400  endpoints_valid=True  collision=False  over_limit=False
[876] PASS  time=  0.745s  status=Exact solution     len=  5.017  endpoints_valid=True  collision=False  over_limit=False
[877] PASS  time=  0.310s  status=Exact solution     len=  1.866  endpoints_valid=True  collision=False  over_limit=False
[878] PASS  time=  0.394s  status=Exact solution     len=  3.053  endpoints_valid=True  collision=False  over_limit=False
[879] PASS  time=  0.438s  status=Exact solution     len=  3.206  endpoints_valid=True  collision=False  over_limit=False
[880] PASS  time=  0.277s  status=Exact solution     len=  2.418  endpoints_valid=True  collision=False  over_limit=False
[881] PASS  time=  0.075s  status=Exact solution     len=  1.530  endpoints_valid=True  collision=False  over_limit=False
[882] PASS  time=  1.099s  status=Exact solution     len=  5.574  endpoints_valid=True  collision=False  over_limit=False
[883] PASS  time=  0.400s  status=Exact solution     len=  2.080  endpoints_valid=True  collision=False  over_limit=False
[884] PASS  time=  1.708s  status=Exact solution     len=  5.178  endpoints_valid=True  collision=False  over_limit=False
[885] PASS  time=  0.828s  status=Exact solution     len=  2.931  endpoints_valid=True  collision=False  over_limit=False
[886] PASS  time=  0.967s  status=Exact solution     len=  3.947  endpoints_valid=True  collision=False  over_limit=False
[887] PASS  time=  0.494s  status=Exact solution     len=  1.443  endpoints_valid=True  collision=False  over_limit=False
[888] PASS  time=  0.499s  status=Exact solution     len=  2.224  endpoints_valid=True  collision=False  over_limit=False
[889] PASS  time=  0.592s  status=Exact solution     len=  2.553  endpoints_valid=True  collision=False  over_limit=False
[890] PASS  time=  0.088s  status=Exact solution     len=  1.436  endpoints_valid=True  collision=False  over_limit=False
[891] PASS  time=  0.191s  status=Exact solution     len=  1.606  endpoints_valid=True  collision=False  over_limit=False
[892] PASS  time=  0.896s  status=Exact solution     len=  3.052  endpoints_valid=True  collision=False  over_limit=False
[893] PASS  time=  0.732s  status=Exact solution     len=  4.183  endpoints_valid=True  collision=False  over_limit=False
[894] PASS  time=  0.703s  status=Exact solution     len=  1.640  endpoints_valid=True  collision=False  over_limit=False
[895] PASS  time=  0.354s  status=Exact solution     len=  2.343  endpoints_valid=True  collision=False  over_limit=False
[896] PASS  time=  0.141s  status=Exact solution     len=  2.143  endpoints_valid=True  collision=False  over_limit=False
[897] PASS  time=  0.154s  status=Exact solution     len=  1.749  endpoints_valid=True  collision=False  over_limit=False
[898] PASS  time=  0.502s  status=Exact solution     len=  3.558  endpoints_valid=True  collision=False  over_limit=False
[899] PASS  time=  0.885s  status=Exact solution     len=  5.390  endpoints_valid=True  collision=False  over_limit=False
[900] PASS  time=  0.895s  status=Exact solution     len=  4.645  endpoints_valid=True  collision=False  over_limit=False
[901] PASS  time=  1.216s  status=Exact solution     len=  4.791  endpoints_valid=True  collision=False  over_limit=False
[902] PASS  time=  0.498s  status=Exact solution     len=  2.667  endpoints_valid=True  collision=False  over_limit=False
[903] PASS  time=  0.154s  status=Exact solution     len=  1.423  endpoints_valid=True  collision=False  over_limit=False
[904] PASS  time=  0.125s  status=Exact solution     len=  1.023  endpoints_valid=True  collision=False  over_limit=False
[905] PASS  time=  0.175s  status=Exact solution     len=  1.501  endpoints_valid=True  collision=False  over_limit=False
[906] PASS  time=  1.360s  status=Exact solution     len=  3.323  endpoints_valid=True  collision=False  over_limit=False
[907] PASS  time=  0.662s  status=Exact solution     len=  2.330  endpoints_valid=True  collision=False  over_limit=False
[908] PASS  time=  0.173s  status=Exact solution     len=  2.801  endpoints_valid=True  collision=False  over_limit=False
[909] PASS  time=  0.586s  status=Exact solution     len=  3.409  endpoints_valid=True  collision=False  over_limit=False
[910] PASS  time=  0.486s  status=Exact solution     len=  3.678  endpoints_valid=True  collision=False  over_limit=False
[911] PASS  time=  0.098s  status=Exact solution     len=  1.318  endpoints_valid=True  collision=False  over_limit=False
[912] PASS  time=  0.158s  status=Exact solution     len=  2.038  endpoints_valid=True  collision=False  over_limit=False
[913] PASS  time=  1.363s  status=Exact solution     len=  4.636  endpoints_valid=True  collision=False  over_limit=False
[914] PASS  time=  0.281s  status=Exact solution     len=  1.692  endpoints_valid=True  collision=False  over_limit=False
[915] PASS  time=  0.813s  status=Exact solution     len=  3.680  endpoints_valid=True  collision=False  over_limit=False
[916] PASS  time=  0.282s  status=Exact solution     len=  1.664  endpoints_valid=True  collision=False  over_limit=False
[917] PASS  time=  0.989s  status=Exact solution     len=  3.262  endpoints_valid=True  collision=False  over_limit=False
[918] PASS  time=  0.734s  status=Exact solution     len=  1.939  endpoints_valid=True  collision=False  over_limit=False
[919] PASS  time=  0.288s  status=Exact solution     len=  1.969  endpoints_valid=True  collision=False  over_limit=False
[920] PASS  time=  0.360s  status=Exact solution     len=  3.228  endpoints_valid=True  collision=False  over_limit=False
[921] PASS  time=  0.338s  status=Exact solution     len=  2.624  endpoints_valid=True  collision=False  over_limit=False
[922] PASS  time=  0.326s  status=Exact solution     len=  2.239  endpoints_valid=True  collision=False  over_limit=False
[923] PASS  time=  0.063s  status=Exact solution     len=  1.590  endpoints_valid=True  collision=False  over_limit=False
[924] PASS  time=  0.118s  status=Exact solution     len=  0.935  endpoints_valid=True  collision=False  over_limit=False
[925] PASS  time=  0.493s  status=Exact solution     len=  3.634  endpoints_valid=True  collision=False  over_limit=False
[926] PASS  time=  0.587s  status=Exact solution     len=  2.429  endpoints_valid=True  collision=False  over_limit=False
[927] PASS  time=  0.212s  status=Exact solution     len=  2.664  endpoints_valid=True  collision=False  over_limit=False
[928] PASS  time=  0.147s  status=Exact solution     len=  1.153  endpoints_valid=True  collision=False  over_limit=False
[929] PASS  time=  0.600s  status=Exact solution     len=  3.138  endpoints_valid=True  collision=False  over_limit=False
[930] PASS  time=  0.943s  status=Exact solution     len=  4.457  endpoints_valid=True  collision=False  over_limit=False
[931] PASS  time=  0.871s  status=Exact solution     len=  8.573  endpoints_valid=True  collision=False  over_limit=False
[932] PASS  time=  0.275s  status=Exact solution     len=  1.702  endpoints_valid=True  collision=False  over_limit=False
[933] PASS  time=  1.014s  status=Exact solution     len=  2.103  endpoints_valid=True  collision=False  over_limit=False
[934] PASS  time=  0.888s  status=Exact solution     len=  3.264  endpoints_valid=True  collision=False  over_limit=False
[935] PASS  time=  0.278s  status=Exact solution     len=  1.314  endpoints_valid=True  collision=False  over_limit=False
[936] PASS  time=  0.835s  status=Exact solution     len=  3.509  endpoints_valid=True  collision=False  over_limit=False
[937] PASS  time=  0.593s  status=Exact solution     len=  3.031  endpoints_valid=True  collision=False  over_limit=False
[938] PASS  time=  0.385s  status=Exact solution     len=  3.099  endpoints_valid=True  collision=False  over_limit=False
[939] PASS  time=  1.058s  status=Exact solution     len=  3.832  endpoints_valid=True  collision=False  over_limit=False
[940] PASS  time=  0.466s  status=Exact solution     len=  2.769  endpoints_valid=True  collision=False  over_limit=False
[941] PASS  time=  0.135s  status=Exact solution     len=  1.532  endpoints_valid=True  collision=False  over_limit=False
[942] PASS  time=  0.260s  status=Exact solution     len=  2.195  endpoints_valid=True  collision=False  over_limit=False
[943] PASS  time=  0.138s  status=Exact solution     len=  2.702  endpoints_valid=True  collision=False  over_limit=False
[944] PASS  time=  0.214s  status=Exact solution     len=  1.827  endpoints_valid=True  collision=False  over_limit=False
[945] PASS  time=  0.795s  status=Exact solution     len=  2.325  endpoints_valid=True  collision=False  over_limit=False
[946] PASS  time=  0.747s  status=Exact solution     len=  2.446  endpoints_valid=True  collision=False  over_limit=False
[947] PASS  time=  0.377s  status=Exact solution     len=  2.511  endpoints_valid=True  collision=False  over_limit=False
[948] PASS  time=  1.182s  status=Exact solution     len=  4.186  endpoints_valid=True  collision=False  over_limit=False
[949] PASS  time=  0.716s  status=Exact solution     len=  4.112  endpoints_valid=True  collision=False  over_limit=False
[950] PASS  time=  0.435s  status=Exact solution     len=  1.779  endpoints_valid=True  collision=False  over_limit=False
[951] PASS  time=  0.832s  status=Exact solution     len=  4.140  endpoints_valid=True  collision=False  over_limit=False
[952] PASS  time=  0.298s  status=Exact solution     len=  2.568  endpoints_valid=True  collision=False  over_limit=False
[953] PASS  time=  0.272s  status=Exact solution     len=  1.528  endpoints_valid=True  collision=False  over_limit=False
[954] PASS  time=  1.195s  status=Exact solution     len=  2.238  endpoints_valid=True  collision=False  over_limit=False
[955] PASS  time=  0.193s  status=Exact solution     len=  1.439  endpoints_valid=True  collision=False  over_limit=False
[956] PASS  time=  0.396s  status=Exact solution     len=  1.774  endpoints_valid=True  collision=False  over_limit=False
[957] PASS  time=  1.727s  status=Exact solution     len=  3.653  endpoints_valid=True  collision=False  over_limit=False
[958] PASS  time=  2.047s  status=Exact solution     len=  5.435  endpoints_valid=True  collision=False  over_limit=False
[959] PASS  time=  0.166s  status=Exact solution     len=  2.009  endpoints_valid=True  collision=False  over_limit=False
[960] PASS  time=  0.081s  status=Exact solution     len=  1.374  endpoints_valid=True  collision=False  over_limit=False
[961] PASS  time=  0.462s  status=Exact solution     len=  2.779  endpoints_valid=True  collision=False  over_limit=False
[962] PASS  time=  0.332s  status=Exact solution     len=  3.386  endpoints_valid=True  collision=False  over_limit=False
[963] PASS  time=  0.519s  status=Exact solution     len=  2.290  endpoints_valid=True  collision=False  over_limit=False
[964] PASS  time=  0.189s  status=Exact solution     len=  2.302  endpoints_valid=True  collision=False  over_limit=False
[965] PASS  time=  0.511s  status=Exact solution     len=  2.683  endpoints_valid=True  collision=False  over_limit=False
[966] PASS  time=  0.653s  status=Exact solution     len=  3.465  endpoints_valid=True  collision=False  over_limit=False
[967] PASS  time=  0.696s  status=Exact solution     len=  3.826  endpoints_valid=True  collision=False  over_limit=False
[968] PASS  time=  0.298s  status=Exact solution     len=  2.050  endpoints_valid=True  collision=False  over_limit=False
[969] PASS  time=  0.178s  status=Exact solution     len=  2.426  endpoints_valid=True  collision=False  over_limit=False
[970] PASS  time=  0.836s  status=Exact solution     len=  2.104  endpoints_valid=True  collision=False  over_limit=False
[971] PASS  time=  0.418s  status=Exact solution     len=  3.008  endpoints_valid=True  collision=False  over_limit=False
[972] PASS  time=  0.389s  status=Exact solution     len=  1.640  endpoints_valid=True  collision=False  over_limit=False
[973] PASS  time=  0.489s  status=Exact solution     len=  1.458  endpoints_valid=True  collision=False  over_limit=False
[974] PASS  time=  0.280s  status=Exact solution     len=  1.778  endpoints_valid=True  collision=False  over_limit=False
[975] PASS  time=  1.133s  status=Exact solution     len=  3.626  endpoints_valid=True  collision=False  over_limit=False
[976] PASS  time=  0.393s  status=Exact solution     len=  2.346  endpoints_valid=True  collision=False  over_limit=False
[977] PASS  time=  0.735s  status=Exact solution     len=  4.411  endpoints_valid=True  collision=False  over_limit=False
[978] PASS  time=  0.173s  status=Exact solution     len=  1.921  endpoints_valid=True  collision=False  over_limit=False
[979] PASS  time=  0.265s  status=Exact solution     len=  1.968  endpoints_valid=True  collision=False  over_limit=False
[980] PASS  time=  0.502s  status=Exact solution     len=  1.387  endpoints_valid=True  collision=False  over_limit=False
[981] PASS  time=  0.046s  status=Exact solution     len=  1.434  endpoints_valid=True  collision=False  over_limit=False
[982] PASS  time=  0.064s  status=Exact solution     len=  1.620  endpoints_valid=True  collision=False  over_limit=False
[983] PASS  time=  0.039s  status=Exact solution     len=  1.238  endpoints_valid=True  collision=False  over_limit=False
[984] PASS  time=  0.217s  status=Exact solution     len=  2.198  endpoints_valid=True  collision=False  over_limit=False
[985] PASS  time=  0.688s  status=Exact solution     len=  2.667  endpoints_valid=True  collision=False  over_limit=False
[986] PASS  time=  0.515s  status=Exact solution     len=  4.250  endpoints_valid=True  collision=False  over_limit=False
[987] PASS  time=  0.113s  status=Exact solution     len=  2.036  endpoints_valid=True  collision=False  over_limit=False
[988] PASS  time=  0.269s  status=Exact solution     len=  2.632  endpoints_valid=True  collision=False  over_limit=False
[989] PASS  time=  1.358s  status=Exact solution     len=  5.429  endpoints_valid=True  collision=False  over_limit=False
[990] PASS  time=  0.426s  status=Exact solution     len=  2.270  endpoints_valid=True  collision=False  over_limit=False
[991] PASS  time=  0.991s  status=Exact solution     len=  3.677  endpoints_valid=True  collision=False  over_limit=False
[992] PASS  time=  0.988s  status=Exact solution     len=  4.437  endpoints_valid=True  collision=False  over_limit=False
[993] PASS  time=  0.203s  status=Exact solution     len=  2.183  endpoints_valid=True  collision=False  over_limit=False
[994] PASS  time=  1.189s  status=Exact solution     len=  4.065  endpoints_valid=True  collision=False  over_limit=False
[995] PASS  time=  2.477s  status=Exact solution     len=  7.926  endpoints_valid=True  collision=False  over_limit=False
[996] PASS  time=  0.238s  status=Exact solution     len=  2.351  endpoints_valid=True  collision=False  over_limit=False
[997] PASS  time=  0.062s  status=Exact solution     len=  2.343  endpoints_valid=True  collision=False  over_limit=False
[998] PASS  time=  0.690s  status=Exact solution     len=  3.053  endpoints_valid=True  collision=False  over_limit=False
[999] PASS  time=  0.830s  status=Exact solution     len=  3.282  endpoints_valid=True  collision=False  over_limit=False

shape                     : datasets/3dshape/rectangle.obj
environment               : datasets/3dshape/env1.obj
data_path                 : testing_data/3dshape/rectangle_env1
planner                   : RRTConnect (OMPL, SE(3))
time_limit_per_case       : 30.000 s  (a case over this = fail)
path_simplification       : off

test_cases_total          : 1000
invalid_start_or_goal     : 0  (excluded, unplannable)
test_cases_scored         : 1000  [valid start+goal only]
successes                 : 1000
failures                  : 0
  no_solution_in_time     : 0
  over_time_limit         : 0
  path_in_collision       : 0
success_rate              : 1.0000  (100.0%)  [1000/1000]

time_mean                 : 0.4524 s   [all 1000 scored cases]
time_std                  : 0.3727 s
time_mean_successful      : 0.4524 s   [1000 successful cases]
time_std_successful       : 0.3727 s
time_median               : 0.3323 s

path_length_mean          : 2.8982   [1000 successful cases]
path_length_std           : 1.2120
path_length_total         : 2898.2103

total_time                : 452.39 s
collision_checks          : 739161

Wrote results/ompl_rrtconnect/rectangle_env1/rrt_connect_success_rate.txt
Wrote results/ompl_rrtconnect/rectangle_env1/rrt_connect_cases.csv
