[load_obj] 'datasets/3dshape/4shape3d.obj': 1 objects/groups
  [0] 'Body4'  (36 triangles)
[load_obj] 'datasets/3dshape/env3.obj': 4 objects/groups
  [0] 'wall (1)'  (88 triangles)
  [1] 'Body14'  (12 triangles)
  [2] 'Body16'  (12 triangles)
  [3] 'Body17'  (12 triangles)
shape       : datasets/3dshape/4shape3d.obj  (20 verts, 30 tets, radius 0.1577)
environment : datasets/3dshape/env3.obj  (124 tris, 50000 collision points)
bounds      : low [-0.4539, -0.3177, -0.5]  high [0.4539, 0.3177, 0.5]
test cases  : 1000 from testing_data/3dshape/4shape3d_env3/sampled_points.npy
planner     : LazyPRM  (time limit 30.0s per case, resolution 0.005, roadmap cleared per case)

[000] PASS  time=  7.800s  status=Exact solution     len= 15.386  endpoints_valid=True  collision=False  over_limit=False
[001] PASS  time=  3.739s  status=Exact solution     len=  6.366  endpoints_valid=True  collision=False  over_limit=False
[002] PASS  time= 11.521s  status=Exact solution     len=  5.087  endpoints_valid=True  collision=False  over_limit=False
[003] PASS  time=  1.812s  status=Exact solution     len=  5.739  endpoints_valid=True  collision=False  over_limit=False
[004] PASS  time=  3.218s  status=Exact solution     len=  4.552  endpoints_valid=True  collision=False  over_limit=False
[005] PASS  time=  7.174s  status=Exact solution     len=  3.991  endpoints_valid=True  collision=False  over_limit=False
[006] PASS  time=  7.293s  status=Exact solution     len= 10.698  endpoints_valid=True  collision=False  over_limit=False
[007] PASS  time= 14.365s  status=Exact solution     len=  4.550  endpoints_valid=True  collision=False  over_limit=False
[008] PASS  time=  3.008s  status=Exact solution     len=  8.067  endpoints_valid=True  collision=False  over_limit=False
[009] PASS  time=  1.604s  status=Exact solution     len=  6.824  endpoints_valid=True  collision=False  over_limit=False
[010] PASS  time=  3.620s  status=Exact solution     len=  2.912  endpoints_valid=True  collision=False  over_limit=False
[011] PASS  time=  0.660s  status=Exact solution     len=  2.468  endpoints_valid=True  collision=False  over_limit=False
[012] PASS  time=  5.372s  status=Exact solution     len=  1.969  endpoints_valid=True  collision=False  over_limit=False
[013] PASS  time=  4.462s  status=Exact solution     len=  7.454  endpoints_valid=True  collision=False  over_limit=False
[014] PASS  time=  1.527s  status=Exact solution     len=  4.586  endpoints_valid=True  collision=False  over_limit=False
[015] PASS  time=  9.030s  status=Exact solution     len=  2.766  endpoints_valid=True  collision=False  over_limit=False
[016] PASS  time= 10.572s  status=Exact solution     len=  5.879  endpoints_valid=True  collision=False  over_limit=False
[017] PASS  time=  0.803s  status=Exact solution     len=  3.622  endpoints_valid=True  collision=False  over_limit=False
[018] PASS  time=  2.420s  status=Exact solution     len=  9.097  endpoints_valid=True  collision=False  over_limit=False
[019] PASS  time=  2.978s  status=Exact solution     len=  3.029  endpoints_valid=True  collision=False  over_limit=False
[020] PASS  time=  4.332s  status=Exact solution     len=  8.243  endpoints_valid=True  collision=False  over_limit=False
[021] PASS  time=  4.030s  status=Exact solution     len=  3.101  endpoints_valid=True  collision=False  over_limit=False
[022] PASS  time=  9.023s  status=Exact solution     len=  3.765  endpoints_valid=True  collision=False  over_limit=False
[023] PASS  time=  8.337s  status=Exact solution     len=  5.756  endpoints_valid=True  collision=False  over_limit=False
[024] PASS  time=  8.946s  status=Exact solution     len= 11.346  endpoints_valid=True  collision=False  over_limit=False
[025] PASS  time=  1.133s  status=Exact solution     len=  2.494  endpoints_valid=True  collision=False  over_limit=False
[026] PASS  time=  0.446s  status=Exact solution     len=  2.146  endpoints_valid=True  collision=False  over_limit=False
[027] PASS  time=  9.318s  status=Exact solution     len=  5.440  endpoints_valid=True  collision=False  over_limit=False
[028] PASS  time=  2.233s  status=Exact solution     len=  4.287  endpoints_valid=True  collision=False  over_limit=False
[029] PASS  time=  0.082s  status=Exact solution     len=  0.379  endpoints_valid=True  collision=False  over_limit=False
[030] PASS  time=  1.524s  status=Exact solution     len=  4.754  endpoints_valid=True  collision=False  over_limit=False
[031] PASS  time=  5.050s  status=Exact solution     len=  2.784  endpoints_valid=True  collision=False  over_limit=False
[032] PASS  time=  1.535s  status=Exact solution     len=  4.771  endpoints_valid=True  collision=False  over_limit=False
[033] PASS  time=  3.922s  status=Exact solution     len=  8.156  endpoints_valid=True  collision=False  over_limit=False
[034] PASS  time=  3.332s  status=Exact solution     len=  2.391  endpoints_valid=True  collision=False  over_limit=False
[035] PASS  time=  1.336s  status=Exact solution     len=  4.622  endpoints_valid=True  collision=False  over_limit=False
[036] PASS  time=  2.752s  status=Exact solution     len=  9.778  endpoints_valid=True  collision=False  over_limit=False
[037] PASS  time=  1.834s  status=Exact solution     len=  5.324  endpoints_valid=True  collision=False  over_limit=False
[038] PASS  time=  7.696s  status=Exact solution     len= 14.331  endpoints_valid=True  collision=False  over_limit=False
[039] PASS  time=  3.389s  status=Exact solution     len= 10.157  endpoints_valid=True  collision=False  over_limit=False
[040] PASS  time=  6.390s  status=Exact solution     len= 10.215  endpoints_valid=True  collision=False  over_limit=False
[041] PASS  time=  3.494s  status=Exact solution     len=  3.271  endpoints_valid=True  collision=False  over_limit=False
[042] PASS  time=  9.418s  status=Exact solution     len=  6.470  endpoints_valid=True  collision=False  over_limit=False
[043] PASS  time=  8.090s  status=Exact solution     len=  6.314  endpoints_valid=True  collision=False  over_limit=False
[044] PASS  time=  1.008s  status=Exact solution     len=  2.682  endpoints_valid=True  collision=False  over_limit=False
[045] PASS  time= 10.087s  status=Exact solution     len=  6.283  endpoints_valid=True  collision=False  over_limit=False
[046] FAIL  time= 30.135s  status=Timeout            len=    nan  endpoints_valid=True  collision=False  over_limit=True
[047] PASS  time=  2.744s  status=Exact solution     len=  2.097  endpoints_valid=True  collision=False  over_limit=False
[048] FAIL  time= 30.043s  status=Timeout            len=    nan  endpoints_valid=True  collision=False  over_limit=True
[049] PASS  time=  0.025s  status=Exact solution     len=  0.374  endpoints_valid=True  collision=False  over_limit=False
[050] PASS  time=  5.299s  status=Exact solution     len=  3.340  endpoints_valid=True  collision=False  over_limit=False
[051] PASS  time=  4.783s  status=Exact solution     len=  1.799  endpoints_valid=True  collision=False  over_limit=False
[052] PASS  time=  5.160s  status=Exact solution     len=  9.211  endpoints_valid=True  collision=False  over_limit=False
[053] PASS  time=  2.358s  status=Exact solution     len=  2.168  endpoints_valid=True  collision=False  over_limit=False
[054] PASS  time=  0.547s  status=Exact solution     len=  1.111  endpoints_valid=True  collision=False  over_limit=False
[055] PASS  time=  2.280s  status=Exact solution     len=  4.584  endpoints_valid=True  collision=False  over_limit=False
[056] PASS  time=  1.550s  status=Exact solution     len=  6.761  endpoints_valid=True  collision=False  over_limit=False
[057] PASS  time=  9.824s  status=Exact solution     len=  3.971  endpoints_valid=True  collision=False  over_limit=False
[058] PASS  time=  3.650s  status=Exact solution     len=  2.554  endpoints_valid=True  collision=False  over_limit=False
[059] PASS  time=  2.238s  status=Exact solution     len=  4.028  endpoints_valid=True  collision=False  over_limit=False
[060] PASS  time=  4.741s  status=Exact solution     len=  5.185  endpoints_valid=True  collision=False  over_limit=False
[061] PASS  time=  2.341s  status=Exact solution     len=  7.706  endpoints_valid=True  collision=False  over_limit=False
[062] PASS  time=  2.078s  status=Exact solution     len=  5.641  endpoints_valid=True  collision=False  over_limit=False
[063] PASS  time=  2.769s  status=Exact solution     len=  5.055  endpoints_valid=True  collision=False  over_limit=False
[064] PASS  time=  5.857s  status=Exact solution     len=  3.571  endpoints_valid=True  collision=False  over_limit=False
[065] PASS  time=  5.789s  status=Exact solution     len=  5.855  endpoints_valid=True  collision=False  over_limit=False
[066] PASS  time= 10.658s  status=Exact solution     len=  8.854  endpoints_valid=True  collision=False  over_limit=False
[067] PASS  time=  8.174s  status=Exact solution     len=  5.715  endpoints_valid=True  collision=False  over_limit=False
[068] PASS  time=  4.663s  status=Exact solution     len=  5.167  endpoints_valid=True  collision=False  over_limit=False
[069] PASS  time=  5.352s  status=Exact solution     len=  7.467  endpoints_valid=True  collision=False  over_limit=False
[070] PASS  time=  0.086s  status=Exact solution     len=  0.433  endpoints_valid=True  collision=False  over_limit=False
[071] PASS  time= 10.018s  status=Exact solution     len=  8.268  endpoints_valid=True  collision=False  over_limit=False
[072] PASS  time=  5.299s  status=Exact solution     len=  2.944  endpoints_valid=True  collision=False  over_limit=False
[073] PASS  time=  3.101s  status=Exact solution     len=  2.174  endpoints_valid=True  collision=False  over_limit=False
[074] PASS  time=  6.052s  status=Exact solution     len=  8.642  endpoints_valid=True  collision=False  over_limit=False
[075] PASS  time=  8.020s  status=Exact solution     len=  4.345  endpoints_valid=True  collision=False  over_limit=False
[076] PASS  time=  9.160s  status=Exact solution     len=  6.164  endpoints_valid=True  collision=False  over_limit=False
[077] PASS  time=  5.937s  status=Exact solution     len=  7.696  endpoints_valid=True  collision=False  over_limit=False
[078] PASS  time=  8.210s  status=Exact solution     len=  2.751  endpoints_valid=True  collision=False  over_limit=False
[079] PASS  time=  6.481s  status=Exact solution     len=  5.014  endpoints_valid=True  collision=False  over_limit=False
[080] PASS  time=  3.829s  status=Exact solution     len=  3.351  endpoints_valid=True  collision=False  over_limit=False
[081] PASS  time=  4.997s  status=Exact solution     len=  4.265  endpoints_valid=True  collision=False  over_limit=False
[082] PASS  time=  0.025s  status=Exact solution     len=  0.220  endpoints_valid=True  collision=False  over_limit=False
[083] PASS  time=  3.175s  status=Exact solution     len=  7.204  endpoints_valid=True  collision=False  over_limit=False
[084] PASS  time=  8.837s  status=Exact solution     len=  2.606  endpoints_valid=True  collision=False  over_limit=False
[085] PASS  time=  2.368s  status=Exact solution     len=  2.929  endpoints_valid=True  collision=False  over_limit=False
[086] PASS  time=  5.117s  status=Exact solution     len=  9.254  endpoints_valid=True  collision=False  over_limit=False
[087] PASS  time= 11.816s  status=Exact solution     len=  9.691  endpoints_valid=True  collision=False  over_limit=False
[088] PASS  time=  8.471s  status=Exact solution     len=  3.707  endpoints_valid=True  collision=False  over_limit=False
[089] PASS  time=  1.526s  status=Exact solution     len=  2.433  endpoints_valid=True  collision=False  over_limit=False
[090] PASS  time=  0.071s  status=Exact solution     len=  0.436  endpoints_valid=True  collision=False  over_limit=False
[091] PASS  time=  9.721s  status=Exact solution     len=  4.016  endpoints_valid=True  collision=False  over_limit=False
[092] PASS  time= 10.781s  status=Exact solution     len=  7.262  endpoints_valid=True  collision=False  over_limit=False
[093] PASS  time=  9.132s  status=Exact solution     len=  4.444  endpoints_valid=True  collision=False  over_limit=False
[094] PASS  time=  1.801s  status=Exact solution     len=  5.828  endpoints_valid=True  collision=False  over_limit=False
[095] FAIL  time= 30.113s  status=Timeout            len=    nan  endpoints_valid=True  collision=False  over_limit=True
[096] PASS  time=  8.267s  status=Exact solution     len=  8.616  endpoints_valid=True  collision=False  over_limit=False
[097] PASS  time= 12.122s  status=Exact solution     len=  7.017  endpoints_valid=True  collision=False  over_limit=False
[098] FAIL  time= 30.097s  status=Timeout            len=    nan  endpoints_valid=True  collision=False  over_limit=True
[099] PASS  time=  1.643s  status=Exact solution     len=  6.195  endpoints_valid=True  collision=False  over_limit=False
[100] PASS  time=  4.621s  status=Exact solution     len=  7.060  endpoints_valid=True  collision=False  over_limit=False
[101] PASS  time=  9.945s  status=Exact solution     len=  5.473  endpoints_valid=True  collision=False  over_limit=False
[102] PASS  time=  1.831s  status=Exact solution     len=  4.510  endpoints_valid=True  collision=False  over_limit=False
[103] PASS  time=  1.243s  status=Exact solution     len=  1.756  endpoints_valid=True  collision=False  over_limit=False
[104] PASS  time=  2.316s  status=Exact solution     len=  5.915  endpoints_valid=True  collision=False  over_limit=False
[105] PASS  time=  1.332s  status=Exact solution     len=  2.519  endpoints_valid=True  collision=False  over_limit=False
[106] PASS  time=  1.785s  status=Exact solution     len=  4.995  endpoints_valid=True  collision=False  over_limit=False
[107] PASS  time= 10.465s  status=Exact solution     len=  6.048  endpoints_valid=True  collision=False  over_limit=False
[108] PASS  time=  7.957s  status=Exact solution     len=  6.828  endpoints_valid=True  collision=False  over_limit=False
[109] PASS  time=  2.857s  status=Exact solution     len=  4.761  endpoints_valid=True  collision=False  over_limit=False
[110] PASS  time= 10.502s  status=Exact solution     len=  6.244  endpoints_valid=True  collision=False  over_limit=False
[111] PASS  time=  0.053s  status=Exact solution     len=  0.365  endpoints_valid=True  collision=False  over_limit=False
[112] PASS  time=  2.057s  status=Exact solution     len=  2.279  endpoints_valid=True  collision=False  over_limit=False
[113] PASS  time=  4.688s  status=Exact solution     len=  6.514  endpoints_valid=True  collision=False  over_limit=False
[114] PASS  time= 15.719s  status=Exact solution     len=  6.464  endpoints_valid=True  collision=False  over_limit=False
[115] PASS  time=  5.678s  status=Exact solution     len=  6.015  endpoints_valid=True  collision=False  over_limit=False
[116] PASS  time= 11.416s  status=Exact solution     len=  6.609  endpoints_valid=True  collision=False  over_limit=False
[117] PASS  time=  2.111s  status=Exact solution     len=  1.970  endpoints_valid=True  collision=False  over_limit=False
[118] PASS  time=  1.848s  status=Exact solution     len=  4.853  endpoints_valid=True  collision=False  over_limit=False
[119] PASS  time=  2.201s  status=Exact solution     len=  3.452  endpoints_valid=True  collision=False  over_limit=False
[120] PASS  time=  3.801s  status=Exact solution     len=  6.466  endpoints_valid=True  collision=False  over_limit=False
[121] PASS  time= 15.176s  status=Exact solution     len=  2.537  endpoints_valid=True  collision=False  over_limit=False
[122] PASS  time=  1.504s  status=Exact solution     len=  1.352  endpoints_valid=True  collision=False  over_limit=False
[123] PASS  time=  6.119s  status=Exact solution     len=  2.872  endpoints_valid=True  collision=False  over_limit=False
[124] PASS  time=  2.483s  status=Exact solution     len=  3.950  endpoints_valid=True  collision=False  over_limit=False
[125] PASS  time=  7.937s  status=Exact solution     len=  6.148  endpoints_valid=True  collision=False  over_limit=False
[126] PASS  time= 18.523s  status=Exact solution     len=  7.896  endpoints_valid=True  collision=False  over_limit=False
[127] PASS  time=  1.717s  status=Exact solution     len=  0.971  endpoints_valid=True  collision=False  over_limit=False
[128] PASS  time=  3.627s  status=Exact solution     len=  7.337  endpoints_valid=True  collision=False  over_limit=False
[129] PASS  time=  4.376s  status=Exact solution     len=  4.494  endpoints_valid=True  collision=False  over_limit=False
[130] PASS  time=  0.240s  status=Exact solution     len=  0.516  endpoints_valid=True  collision=False  over_limit=False
[131] PASS  time= 18.824s  status=Exact solution     len=  7.629  endpoints_valid=True  collision=False  over_limit=False
[132] PASS  time=  3.119s  status=Exact solution     len=  3.106  endpoints_valid=True  collision=False  over_limit=False
[133] PASS  time=  0.893s  status=Exact solution     len=  8.175  endpoints_valid=True  collision=False  over_limit=False
[134] PASS  time=  4.558s  status=Exact solution     len=  6.177  endpoints_valid=True  collision=False  over_limit=False
[135] PASS  time=  0.299s  status=Exact solution     len=  1.151  endpoints_valid=True  collision=False  over_limit=False
[136] PASS  time=  7.073s  status=Exact solution     len=  8.350  endpoints_valid=True  collision=False  over_limit=False
[137] PASS  time=  5.696s  status=Exact solution     len=  6.417  endpoints_valid=True  collision=False  over_limit=False
[138] PASS  time=  2.194s  status=Exact solution     len=  3.381  endpoints_valid=True  collision=False  over_limit=False
[139] PASS  time=  8.916s  status=Exact solution     len= 12.915  endpoints_valid=True  collision=False  over_limit=False
[140] PASS  time= 14.943s  status=Exact solution     len=  7.808  endpoints_valid=True  collision=False  over_limit=False
[141] PASS  time=  2.673s  status=Exact solution     len=  2.604  endpoints_valid=True  collision=False  over_limit=False
[142] PASS  time=  3.870s  status=Exact solution     len=  7.884  endpoints_valid=True  collision=False  over_limit=False
[143] PASS  time=  4.223s  status=Exact solution     len=  2.913  endpoints_valid=True  collision=False  over_limit=False
[144] PASS  time=  5.663s  status=Exact solution     len=  0.821  endpoints_valid=True  collision=False  over_limit=False
[145] PASS  time=  9.340s  status=Exact solution     len= 12.272  endpoints_valid=True  collision=False  over_limit=False
[146] PASS  time=  6.289s  status=Exact solution     len=  6.225  endpoints_valid=True  collision=False  over_limit=False
[147] PASS  time= 12.537s  status=Exact solution     len=  5.346  endpoints_valid=True  collision=False  over_limit=False
[148] PASS  time=  3.113s  status=Exact solution     len=  4.592  endpoints_valid=True  collision=False  over_limit=False
[149] PASS  time=  3.876s  status=Exact solution     len=  5.417  endpoints_valid=True  collision=False  over_limit=False
[150] PASS  time=  9.710s  status=Exact solution     len=  6.488  endpoints_valid=True  collision=False  over_limit=False
[151] PASS  time=  0.647s  status=Exact solution     len=  3.619  endpoints_valid=True  collision=False  over_limit=False
[152] PASS  time=  5.600s  status=Exact solution     len=  3.993  endpoints_valid=True  collision=False  over_limit=False
[153] PASS  time=  2.059s  status=Exact solution     len=  2.586  endpoints_valid=True  collision=False  over_limit=False
[154] PASS  time=  8.652s  status=Exact solution     len=  8.245  endpoints_valid=True  collision=False  over_limit=False
[155] PASS  time=  0.040s  status=Exact solution     len=  0.507  endpoints_valid=True  collision=False  over_limit=False
[156] PASS  time=  5.321s  status=Exact solution     len=  5.260  endpoints_valid=True  collision=False  over_limit=False
[157] PASS  time=  2.392s  status=Exact solution     len=  3.377  endpoints_valid=True  collision=False  over_limit=False
[158] FAIL  time= 30.183s  status=Timeout            len=    nan  endpoints_valid=True  collision=False  over_limit=True
[159] PASS  time=  6.591s  status=Exact solution     len=  4.463  endpoints_valid=True  collision=False  over_limit=False
[160] PASS  time=  8.649s  status=Exact solution     len=  7.589  endpoints_valid=True  collision=False  over_limit=False
[161] PASS  time=  4.779s  status=Exact solution     len=  6.520  endpoints_valid=True  collision=False  over_limit=False
[162] PASS  time=  1.295s  status=Exact solution     len=  4.730  endpoints_valid=True  collision=False  over_limit=False
[163] PASS  time=  5.555s  status=Exact solution     len=  3.066  endpoints_valid=True  collision=False  over_limit=False
[164] PASS  time=  2.938s  status=Exact solution     len=  5.312  endpoints_valid=True  collision=False  over_limit=False
[165] PASS  time=  5.189s  status=Exact solution     len=  9.198  endpoints_valid=True  collision=False  over_limit=False
[166] PASS  time=  2.120s  status=Exact solution     len=  3.506  endpoints_valid=True  collision=False  over_limit=False
[167] PASS  time=  0.306s  status=Exact solution     len=  0.407  endpoints_valid=True  collision=False  over_limit=False
[168] PASS  time=  8.453s  status=Exact solution     len=  9.253  endpoints_valid=True  collision=False  over_limit=False
[169] PASS  time=  0.571s  status=Exact solution     len=  0.430  endpoints_valid=True  collision=False  over_limit=False
[170] PASS  time=  1.053s  status=Exact solution     len=  2.710  endpoints_valid=True  collision=False  over_limit=False
[171] PASS  time=  0.024s  status=Exact solution     len=  0.508  endpoints_valid=True  collision=False  over_limit=False
[172] PASS  time=  7.275s  status=Exact solution     len=  7.610  endpoints_valid=True  collision=False  over_limit=False
[173] PASS  time=  4.425s  status=Exact solution     len=  9.880  endpoints_valid=True  collision=False  over_limit=False
[174] PASS  time=  3.090s  status=Exact solution     len=  4.953  endpoints_valid=True  collision=False  over_limit=False
[175] PASS  time= 18.136s  status=Exact solution     len=  7.464  endpoints_valid=True  collision=False  over_limit=False
[176] PASS  time=  0.110s  status=Exact solution     len=  1.081  endpoints_valid=True  collision=False  over_limit=False
[177] PASS  time= 19.667s  status=Exact solution     len= 15.981  endpoints_valid=True  collision=False  over_limit=False
[178] PASS  time=  7.744s  status=Exact solution     len= 10.264  endpoints_valid=True  collision=False  over_limit=False
[179] PASS  time=  7.093s  status=Exact solution     len=  6.465  endpoints_valid=True  collision=False  over_limit=False
[180] PASS  time=  3.100s  status=Exact solution     len=  4.690  endpoints_valid=True  collision=False  over_limit=False
[181] PASS  time= 19.959s  status=Exact solution     len=  7.571  endpoints_valid=True  collision=False  over_limit=False
[182] PASS  time=  3.271s  status=Exact solution     len=  2.431  endpoints_valid=True  collision=False  over_limit=False
[183] PASS  time= 11.400s  status=Exact solution     len=  4.033  endpoints_valid=True  collision=False  over_limit=False
[184] PASS  time=  5.256s  status=Exact solution     len=  8.340  endpoints_valid=True  collision=False  over_limit=False
[185] PASS  time=  9.538s  status=Exact solution     len=  8.608  endpoints_valid=True  collision=False  over_limit=False
[186] PASS  time=  9.189s  status=Exact solution     len=  6.011  endpoints_valid=True  collision=False  over_limit=False
[187] PASS  time=  8.338s  status=Exact solution     len=  5.739  endpoints_valid=True  collision=False  over_limit=False
[188] PASS  time=  6.761s  status=Exact solution     len= 10.376  endpoints_valid=True  collision=False  over_limit=False
[189] PASS  time=  5.711s  status=Exact solution     len=  8.627  endpoints_valid=True  collision=False  over_limit=False
[190] PASS  time=  2.118s  status=Exact solution     len=  2.553  endpoints_valid=True  collision=False  over_limit=False
[191] PASS  time=  4.025s  status=Exact solution     len=  6.738  endpoints_valid=True  collision=False  over_limit=False
[192] PASS  time=  0.807s  status=Exact solution     len=  3.972  endpoints_valid=True  collision=False  over_limit=False
[193] PASS  time=  2.450s  status=Exact solution     len=  5.244  endpoints_valid=True  collision=False  over_limit=False
[194] PASS  time= 11.235s  status=Exact solution     len=  6.428  endpoints_valid=True  collision=False  over_limit=False
[195] PASS  time=  7.866s  status=Exact solution     len=  4.706  endpoints_valid=True  collision=False  over_limit=False
[196] PASS  time= 13.753s  status=Exact solution     len=  1.972  endpoints_valid=True  collision=False  over_limit=False
[197] PASS  time=  7.382s  status=Exact solution     len=  3.736  endpoints_valid=True  collision=False  over_limit=False
[198] PASS  time= 16.797s  status=Exact solution     len= 10.068  endpoints_valid=True  collision=False  over_limit=False
[199] PASS  time=  5.588s  status=Exact solution     len= 14.275  endpoints_valid=True  collision=False  over_limit=False
[200] PASS  time=  5.918s  status=Exact solution     len=  6.527  endpoints_valid=True  collision=False  over_limit=False
[201] PASS  time=  2.536s  status=Exact solution     len=  7.301  endpoints_valid=True  collision=False  over_limit=False
[202] PASS  time=  5.862s  status=Exact solution     len=  6.904  endpoints_valid=True  collision=False  over_limit=False
[203] PASS  time=  1.105s  status=Exact solution     len=  1.781  endpoints_valid=True  collision=False  over_limit=False
[204] PASS  time=  5.961s  status=Exact solution     len=  5.990  endpoints_valid=True  collision=False  over_limit=False
[205] PASS  time=  5.027s  status=Exact solution     len=  3.207  endpoints_valid=True  collision=False  over_limit=False
[206] PASS  time=  0.200s  status=Exact solution     len=  0.532  endpoints_valid=True  collision=False  over_limit=False
[207] PASS  time=  9.416s  status=Exact solution     len=  6.553  endpoints_valid=True  collision=False  over_limit=False
[208] PASS  time=  0.381s  status=Exact solution     len=  2.853  endpoints_valid=True  collision=False  over_limit=False
[209] PASS  time= 11.658s  status=Exact solution     len=  4.660  endpoints_valid=True  collision=False  over_limit=False
[210] PASS  time=  4.800s  status=Exact solution     len=  4.224  endpoints_valid=True  collision=False  over_limit=False
[211] PASS  time= 10.117s  status=Exact solution     len=  9.837  endpoints_valid=True  collision=False  over_limit=False
[212] PASS  time=  0.958s  status=Exact solution     len=  1.542  endpoints_valid=True  collision=False  over_limit=False
[213] PASS  time= 15.294s  status=Exact solution     len= 11.418  endpoints_valid=True  collision=False  over_limit=False
[214] PASS  time=  0.980s  status=Exact solution     len=  1.583  endpoints_valid=True  collision=False  over_limit=False
[215] PASS  time=  5.241s  status=Exact solution     len=  5.855  endpoints_valid=True  collision=False  over_limit=False
[216] PASS  time=  1.735s  status=Exact solution     len=  2.761  endpoints_valid=True  collision=False  over_limit=False
[217] PASS  time=  0.028s  status=Exact solution     len=  0.454  endpoints_valid=True  collision=False  over_limit=False
[218] PASS  time=  7.874s  status=Exact solution     len=  3.494  endpoints_valid=True  collision=False  over_limit=False
[219] PASS  time= 10.613s  status=Exact solution     len=  4.950  endpoints_valid=True  collision=False  over_limit=False
[220] PASS  time= 12.223s  status=Exact solution     len=  4.625  endpoints_valid=True  collision=False  over_limit=False
[221] PASS  time= 17.432s  status=Exact solution     len=  5.904  endpoints_valid=True  collision=False  over_limit=False
[222] PASS  time=  3.858s  status=Exact solution     len=  4.576  endpoints_valid=True  collision=False  over_limit=False
[223] PASS  time= 10.156s  status=Exact solution     len=  7.594  endpoints_valid=True  collision=False  over_limit=False
[224] PASS  time= 12.413s  status=Exact solution     len=  9.136  endpoints_valid=True  collision=False  over_limit=False
[225] PASS  time= 15.066s  status=Exact solution     len=  7.122  endpoints_valid=True  collision=False  over_limit=False
[226] PASS  time= 16.043s  status=Exact solution     len= 12.325  endpoints_valid=True  collision=False  over_limit=False
[227] PASS  time=  0.693s  status=Exact solution     len=  1.120  endpoints_valid=True  collision=False  over_limit=False
[228] PASS  time=  6.977s  status=Exact solution     len= 10.335  endpoints_valid=True  collision=False  over_limit=False
[229] PASS  time=  0.345s  status=Exact solution     len=  0.581  endpoints_valid=True  collision=False  over_limit=False
[230] PASS  time=  4.354s  status=Exact solution     len=  6.964  endpoints_valid=True  collision=False  over_limit=False
[231] PASS  time=  8.952s  status=Exact solution     len=  3.906  endpoints_valid=True  collision=False  over_limit=False
[232] PASS  time= 14.321s  status=Exact solution     len=  5.936  endpoints_valid=True  collision=False  over_limit=False
[233] PASS  time= 10.449s  status=Exact solution     len=  8.622  endpoints_valid=True  collision=False  over_limit=False
[234] PASS  time= 11.872s  status=Exact solution     len=  8.351  endpoints_valid=True  collision=False  over_limit=False
[235] PASS  time= 13.778s  status=Exact solution     len=  4.612  endpoints_valid=True  collision=False  over_limit=False
[236] PASS  time=  5.946s  status=Exact solution     len=  7.810  endpoints_valid=True  collision=False  over_limit=False
[237] PASS  time=  9.156s  status=Exact solution     len=  7.673  endpoints_valid=True  collision=False  over_limit=False
[238] PASS  time= 11.998s  status=Exact solution     len=  2.950  endpoints_valid=True  collision=False  over_limit=False
[239] PASS  time=  3.609s  status=Exact solution     len=  2.827  endpoints_valid=True  collision=False  over_limit=False
[240] FAIL  time= 30.416s  status=Exact solution     len=  5.455  endpoints_valid=True  collision=False  over_limit=True
[241] PASS  time=  3.759s  status=Exact solution     len=  3.594  endpoints_valid=True  collision=False  over_limit=False
[242] PASS  time=  9.225s  status=Exact solution     len=  6.195  endpoints_valid=True  collision=False  over_limit=False
[243] PASS  time=  8.849s  status=Exact solution     len=  6.155  endpoints_valid=True  collision=False  over_limit=False
[244] PASS  time=  0.402s  status=Exact solution     len=  1.606  endpoints_valid=True  collision=False  over_limit=False
[245] PASS  time= 12.048s  status=Exact solution     len= 12.287  endpoints_valid=True  collision=False  over_limit=False
[246] PASS  time=  5.257s  status=Exact solution     len=  9.715  endpoints_valid=True  collision=False  over_limit=False
[247] PASS  time= 10.283s  status=Exact solution     len= 10.209  endpoints_valid=True  collision=False  over_limit=False
[248] PASS  time=  0.016s  status=Exact solution     len=  0.559  endpoints_valid=True  collision=False  over_limit=False
[249] PASS  time= 10.917s  status=Exact solution     len=  6.728  endpoints_valid=True  collision=False  over_limit=False
[250] PASS  time=  4.287s  status=Exact solution     len= 10.814  endpoints_valid=True  collision=False  over_limit=False
[251] PASS  time=  0.147s  status=Exact solution     len=  0.519  endpoints_valid=True  collision=False  over_limit=False
[252] PASS  time= 21.179s  status=Exact solution     len=  6.578  endpoints_valid=True  collision=False  over_limit=False
[253] PASS  time=  8.067s  status=Exact solution     len=  3.895  endpoints_valid=True  collision=False  over_limit=False
[254] PASS  time=  0.166s  status=Exact solution     len=  1.538  endpoints_valid=True  collision=False  over_limit=False
[255] PASS  time=  1.134s  status=Exact solution     len=  1.860  endpoints_valid=True  collision=False  over_limit=False
[256] PASS  time=  7.657s  status=Exact solution     len=  3.960  endpoints_valid=True  collision=False  over_limit=False
[257] PASS  time=  0.900s  status=Exact solution     len=  1.814  endpoints_valid=True  collision=False  over_limit=False
[258] PASS  time=  8.518s  status=Exact solution     len= 10.758  endpoints_valid=True  collision=False  over_limit=False
[259] PASS  time= 23.305s  status=Exact solution     len=  5.546  endpoints_valid=True  collision=False  over_limit=False
[260] PASS  time=  6.813s  status=Exact solution     len=  4.704  endpoints_valid=True  collision=False  over_limit=False
[261] FAIL  time= 30.236s  status=Timeout            len=    nan  endpoints_valid=True  collision=False  over_limit=True
[262] PASS  time=  5.330s  status=Exact solution     len=  4.699  endpoints_valid=True  collision=False  over_limit=False
[263] PASS  time=  0.759s  status=Exact solution     len=  0.387  endpoints_valid=True  collision=False  over_limit=False
[264] PASS  time=  5.684s  status=Exact solution     len=  5.699  endpoints_valid=True  collision=False  over_limit=False
[265] PASS  time=  6.073s  status=Exact solution     len=  7.803  endpoints_valid=True  collision=False  over_limit=False
[266] PASS  time=  2.594s  status=Exact solution     len=  4.638  endpoints_valid=True  collision=False  over_limit=False
[267] PASS  time= 11.105s  status=Exact solution     len=  9.643  endpoints_valid=True  collision=False  over_limit=False
[268] PASS  time=  6.607s  status=Exact solution     len=  3.096  endpoints_valid=True  collision=False  over_limit=False
[269] PASS  time= 12.023s  status=Exact solution     len=  9.768  endpoints_valid=True  collision=False  over_limit=False
[270] PASS  time= 20.751s  status=Exact solution     len=  5.688  endpoints_valid=True  collision=False  over_limit=False
[271] PASS  time= 16.664s  status=Exact solution     len=  4.203  endpoints_valid=True  collision=False  over_limit=False
[272] PASS  time=  5.302s  status=Exact solution     len=  5.311  endpoints_valid=True  collision=False  over_limit=False
[273] PASS  time= 12.254s  status=Exact solution     len=  5.561  endpoints_valid=True  collision=False  over_limit=False
[274] PASS  time=  2.688s  status=Exact solution     len=  5.156  endpoints_valid=True  collision=False  over_limit=False
[275] PASS  time=  1.330s  status=Exact solution     len=  1.530  endpoints_valid=True  collision=False  over_limit=False
[276] PASS  time=  4.895s  status=Exact solution     len=  5.971  endpoints_valid=True  collision=False  over_limit=False
[277] PASS  time=  0.636s  status=Exact solution     len=  1.651  endpoints_valid=True  collision=False  over_limit=False
[278] PASS  time=  6.191s  status=Exact solution     len=  2.273  endpoints_valid=True  collision=False  over_limit=False
[279] PASS  time=  3.423s  status=Exact solution     len=  6.859  endpoints_valid=True  collision=False  over_limit=False
[280] PASS  time=  4.554s  status=Exact solution     len=  6.213  endpoints_valid=True  collision=False  over_limit=False
[281] PASS  time=  7.921s  status=Exact solution     len=  3.587  endpoints_valid=True  collision=False  over_limit=False
[282] PASS  time=  6.199s  status=Exact solution     len=  2.631  endpoints_valid=True  collision=False  over_limit=False
[283] PASS  time=  1.435s  status=Exact solution     len=  3.202  endpoints_valid=True  collision=False  over_limit=False
[284] PASS  time= 11.799s  status=Exact solution     len= 13.462  endpoints_valid=True  collision=False  over_limit=False
[285] PASS  time=  5.957s  status=Exact solution     len=  5.796  endpoints_valid=True  collision=False  over_limit=False
[286] PASS  time=  5.706s  status=Exact solution     len=  7.186  endpoints_valid=True  collision=False  over_limit=False
[287] PASS  time= 27.878s  status=Exact solution     len= 10.043  endpoints_valid=True  collision=False  over_limit=False
[288] PASS  time=  4.363s  status=Exact solution     len=  3.869  endpoints_valid=True  collision=False  over_limit=False
[289] PASS  time= 18.054s  status=Exact solution     len= 11.263  endpoints_valid=True  collision=False  over_limit=False
[290] PASS  time= 21.035s  status=Exact solution     len=  2.651  endpoints_valid=True  collision=False  over_limit=False
[291] PASS  time=  5.793s  status=Exact solution     len=  5.518  endpoints_valid=True  collision=False  over_limit=False
[292] PASS  time=  8.860s  status=Exact solution     len=  7.919  endpoints_valid=True  collision=False  over_limit=False
[293] PASS  time=  1.783s  status=Exact solution     len=  4.375  endpoints_valid=True  collision=False  over_limit=False
[294] PASS  time=  1.057s  status=Exact solution     len=  2.995  endpoints_valid=True  collision=False  over_limit=False
[295] PASS  time=  7.319s  status=Exact solution     len=  6.355  endpoints_valid=True  collision=False  over_limit=False
[296] PASS  time=  8.528s  status=Exact solution     len= 10.898  endpoints_valid=True  collision=False  over_limit=False
[297] PASS  time=  6.907s  status=Exact solution     len=  2.765  endpoints_valid=True  collision=False  over_limit=False
[298] PASS  time=  6.972s  status=Exact solution     len=  8.214  endpoints_valid=True  collision=False  over_limit=False
[299] PASS  time=  0.014s  status=Exact solution     len=  0.405  endpoints_valid=True  collision=False  over_limit=False
[300] PASS  time=  0.074s  status=Exact solution     len=  0.805  endpoints_valid=True  collision=False  over_limit=False
[301] PASS  time= 11.189s  status=Exact solution     len= 12.355  endpoints_valid=True  collision=False  over_limit=False
[302] PASS  time=  7.091s  status=Exact solution     len=  5.484  endpoints_valid=True  collision=False  over_limit=False
[303] PASS  time= 10.852s  status=Exact solution     len=  4.640  endpoints_valid=True  collision=False  over_limit=False
[304] PASS  time=  0.833s  status=Exact solution     len=  1.653  endpoints_valid=True  collision=False  over_limit=False
[305] PASS  time=  6.912s  status=Exact solution     len=  7.721  endpoints_valid=True  collision=False  over_limit=False
[306] PASS  time=  2.276s  status=Exact solution     len=  2.192  endpoints_valid=True  collision=False  over_limit=False
[307] PASS  time=  6.117s  status=Exact solution     len=  2.827  endpoints_valid=True  collision=False  over_limit=False
[308] PASS  time= 13.506s  status=Exact solution     len=  9.544  endpoints_valid=True  collision=False  over_limit=False
[309] FAIL  time= 30.138s  status=Timeout            len=    nan  endpoints_valid=True  collision=False  over_limit=True
[310] PASS  time=  8.708s  status=Exact solution     len=  3.645  endpoints_valid=True  collision=False  over_limit=False
[311] PASS  time= 11.640s  status=Exact solution     len=  7.818  endpoints_valid=True  collision=False  over_limit=False
[312] PASS  time=  2.168s  status=Exact solution     len=  2.047  endpoints_valid=True  collision=False  over_limit=False
[313] PASS  time=  2.745s  status=Exact solution     len=  4.541  endpoints_valid=True  collision=False  over_limit=False
[314] PASS  time= 21.567s  status=Exact solution     len=  9.617  endpoints_valid=True  collision=False  over_limit=False
[315] PASS  time=  2.716s  status=Exact solution     len=  5.408  endpoints_valid=True  collision=False  over_limit=False
[316] PASS  time=  0.034s  status=Exact solution     len=  1.138  endpoints_valid=True  collision=False  over_limit=False
[317] PASS  time=  3.259s  status=Exact solution     len=  5.351  endpoints_valid=True  collision=False  over_limit=False
[318] PASS  time=  9.534s  status=Exact solution     len=  6.220  endpoints_valid=True  collision=False  over_limit=False
[319] PASS  time=  5.676s  status=Exact solution     len=  7.640  endpoints_valid=True  collision=False  over_limit=False
[320] PASS  time=  3.948s  status=Exact solution     len=  2.501  endpoints_valid=True  collision=False  over_limit=False
[321] PASS  time= 26.371s  status=Exact solution     len=  4.952  endpoints_valid=True  collision=False  over_limit=False
[322] PASS  time=  1.676s  status=Exact solution     len=  5.217  endpoints_valid=True  collision=False  over_limit=False
[323] PASS  time= 28.414s  status=Exact solution     len=  7.174  endpoints_valid=True  collision=False  over_limit=False
[324] PASS  time=  4.959s  status=Exact solution     len=  4.068  endpoints_valid=True  collision=False  over_limit=False
[325] PASS  time=  1.836s  status=Exact solution     len=  3.016  endpoints_valid=True  collision=False  over_limit=False
[326] PASS  time=  2.305s  status=Exact solution     len=  5.424  endpoints_valid=True  collision=False  over_limit=False
[327] PASS  time=  3.264s  status=Exact solution     len=  5.312  endpoints_valid=True  collision=False  over_limit=False
[328] PASS  time=  1.244s  status=Exact solution     len=  1.637  endpoints_valid=True  collision=False  over_limit=False
[329] PASS  time= 20.260s  status=Exact solution     len=  6.254  endpoints_valid=True  collision=False  over_limit=False
[330] PASS  time=  8.115s  status=Exact solution     len=  5.547  endpoints_valid=True  collision=False  over_limit=False
[331] PASS  time= 22.769s  status=Exact solution     len=  6.586  endpoints_valid=True  collision=False  over_limit=False
[332] PASS  time=  4.918s  status=Exact solution     len=  5.750  endpoints_valid=True  collision=False  over_limit=False
[333] PASS  time=  6.197s  status=Exact solution     len=  1.955  endpoints_valid=True  collision=False  over_limit=False
[334] PASS  time=  2.421s  status=Exact solution     len=  2.399  endpoints_valid=True  collision=False  over_limit=False
[335] PASS  time=  6.804s  status=Exact solution     len= 10.225  endpoints_valid=True  collision=False  over_limit=False
[336] PASS  time= 22.219s  status=Exact solution     len=  2.368  endpoints_valid=True  collision=False  over_limit=False
[337] PASS  time=  8.977s  status=Exact solution     len=  6.262  endpoints_valid=True  collision=False  over_limit=False
[338] PASS  time=  0.746s  status=Exact solution     len=  1.093  endpoints_valid=True  collision=False  over_limit=False
[339] PASS  time= 11.793s  status=Exact solution     len=  3.867  endpoints_valid=True  collision=False  over_limit=False
[340] PASS  time=  5.586s  status=Exact solution     len=  6.070  endpoints_valid=True  collision=False  over_limit=False
[341] FAIL  time= 30.114s  status=Timeout            len=    nan  endpoints_valid=True  collision=False  over_limit=True
[342] PASS  time=  0.335s  status=Exact solution     len=  0.367  endpoints_valid=True  collision=False  over_limit=False
[343] PASS  time=  7.390s  status=Exact solution     len=  4.118  endpoints_valid=True  collision=False  over_limit=False
[344] PASS  time= 11.362s  status=Exact solution     len= 10.604  endpoints_valid=True  collision=False  over_limit=False
[345] PASS  time=  6.374s  status=Exact solution     len=  3.306  endpoints_valid=True  collision=False  over_limit=False
[346] PASS  time= 12.966s  status=Exact solution     len=  5.804  endpoints_valid=True  collision=False  over_limit=False
[347] PASS  time=  1.396s  status=Exact solution     len=  2.299  endpoints_valid=True  collision=False  over_limit=False
[348] PASS  time=  0.341s  status=Exact solution     len=  1.135  endpoints_valid=True  collision=False  over_limit=False
[349] PASS  time=  6.469s  status=Exact solution     len=  3.360  endpoints_valid=True  collision=False  over_limit=False
[350] PASS  time= 11.035s  status=Exact solution     len= 10.119  endpoints_valid=True  collision=False  over_limit=False
[351] PASS  time=  2.870s  status=Exact solution     len=  2.611  endpoints_valid=True  collision=False  over_limit=False
[352] PASS  time= 13.739s  status=Exact solution     len=  3.952  endpoints_valid=True  collision=False  over_limit=False
[353] PASS  time=  0.013s  status=Exact solution     len=  0.546  endpoints_valid=True  collision=False  over_limit=False
[354] PASS  time=  6.426s  status=Exact solution     len=  6.143  endpoints_valid=True  collision=False  over_limit=False
[355] PASS  time=  4.896s  status=Exact solution     len=  7.012  endpoints_valid=True  collision=False  over_limit=False
[356] PASS  time= 13.081s  status=Exact solution     len= 10.466  endpoints_valid=True  collision=False  over_limit=False
[357] PASS  time=  8.885s  status=Exact solution     len=  7.103  endpoints_valid=True  collision=False  over_limit=False
[358] PASS  time= 14.060s  status=Exact solution     len=  3.761  endpoints_valid=True  collision=False  over_limit=False
[359] PASS  time= 10.152s  status=Exact solution     len=  5.633  endpoints_valid=True  collision=False  over_limit=False
[360] PASS  time=  7.474s  status=Exact solution     len=  6.979  endpoints_valid=True  collision=False  over_limit=False
[361] PASS  time=  0.245s  status=Exact solution     len=  1.134  endpoints_valid=True  collision=False  over_limit=False
[362] PASS  time=  0.256s  status=Exact solution     len=  1.091  endpoints_valid=True  collision=False  over_limit=False
[363] PASS  time=  6.826s  status=Exact solution     len=  6.841  endpoints_valid=True  collision=False  over_limit=False
[364] PASS  time=  4.740s  status=Exact solution     len=  2.488  endpoints_valid=True  collision=False  over_limit=False
[365] PASS  time=  6.690s  status=Exact solution     len=  7.924  endpoints_valid=True  collision=False  over_limit=False
[366] PASS  time=  4.908s  status=Exact solution     len=  2.329  endpoints_valid=True  collision=False  over_limit=False
[367] PASS  time=  4.858s  status=Exact solution     len=  1.100  endpoints_valid=True  collision=False  over_limit=False
[368] PASS  time=  3.751s  status=Exact solution     len=  2.049  endpoints_valid=True  collision=False  over_limit=False
[369] PASS  time= 11.285s  status=Exact solution     len=  9.011  endpoints_valid=True  collision=False  over_limit=False
[370] PASS  time=  6.961s  status=Exact solution     len=  1.221  endpoints_valid=True  collision=False  over_limit=False
[371] PASS  time=  6.108s  status=Exact solution     len=  4.326  endpoints_valid=True  collision=False  over_limit=False
[372] PASS  time=  0.525s  status=Exact solution     len=  2.062  endpoints_valid=True  collision=False  over_limit=False
[373] PASS  time=  9.635s  status=Exact solution     len=  5.054  endpoints_valid=True  collision=False  over_limit=False
[374] PASS  time= 20.711s  status=Exact solution     len=  9.763  endpoints_valid=True  collision=False  over_limit=False
[375] PASS  time=  7.463s  status=Exact solution     len=  8.759  endpoints_valid=True  collision=False  over_limit=False
[376] PASS  time= 16.692s  status=Exact solution     len=  7.008  endpoints_valid=True  collision=False  over_limit=False
[377] PASS  time= 15.158s  status=Exact solution     len= 12.634  endpoints_valid=True  collision=False  over_limit=False
[378] PASS  time=  9.872s  status=Exact solution     len=  6.120  endpoints_valid=True  collision=False  over_limit=False
[379] PASS  time=  5.246s  status=Exact solution     len=  9.104  endpoints_valid=True  collision=False  over_limit=False
[380] PASS  time=  7.544s  status=Exact solution     len= 10.401  endpoints_valid=True  collision=False  over_limit=False
[381] PASS  time= 15.406s  status=Exact solution     len=  3.542  endpoints_valid=True  collision=False  over_limit=False
[382] PASS  time=  1.836s  status=Exact solution     len=  4.515  endpoints_valid=True  collision=False  over_limit=False
[383] PASS  time=  2.227s  status=Exact solution     len=  5.776  endpoints_valid=True  collision=False  over_limit=False
[384] PASS  time=  7.544s  status=Exact solution     len= 10.980  endpoints_valid=True  collision=False  over_limit=False
[385] PASS  time=  3.047s  status=Exact solution     len=  7.725  endpoints_valid=True  collision=False  over_limit=False
[386] PASS  time=  5.113s  status=Exact solution     len=  4.220  endpoints_valid=True  collision=False  over_limit=False
[387] PASS  time=  3.778s  status=Exact solution     len=  1.691  endpoints_valid=True  collision=False  over_limit=False
[388] PASS  time=  0.084s  status=Exact solution     len=  0.296  endpoints_valid=True  collision=False  over_limit=False
[389] PASS  time=  8.955s  status=Exact solution     len=  9.116  endpoints_valid=True  collision=False  over_limit=False
[390] PASS  time=  8.251s  status=Exact solution     len=  3.000  endpoints_valid=True  collision=False  over_limit=False
[391] PASS  time= 15.022s  status=Exact solution     len= 10.211  endpoints_valid=True  collision=False  over_limit=False
[392] PASS  time= 13.916s  status=Exact solution     len=  5.902  endpoints_valid=True  collision=False  over_limit=False
[393] PASS  time=  0.309s  status=Exact solution     len=  0.219  endpoints_valid=True  collision=False  over_limit=False
[394] PASS  time=  0.422s  status=Exact solution     len=  0.505  endpoints_valid=True  collision=False  over_limit=False
[395] PASS  time= 17.692s  status=Exact solution     len= 13.231  endpoints_valid=True  collision=False  over_limit=False
[396] FAIL  time= 30.352s  status=Timeout            len=    nan  endpoints_valid=True  collision=False  over_limit=True
[397] PASS  time=  4.995s  status=Exact solution     len=  7.699  endpoints_valid=True  collision=False  over_limit=False
[398] PASS  time=  6.780s  status=Exact solution     len=  8.244  endpoints_valid=True  collision=False  over_limit=False
[399] PASS  time= 13.777s  status=Exact solution     len=  8.233  endpoints_valid=True  collision=False  over_limit=False
[400] PASS  time= 20.402s  status=Exact solution     len=  4.422  endpoints_valid=True  collision=False  over_limit=False
[401] PASS  time=  4.956s  status=Exact solution     len=  8.091  endpoints_valid=True  collision=False  over_limit=False
[402] PASS  time=  8.759s  status=Exact solution     len=  6.333  endpoints_valid=True  collision=False  over_limit=False
[403] PASS  time=  7.982s  status=Exact solution     len=  7.025  endpoints_valid=True  collision=False  over_limit=False
[404] PASS  time=  5.951s  status=Exact solution     len=  8.976  endpoints_valid=True  collision=False  over_limit=False
[405] PASS  time=  4.255s  status=Exact solution     len=  5.716  endpoints_valid=True  collision=False  over_limit=False
[406] PASS  time= 11.716s  status=Exact solution     len=  5.752  endpoints_valid=True  collision=False  over_limit=False
[407] PASS  time=  8.076s  status=Exact solution     len=  5.034  endpoints_valid=True  collision=False  over_limit=False
[408] PASS  time=  1.128s  status=Exact solution     len=  1.811  endpoints_valid=True  collision=False  over_limit=False
[409] PASS  time= 14.653s  status=Exact solution     len= 15.733  endpoints_valid=True  collision=False  over_limit=False
[410] PASS  time= 17.193s  status=Exact solution     len=  4.877  endpoints_valid=True  collision=False  over_limit=False
[411] PASS  time=  3.367s  status=Exact solution     len=  6.001  endpoints_valid=True  collision=False  over_limit=False
[412] PASS  time=  9.040s  status=Exact solution     len=  3.748  endpoints_valid=True  collision=False  over_limit=False
[413] PASS  time= 11.623s  status=Exact solution     len=  5.874  endpoints_valid=True  collision=False  over_limit=False
[414] PASS  time=  6.970s  status=Exact solution     len=  8.341  endpoints_valid=True  collision=False  over_limit=False
[415] PASS  time=  2.130s  status=Exact solution     len=  1.335  endpoints_valid=True  collision=False  over_limit=False
[416] PASS  time=  5.110s  status=Exact solution     len=  4.358  endpoints_valid=True  collision=False  over_limit=False
[417] PASS  time=  1.823s  status=Exact solution     len=  5.774  endpoints_valid=True  collision=False  over_limit=False
[418] PASS  time=  3.300s  status=Exact solution     len=  6.283  endpoints_valid=True  collision=False  over_limit=False
[419] PASS  time=  4.794s  status=Exact solution     len=  2.263  endpoints_valid=True  collision=False  over_limit=False
[420] PASS  time=  0.029s  status=Exact solution     len=  1.134  endpoints_valid=True  collision=False  over_limit=False
[421] PASS  time= 16.211s  status=Exact solution     len=  4.605  endpoints_valid=True  collision=False  over_limit=False
[422] PASS  time=  4.982s  status=Exact solution     len=  6.278  endpoints_valid=True  collision=False  over_limit=False
[423] PASS  time=  4.925s  status=Exact solution     len=  4.592  endpoints_valid=True  collision=False  over_limit=False
[424] PASS  time= 15.990s  status=Exact solution     len= 12.978  endpoints_valid=True  collision=False  over_limit=False
[425] PASS  time= 15.076s  status=Exact solution     len=  7.658  endpoints_valid=True  collision=False  over_limit=False
[426] PASS  time=  5.453s  status=Exact solution     len=  5.623  endpoints_valid=True  collision=False  over_limit=False
[427] PASS  time=  0.676s  status=Exact solution     len=  0.809  endpoints_valid=True  collision=False  over_limit=False
[428] PASS  time=  9.694s  status=Exact solution     len=  6.487  endpoints_valid=True  collision=False  over_limit=False
[429] PASS  time=  3.687s  status=Exact solution     len= 13.069  endpoints_valid=True  collision=False  over_limit=False
[430] PASS  time=  9.086s  status=Exact solution     len=  7.172  endpoints_valid=True  collision=False  over_limit=False
[431] PASS  time= 14.453s  status=Exact solution     len=  9.545  endpoints_valid=True  collision=False  over_limit=False
[432] PASS  time= 19.509s  status=Exact solution     len=  7.616  endpoints_valid=True  collision=False  over_limit=False
[433] PASS  time=  0.862s  status=Exact solution     len=  1.698  endpoints_valid=True  collision=False  over_limit=False
[434] PASS  time=  1.601s  status=Exact solution     len=  3.313  endpoints_valid=True  collision=False  over_limit=False
[435] PASS  time=  2.122s  status=Exact solution     len=  3.516  endpoints_valid=True  collision=False  over_limit=False
[436] PASS  time=  0.102s  status=Exact solution     len=  0.269  endpoints_valid=True  collision=False  over_limit=False
[437] PASS  time=  6.307s  status=Exact solution     len=  8.217  endpoints_valid=True  collision=False  over_limit=False
[438] PASS  time= 15.073s  status=Exact solution     len=  4.237  endpoints_valid=True  collision=False  over_limit=False
[439] PASS  time=  9.627s  status=Exact solution     len=  7.143  endpoints_valid=True  collision=False  over_limit=False
[440] PASS  time= 10.801s  status=Exact solution     len=  4.923  endpoints_valid=True  collision=False  over_limit=False
[441] PASS  time=  3.778s  status=Exact solution     len=  5.947  endpoints_valid=True  collision=False  over_limit=False
[442] PASS  time= 15.109s  status=Exact solution     len=  7.385  endpoints_valid=True  collision=False  over_limit=False
[443] PASS  time= 15.316s  status=Exact solution     len=  6.137  endpoints_valid=True  collision=False  over_limit=False
[444] PASS  time=  0.472s  status=Exact solution     len=  4.659  endpoints_valid=True  collision=False  over_limit=False
[445] PASS  time= 14.317s  status=Exact solution     len=  5.662  endpoints_valid=True  collision=False  over_limit=False
[446] PASS  time=  0.211s  status=Exact solution     len=  1.116  endpoints_valid=True  collision=False  over_limit=False
[447] PASS  time=  2.531s  status=Exact solution     len=  3.531  endpoints_valid=True  collision=False  over_limit=False
[448] PASS  time=  9.165s  status=Exact solution     len=  2.909  endpoints_valid=True  collision=False  over_limit=False
[449] PASS  time=  1.619s  status=Exact solution     len=  6.987  endpoints_valid=True  collision=False  over_limit=False
[450] PASS  time=  5.577s  status=Exact solution     len=  3.842  endpoints_valid=True  collision=False  over_limit=False
[451] PASS  time=  7.018s  status=Exact solution     len=  6.338  endpoints_valid=True  collision=False  over_limit=False
[452] PASS  time= 10.281s  status=Exact solution     len= 11.300  endpoints_valid=True  collision=False  over_limit=False
[453] PASS  time=  1.139s  status=Exact solution     len=  4.638  endpoints_valid=True  collision=False  over_limit=False
[454] PASS  time=  6.751s  status=Exact solution     len=  5.627  endpoints_valid=True  collision=False  over_limit=False
[455] PASS  time= 12.531s  status=Exact solution     len=  9.982  endpoints_valid=True  collision=False  over_limit=False
[456] PASS  time=  7.791s  status=Exact solution     len=  9.742  endpoints_valid=True  collision=False  over_limit=False
[457] PASS  time=  7.866s  status=Exact solution     len= 11.612  endpoints_valid=True  collision=False  over_limit=False
[458] PASS  time=  1.144s  status=Exact solution     len=  1.842  endpoints_valid=True  collision=False  over_limit=False
[459] PASS  time=  5.450s  status=Exact solution     len=  5.149  endpoints_valid=True  collision=False  over_limit=False
[460] PASS  time=  5.971s  status=Exact solution     len=  7.868  endpoints_valid=True  collision=False  over_limit=False
[461] PASS  time=  3.759s  status=Exact solution     len=  6.030  endpoints_valid=True  collision=False  over_limit=False
[462] PASS  time=  0.805s  status=Exact solution     len=  0.603  endpoints_valid=True  collision=False  over_limit=False
[463] PASS  time=  6.436s  status=Exact solution     len=  6.866  endpoints_valid=True  collision=False  over_limit=False
[464] PASS  time= 12.535s  status=Exact solution     len=  5.636  endpoints_valid=True  collision=False  over_limit=False
[465] PASS  time= 10.505s  status=Exact solution     len=  7.771  endpoints_valid=True  collision=False  over_limit=False
[466] PASS  time=  6.761s  status=Exact solution     len=  8.673  endpoints_valid=True  collision=False  over_limit=False
[467] FAIL  time= 30.285s  status=Timeout            len=    nan  endpoints_valid=True  collision=False  over_limit=True
[468] PASS  time=  8.750s  status=Exact solution     len=  4.692  endpoints_valid=True  collision=False  over_limit=False
[469] PASS  time=  9.264s  status=Exact solution     len=  8.411  endpoints_valid=True  collision=False  over_limit=False
[470] PASS  time=  8.407s  status=Exact solution     len=  4.112  endpoints_valid=True  collision=False  over_limit=False
[471] PASS  time=  3.369s  status=Exact solution     len=  4.791  endpoints_valid=True  collision=False  over_limit=False
[472] PASS  time=  6.875s  status=Exact solution     len=  4.630  endpoints_valid=True  collision=False  over_limit=False
[473] PASS  time=  5.737s  status=Exact solution     len=  5.026  endpoints_valid=True  collision=False  over_limit=False
[474] PASS  time= 17.967s  status=Exact solution     len=  8.975  endpoints_valid=True  collision=False  over_limit=False
[475] PASS  time=  4.263s  status=Exact solution     len=  5.474  endpoints_valid=True  collision=False  over_limit=False
[476] PASS  time=  7.823s  status=Exact solution     len=  7.056  endpoints_valid=True  collision=False  over_limit=False
[477] PASS  time=  3.983s  status=Exact solution     len=  5.235  endpoints_valid=True  collision=False  over_limit=False
[478] PASS  time= 11.933s  status=Exact solution     len= 14.005  endpoints_valid=True  collision=False  over_limit=False
[479] PASS  time= 13.418s  status=Exact solution     len=  4.710  endpoints_valid=True  collision=False  over_limit=False
[480] PASS  time=  1.112s  status=Exact solution     len=  2.814  endpoints_valid=True  collision=False  over_limit=False
[481] PASS  time=  8.021s  status=Exact solution     len=  7.461  endpoints_valid=True  collision=False  over_limit=False
[482] PASS  time=  3.443s  status=Exact solution     len=  2.990  endpoints_valid=True  collision=False  over_limit=False
[483] PASS  time=  0.110s  status=Exact solution     len=  0.409  endpoints_valid=True  collision=False  over_limit=False
[484] PASS  time= 14.176s  status=Exact solution     len=  3.489  endpoints_valid=True  collision=False  over_limit=False
[485] PASS  time= 11.999s  status=Exact solution     len=  7.494  endpoints_valid=True  collision=False  over_limit=False
[486] PASS  time= 13.924s  status=Exact solution     len=  5.739  endpoints_valid=True  collision=False  over_limit=False
[487] PASS  time=  5.562s  status=Exact solution     len=  8.566  endpoints_valid=True  collision=False  over_limit=False
[488] PASS  time=  8.058s  status=Exact solution     len=  3.571  endpoints_valid=True  collision=False  over_limit=False
[489] PASS  time= 20.926s  status=Exact solution     len=  6.008  endpoints_valid=True  collision=False  over_limit=False
[490] PASS  time= 17.627s  status=Exact solution     len=  4.131  endpoints_valid=True  collision=False  over_limit=False
[491] PASS  time=  6.495s  status=Exact solution     len=  5.004  endpoints_valid=True  collision=False  over_limit=False
[492] PASS  time= 10.759s  status=Exact solution     len=  6.363  endpoints_valid=True  collision=False  over_limit=False
[493] PASS  time=  4.098s  status=Exact solution     len=  7.196  endpoints_valid=True  collision=False  over_limit=False
[494] PASS  time=  1.082s  status=Exact solution     len=  2.451  endpoints_valid=True  collision=False  over_limit=False
[495] PASS  time=  7.411s  status=Exact solution     len=  3.525  endpoints_valid=True  collision=False  over_limit=False
[496] PASS  time=  4.025s  status=Exact solution     len=  5.697  endpoints_valid=True  collision=False  over_limit=False
[497] PASS  time=  7.331s  status=Exact solution     len=  7.813  endpoints_valid=True  collision=False  over_limit=False
[498] PASS  time= 11.283s  status=Exact solution     len=  4.693  endpoints_valid=True  collision=False  over_limit=False
[499] PASS  time=  9.639s  status=Exact solution     len=  6.871  endpoints_valid=True  collision=False  over_limit=False
[500] PASS  time=  1.823s  status=Exact solution     len=  6.719  endpoints_valid=True  collision=False  over_limit=False
[501] PASS  time=  5.444s  status=Exact solution     len=  5.835  endpoints_valid=True  collision=False  over_limit=False
[502] PASS  time=  4.626s  status=Exact solution     len=  3.949  endpoints_valid=True  collision=False  over_limit=False
[503] PASS  time=  5.232s  status=Exact solution     len=  4.723  endpoints_valid=True  collision=False  over_limit=False
[504] PASS  time= 13.565s  status=Exact solution     len= 10.991  endpoints_valid=True  collision=False  over_limit=False
[505] PASS  time=  4.291s  status=Exact solution     len=  8.098  endpoints_valid=True  collision=False  over_limit=False
[506] PASS  time= 12.305s  status=Exact solution     len=  6.977  endpoints_valid=True  collision=False  over_limit=False
[507] PASS  time=  7.172s  status=Exact solution     len=  3.119  endpoints_valid=True  collision=False  over_limit=False
[508] PASS  time=  1.890s  status=Exact solution     len=  2.718  endpoints_valid=True  collision=False  over_limit=False
[509] FAIL  time= 30.828s  status=Timeout            len=    nan  endpoints_valid=True  collision=False  over_limit=True
[510] PASS  time=  5.140s  status=Exact solution     len=  7.257  endpoints_valid=True  collision=False  over_limit=False
[511] PASS  time= 12.870s  status=Exact solution     len=  6.901  endpoints_valid=True  collision=False  over_limit=False
[512] PASS  time= 14.379s  status=Exact solution     len= 11.586  endpoints_valid=True  collision=False  over_limit=False
[513] PASS  time=  4.816s  status=Exact solution     len=  1.152  endpoints_valid=True  collision=False  over_limit=False
[514] PASS  time=  7.781s  status=Exact solution     len=  7.088  endpoints_valid=True  collision=False  over_limit=False
[515] PASS  time=  7.749s  status=Exact solution     len= 11.024  endpoints_valid=True  collision=False  over_limit=False
[516] PASS  time=  4.270s  status=Exact solution     len=  1.945  endpoints_valid=True  collision=False  over_limit=False
[517] PASS  time=  2.091s  status=Exact solution     len=  5.951  endpoints_valid=True  collision=False  over_limit=False
[518] PASS  time=  6.776s  status=Exact solution     len=  6.693  endpoints_valid=True  collision=False  over_limit=False
[519] PASS  time=  0.124s  status=Exact solution     len=  1.633  endpoints_valid=True  collision=False  over_limit=False
[520] PASS  time= 10.590s  status=Exact solution     len=  7.571  endpoints_valid=True  collision=False  over_limit=False
[521] PASS  time=  6.590s  status=Exact solution     len=  5.358  endpoints_valid=True  collision=False  over_limit=False
[522] PASS  time=  7.316s  status=Exact solution     len=  3.305  endpoints_valid=True  collision=False  over_limit=False
[523] PASS  time=  6.815s  status=Exact solution     len=  5.934  endpoints_valid=True  collision=False  over_limit=False
[524] PASS  time=  4.416s  status=Exact solution     len=  5.561  endpoints_valid=True  collision=False  over_limit=False
[525] PASS  time= 18.144s  status=Exact solution     len=  4.845  endpoints_valid=True  collision=False  over_limit=False
[526] PASS  time=  8.646s  status=Exact solution     len=  3.407  endpoints_valid=True  collision=False  over_limit=False
[527] PASS  time=  7.146s  status=Exact solution     len=  2.087  endpoints_valid=True  collision=False  over_limit=False
[528] PASS  time=  5.261s  status=Exact solution     len=  9.170  endpoints_valid=True  collision=False  over_limit=False
[529] PASS  time=  0.163s  status=Exact solution     len=  0.593  endpoints_valid=True  collision=False  over_limit=False
[530] PASS  time=  6.730s  status=Exact solution     len=  4.295  endpoints_valid=True  collision=False  over_limit=False
[531] PASS  time= 19.081s  status=Exact solution     len=  3.405  endpoints_valid=True  collision=False  over_limit=False
[532] PASS  time=  0.263s  status=Exact solution     len=  0.589  endpoints_valid=True  collision=False  over_limit=False
[533] PASS  time= 13.075s  status=Exact solution     len= 11.464  endpoints_valid=True  collision=False  over_limit=False
[534] PASS  time=  0.141s  status=Exact solution     len=  0.517  endpoints_valid=True  collision=False  over_limit=False
[535] PASS  time=  6.619s  status=Exact solution     len=  4.996  endpoints_valid=True  collision=False  over_limit=False
[536] PASS  time= 10.166s  status=Exact solution     len=  5.735  endpoints_valid=True  collision=False  over_limit=False
[537] PASS  time= 11.338s  status=Exact solution     len=  5.571  endpoints_valid=True  collision=False  over_limit=False
[538] PASS  time=  2.326s  status=Exact solution     len=  3.103  endpoints_valid=True  collision=False  over_limit=False
[539] PASS  time=  4.708s  status=Exact solution     len=  6.995  endpoints_valid=True  collision=False  over_limit=False
[540] PASS  time= 17.216s  status=Exact solution     len=  6.059  endpoints_valid=True  collision=False  over_limit=False
[541] PASS  time= 14.234s  status=Exact solution     len= 10.793  endpoints_valid=True  collision=False  over_limit=False
[542] PASS  time=  4.145s  status=Exact solution     len=  4.288  endpoints_valid=True  collision=False  over_limit=False
[543] PASS  time= 13.602s  status=Exact solution     len= 10.271  endpoints_valid=True  collision=False  over_limit=False
[544] PASS  time=  5.305s  status=Exact solution     len=  4.316  endpoints_valid=True  collision=False  over_limit=False
[545] PASS  time=  2.097s  status=Exact solution     len=  6.117  endpoints_valid=True  collision=False  over_limit=False
[546] PASS  time=  8.389s  status=Exact solution     len=  7.505  endpoints_valid=True  collision=False  over_limit=False
[547] PASS  time=  2.026s  status=Exact solution     len=  3.058  endpoints_valid=True  collision=False  over_limit=False
[548] PASS  time= 11.639s  status=Exact solution     len= 11.818  endpoints_valid=True  collision=False  over_limit=False
[549] PASS  time= 12.382s  status=Exact solution     len=  5.457  endpoints_valid=True  collision=False  over_limit=False
[550] PASS  time=  9.495s  status=Exact solution     len=  9.269  endpoints_valid=True  collision=False  over_limit=False
[551] PASS  time=  5.185s  status=Exact solution     len=  7.978  endpoints_valid=True  collision=False  over_limit=False
[552] PASS  time=  8.785s  status=Exact solution     len=  7.613  endpoints_valid=True  collision=False  over_limit=False
[553] PASS  time= 16.088s  status=Exact solution     len=  6.290  endpoints_valid=True  collision=False  over_limit=False
[554] PASS  time= 11.336s  status=Exact solution     len= 11.863  endpoints_valid=True  collision=False  over_limit=False
[555] PASS  time= 26.323s  status=Exact solution     len=  2.436  endpoints_valid=True  collision=False  over_limit=False
[556] PASS  time=  6.778s  status=Exact solution     len=  4.786  endpoints_valid=True  collision=False  over_limit=False
[557] PASS  time=  0.842s  status=Exact solution     len=  0.975  endpoints_valid=True  collision=False  over_limit=False
[558] PASS  time=  4.800s  status=Exact solution     len=  6.883  endpoints_valid=True  collision=False  over_limit=False
[559] PASS  time=  3.243s  status=Exact solution     len=  7.136  endpoints_valid=True  collision=False  over_limit=False
[560] PASS  time= 21.944s  status=Exact solution     len=  4.019  endpoints_valid=True  collision=False  over_limit=False
[561] PASS  time= 12.624s  status=Exact solution     len= 13.932  endpoints_valid=True  collision=False  over_limit=False
[562] PASS  time=  0.963s  status=Exact solution     len=  3.693  endpoints_valid=True  collision=False  over_limit=False
[563] PASS  time= 10.134s  status=Exact solution     len=  7.926  endpoints_valid=True  collision=False  over_limit=False
[564] PASS  time=  8.319s  status=Exact solution     len=  7.785  endpoints_valid=True  collision=False  over_limit=False
[565] PASS  time= 11.210s  status=Exact solution     len=  4.660  endpoints_valid=True  collision=False  over_limit=False
[566] PASS  time=  6.096s  status=Exact solution     len=  7.778  endpoints_valid=True  collision=False  over_limit=False
[567] PASS  time= 12.825s  status=Exact solution     len=  4.801  endpoints_valid=True  collision=False  over_limit=False
[568] PASS  time=  0.247s  status=Exact solution     len=  0.540  endpoints_valid=True  collision=False  over_limit=False
[569] PASS  time=  9.222s  status=Exact solution     len=  6.475  endpoints_valid=True  collision=False  over_limit=False
[570] PASS  time=  2.820s  status=Exact solution     len=  3.806  endpoints_valid=True  collision=False  over_limit=False
[571] PASS  time=  6.538s  status=Exact solution     len=  6.290  endpoints_valid=True  collision=False  over_limit=False
[572] PASS  time= 18.999s  status=Exact solution     len=  8.066  endpoints_valid=True  collision=False  over_limit=False
[573] PASS  time= 13.666s  status=Exact solution     len=  7.690  endpoints_valid=True  collision=False  over_limit=False
[574] PASS  time= 21.795s  status=Exact solution     len=  1.044  endpoints_valid=True  collision=False  over_limit=False
[575] PASS  time=  0.103s  status=Exact solution     len=  0.607  endpoints_valid=True  collision=False  over_limit=False
[576] PASS  time=  5.843s  status=Exact solution     len=  9.331  endpoints_valid=True  collision=False  over_limit=False
[577] PASS  time= 22.331s  status=Exact solution     len=  7.440  endpoints_valid=True  collision=False  over_limit=False
[578] PASS  time=  6.185s  status=Exact solution     len=  4.308  endpoints_valid=True  collision=False  over_limit=False
[579] PASS  time=  0.789s  status=Exact solution     len=  1.387  endpoints_valid=True  collision=False  over_limit=False
[580] PASS  time=  2.077s  status=Exact solution     len=  3.632  endpoints_valid=True  collision=False  over_limit=False
[581] PASS  time=  3.347s  status=Exact solution     len=  4.954  endpoints_valid=True  collision=False  over_limit=False
[582] PASS  time= 20.488s  status=Exact solution     len=  2.598  endpoints_valid=True  collision=False  over_limit=False
[583] PASS  time=  4.220s  status=Exact solution     len=  6.106  endpoints_valid=True  collision=False  over_limit=False
[584] PASS  time= 19.253s  status=Exact solution     len=  8.728  endpoints_valid=True  collision=False  over_limit=False
[585] PASS  time=  4.570s  status=Exact solution     len=  5.505  endpoints_valid=True  collision=False  over_limit=False
[586] PASS  time=  6.389s  status=Exact solution     len=  3.785  endpoints_valid=True  collision=False  over_limit=False
[587] PASS  time=  1.381s  status=Exact solution     len=  2.361  endpoints_valid=True  collision=False  over_limit=False
[588] PASS  time=  9.094s  status=Exact solution     len=  3.615  endpoints_valid=True  collision=False  over_limit=False
[589] PASS  time=  0.201s  status=Exact solution     len=  0.267  endpoints_valid=True  collision=False  over_limit=False
[590] PASS  time= 22.082s  status=Exact solution     len=  8.387  endpoints_valid=True  collision=False  over_limit=False
[591] PASS  time= 14.102s  status=Exact solution     len= 15.927  endpoints_valid=True  collision=False  over_limit=False
[592] PASS  time= 14.771s  status=Exact solution     len=  9.235  endpoints_valid=True  collision=False  over_limit=False
[593] PASS  time=  2.684s  status=Exact solution     len=  6.558  endpoints_valid=True  collision=False  over_limit=False
[594] PASS  time= 10.497s  status=Exact solution     len=  7.547  endpoints_valid=True  collision=False  over_limit=False
[595] PASS  time=  3.530s  status=Exact solution     len=  6.123  endpoints_valid=True  collision=False  over_limit=False
[596] PASS  time=  5.948s  status=Exact solution     len=  5.619  endpoints_valid=True  collision=False  over_limit=False
[597] PASS  time=  5.687s  status=Exact solution     len=  7.393  endpoints_valid=True  collision=False  over_limit=False
[598] PASS  time=  7.383s  status=Exact solution     len=  3.758  endpoints_valid=True  collision=False  over_limit=False
[599] PASS  time=  9.027s  status=Exact solution     len= 10.189  endpoints_valid=True  collision=False  over_limit=False
[600] PASS  time=  9.317s  status=Exact solution     len=  6.519  endpoints_valid=True  collision=False  over_limit=False
[601] PASS  time=  9.468s  status=Exact solution     len=  6.542  endpoints_valid=True  collision=False  over_limit=False
[602] PASS  time= 13.704s  status=Exact solution     len=  1.314  endpoints_valid=True  collision=False  over_limit=False
[603] PASS  time=  6.966s  status=Exact solution     len=  7.593  endpoints_valid=True  collision=False  over_limit=False
[604] PASS  time=  4.084s  status=Exact solution     len=  2.799  endpoints_valid=True  collision=False  over_limit=False
[605] PASS  time=  0.055s  status=Exact solution     len=  1.036  endpoints_valid=True  collision=False  over_limit=False
[606] PASS  time= 27.326s  status=Exact solution     len=  4.267  endpoints_valid=True  collision=False  over_limit=False
[607] PASS  time= 10.173s  status=Exact solution     len=  7.602  endpoints_valid=True  collision=False  over_limit=False
[608] PASS  time= 10.793s  status=Exact solution     len= 12.273  endpoints_valid=True  collision=False  over_limit=False
[609] PASS  time=  9.153s  status=Exact solution     len=  9.077  endpoints_valid=True  collision=False  over_limit=False
[610] PASS  time= 10.419s  status=Exact solution     len=  7.200  endpoints_valid=True  collision=False  over_limit=False
[611] PASS  time= 13.004s  status=Exact solution     len=  6.355  endpoints_valid=True  collision=False  over_limit=False
[612] PASS  time=  0.811s  status=Exact solution     len=  2.072  endpoints_valid=True  collision=False  over_limit=False
[613] PASS  time=  4.606s  status=Exact solution     len=  6.875  endpoints_valid=True  collision=False  over_limit=False
[614] PASS  time=  1.757s  status=Exact solution     len=  2.071  endpoints_valid=True  collision=False  over_limit=False
[615] PASS  time=  9.493s  status=Exact solution     len=  0.879  endpoints_valid=True  collision=False  over_limit=False
[616] PASS  time=  1.397s  status=Exact solution     len=  0.922  endpoints_valid=True  collision=False  over_limit=False
[617] PASS  time=  1.787s  status=Exact solution     len=  5.846  endpoints_valid=True  collision=False  over_limit=False
[618] PASS  time=  0.101s  status=Exact solution     len=  0.589  endpoints_valid=True  collision=False  over_limit=False
[619] PASS  time=  8.198s  status=Exact solution     len=  8.016  endpoints_valid=True  collision=False  over_limit=False
[620] PASS  time=  6.496s  status=Exact solution     len=  3.136  endpoints_valid=True  collision=False  over_limit=False
[621] PASS  time=  3.241s  status=Exact solution     len=  5.924  endpoints_valid=True  collision=False  over_limit=False
[622] PASS  time=  8.694s  status=Exact solution     len= 10.613  endpoints_valid=True  collision=False  over_limit=False
[623] PASS  time=  5.141s  status=Exact solution     len=  7.172  endpoints_valid=True  collision=False  over_limit=False
[624] PASS  time=  7.673s  status=Exact solution     len=  5.384  endpoints_valid=True  collision=False  over_limit=False
[625] PASS  time=  2.132s  status=Exact solution     len=  2.414  endpoints_valid=True  collision=False  over_limit=False
[626] PASS  time=  0.689s  status=Exact solution     len=  2.096  endpoints_valid=True  collision=False  over_limit=False
[627] PASS  time=  3.376s  status=Exact solution     len=  4.806  endpoints_valid=True  collision=False  over_limit=False
[628] PASS  time=  3.413s  status=Exact solution     len=  5.706  endpoints_valid=True  collision=False  over_limit=False
[629] PASS  time=  4.511s  status=Exact solution     len=  6.425  endpoints_valid=True  collision=False  over_limit=False
[630] PASS  time=  1.810s  status=Exact solution     len=  4.697  endpoints_valid=True  collision=False  over_limit=False
[631] PASS  time=  7.447s  status=Exact solution     len=  2.256  endpoints_valid=True  collision=False  over_limit=False
[632] PASS  time= 13.915s  status=Exact solution     len=  6.580  endpoints_valid=True  collision=False  over_limit=False
[633] PASS  time=  2.195s  status=Exact solution     len=  5.688  endpoints_valid=True  collision=False  over_limit=False
[634] PASS  time=  5.275s  status=Exact solution     len=  4.648  endpoints_valid=True  collision=False  over_limit=False
[635] PASS  time=  8.513s  status=Exact solution     len= 10.998  endpoints_valid=True  collision=False  over_limit=False
[636] PASS  time=  9.997s  status=Exact solution     len=  8.771  endpoints_valid=True  collision=False  over_limit=False
[637] PASS  time= 11.178s  status=Exact solution     len=  5.933  endpoints_valid=True  collision=False  over_limit=False
[638] PASS  time=  7.996s  status=Exact solution     len= 13.138  endpoints_valid=True  collision=False  over_limit=False
[639] PASS  time= 14.785s  status=Exact solution     len=  8.188  endpoints_valid=True  collision=False  over_limit=False
[640] PASS  time=  9.787s  status=Exact solution     len=  2.977  endpoints_valid=True  collision=False  over_limit=False
[641] PASS  time= 10.662s  status=Exact solution     len=  7.266  endpoints_valid=True  collision=False  over_limit=False
[642] PASS  time=  2.301s  status=Exact solution     len=  1.292  endpoints_valid=True  collision=False  over_limit=False
[643] PASS  time=  3.526s  status=Exact solution     len=  5.068  endpoints_valid=True  collision=False  over_limit=False
[644] PASS  time=  1.796s  status=Exact solution     len=  3.496  endpoints_valid=True  collision=False  over_limit=False
[645] PASS  time=  7.148s  status=Exact solution     len=  9.125  endpoints_valid=True  collision=False  over_limit=False
[646] PASS  time=  7.463s  status=Exact solution     len=  6.659  endpoints_valid=True  collision=False  over_limit=False
[647] PASS  time=  0.028s  status=Exact solution     len=  0.384  endpoints_valid=True  collision=False  over_limit=False
[648] PASS  time= 17.374s  status=Exact solution     len=  7.639  endpoints_valid=True  collision=False  over_limit=False
[649] PASS  time=  9.998s  status=Exact solution     len=  4.823  endpoints_valid=True  collision=False  over_limit=False
[650] PASS  time=  9.134s  status=Exact solution     len=  7.609  endpoints_valid=True  collision=False  over_limit=False
[651] PASS  time= 14.023s  status=Exact solution     len=  6.073  endpoints_valid=True  collision=False  over_limit=False
[652] PASS  time=  8.688s  status=Exact solution     len=  8.639  endpoints_valid=True  collision=False  over_limit=False
[653] PASS  time=  6.142s  status=Exact solution     len=  8.313  endpoints_valid=True  collision=False  over_limit=False
[654] PASS  time= 11.831s  status=Exact solution     len=  3.361  endpoints_valid=True  collision=False  over_limit=False
[655] PASS  time=  3.337s  status=Exact solution     len=  2.115  endpoints_valid=True  collision=False  over_limit=False
[656] PASS  time=  6.213s  status=Exact solution     len= 11.410  endpoints_valid=True  collision=False  over_limit=False
[657] PASS  time=  9.983s  status=Exact solution     len=  4.099  endpoints_valid=True  collision=False  over_limit=False
[658] PASS  time=  9.720s  status=Exact solution     len=  6.244  endpoints_valid=True  collision=False  over_limit=False
[659] PASS  time=  0.046s  status=Exact solution     len=  0.603  endpoints_valid=True  collision=False  over_limit=False
[660] PASS  time=  9.243s  status=Exact solution     len=  5.379  endpoints_valid=True  collision=False  over_limit=False
[661] PASS  time=  1.461s  status=Exact solution     len=  3.452  endpoints_valid=True  collision=False  over_limit=False
[662] PASS  time=  0.108s  status=Exact solution     len=  0.579  endpoints_valid=True  collision=False  over_limit=False
[663] PASS  time=  0.099s  status=Exact solution     len=  0.946  endpoints_valid=True  collision=False  over_limit=False
[664] PASS  time=  0.970s  status=Exact solution     len=  1.800  endpoints_valid=True  collision=False  over_limit=False
[665] PASS  time= 17.166s  status=Exact solution     len=  5.798  endpoints_valid=True  collision=False  over_limit=False
[666] PASS  time=  4.370s  status=Exact solution     len=  4.930  endpoints_valid=True  collision=False  over_limit=False
[667] FAIL  time= 30.121s  status=Timeout            len=    nan  endpoints_valid=True  collision=False  over_limit=True
[668] PASS  time= 10.505s  status=Exact solution     len=  5.411  endpoints_valid=True  collision=False  over_limit=False
[669] PASS  time=  3.332s  status=Exact solution     len=  3.891  endpoints_valid=True  collision=False  over_limit=False
[670] PASS  time=  0.013s  status=Exact solution     len=  0.280  endpoints_valid=True  collision=False  over_limit=False
[671] PASS  time= 19.675s  status=Exact solution     len=  5.198  endpoints_valid=True  collision=False  over_limit=False
[672] PASS  time= 10.307s  status=Exact solution     len=  3.070  endpoints_valid=True  collision=False  over_limit=False
[673] PASS  time=  2.725s  status=Exact solution     len=  8.726  endpoints_valid=True  collision=False  over_limit=False
[674] PASS  time= 10.906s  status=Exact solution     len= 11.377  endpoints_valid=True  collision=False  over_limit=False
[675] PASS  time=  2.797s  status=Exact solution     len=  4.396  endpoints_valid=True  collision=False  over_limit=False
[676] PASS  time=  3.183s  status=Exact solution     len=  3.861  endpoints_valid=True  collision=False  over_limit=False
[677] PASS  time=  0.761s  status=Exact solution     len=  1.495  endpoints_valid=True  collision=False  over_limit=False
[678] PASS  time=  6.232s  status=Exact solution     len= 11.160  endpoints_valid=True  collision=False  over_limit=False
[679] PASS  time= 27.048s  status=Exact solution     len=  8.855  endpoints_valid=True  collision=False  over_limit=False
[680] PASS  time= 10.772s  status=Exact solution     len= 11.882  endpoints_valid=True  collision=False  over_limit=False
[681] PASS  time=  4.391s  status=Exact solution     len=  6.546  endpoints_valid=True  collision=False  over_limit=False
[682] PASS  time=  9.981s  status=Exact solution     len=  7.279  endpoints_valid=True  collision=False  over_limit=False
[683] PASS  time=  1.356s  status=Exact solution     len=  4.091  endpoints_valid=True  collision=False  over_limit=False
[684] PASS  time=  0.143s  status=Exact solution     len=  1.585  endpoints_valid=True  collision=False  over_limit=False
[685] PASS  time=  3.909s  status=Exact solution     len=  6.857  endpoints_valid=True  collision=False  over_limit=False
[686] PASS  time=  9.576s  status=Exact solution     len=  6.257  endpoints_valid=True  collision=False  over_limit=False
[687] PASS  time=  8.011s  status=Exact solution     len=  9.651  endpoints_valid=True  collision=False  over_limit=False
[688] PASS  time=  8.081s  status=Exact solution     len=  8.964  endpoints_valid=True  collision=False  over_limit=False
[689] PASS  time= 12.092s  status=Exact solution     len=  6.966  endpoints_valid=True  collision=False  over_limit=False
[690] PASS  time=  7.437s  status=Exact solution     len=  8.183  endpoints_valid=True  collision=False  over_limit=False
[691] PASS  time=  9.116s  status=Exact solution     len=  8.895  endpoints_valid=True  collision=False  over_limit=False
[692] PASS  time=  0.019s  status=Exact solution     len=  0.597  endpoints_valid=True  collision=False  over_limit=False
[693] PASS  time=  2.086s  status=Exact solution     len=  2.136  endpoints_valid=True  collision=False  over_limit=False
[694] PASS  time=  8.795s  status=Exact solution     len=  4.333  endpoints_valid=True  collision=False  over_limit=False
[695] PASS  time= 10.315s  status=Exact solution     len=  7.475  endpoints_valid=True  collision=False  over_limit=False
[696] PASS  time=  6.106s  status=Exact solution     len= 11.944  endpoints_valid=True  collision=False  over_limit=False
[697] PASS  time=  7.275s  status=Exact solution     len=  3.321  endpoints_valid=True  collision=False  over_limit=False
[698] PASS  time= 23.395s  status=Exact solution     len= 16.805  endpoints_valid=True  collision=False  over_limit=False
[699] PASS  time=  9.562s  status=Exact solution     len= 14.016  endpoints_valid=True  collision=False  over_limit=False
[700] PASS  time=  7.691s  status=Exact solution     len=  5.608  endpoints_valid=True  collision=False  over_limit=False
[701] PASS  time=  1.481s  status=Exact solution     len=  2.061  endpoints_valid=True  collision=False  over_limit=False
[702] PASS  time=  7.595s  status=Exact solution     len=  5.051  endpoints_valid=True  collision=False  over_limit=False
[703] PASS  time= 18.247s  status=Exact solution     len=  7.603  endpoints_valid=True  collision=False  over_limit=False
[704] PASS  time=  6.954s  status=Exact solution     len=  8.059  endpoints_valid=True  collision=False  over_limit=False
Warning: LazyPRM: Skipping invalid start state (invalid state)
         at line 249 in /project/src/ompl/base/src/Planner.cpp
Error:   LazyPRM: There are no valid initial states!
         at line 331 in /project/src/ompl/geometric/planners/prm/src/LazyPRM.cpp
[705] FAIL  time=  0.011s  status=Invalid start      len=    nan  endpoints_valid=False  collision=False  over_limit=False
[706] PASS  time= 25.821s  status=Exact solution     len=  3.293  endpoints_valid=True  collision=False  over_limit=False
[707] PASS  time=  7.476s  status=Exact solution     len=  7.154  endpoints_valid=True  collision=False  over_limit=False
[708] PASS  time=  7.155s  status=Exact solution     len=  6.436  endpoints_valid=True  collision=False  over_limit=False
[709] PASS  time=  4.894s  status=Exact solution     len=  4.130  endpoints_valid=True  collision=False  over_limit=False
[710] PASS  time=  4.819s  status=Exact solution     len=  4.023  endpoints_valid=True  collision=False  over_limit=False
[711] PASS  time=  2.025s  status=Exact solution     len=  3.457  endpoints_valid=True  collision=False  over_limit=False
[712] PASS  time= 13.646s  status=Exact solution     len=  1.659  endpoints_valid=True  collision=False  over_limit=False
[713] PASS  time=  0.034s  status=Exact solution     len=  0.608  endpoints_valid=True  collision=False  over_limit=False
[714] PASS  time= 15.002s  status=Exact solution     len=  7.853  endpoints_valid=True  collision=False  over_limit=False
[715] PASS  time=  3.528s  status=Exact solution     len=  4.339  endpoints_valid=True  collision=False  over_limit=False
[716] PASS  time= 18.757s  status=Exact solution     len=  7.325  endpoints_valid=True  collision=False  over_limit=False
[717] PASS  time=  1.212s  status=Exact solution     len=  2.564  endpoints_valid=True  collision=False  over_limit=False
[718] PASS  time= 20.018s  status=Exact solution     len=  4.312  endpoints_valid=True  collision=False  over_limit=False
[719] PASS  time= 21.145s  status=Exact solution     len= 18.700  endpoints_valid=True  collision=False  over_limit=False
[720] PASS  time= 10.956s  status=Exact solution     len= 10.849  endpoints_valid=True  collision=False  over_limit=False
[721] PASS  time=  8.338s  status=Exact solution     len=  7.515  endpoints_valid=True  collision=False  over_limit=False
[722] PASS  time=  5.666s  status=Exact solution     len=  7.697  endpoints_valid=True  collision=False  over_limit=False
[723] PASS  time=  1.451s  status=Exact solution     len=  3.802  endpoints_valid=True  collision=False  over_limit=False
[724] PASS  time= 11.026s  status=Exact solution     len= 13.111  endpoints_valid=True  collision=False  over_limit=False
[725] PASS  time=  1.181s  status=Exact solution     len=  5.518  endpoints_valid=True  collision=False  over_limit=False
[726] PASS  time= 17.091s  status=Exact solution     len=  4.579  endpoints_valid=True  collision=False  over_limit=False
[727] PASS  time=  5.907s  status=Exact solution     len=  7.646  endpoints_valid=True  collision=False  over_limit=False
[728] PASS  time=  2.916s  status=Exact solution     len=  2.518  endpoints_valid=True  collision=False  over_limit=False
[729] PASS  time= 10.007s  status=Exact solution     len= 16.234  endpoints_valid=True  collision=False  over_limit=False
[730] PASS  time=  0.194s  status=Exact solution     len=  1.046  endpoints_valid=True  collision=False  over_limit=False
[731] PASS  time= 12.647s  status=Exact solution     len=  8.305  endpoints_valid=True  collision=False  over_limit=False
[732] PASS  time=  2.669s  status=Exact solution     len=  4.314  endpoints_valid=True  collision=False  over_limit=False
[733] PASS  time=  0.019s  status=Exact solution     len=  0.463  endpoints_valid=True  collision=False  over_limit=False
[734] PASS  time=  5.229s  status=Exact solution     len=  3.487  endpoints_valid=True  collision=False  over_limit=False
[735] PASS  time=  6.538s  status=Exact solution     len=  7.350  endpoints_valid=True  collision=False  over_limit=False
[736] PASS  time=  0.320s  status=Exact solution     len=  1.932  endpoints_valid=True  collision=False  over_limit=False
[737] PASS  time= 10.260s  status=Exact solution     len=  9.020  endpoints_valid=True  collision=False  over_limit=False
[738] PASS  time=  1.166s  status=Exact solution     len=  3.541  endpoints_valid=True  collision=False  over_limit=False
[739] PASS  time=  1.013s  status=Exact solution     len=  2.133  endpoints_valid=True  collision=False  over_limit=False
[740] PASS  time=  0.095s  status=Exact solution     len=  0.451  endpoints_valid=True  collision=False  over_limit=False
[741] PASS  time= 16.884s  status=Exact solution     len= 10.162  endpoints_valid=True  collision=False  over_limit=False
[742] PASS  time= 10.706s  status=Exact solution     len=  4.813  endpoints_valid=True  collision=False  over_limit=False
[743] PASS  time= 11.022s  status=Exact solution     len=  9.810  endpoints_valid=True  collision=False  over_limit=False
[744] PASS  time=  2.485s  status=Exact solution     len=  5.059  endpoints_valid=True  collision=False  over_limit=False
[745] PASS  time=  9.533s  status=Exact solution     len=  3.207  endpoints_valid=True  collision=False  over_limit=False
[746] PASS  time=  1.254s  status=Exact solution     len=  4.144  endpoints_valid=True  collision=False  over_limit=False
[747] PASS  time= 13.796s  status=Exact solution     len=  7.404  endpoints_valid=True  collision=False  over_limit=False
[748] PASS  time=  5.963s  status=Exact solution     len=  6.454  endpoints_valid=True  collision=False  over_limit=False
[749] PASS  time= 10.863s  status=Exact solution     len=  4.712  endpoints_valid=True  collision=False  over_limit=False
[750] PASS  time=  4.305s  status=Exact solution     len=  5.588  endpoints_valid=True  collision=False  over_limit=False
[751] PASS  time=  5.260s  status=Exact solution     len=  2.178  endpoints_valid=True  collision=False  over_limit=False
[752] PASS  time= 12.265s  status=Exact solution     len=  2.863  endpoints_valid=True  collision=False  over_limit=False
[753] PASS  time=  3.361s  status=Exact solution     len=  2.186  endpoints_valid=True  collision=False  over_limit=False
[754] PASS  time=  5.181s  status=Exact solution     len=  2.681  endpoints_valid=True  collision=False  over_limit=False
[755] PASS  time=  0.501s  status=Exact solution     len=  3.161  endpoints_valid=True  collision=False  over_limit=False
[756] PASS  time=  8.913s  status=Exact solution     len=  9.225  endpoints_valid=True  collision=False  over_limit=False
[757] PASS  time=  0.051s  status=Exact solution     len=  0.315  endpoints_valid=True  collision=False  over_limit=False
[758] PASS  time=  8.886s  status=Exact solution     len=  5.264  endpoints_valid=True  collision=False  over_limit=False
[759] PASS  time=  4.578s  status=Exact solution     len=  6.096  endpoints_valid=True  collision=False  over_limit=False
[760] PASS  time=  1.641s  status=Exact solution     len=  1.973  endpoints_valid=True  collision=False  over_limit=False
[761] PASS  time= 12.625s  status=Exact solution     len=  5.783  endpoints_valid=True  collision=False  over_limit=False
[762] PASS  time=  0.123s  status=Exact solution     len=  1.534  endpoints_valid=True  collision=False  over_limit=False
[763] PASS  time=  7.335s  status=Exact solution     len=  2.423  endpoints_valid=True  collision=False  over_limit=False
[764] PASS  time= 14.534s  status=Exact solution     len=  7.777  endpoints_valid=True  collision=False  over_limit=False
[765] PASS  time=  4.724s  status=Exact solution     len=  5.734  endpoints_valid=True  collision=False  over_limit=False
[766] PASS  time=  0.200s  status=Exact solution     len=  0.763  endpoints_valid=True  collision=False  over_limit=False
[767] PASS  time=  0.250s  status=Exact solution     len=  0.907  endpoints_valid=True  collision=False  over_limit=False
Warning: LazyPRM: Skipping invalid start state (invalid state)
         at line 249 in /project/src/ompl/base/src/Planner.cpp
Error:   LazyPRM: There are no valid initial states!
         at line 331 in /project/src/ompl/geometric/planners/prm/src/LazyPRM.cpp
[768] FAIL  time=  0.012s  status=Invalid start      len=    nan  endpoints_valid=False  collision=False  over_limit=False
[769] PASS  time=  9.045s  status=Exact solution     len=  7.255  endpoints_valid=True  collision=False  over_limit=False
[770] PASS  time=  1.543s  status=Exact solution     len=  4.186  endpoints_valid=True  collision=False  over_limit=False
[771] PASS  time=  6.597s  status=Exact solution     len=  6.131  endpoints_valid=True  collision=False  over_limit=False
[772] PASS  time= 11.473s  status=Exact solution     len=  5.495  endpoints_valid=True  collision=False  over_limit=False
[773] PASS  time=  2.284s  status=Exact solution     len=  3.815  endpoints_valid=True  collision=False  over_limit=False
[774] PASS  time=  7.155s  status=Exact solution     len=  8.453  endpoints_valid=True  collision=False  over_limit=False
[775] PASS  time= 11.019s  status=Exact solution     len= 11.901  endpoints_valid=True  collision=False  over_limit=False
[776] PASS  time=  8.733s  status=Exact solution     len=  4.596  endpoints_valid=True  collision=False  over_limit=False
[777] PASS  time=  3.841s  status=Exact solution     len=  3.757  endpoints_valid=True  collision=False  over_limit=False
[778] PASS  time=  1.847s  status=Exact solution     len=  3.732  endpoints_valid=True  collision=False  over_limit=False
[779] PASS  time=  2.961s  status=Exact solution     len=  2.047  endpoints_valid=True  collision=False  over_limit=False
[780] PASS  time=  3.405s  status=Exact solution     len=  2.752  endpoints_valid=True  collision=False  over_limit=False
[781] PASS  time=  3.833s  status=Exact solution     len=  5.437  endpoints_valid=True  collision=False  over_limit=False
[782] PASS  time= 29.250s  status=Exact solution     len=  3.643  endpoints_valid=True  collision=False  over_limit=False
[783] PASS  time=  8.857s  status=Exact solution     len=  7.373  endpoints_valid=True  collision=False  over_limit=False
[784] PASS  time=  8.392s  status=Exact solution     len=  5.693  endpoints_valid=True  collision=False  over_limit=False
[785] PASS  time=  3.977s  status=Exact solution     len=  7.744  endpoints_valid=True  collision=False  over_limit=False
[786] PASS  time= 19.958s  status=Exact solution     len=  4.727  endpoints_valid=True  collision=False  over_limit=False
[787] PASS  time=  4.301s  status=Exact solution     len=  7.198  endpoints_valid=True  collision=False  over_limit=False
[788] PASS  time=  5.865s  status=Exact solution     len=  1.870  endpoints_valid=True  collision=False  over_limit=False
[789] PASS  time=  3.872s  status=Exact solution     len=  4.255  endpoints_valid=True  collision=False  over_limit=False
[790] PASS  time=  2.823s  status=Exact solution     len=  4.165  endpoints_valid=True  collision=False  over_limit=False
[791] PASS  time=  5.164s  status=Exact solution     len=  9.487  endpoints_valid=True  collision=False  over_limit=False
[792] PASS  time= 16.505s  status=Exact solution     len= 14.924  endpoints_valid=True  collision=False  over_limit=False
[793] PASS  time=  0.902s  status=Exact solution     len=  1.364  endpoints_valid=True  collision=False  over_limit=False
[794] PASS  time= 14.293s  status=Exact solution     len= 13.049  endpoints_valid=True  collision=False  over_limit=False
[795] PASS  time=  3.590s  status=Exact solution     len=  5.993  endpoints_valid=True  collision=False  over_limit=False
[796] PASS  time=  3.922s  status=Exact solution     len=  7.805  endpoints_valid=True  collision=False  over_limit=False
[797] PASS  time=  1.446s  status=Exact solution     len=  5.097  endpoints_valid=True  collision=False  over_limit=False
[798] PASS  time=  1.488s  status=Exact solution     len=  3.419  endpoints_valid=True  collision=False  over_limit=False
[799] PASS  time= 12.828s  status=Exact solution     len=  8.929  endpoints_valid=True  collision=False  over_limit=False
[800] PASS  time= 23.986s  status=Exact solution     len=  7.039  endpoints_valid=True  collision=False  over_limit=False
[801] PASS  time=  1.494s  status=Exact solution     len=  4.789  endpoints_valid=True  collision=False  over_limit=False
[802] PASS  time=  8.863s  status=Exact solution     len=  3.598  endpoints_valid=True  collision=False  over_limit=False
[803] PASS  time= 10.768s  status=Exact solution     len= 11.028  endpoints_valid=True  collision=False  over_limit=False
[804] PASS  time= 12.762s  status=Exact solution     len=  4.815  endpoints_valid=True  collision=False  over_limit=False
[805] PASS  time=  1.819s  status=Exact solution     len=  3.208  endpoints_valid=True  collision=False  over_limit=False
[806] PASS  time=  4.486s  status=Exact solution     len=  6.466  endpoints_valid=True  collision=False  over_limit=False
[807] PASS  time=  2.885s  status=Exact solution     len=  5.824  endpoints_valid=True  collision=False  over_limit=False
[808] PASS  time= 10.023s  status=Exact solution     len= 11.473  endpoints_valid=True  collision=False  over_limit=False
[809] PASS  time=  8.416s  status=Exact solution     len=  7.982  endpoints_valid=True  collision=False  over_limit=False
[810] PASS  time=  5.240s  status=Exact solution     len=  2.874  endpoints_valid=True  collision=False  over_limit=False
[811] PASS  time=  3.466s  status=Exact solution     len=  2.244  endpoints_valid=True  collision=False  over_limit=False
[812] PASS  time= 16.677s  status=Exact solution     len=  4.889  endpoints_valid=True  collision=False  over_limit=False
[813] PASS  time=  6.876s  status=Exact solution     len=  4.152  endpoints_valid=True  collision=False  over_limit=False
[814] PASS  time=  4.713s  status=Exact solution     len=  3.816  endpoints_valid=True  collision=False  over_limit=False
[815] PASS  time= 18.951s  status=Exact solution     len=  6.090  endpoints_valid=True  collision=False  over_limit=False
[816] PASS  time= 13.591s  status=Exact solution     len=  8.532  endpoints_valid=True  collision=False  over_limit=False
[817] PASS  time=  6.170s  status=Exact solution     len=  8.649  endpoints_valid=True  collision=False  over_limit=False
[818] PASS  time=  5.734s  status=Exact solution     len=  7.140  endpoints_valid=True  collision=False  over_limit=False
[819] PASS  time=  3.833s  status=Exact solution     len=  2.301  endpoints_valid=True  collision=False  over_limit=False
[820] PASS  time=  3.534s  status=Exact solution     len=  7.359  endpoints_valid=True  collision=False  over_limit=False
[821] PASS  time= 11.606s  status=Exact solution     len=  4.907  endpoints_valid=True  collision=False  over_limit=False
[822] PASS  time=  6.177s  status=Exact solution     len=  3.871  endpoints_valid=True  collision=False  over_limit=False
[823] PASS  time= 13.087s  status=Exact solution     len= 14.198  endpoints_valid=True  collision=False  over_limit=False
[824] PASS  time= 29.135s  status=Exact solution     len=  5.526  endpoints_valid=True  collision=False  over_limit=False
[825] PASS  time=  2.938s  status=Exact solution     len=  5.373  endpoints_valid=True  collision=False  over_limit=False
[826] PASS  time=  8.076s  status=Exact solution     len= 10.401  endpoints_valid=True  collision=False  over_limit=False
[827] PASS  time=  9.341s  status=Exact solution     len=  6.047  endpoints_valid=True  collision=False  over_limit=False
[828] PASS  time= 10.583s  status=Exact solution     len= 10.353  endpoints_valid=True  collision=False  over_limit=False
[829] PASS  time=  0.053s  status=Exact solution     len=  0.495  endpoints_valid=True  collision=False  over_limit=False
[830] PASS  time=  5.338s  status=Exact solution     len=  6.036  endpoints_valid=True  collision=False  over_limit=False
[831] PASS  time=  2.503s  status=Exact solution     len=  2.514  endpoints_valid=True  collision=False  over_limit=False
[832] PASS  time=  4.719s  status=Exact solution     len=  8.139  endpoints_valid=True  collision=False  over_limit=False
[833] FAIL  time= 30.036s  status=Timeout            len=    nan  endpoints_valid=True  collision=False  over_limit=True
[834] PASS  time=  7.289s  status=Exact solution     len=  5.953  endpoints_valid=True  collision=False  over_limit=False
[835] PASS  time=  2.453s  status=Exact solution     len=  3.243  endpoints_valid=True  collision=False  over_limit=False
[836] PASS  time=  6.763s  status=Exact solution     len=  2.912  endpoints_valid=True  collision=False  over_limit=False
[837] PASS  time=  0.256s  status=Exact solution     len=  0.589  endpoints_valid=True  collision=False  over_limit=False
[838] PASS  time=  3.407s  status=Exact solution     len=  5.805  endpoints_valid=True  collision=False  over_limit=False
[839] PASS  time= 10.711s  status=Exact solution     len=  3.664  endpoints_valid=True  collision=False  over_limit=False
[840] PASS  time=  6.862s  status=Exact solution     len=  6.210  endpoints_valid=True  collision=False  over_limit=False
[841] PASS  time= 19.854s  status=Exact solution     len=  3.768  endpoints_valid=True  collision=False  over_limit=False
[842] PASS  time=  1.071s  status=Exact solution     len=  0.919  endpoints_valid=True  collision=False  over_limit=False
[843] PASS  time=  3.634s  status=Exact solution     len=  5.019  endpoints_valid=True  collision=False  over_limit=False
[844] PASS  time=  4.139s  status=Exact solution     len=  3.986  endpoints_valid=True  collision=False  over_limit=False
[845] PASS  time=  4.491s  status=Exact solution     len=  2.996  endpoints_valid=True  collision=False  over_limit=False
[846] PASS  time=  4.189s  status=Exact solution     len=  4.775  endpoints_valid=True  collision=False  over_limit=False
[847] PASS  time=  4.536s  status=Exact solution     len= 10.899  endpoints_valid=True  collision=False  over_limit=False
[848] PASS  time= 15.220s  status=Exact solution     len= 11.150  endpoints_valid=True  collision=False  over_limit=False
[849] PASS  time=  0.997s  status=Exact solution     len=  1.729  endpoints_valid=True  collision=False  over_limit=False
[850] PASS  time= 15.590s  status=Exact solution     len=  6.909  endpoints_valid=True  collision=False  over_limit=False
[851] PASS  time=  0.807s  status=Exact solution     len=  3.388  endpoints_valid=True  collision=False  over_limit=False
[852] PASS  time=  5.759s  status=Exact solution     len=  9.353  endpoints_valid=True  collision=False  over_limit=False
[853] PASS  time=  0.553s  status=Exact solution     len=  1.033  endpoints_valid=True  collision=False  over_limit=False
[854] PASS  time=  0.384s  status=Exact solution     len=  0.973  endpoints_valid=True  collision=False  over_limit=False
[855] PASS  time=  0.696s  status=Exact solution     len=  2.030  endpoints_valid=True  collision=False  over_limit=False
[856] PASS  time=  2.836s  status=Exact solution     len=  4.335  endpoints_valid=True  collision=False  over_limit=False
[857] PASS  time=  8.500s  status=Exact solution     len=  7.624  endpoints_valid=True  collision=False  over_limit=False
[858] PASS  time=  1.866s  status=Exact solution     len=  4.759  endpoints_valid=True  collision=False  over_limit=False
[859] PASS  time=  2.994s  status=Exact solution     len=  6.150  endpoints_valid=True  collision=False  over_limit=False
[860] PASS  time=  0.475s  status=Exact solution     len=  1.625  endpoints_valid=True  collision=False  over_limit=False
[861] PASS  time=  0.019s  status=Exact solution     len=  1.169  endpoints_valid=True  collision=False  over_limit=False
[862] PASS  time=  0.158s  status=Exact solution     len=  0.478  endpoints_valid=True  collision=False  over_limit=False
[863] PASS  time=  1.776s  status=Exact solution     len=  2.245  endpoints_valid=True  collision=False  over_limit=False
[864] PASS  time= 12.526s  status=Exact solution     len=  7.081  endpoints_valid=True  collision=False  over_limit=False
[865] PASS  time=  7.680s  status=Exact solution     len=  7.212  endpoints_valid=True  collision=False  over_limit=False
[866] PASS  time=  4.327s  status=Exact solution     len=  4.048  endpoints_valid=True  collision=False  over_limit=False
[867] PASS  time=  0.279s  status=Exact solution     len=  2.828  endpoints_valid=True  collision=False  over_limit=False
[868] PASS  time= 18.598s  status=Exact solution     len= 10.058  endpoints_valid=True  collision=False  over_limit=False
[869] PASS  time=  5.881s  status=Exact solution     len=  3.403  endpoints_valid=True  collision=False  over_limit=False
[870] PASS  time=  9.371s  status=Exact solution     len=  4.523  endpoints_valid=True  collision=False  over_limit=False
[871] PASS  time=  5.001s  status=Exact solution     len= 11.518  endpoints_valid=True  collision=False  over_limit=False
[872] PASS  time= 12.151s  status=Exact solution     len=  6.545  endpoints_valid=True  collision=False  over_limit=False
[873] PASS  time=  4.638s  status=Exact solution     len=  5.160  endpoints_valid=True  collision=False  over_limit=False
[874] PASS  time=  9.515s  status=Exact solution     len=  6.762  endpoints_valid=True  collision=False  over_limit=False
[875] PASS  time=  0.310s  status=Exact solution     len=  0.937  endpoints_valid=True  collision=False  over_limit=False
[876] PASS  time=  1.815s  status=Exact solution     len=  4.194  endpoints_valid=True  collision=False  over_limit=False
[877] PASS  time=  7.576s  status=Exact solution     len=  3.920  endpoints_valid=True  collision=False  over_limit=False
[878] PASS  time=  2.743s  status=Exact solution     len=  3.249  endpoints_valid=True  collision=False  over_limit=False
[879] PASS  time=  7.410s  status=Exact solution     len=  4.003  endpoints_valid=True  collision=False  over_limit=False
[880] PASS  time=  0.129s  status=Exact solution     len=  0.999  endpoints_valid=True  collision=False  over_limit=False
[881] PASS  time=  8.008s  status=Exact solution     len=  7.766  endpoints_valid=True  collision=False  over_limit=False
[882] PASS  time=  0.193s  status=Exact solution     len=  0.423  endpoints_valid=True  collision=False  over_limit=False
[883] PASS  time=  7.106s  status=Exact solution     len=  7.037  endpoints_valid=True  collision=False  over_limit=False
[884] PASS  time=  4.109s  status=Exact solution     len=  6.193  endpoints_valid=True  collision=False  over_limit=False
[885] PASS  time=  1.547s  status=Exact solution     len=  1.412  endpoints_valid=True  collision=False  over_limit=False
[886] PASS  time= 11.615s  status=Exact solution     len=  7.245  endpoints_valid=True  collision=False  over_limit=False
[887] PASS  time=  8.925s  status=Exact solution     len=  5.541  endpoints_valid=True  collision=False  over_limit=False
[888] PASS  time=  8.410s  status=Exact solution     len=  3.951  endpoints_valid=True  collision=False  over_limit=False
[889] PASS  time=  8.104s  status=Exact solution     len= 11.753  endpoints_valid=True  collision=False  over_limit=False
[890] PASS  time=  0.254s  status=Exact solution     len=  0.981  endpoints_valid=True  collision=False  over_limit=False
[891] PASS  time=  5.005s  status=Exact solution     len=  8.962  endpoints_valid=True  collision=False  over_limit=False
[892] PASS  time= 18.627s  status=Exact solution     len=  5.608  endpoints_valid=True  collision=False  over_limit=False
[893] PASS  time= 11.292s  status=Exact solution     len= 11.060  endpoints_valid=True  collision=False  over_limit=False
[894] PASS  time=  3.844s  status=Exact solution     len=  2.424  endpoints_valid=True  collision=False  over_limit=False
[895] PASS  time=  6.614s  status=Exact solution     len=  8.309  endpoints_valid=True  collision=False  over_limit=False
[896] PASS  time=  8.431s  status=Exact solution     len=  6.042  endpoints_valid=True  collision=False  over_limit=False
[897] PASS  time=  1.961s  status=Exact solution     len=  3.381  endpoints_valid=True  collision=False  over_limit=False
[898] PASS  time=  3.484s  status=Exact solution     len=  2.411  endpoints_valid=True  collision=False  over_limit=False
[899] PASS  time=  3.605s  status=Exact solution     len=  6.497  endpoints_valid=True  collision=False  over_limit=False
[900] PASS  time=  6.557s  status=Exact solution     len=  7.306  endpoints_valid=True  collision=False  over_limit=False
[901] PASS  time=  2.632s  status=Exact solution     len=  3.444  endpoints_valid=True  collision=False  over_limit=False
[902] PASS  time=  0.489s  status=Exact solution     len=  1.883  endpoints_valid=True  collision=False  over_limit=False
[903] PASS  time=  5.690s  status=Exact solution     len=  9.310  endpoints_valid=True  collision=False  over_limit=False
[904] PASS  time= 13.626s  status=Exact solution     len=  9.623  endpoints_valid=True  collision=False  over_limit=False
[905] PASS  time=  0.142s  status=Exact solution     len=  0.503  endpoints_valid=True  collision=False  over_limit=False
[906] PASS  time= 10.508s  status=Exact solution     len=  7.597  endpoints_valid=True  collision=False  over_limit=False
[907] PASS  time=  4.886s  status=Exact solution     len=  5.291  endpoints_valid=True  collision=False  over_limit=False
[908] PASS  time=  7.307s  status=Exact solution     len=  7.052  endpoints_valid=True  collision=False  over_limit=False
[909] PASS  time=  2.202s  status=Exact solution     len=  4.218  endpoints_valid=True  collision=False  over_limit=False
[910] PASS  time=  6.995s  status=Exact solution     len=  9.852  endpoints_valid=True  collision=False  over_limit=False
[911] PASS  time= 13.412s  status=Exact solution     len=  9.184  endpoints_valid=True  collision=False  over_limit=False
[912] PASS  time=  5.228s  status=Exact solution     len=  6.345  endpoints_valid=True  collision=False  over_limit=False
[913] PASS  time= 10.214s  status=Exact solution     len=  5.979  endpoints_valid=True  collision=False  over_limit=False
[914] PASS  time=  1.619s  status=Exact solution     len=  1.436  endpoints_valid=True  collision=False  over_limit=False
[915] PASS  time=  5.364s  status=Exact solution     len=  5.620  endpoints_valid=True  collision=False  over_limit=False
[916] PASS  time=  2.269s  status=Exact solution     len=  2.566  endpoints_valid=True  collision=False  over_limit=False
[917] PASS  time=  4.279s  status=Exact solution     len=  4.180  endpoints_valid=True  collision=False  over_limit=False
[918] PASS  time=  1.926s  status=Exact solution     len=  1.918  endpoints_valid=True  collision=False  over_limit=False
[919] PASS  time= 11.105s  status=Exact solution     len= 11.500  endpoints_valid=True  collision=False  over_limit=False
[920] PASS  time=  4.706s  status=Exact solution     len=  6.262  endpoints_valid=True  collision=False  over_limit=False
[921] PASS  time= 24.689s  status=Exact solution     len=  6.048  endpoints_valid=True  collision=False  over_limit=False
[922] PASS  time=  3.234s  status=Exact solution     len=  2.020  endpoints_valid=True  collision=False  over_limit=False
[923] PASS  time=  5.756s  status=Exact solution     len=  4.613  endpoints_valid=True  collision=False  over_limit=False
[924] PASS  time=  7.697s  status=Exact solution     len=  8.406  endpoints_valid=True  collision=False  over_limit=False
[925] PASS  time=  6.748s  status=Exact solution     len=  3.796  endpoints_valid=True  collision=False  over_limit=False
[926] PASS  time=  6.349s  status=Exact solution     len=  7.858  endpoints_valid=True  collision=False  over_limit=False
[927] PASS  time=  8.817s  status=Exact solution     len=  6.325  endpoints_valid=True  collision=False  over_limit=False
[928] PASS  time=  6.738s  status=Exact solution     len=  6.528  endpoints_valid=True  collision=False  over_limit=False
[929] PASS  time=  4.542s  status=Exact solution     len=  7.091  endpoints_valid=True  collision=False  over_limit=False
[930] PASS  time= 13.960s  status=Exact solution     len=  6.982  endpoints_valid=True  collision=False  over_limit=False
[931] PASS  time=  0.550s  status=Exact solution     len=  0.830  endpoints_valid=True  collision=False  over_limit=False
[932] PASS  time=  1.715s  status=Exact solution     len=  2.771  endpoints_valid=True  collision=False  over_limit=False
[933] PASS  time=  5.870s  status=Exact solution     len=  5.208  endpoints_valid=True  collision=False  over_limit=False
[934] PASS  time=  2.244s  status=Exact solution     len=  6.090  endpoints_valid=True  collision=False  over_limit=False
[935] PASS  time=  6.792s  status=Exact solution     len=  6.404  endpoints_valid=True  collision=False  over_limit=False
[936] PASS  time=  8.437s  status=Exact solution     len= 15.277  endpoints_valid=True  collision=False  over_limit=False
[937] PASS  time=  2.080s  status=Exact solution     len=  3.437  endpoints_valid=True  collision=False  over_limit=False
[938] PASS  time=  3.976s  status=Exact solution     len=  3.966  endpoints_valid=True  collision=False  over_limit=False
[939] PASS  time=  8.953s  status=Exact solution     len=  9.582  endpoints_valid=True  collision=False  over_limit=False
[940] PASS  time=  6.812s  status=Exact solution     len=  5.714  endpoints_valid=True  collision=False  over_limit=False
[941] PASS  time=  5.861s  status=Exact solution     len=  5.443  endpoints_valid=True  collision=False  over_limit=False
[942] PASS  time= 18.542s  status=Exact solution     len=  7.101  endpoints_valid=True  collision=False  over_limit=False
[943] PASS  time=  6.053s  status=Exact solution     len=  6.287  endpoints_valid=True  collision=False  over_limit=False
[944] PASS  time=  8.057s  status=Exact solution     len=  3.862  endpoints_valid=True  collision=False  over_limit=False
[945] PASS  time= 10.517s  status=Exact solution     len=  3.694  endpoints_valid=True  collision=False  over_limit=False
[946] PASS  time=  6.566s  status=Exact solution     len=  3.281  endpoints_valid=True  collision=False  over_limit=False
[947] PASS  time= 12.695s  status=Exact solution     len=  3.832  endpoints_valid=True  collision=False  over_limit=False
[948] PASS  time=  0.595s  status=Exact solution     len=  0.333  endpoints_valid=True  collision=False  over_limit=False
[949] PASS  time= 13.419s  status=Exact solution     len=  4.475  endpoints_valid=True  collision=False  over_limit=False
[950] PASS  time=  6.165s  status=Exact solution     len=  2.840  endpoints_valid=True  collision=False  over_limit=False
[951] PASS  time=  4.292s  status=Exact solution     len=  3.654  endpoints_valid=True  collision=False  over_limit=False
[952] PASS  time= 10.019s  status=Exact solution     len=  7.752  endpoints_valid=True  collision=False  over_limit=False
[953] PASS  time= 10.949s  status=Exact solution     len=  7.960  endpoints_valid=True  collision=False  over_limit=False
[954] PASS  time=  1.897s  status=Exact solution     len=  5.985  endpoints_valid=True  collision=False  over_limit=False
[955] PASS  time= 10.727s  status=Exact solution     len=  7.096  endpoints_valid=True  collision=False  over_limit=False
[956] PASS  time= 12.499s  status=Exact solution     len=  6.020  endpoints_valid=True  collision=False  over_limit=False
[957] PASS  time=  8.108s  status=Exact solution     len=  4.968  endpoints_valid=True  collision=False  over_limit=False
[958] PASS  time= 10.998s  status=Exact solution     len=  3.209  endpoints_valid=True  collision=False  over_limit=False
[959] PASS  time=  3.565s  status=Exact solution     len=  1.921  endpoints_valid=True  collision=False  over_limit=False
[960] PASS  time=  2.628s  status=Exact solution     len=  4.136  endpoints_valid=True  collision=False  over_limit=False
[961] PASS  time=  7.105s  status=Exact solution     len=  7.109  endpoints_valid=True  collision=False  over_limit=False
[962] PASS  time=  3.492s  status=Exact solution     len=  5.258  endpoints_valid=True  collision=False  over_limit=False
[963] PASS  time=  3.804s  status=Exact solution     len=  5.720  endpoints_valid=True  collision=False  over_limit=False
[964] PASS  time=  4.453s  status=Exact solution     len=  5.727  endpoints_valid=True  collision=False  over_limit=False
[965] PASS  time=  6.522s  status=Exact solution     len=  9.195  endpoints_valid=True  collision=False  over_limit=False
[966] PASS  time=  5.772s  status=Exact solution     len=  7.545  endpoints_valid=True  collision=False  over_limit=False
[967] PASS  time=  1.246s  status=Exact solution     len=  2.346  endpoints_valid=True  collision=False  over_limit=False
[968] PASS  time=  7.895s  status=Exact solution     len=  7.830  endpoints_valid=True  collision=False  over_limit=False
[969] PASS  time= 15.414s  status=Exact solution     len= 12.601  endpoints_valid=True  collision=False  over_limit=False
[970] PASS  time=  1.222s  status=Exact solution     len=  2.571  endpoints_valid=True  collision=False  over_limit=False
[971] PASS  time=  4.512s  status=Exact solution     len=  7.795  endpoints_valid=True  collision=False  over_limit=False
[972] PASS  time= 10.025s  status=Exact solution     len=  7.202  endpoints_valid=True  collision=False  over_limit=False
[973] PASS  time=  3.027s  status=Exact solution     len=  5.616  endpoints_valid=True  collision=False  over_limit=False
[974] PASS  time=  8.929s  status=Exact solution     len= 14.945  endpoints_valid=True  collision=False  over_limit=False
[975] PASS  time=  0.164s  status=Exact solution     len=  1.545  endpoints_valid=True  collision=False  over_limit=False
[976] PASS  time= 13.596s  status=Exact solution     len=  7.921  endpoints_valid=True  collision=False  over_limit=False
[977] PASS  time=  2.453s  status=Exact solution     len=  5.221  endpoints_valid=True  collision=False  over_limit=False
[978] PASS  time=  0.724s  status=Exact solution     len=  5.341  endpoints_valid=True  collision=False  over_limit=False
[979] PASS  time=  2.264s  status=Exact solution     len=  4.479  endpoints_valid=True  collision=False  over_limit=False
[980] PASS  time=  8.326s  status=Exact solution     len=  5.167  endpoints_valid=True  collision=False  over_limit=False
[981] PASS  time=  9.923s  status=Exact solution     len= 12.622  endpoints_valid=True  collision=False  over_limit=False
[982] PASS  time=  1.026s  status=Exact solution     len=  1.524  endpoints_valid=True  collision=False  over_limit=False
[983] PASS  time=  8.208s  status=Exact solution     len=  5.111  endpoints_valid=True  collision=False  over_limit=False
[984] PASS  time=  8.571s  status=Exact solution     len=  6.459  endpoints_valid=True  collision=False  over_limit=False
[985] PASS  time=  1.660s  status=Exact solution     len=  1.593  endpoints_valid=True  collision=False  over_limit=False
[986] PASS  time=  5.843s  status=Exact solution     len=  6.486  endpoints_valid=True  collision=False  over_limit=False
[987] PASS  time=  1.082s  status=Exact solution     len=  2.569  endpoints_valid=True  collision=False  over_limit=False
[988] PASS  time=  6.671s  status=Exact solution     len=  9.544  endpoints_valid=True  collision=False  over_limit=False
[989] PASS  time=  1.702s  status=Exact solution     len=  2.580  endpoints_valid=True  collision=False  over_limit=False
[990] PASS  time=  7.020s  status=Exact solution     len=  9.852  endpoints_valid=True  collision=False  over_limit=False
[991] PASS  time=  3.625s  status=Exact solution     len=  3.398  endpoints_valid=True  collision=False  over_limit=False
[992] PASS  time= 17.177s  status=Exact solution     len=  3.734  endpoints_valid=True  collision=False  over_limit=False
[993] PASS  time=  0.724s  status=Exact solution     len=  1.833  endpoints_valid=True  collision=False  over_limit=False
[994] PASS  time=  1.112s  status=Exact solution     len=  0.875  endpoints_valid=True  collision=False  over_limit=False
[995] PASS  time=  8.293s  status=Exact solution     len=  6.649  endpoints_valid=True  collision=False  over_limit=False
[996] PASS  time=  2.753s  status=Exact solution     len=  2.189  endpoints_valid=True  collision=False  over_limit=False
[997] PASS  time=  0.548s  status=Exact solution     len=  1.566  endpoints_valid=True  collision=False  over_limit=False
[998] PASS  time=  3.241s  status=Exact solution     len=  6.813  endpoints_valid=True  collision=False  over_limit=False
[999] PASS  time= 10.816s  status=Exact solution     len=  5.232  endpoints_valid=True  collision=False  over_limit=False

shape                     : datasets/3dshape/4shape3d.obj
environment               : datasets/3dshape/env3.obj
data_path                 : testing_data/3dshape/4shape3d_env3
planner                   : LazyPRM (OMPL, SE(3))
roadmap                   : cleared per case
time_limit_per_case       : 30.000 s  (a case over this = fail)
path_simplification       : off

test_cases_total          : 1000
invalid_start_or_goal     : 2  (excluded, unplannable)
test_cases_scored         : 998  [valid start+goal only]
successes                 : 984
failures                  : 14
  no_solution_in_time     : 13
  over_time_limit         : 1
  path_in_collision       : 0
success_rate              : 0.9860  (98.6%)  [984/998]

time_mean                 : 7.2428 s   [all 998 scored cases]
time_std                  : 6.0869 s
time_mean_successful      : 6.9159 s   [984 successful cases]
time_std_successful       : 5.4727 s
time_median               : 5.9674 s

path_length_mean          : 5.5039   [984 successful cases]
path_length_std           : 3.1516
path_length_total         : 5415.8733

total_time                : 7228.34 s
collision_checks          : 1775735

Wrote results/ompl_lazyprm/4shape3d_env3/lazy_prm_success_rate.txt
Wrote results/ompl_lazyprm/4shape3d_env3/lazy_prm_cases.csv
