[load_obj] 'datasets/3dshape/rectangle.obj': 1 objects/groups
  [0] 'Body1'  (12 triangles)
[load_obj] 'datasets/3dshape/env1.obj': 5 objects/groups
  [0] 'Body2'  (12 triangles)
  [1] 'Body3'  (12 triangles)
  [2] 'Body4'  (12 triangles)
  [3] 'Body5'  (12 triangles)
  [4] 'wall (2)'  (12 triangles)
shape       : datasets/3dshape/rectangle.obj  (8 verts, 12 tets, radius 0.1490)
environment : datasets/3dshape/env1.obj  (60 tris, 50000 collision points)
bounds      : low [-0.475, -0.3329, -0.5]  high [0.475, 0.3329, 0.5]
test cases  : 1000 from testing_data/3dshape/rectangle_env1/sampled_points.npy
planner     : LazyPRM  (time limit 30.0s per case, resolution 0.005, roadmap cleared per case)

[000] PASS  time=  3.134s  status=Exact solution     len=  5.167  endpoints_valid=True  collision=False  over_limit=False
[001] PASS  time=  2.090s  status=Exact solution     len=  6.501  endpoints_valid=True  collision=False  over_limit=False
[002] PASS  time=  2.405s  status=Exact solution     len=  5.510  endpoints_valid=True  collision=False  over_limit=False
[003] FAIL  time= 30.556s  status=Timeout            len=    nan  endpoints_valid=True  collision=False  over_limit=True
[004] PASS  time=  2.868s  status=Exact solution     len=  4.483  endpoints_valid=True  collision=False  over_limit=False
[005] PASS  time=  3.490s  status=Exact solution     len=  9.998  endpoints_valid=True  collision=False  over_limit=False
[006] PASS  time=  5.396s  status=Exact solution     len=  9.430  endpoints_valid=True  collision=False  over_limit=False
[007] PASS  time=  3.966s  status=Exact solution     len= 11.520  endpoints_valid=True  collision=False  over_limit=False
[008] PASS  time=  1.521s  status=Exact solution     len=  4.952  endpoints_valid=True  collision=False  over_limit=False
[009] PASS  time= 17.702s  status=Exact solution     len=  3.004  endpoints_valid=True  collision=False  over_limit=False
[010] PASS  time=  5.006s  status=Exact solution     len=  7.998  endpoints_valid=True  collision=False  over_limit=False
[011] PASS  time=  3.010s  status=Exact solution     len=  4.633  endpoints_valid=True  collision=False  over_limit=False
[012] PASS  time=  8.324s  status=Exact solution     len= 14.242  endpoints_valid=True  collision=False  over_limit=False
[013] PASS  time=  7.184s  status=Exact solution     len=  8.757  endpoints_valid=True  collision=False  over_limit=False
[014] PASS  time=  4.762s  status=Exact solution     len=  9.113  endpoints_valid=True  collision=False  over_limit=False
[015] PASS  time=  3.330s  status=Exact solution     len= 10.108  endpoints_valid=True  collision=False  over_limit=False
[016] PASS  time=  2.880s  status=Exact solution     len=  8.791  endpoints_valid=True  collision=False  over_limit=False
[017] PASS  time=  9.766s  status=Exact solution     len= 23.517  endpoints_valid=True  collision=False  over_limit=False
[018] PASS  time=  0.627s  status=Exact solution     len=  4.203  endpoints_valid=True  collision=False  over_limit=False
[019] PASS  time=  5.159s  status=Exact solution     len=  1.374  endpoints_valid=True  collision=False  over_limit=False
[020] PASS  time=  3.155s  status=Exact solution     len=  6.530  endpoints_valid=True  collision=False  over_limit=False
[021] PASS  time=  5.909s  status=Exact solution     len=  8.803  endpoints_valid=True  collision=False  over_limit=False
[022] PASS  time=  0.029s  status=Exact solution     len=  0.551  endpoints_valid=True  collision=False  over_limit=False
[023] PASS  time=  1.154s  status=Exact solution     len=  5.136  endpoints_valid=True  collision=False  over_limit=False
[024] PASS  time=  7.695s  status=Exact solution     len=  7.599  endpoints_valid=True  collision=False  over_limit=False
[025] PASS  time= 10.437s  status=Exact solution     len=  8.291  endpoints_valid=True  collision=False  over_limit=False
[026] PASS  time=  0.325s  status=Exact solution     len=  2.863  endpoints_valid=True  collision=False  over_limit=False
[027] PASS  time=  6.478s  status=Exact solution     len=  7.755  endpoints_valid=True  collision=False  over_limit=False
[028] PASS  time=  2.846s  status=Exact solution     len=  3.012  endpoints_valid=True  collision=False  over_limit=False
[029] PASS  time=  3.701s  status=Exact solution     len=  3.554  endpoints_valid=True  collision=False  over_limit=False
[030] PASS  time=  1.563s  status=Exact solution     len=  3.745  endpoints_valid=True  collision=False  over_limit=False
[031] PASS  time=  3.001s  status=Exact solution     len=  3.642  endpoints_valid=True  collision=False  over_limit=False
[032] PASS  time=  6.677s  status=Exact solution     len= 15.957  endpoints_valid=True  collision=False  over_limit=False
[033] PASS  time=  2.862s  status=Exact solution     len=  6.650  endpoints_valid=True  collision=False  over_limit=False
[034] PASS  time=  1.928s  status=Exact solution     len=  6.279  endpoints_valid=True  collision=False  over_limit=False
[035] PASS  time=  2.917s  status=Exact solution     len=  5.786  endpoints_valid=True  collision=False  over_limit=False
[036] PASS  time=  0.479s  status=Exact solution     len=  1.571  endpoints_valid=True  collision=False  over_limit=False
[037] PASS  time=  2.732s  status=Exact solution     len=  9.314  endpoints_valid=True  collision=False  over_limit=False
[038] PASS  time=  2.830s  status=Exact solution     len=  8.257  endpoints_valid=True  collision=False  over_limit=False
[039] PASS  time=  1.458s  status=Exact solution     len=  4.834  endpoints_valid=True  collision=False  over_limit=False
[040] PASS  time=  5.078s  status=Exact solution     len= 12.715  endpoints_valid=True  collision=False  over_limit=False
[041] PASS  time=  4.594s  status=Exact solution     len=  8.504  endpoints_valid=True  collision=False  over_limit=False
[042] PASS  time=  2.834s  status=Exact solution     len=  4.411  endpoints_valid=True  collision=False  over_limit=False
[043] PASS  time=  4.554s  status=Exact solution     len= 10.829  endpoints_valid=True  collision=False  over_limit=False
[044] PASS  time=  3.212s  status=Exact solution     len=  6.213  endpoints_valid=True  collision=False  over_limit=False
[045] PASS  time=  1.928s  status=Exact solution     len=  8.393  endpoints_valid=True  collision=False  over_limit=False
[046] PASS  time=  6.552s  status=Exact solution     len=  9.419  endpoints_valid=True  collision=False  over_limit=False
[047] PASS  time=  9.740s  status=Exact solution     len=  9.812  endpoints_valid=True  collision=False  over_limit=False
[048] PASS  time=  2.846s  status=Exact solution     len=  6.537  endpoints_valid=True  collision=False  over_limit=False
[049] PASS  time=  3.353s  status=Exact solution     len= 13.142  endpoints_valid=True  collision=False  over_limit=False
[050] PASS  time=  4.477s  status=Exact solution     len= 10.186  endpoints_valid=True  collision=False  over_limit=False
[051] PASS  time=  7.876s  status=Exact solution     len=  5.650  endpoints_valid=True  collision=False  over_limit=False
[052] PASS  time=  4.501s  status=Exact solution     len= 12.458  endpoints_valid=True  collision=False  over_limit=False
[053] PASS  time=  5.834s  status=Exact solution     len=  6.713  endpoints_valid=True  collision=False  over_limit=False
[054] PASS  time=  0.600s  status=Exact solution     len=  4.732  endpoints_valid=True  collision=False  over_limit=False
[055] PASS  time=  1.137s  status=Exact solution     len=  4.369  endpoints_valid=True  collision=False  over_limit=False
[056] PASS  time=  2.069s  status=Exact solution     len= 10.210  endpoints_valid=True  collision=False  over_limit=False
[057] PASS  time=  4.975s  status=Exact solution     len=  4.656  endpoints_valid=True  collision=False  over_limit=False
[058] PASS  time=  5.433s  status=Exact solution     len=  8.734  endpoints_valid=True  collision=False  over_limit=False
[059] PASS  time=  4.375s  status=Exact solution     len= 10.696  endpoints_valid=True  collision=False  over_limit=False
[060] PASS  time=  0.321s  status=Exact solution     len=  0.861  endpoints_valid=True  collision=False  over_limit=False
[061] PASS  time=  8.853s  status=Exact solution     len= 13.398  endpoints_valid=True  collision=False  over_limit=False
[062] PASS  time= 10.403s  status=Exact solution     len= 10.769  endpoints_valid=True  collision=False  over_limit=False
[063] PASS  time=  2.514s  status=Exact solution     len=  8.346  endpoints_valid=True  collision=False  over_limit=False
[064] PASS  time=  7.351s  status=Exact solution     len=  7.827  endpoints_valid=True  collision=False  over_limit=False
[065] PASS  time=  3.529s  status=Exact solution     len=  7.133  endpoints_valid=True  collision=False  over_limit=False
[066] PASS  time=  6.517s  status=Exact solution     len= 16.976  endpoints_valid=True  collision=False  over_limit=False
[067] PASS  time= 19.937s  status=Exact solution     len=  5.310  endpoints_valid=True  collision=False  over_limit=False
[068] PASS  time=  2.716s  status=Exact solution     len=  7.031  endpoints_valid=True  collision=False  over_limit=False
[069] PASS  time=  7.958s  status=Exact solution     len= 11.110  endpoints_valid=True  collision=False  over_limit=False
[070] PASS  time=  4.886s  status=Exact solution     len=  8.927  endpoints_valid=True  collision=False  over_limit=False
[071] PASS  time=  2.133s  status=Exact solution     len=  7.200  endpoints_valid=True  collision=False  over_limit=False
[072] PASS  time=  3.227s  status=Exact solution     len= 10.037  endpoints_valid=True  collision=False  over_limit=False
[073] PASS  time=  0.206s  status=Exact solution     len=  1.506  endpoints_valid=True  collision=False  over_limit=False
[074] PASS  time=  7.029s  status=Exact solution     len= 11.157  endpoints_valid=True  collision=False  over_limit=False
[075] PASS  time=  2.839s  status=Exact solution     len=  6.262  endpoints_valid=True  collision=False  over_limit=False
[076] PASS  time=  5.677s  status=Exact solution     len=  8.435  endpoints_valid=True  collision=False  over_limit=False
[077] PASS  time= 10.262s  status=Exact solution     len=  7.298  endpoints_valid=True  collision=False  over_limit=False
[078] PASS  time=  5.676s  status=Exact solution     len=  7.594  endpoints_valid=True  collision=False  over_limit=False
[079] PASS  time=  4.198s  status=Exact solution     len=  7.797  endpoints_valid=True  collision=False  over_limit=False
[080] PASS  time=  1.859s  status=Exact solution     len=  8.038  endpoints_valid=True  collision=False  over_limit=False
[081] PASS  time=  1.330s  status=Exact solution     len=  4.578  endpoints_valid=True  collision=False  over_limit=False
[082] PASS  time= 10.432s  status=Exact solution     len=  4.226  endpoints_valid=True  collision=False  over_limit=False
[083] PASS  time=  3.943s  status=Exact solution     len=  6.449  endpoints_valid=True  collision=False  over_limit=False
[084] PASS  time=  6.158s  status=Exact solution     len= 10.294  endpoints_valid=True  collision=False  over_limit=False
[085] PASS  time=  4.063s  status=Exact solution     len= 11.230  endpoints_valid=True  collision=False  over_limit=False
[086] PASS  time=  0.482s  status=Exact solution     len=  0.984  endpoints_valid=True  collision=False  over_limit=False
[087] PASS  time=  4.573s  status=Exact solution     len= 12.311  endpoints_valid=True  collision=False  over_limit=False
[088] PASS  time=  3.269s  status=Exact solution     len=  6.746  endpoints_valid=True  collision=False  over_limit=False
[089] PASS  time=  2.356s  status=Exact solution     len=  4.911  endpoints_valid=True  collision=False  over_limit=False
[090] PASS  time=  0.312s  status=Exact solution     len=  1.541  endpoints_valid=True  collision=False  over_limit=False
[091] PASS  time= 10.903s  status=Exact solution     len=  7.016  endpoints_valid=True  collision=False  over_limit=False
[092] PASS  time=  1.067s  status=Exact solution     len=  1.965  endpoints_valid=True  collision=False  over_limit=False
[093] PASS  time=  5.982s  status=Exact solution     len=  7.355  endpoints_valid=True  collision=False  over_limit=False
[094] PASS  time= 17.332s  status=Exact solution     len=  4.481  endpoints_valid=True  collision=False  over_limit=False
[095] PASS  time=  7.113s  status=Exact solution     len=  5.757  endpoints_valid=True  collision=False  over_limit=False
[096] PASS  time=  5.466s  status=Exact solution     len= 11.574  endpoints_valid=True  collision=False  over_limit=False
[097] PASS  time=  8.911s  status=Exact solution     len=  7.543  endpoints_valid=True  collision=False  over_limit=False
[098] PASS  time=  8.051s  status=Exact solution     len=  9.768  endpoints_valid=True  collision=False  over_limit=False
[099] PASS  time=  4.084s  status=Exact solution     len=  7.412  endpoints_valid=True  collision=False  over_limit=False
[100] PASS  time=  3.921s  status=Exact solution     len=  8.695  endpoints_valid=True  collision=False  over_limit=False
[101] PASS  time=  3.301s  status=Exact solution     len=  9.179  endpoints_valid=True  collision=False  over_limit=False
[102] PASS  time=  2.605s  status=Exact solution     len=  3.712  endpoints_valid=True  collision=False  over_limit=False
[103] PASS  time=  6.194s  status=Exact solution     len=  8.031  endpoints_valid=True  collision=False  over_limit=False
[104] PASS  time=  2.781s  status=Exact solution     len=  2.899  endpoints_valid=True  collision=False  over_limit=False
[105] PASS  time= 12.044s  status=Exact solution     len=  8.309  endpoints_valid=True  collision=False  over_limit=False
[106] PASS  time=  5.564s  status=Exact solution     len= 13.499  endpoints_valid=True  collision=False  over_limit=False
[107] PASS  time=  5.448s  status=Exact solution     len= 10.958  endpoints_valid=True  collision=False  over_limit=False
[108] PASS  time=  5.634s  status=Exact solution     len=  8.684  endpoints_valid=True  collision=False  over_limit=False
[109] PASS  time=  4.875s  status=Exact solution     len= 10.346  endpoints_valid=True  collision=False  over_limit=False
[110] PASS  time=  1.709s  status=Exact solution     len=  4.685  endpoints_valid=True  collision=False  over_limit=False
[111] PASS  time= 10.984s  status=Exact solution     len=  6.518  endpoints_valid=True  collision=False  over_limit=False
[112] PASS  time=  2.685s  status=Exact solution     len=  3.637  endpoints_valid=True  collision=False  over_limit=False
[113] PASS  time=  2.785s  status=Exact solution     len=  5.192  endpoints_valid=True  collision=False  over_limit=False
[114] PASS  time=  4.395s  status=Exact solution     len=  7.716  endpoints_valid=True  collision=False  over_limit=False
[115] PASS  time=  2.561s  status=Exact solution     len=  2.885  endpoints_valid=True  collision=False  over_limit=False
[116] PASS  time= 12.471s  status=Exact solution     len= 25.070  endpoints_valid=True  collision=False  over_limit=False
[117] PASS  time=  0.055s  status=Exact solution     len=  0.327  endpoints_valid=True  collision=False  over_limit=False
[118] PASS  time=  1.275s  status=Exact solution     len=  1.127  endpoints_valid=True  collision=False  over_limit=False
[119] PASS  time=  2.549s  status=Exact solution     len=  7.137  endpoints_valid=True  collision=False  over_limit=False
[120] PASS  time=  8.056s  status=Exact solution     len= 10.551  endpoints_valid=True  collision=False  over_limit=False
[121] PASS  time=  6.692s  status=Exact solution     len=  9.442  endpoints_valid=True  collision=False  over_limit=False
[122] PASS  time=  7.867s  status=Exact solution     len=  8.132  endpoints_valid=True  collision=False  over_limit=False
[123] PASS  time=  4.889s  status=Exact solution     len=  6.528  endpoints_valid=True  collision=False  over_limit=False
[124] PASS  time=  4.704s  status=Exact solution     len= 10.017  endpoints_valid=True  collision=False  over_limit=False
[125] PASS  time=  2.045s  status=Exact solution     len=  7.707  endpoints_valid=True  collision=False  over_limit=False
[126] PASS  time=  9.784s  status=Exact solution     len= 14.275  endpoints_valid=True  collision=False  over_limit=False
[127] PASS  time=  3.996s  status=Exact solution     len=  5.384  endpoints_valid=True  collision=False  over_limit=False
[128] PASS  time=  3.618s  status=Exact solution     len= 11.389  endpoints_valid=True  collision=False  over_limit=False
[129] PASS  time=  7.734s  status=Exact solution     len=  7.672  endpoints_valid=True  collision=False  over_limit=False
[130] PASS  time=  5.321s  status=Exact solution     len=  9.545  endpoints_valid=True  collision=False  over_limit=False
[131] PASS  time=  5.229s  status=Exact solution     len= 11.763  endpoints_valid=True  collision=False  over_limit=False
[132] PASS  time=  0.947s  status=Exact solution     len=  3.792  endpoints_valid=True  collision=False  over_limit=False
[133] PASS  time=  8.363s  status=Exact solution     len=  4.834  endpoints_valid=True  collision=False  over_limit=False
[134] PASS  time= 13.394s  status=Exact solution     len= 17.743  endpoints_valid=True  collision=False  over_limit=False
[135] PASS  time=  6.302s  status=Exact solution     len=  8.436  endpoints_valid=True  collision=False  over_limit=False
[136] PASS  time= 16.205s  status=Exact solution     len=  7.028  endpoints_valid=True  collision=False  over_limit=False
[137] PASS  time=  0.449s  status=Exact solution     len=  0.909  endpoints_valid=True  collision=False  over_limit=False
[138] PASS  time=  5.414s  status=Exact solution     len= 14.854  endpoints_valid=True  collision=False  over_limit=False
[139] PASS  time=  2.284s  status=Exact solution     len=  4.268  endpoints_valid=True  collision=False  over_limit=False
[140] PASS  time=  8.726s  status=Exact solution     len=  5.322  endpoints_valid=True  collision=False  over_limit=False
[141] PASS  time=  1.669s  status=Exact solution     len=  5.738  endpoints_valid=True  collision=False  over_limit=False
[142] PASS  time=  0.164s  status=Exact solution     len=  1.517  endpoints_valid=True  collision=False  over_limit=False
[143] PASS  time=  5.494s  status=Exact solution     len= 11.049  endpoints_valid=True  collision=False  over_limit=False
[144] PASS  time=  1.697s  status=Exact solution     len=  2.990  endpoints_valid=True  collision=False  over_limit=False
[145] PASS  time=  0.946s  status=Exact solution     len=  2.783  endpoints_valid=True  collision=False  over_limit=False
[146] PASS  time=  1.628s  status=Exact solution     len=  1.906  endpoints_valid=True  collision=False  over_limit=False
[147] PASS  time=  0.819s  status=Exact solution     len=  2.695  endpoints_valid=True  collision=False  over_limit=False
[148] PASS  time=  5.832s  status=Exact solution     len=  7.640  endpoints_valid=True  collision=False  over_limit=False
[149] PASS  time=  5.191s  status=Exact solution     len= 12.668  endpoints_valid=True  collision=False  over_limit=False
[150] PASS  time=  2.868s  status=Exact solution     len=  6.024  endpoints_valid=True  collision=False  over_limit=False
[151] PASS  time=  1.406s  status=Exact solution     len=  4.620  endpoints_valid=True  collision=False  over_limit=False
[152] PASS  time=  6.928s  status=Exact solution     len= 15.025  endpoints_valid=True  collision=False  over_limit=False
[153] PASS  time=  5.303s  status=Exact solution     len=  7.491  endpoints_valid=True  collision=False  over_limit=False
[154] PASS  time=  2.257s  status=Exact solution     len=  9.251  endpoints_valid=True  collision=False  over_limit=False
[155] PASS  time=  7.538s  status=Exact solution     len=  7.316  endpoints_valid=True  collision=False  over_limit=False
[156] PASS  time=  6.298s  status=Exact solution     len=  8.299  endpoints_valid=True  collision=False  over_limit=False
[157] PASS  time=  0.127s  status=Exact solution     len=  1.203  endpoints_valid=True  collision=False  over_limit=False
[158] PASS  time=  5.784s  status=Exact solution     len= 14.741  endpoints_valid=True  collision=False  over_limit=False
[159] PASS  time=  2.077s  status=Exact solution     len=  2.011  endpoints_valid=True  collision=False  over_limit=False
[160] PASS  time=  3.596s  status=Exact solution     len=  4.198  endpoints_valid=True  collision=False  over_limit=False
[161] PASS  time= 10.982s  status=Exact solution     len= 10.681  endpoints_valid=True  collision=False  over_limit=False
[162] PASS  time=  8.972s  status=Exact solution     len=  5.460  endpoints_valid=True  collision=False  over_limit=False
[163] PASS  time=  6.319s  status=Exact solution     len=  8.503  endpoints_valid=True  collision=False  over_limit=False
[164] PASS  time=  0.060s  status=Exact solution     len=  0.283  endpoints_valid=True  collision=False  over_limit=False
[165] PASS  time=  2.339s  status=Exact solution     len=  1.446  endpoints_valid=True  collision=False  over_limit=False
[166] PASS  time=  2.005s  status=Exact solution     len=  4.322  endpoints_valid=True  collision=False  over_limit=False
[167] PASS  time=  6.823s  status=Exact solution     len=  9.944  endpoints_valid=True  collision=False  over_limit=False
[168] PASS  time=  1.696s  status=Exact solution     len=  5.451  endpoints_valid=True  collision=False  over_limit=False
[169] PASS  time=  1.608s  status=Exact solution     len=  4.630  endpoints_valid=True  collision=False  over_limit=False
[170] PASS  time=  6.657s  status=Exact solution     len= 13.078  endpoints_valid=True  collision=False  over_limit=False
[171] PASS  time= 14.849s  status=Exact solution     len=  3.859  endpoints_valid=True  collision=False  over_limit=False
[172] PASS  time=  6.412s  status=Exact solution     len=  4.247  endpoints_valid=True  collision=False  over_limit=False
[173] PASS  time=  0.083s  status=Exact solution     len=  1.035  endpoints_valid=True  collision=False  over_limit=False
[174] PASS  time=  1.318s  status=Exact solution     len=  3.379  endpoints_valid=True  collision=False  over_limit=False
[175] PASS  time=  8.149s  status=Exact solution     len= 13.310  endpoints_valid=True  collision=False  over_limit=False
[176] PASS  time=  6.148s  status=Exact solution     len=  3.214  endpoints_valid=True  collision=False  over_limit=False
[177] PASS  time=  9.236s  status=Exact solution     len= 11.753  endpoints_valid=True  collision=False  over_limit=False
[178] PASS  time=  5.172s  status=Exact solution     len= 11.127  endpoints_valid=True  collision=False  over_limit=False
[179] PASS  time=  6.017s  status=Exact solution     len=  5.067  endpoints_valid=True  collision=False  over_limit=False
[180] PASS  time= 11.375s  status=Exact solution     len=  9.599  endpoints_valid=True  collision=False  over_limit=False
[181] PASS  time= 12.487s  status=Exact solution     len=  7.650  endpoints_valid=True  collision=False  over_limit=False
[182] PASS  time=  8.627s  status=Exact solution     len= 10.615  endpoints_valid=True  collision=False  over_limit=False
[183] PASS  time=  7.805s  status=Exact solution     len= 10.853  endpoints_valid=True  collision=False  over_limit=False
[184] PASS  time=  3.789s  status=Exact solution     len=  7.592  endpoints_valid=True  collision=False  over_limit=False
[185] PASS  time=  0.047s  status=Exact solution     len=  0.438  endpoints_valid=True  collision=False  over_limit=False
[186] PASS  time=  8.514s  status=Exact solution     len= 17.963  endpoints_valid=True  collision=False  over_limit=False
[187] PASS  time=  0.335s  status=Exact solution     len=  1.153  endpoints_valid=True  collision=False  over_limit=False
[188] PASS  time=  1.118s  status=Exact solution     len=  0.944  endpoints_valid=True  collision=False  over_limit=False
[189] PASS  time=  6.848s  status=Exact solution     len=  6.714  endpoints_valid=True  collision=False  over_limit=False
[190] PASS  time=  2.570s  status=Exact solution     len=  3.544  endpoints_valid=True  collision=False  over_limit=False
[191] PASS  time=  3.980s  status=Exact solution     len=  5.316  endpoints_valid=True  collision=False  over_limit=False
[192] PASS  time=  0.243s  status=Exact solution     len=  0.483  endpoints_valid=True  collision=False  over_limit=False
[193] PASS  time= 12.089s  status=Exact solution     len= 16.037  endpoints_valid=True  collision=False  over_limit=False
[194] PASS  time=  2.222s  status=Exact solution     len=  3.967  endpoints_valid=True  collision=False  over_limit=False
[195] PASS  time= 10.014s  status=Exact solution     len=  5.096  endpoints_valid=True  collision=False  over_limit=False
[196] PASS  time=  3.031s  status=Exact solution     len=  3.115  endpoints_valid=True  collision=False  over_limit=False
[197] PASS  time=  8.393s  status=Exact solution     len=  4.179  endpoints_valid=True  collision=False  over_limit=False
[198] PASS  time=  6.097s  status=Exact solution     len= 15.425  endpoints_valid=True  collision=False  over_limit=False
[199] PASS  time=  4.386s  status=Exact solution     len=  9.924  endpoints_valid=True  collision=False  over_limit=False
[200] PASS  time= 10.214s  status=Exact solution     len= 11.065  endpoints_valid=True  collision=False  over_limit=False
[201] PASS  time=  8.292s  status=Exact solution     len= 16.373  endpoints_valid=True  collision=False  over_limit=False
[202] PASS  time= 20.131s  status=Exact solution     len= 10.280  endpoints_valid=True  collision=False  over_limit=False
[203] PASS  time=  4.215s  status=Exact solution     len=  6.993  endpoints_valid=True  collision=False  over_limit=False
[204] PASS  time=  8.364s  status=Exact solution     len=  4.701  endpoints_valid=True  collision=False  over_limit=False
[205] PASS  time=  6.837s  status=Exact solution     len= 12.373  endpoints_valid=True  collision=False  over_limit=False
[206] PASS  time=  4.856s  status=Exact solution     len=  7.343  endpoints_valid=True  collision=False  over_limit=False
[207] PASS  time= 11.495s  status=Exact solution     len= 10.410  endpoints_valid=True  collision=False  over_limit=False
[208] PASS  time=  8.740s  status=Exact solution     len=  2.252  endpoints_valid=True  collision=False  over_limit=False
[209] PASS  time=  9.453s  status=Exact solution     len= 10.514  endpoints_valid=True  collision=False  over_limit=False
[210] PASS  time=  1.424s  status=Exact solution     len=  2.348  endpoints_valid=True  collision=False  over_limit=False
[211] PASS  time= 12.463s  status=Exact solution     len= 13.719  endpoints_valid=True  collision=False  over_limit=False
[212] PASS  time=  4.955s  status=Exact solution     len=  6.788  endpoints_valid=True  collision=False  over_limit=False
[213] PASS  time=  6.101s  status=Exact solution     len= 13.304  endpoints_valid=True  collision=False  over_limit=False
[214] PASS  time=  5.349s  status=Exact solution     len=  5.674  endpoints_valid=True  collision=False  over_limit=False
[215] PASS  time=  7.915s  status=Exact solution     len=  3.008  endpoints_valid=True  collision=False  over_limit=False
[216] PASS  time= 16.439s  status=Exact solution     len=  2.611  endpoints_valid=True  collision=False  over_limit=False
[217] PASS  time=  6.826s  status=Exact solution     len=  9.679  endpoints_valid=True  collision=False  over_limit=False
[218] PASS  time=  9.092s  status=Exact solution     len=  3.899  endpoints_valid=True  collision=False  over_limit=False
[219] PASS  time=  8.077s  status=Exact solution     len= 14.672  endpoints_valid=True  collision=False  over_limit=False
[220] PASS  time= 13.556s  status=Exact solution     len= 17.819  endpoints_valid=True  collision=False  over_limit=False
[221] PASS  time=  4.550s  status=Exact solution     len=  8.282  endpoints_valid=True  collision=False  over_limit=False
[222] PASS  time= 14.021s  status=Exact solution     len=  4.580  endpoints_valid=True  collision=False  over_limit=False
[223] PASS  time= 18.017s  status=Exact solution     len=  3.519  endpoints_valid=True  collision=False  over_limit=False
[224] FAIL  time= 30.008s  status=Timeout            len=    nan  endpoints_valid=True  collision=False  over_limit=True
[225] PASS  time= 17.983s  status=Exact solution     len=  4.819  endpoints_valid=True  collision=False  over_limit=False
[226] PASS  time=  6.200s  status=Exact solution     len=  7.958  endpoints_valid=True  collision=False  over_limit=False
[227] PASS  time=  5.281s  status=Exact solution     len=  4.451  endpoints_valid=True  collision=False  over_limit=False
[228] PASS  time=  6.663s  status=Exact solution     len=  4.584  endpoints_valid=True  collision=False  over_limit=False
[229] PASS  time=  4.741s  status=Exact solution     len=  7.909  endpoints_valid=True  collision=False  over_limit=False
[230] PASS  time=  2.214s  status=Exact solution     len=  3.396  endpoints_valid=True  collision=False  over_limit=False
[231] PASS  time=  2.124s  status=Exact solution     len=  5.742  endpoints_valid=True  collision=False  over_limit=False
[232] PASS  time= 16.335s  status=Exact solution     len=  7.795  endpoints_valid=True  collision=False  over_limit=False
[233] PASS  time=  6.188s  status=Exact solution     len=  3.091  endpoints_valid=True  collision=False  over_limit=False
[234] PASS  time= 13.614s  status=Exact solution     len= 13.005  endpoints_valid=True  collision=False  over_limit=False
[235] PASS  time=  5.565s  status=Exact solution     len=  7.011  endpoints_valid=True  collision=False  over_limit=False
[236] PASS  time= 12.386s  status=Exact solution     len= 15.278  endpoints_valid=True  collision=False  over_limit=False
[237] PASS  time= 13.476s  status=Exact solution     len= 10.616  endpoints_valid=True  collision=False  over_limit=False
[238] PASS  time=  5.404s  status=Exact solution     len=  7.881  endpoints_valid=True  collision=False  over_limit=False
[239] PASS  time= 13.460s  status=Exact solution     len=  6.564  endpoints_valid=True  collision=False  over_limit=False
[240] PASS  time= 20.193s  status=Exact solution     len= 11.366  endpoints_valid=True  collision=False  over_limit=False
[241] PASS  time=  5.176s  status=Exact solution     len=  4.171  endpoints_valid=True  collision=False  over_limit=False
[242] PASS  time=  9.168s  status=Exact solution     len=  7.714  endpoints_valid=True  collision=False  over_limit=False
[243] PASS  time=  9.611s  status=Exact solution     len= 10.198  endpoints_valid=True  collision=False  over_limit=False
[244] PASS  time=  3.104s  status=Exact solution     len=  5.793  endpoints_valid=True  collision=False  over_limit=False
[245] PASS  time= 15.063s  status=Exact solution     len= 10.368  endpoints_valid=True  collision=False  over_limit=False
[246] PASS  time=  6.742s  status=Exact solution     len=  6.667  endpoints_valid=True  collision=False  over_limit=False
[247] PASS  time=  1.905s  status=Exact solution     len=  3.954  endpoints_valid=True  collision=False  over_limit=False
[248] PASS  time= 16.102s  status=Exact solution     len=  8.498  endpoints_valid=True  collision=False  over_limit=False
[249] PASS  time=  2.041s  status=Exact solution     len=  1.236  endpoints_valid=True  collision=False  over_limit=False
[250] PASS  time=  3.682s  status=Exact solution     len=  6.258  endpoints_valid=True  collision=False  over_limit=False
[251] PASS  time=  8.304s  status=Exact solution     len=  6.886  endpoints_valid=True  collision=False  over_limit=False
[252] PASS  time= 10.361s  status=Exact solution     len= 15.331  endpoints_valid=True  collision=False  over_limit=False
[253] PASS  time= 11.057s  status=Exact solution     len=  8.914  endpoints_valid=True  collision=False  over_limit=False
[254] PASS  time=  7.717s  status=Exact solution     len=  6.297  endpoints_valid=True  collision=False  over_limit=False
[255] PASS  time=  8.940s  status=Exact solution     len=  5.495  endpoints_valid=True  collision=False  over_limit=False
[256] PASS  time= 13.134s  status=Exact solution     len= 10.973  endpoints_valid=True  collision=False  over_limit=False
[257] PASS  time= 13.840s  status=Exact solution     len=  4.998  endpoints_valid=True  collision=False  over_limit=False
[258] PASS  time= 13.097s  status=Exact solution     len= 20.414  endpoints_valid=True  collision=False  over_limit=False
[259] PASS  time=  1.335s  status=Exact solution     len=  3.739  endpoints_valid=True  collision=False  over_limit=False
[260] PASS  time= 12.967s  status=Exact solution     len=  3.905  endpoints_valid=True  collision=False  over_limit=False
[261] PASS  time=  1.665s  status=Exact solution     len=  4.133  endpoints_valid=True  collision=False  over_limit=False
[262] PASS  time=  3.675s  status=Exact solution     len=  5.752  endpoints_valid=True  collision=False  over_limit=False
[263] PASS  time= 15.918s  status=Exact solution     len= 13.103  endpoints_valid=True  collision=False  over_limit=False
[264] PASS  time=  0.108s  status=Exact solution     len=  0.552  endpoints_valid=True  collision=False  over_limit=False
[265] PASS  time=  4.576s  status=Exact solution     len= 10.502  endpoints_valid=True  collision=False  over_limit=False
[266] PASS  time=  6.175s  status=Exact solution     len=  6.442  endpoints_valid=True  collision=False  over_limit=False
[267] PASS  time=  6.247s  status=Exact solution     len= 10.950  endpoints_valid=True  collision=False  over_limit=False
[268] PASS  time=  2.647s  status=Exact solution     len=  6.875  endpoints_valid=True  collision=False  over_limit=False
[269] PASS  time=  9.556s  status=Exact solution     len=  9.467  endpoints_valid=True  collision=False  over_limit=False
[270] PASS  time=  2.558s  status=Exact solution     len=  5.002  endpoints_valid=True  collision=False  over_limit=False
[271] PASS  time=  7.572s  status=Exact solution     len=  7.711  endpoints_valid=True  collision=False  over_limit=False
[272] PASS  time=  7.517s  status=Exact solution     len= 11.000  endpoints_valid=True  collision=False  over_limit=False
[273] PASS  time=  5.175s  status=Exact solution     len=  8.772  endpoints_valid=True  collision=False  over_limit=False
[274] PASS  time= 16.549s  status=Exact solution     len=  2.257  endpoints_valid=True  collision=False  over_limit=False
[275] PASS  time= 10.430s  status=Exact solution     len= 11.855  endpoints_valid=True  collision=False  over_limit=False
[276] PASS  time= 16.787s  status=Exact solution     len= 16.440  endpoints_valid=True  collision=False  over_limit=False
[277] PASS  time=  4.049s  status=Exact solution     len=  6.096  endpoints_valid=True  collision=False  over_limit=False
[278] PASS  time= 13.358s  status=Exact solution     len=  7.624  endpoints_valid=True  collision=False  over_limit=False
[279] PASS  time=  3.689s  status=Exact solution     len=  7.565  endpoints_valid=True  collision=False  over_limit=False
[280] PASS  time= 15.639s  status=Exact solution     len= 12.716  endpoints_valid=True  collision=False  over_limit=False
[281] PASS  time=  6.305s  status=Exact solution     len=  2.296  endpoints_valid=True  collision=False  over_limit=False
[282] PASS  time= 19.737s  status=Exact solution     len=  4.350  endpoints_valid=True  collision=False  over_limit=False
[283] PASS  time=  5.848s  status=Exact solution     len=  3.683  endpoints_valid=True  collision=False  over_limit=False
[284] PASS  time=  9.590s  status=Exact solution     len=  9.576  endpoints_valid=True  collision=False  over_limit=False
[285] PASS  time= 18.506s  status=Exact solution     len=  4.438  endpoints_valid=True  collision=False  over_limit=False
[286] PASS  time=  6.804s  status=Exact solution     len=  6.605  endpoints_valid=True  collision=False  over_limit=False
[287] PASS  time=  5.816s  status=Exact solution     len=  6.659  endpoints_valid=True  collision=False  over_limit=False
[288] PASS  time= 15.823s  status=Exact solution     len=  7.164  endpoints_valid=True  collision=False  over_limit=False
[289] PASS  time=  7.222s  status=Exact solution     len=  9.597  endpoints_valid=True  collision=False  over_limit=False
[290] PASS  time= 16.082s  status=Exact solution     len= 13.619  endpoints_valid=True  collision=False  over_limit=False
[291] PASS  time=  1.244s  status=Exact solution     len=  4.576  endpoints_valid=True  collision=False  over_limit=False
[292] PASS  time= 11.560s  status=Exact solution     len= 11.276  endpoints_valid=True  collision=False  over_limit=False
[293] PASS  time=  3.902s  status=Exact solution     len=  5.750  endpoints_valid=True  collision=False  over_limit=False
[294] PASS  time= 16.319s  status=Exact solution     len=  7.109  endpoints_valid=True  collision=False  over_limit=False
[295] PASS  time=  6.228s  status=Exact solution     len= 12.840  endpoints_valid=True  collision=False  over_limit=False
[296] PASS  time=  6.320s  status=Exact solution     len= 11.362  endpoints_valid=True  collision=False  over_limit=False
[297] PASS  time=  7.091s  status=Exact solution     len= 12.295  endpoints_valid=True  collision=False  over_limit=False
[298] PASS  time=  9.062s  status=Exact solution     len=  5.562  endpoints_valid=True  collision=False  over_limit=False
[299] PASS  time=  6.237s  status=Exact solution     len=  8.273  endpoints_valid=True  collision=False  over_limit=False
[300] PASS  time=  6.670s  status=Exact solution     len= 11.957  endpoints_valid=True  collision=False  over_limit=False
[301] PASS  time= 14.931s  status=Exact solution     len=  7.911  endpoints_valid=True  collision=False  over_limit=False
[302] PASS  time=  7.296s  status=Exact solution     len=  9.613  endpoints_valid=True  collision=False  over_limit=False
[303] PASS  time= 12.246s  status=Exact solution     len=  5.964  endpoints_valid=True  collision=False  over_limit=False
[304] PASS  time=  0.962s  status=Exact solution     len=  1.092  endpoints_valid=True  collision=False  over_limit=False
[305] PASS  time=  3.666s  status=Exact solution     len=  6.854  endpoints_valid=True  collision=False  over_limit=False
[306] PASS  time=  7.425s  status=Exact solution     len=  6.252  endpoints_valid=True  collision=False  over_limit=False
[307] PASS  time=  5.163s  status=Exact solution     len=  7.955  endpoints_valid=True  collision=False  over_limit=False
[308] PASS  time=  5.918s  status=Exact solution     len=  5.785  endpoints_valid=True  collision=False  over_limit=False
[309] PASS  time=  8.955s  status=Exact solution     len= 11.142  endpoints_valid=True  collision=False  over_limit=False
[310] PASS  time=  5.262s  status=Exact solution     len=  5.646  endpoints_valid=True  collision=False  over_limit=False
[311] PASS  time=  5.239s  status=Exact solution     len=  5.193  endpoints_valid=True  collision=False  over_limit=False
[312] PASS  time=  5.205s  status=Exact solution     len=  6.150  endpoints_valid=True  collision=False  over_limit=False
[313] PASS  time=  8.029s  status=Exact solution     len= 15.751  endpoints_valid=True  collision=False  over_limit=False
[314] PASS  time= 10.907s  status=Exact solution     len=  8.464  endpoints_valid=True  collision=False  over_limit=False
[315] PASS  time=  3.711s  status=Exact solution     len= 10.184  endpoints_valid=True  collision=False  over_limit=False
[316] PASS  time= 11.179s  status=Exact solution     len=  8.393  endpoints_valid=True  collision=False  over_limit=False
[317] PASS  time=  8.001s  status=Exact solution     len=  7.658  endpoints_valid=True  collision=False  over_limit=False
[318] PASS  time=  8.789s  status=Exact solution     len= 13.802  endpoints_valid=True  collision=False  over_limit=False
[319] PASS  time=  2.986s  status=Exact solution     len=  5.776  endpoints_valid=True  collision=False  over_limit=False
[320] PASS  time=  0.020s  status=Exact solution     len=  0.556  endpoints_valid=True  collision=False  over_limit=False
[321] PASS  time=  7.721s  status=Exact solution     len= 10.025  endpoints_valid=True  collision=False  over_limit=False
[322] PASS  time=  5.076s  status=Exact solution     len=  4.681  endpoints_valid=True  collision=False  over_limit=False
[323] PASS  time=  6.049s  status=Exact solution     len=  8.962  endpoints_valid=True  collision=False  over_limit=False
[324] PASS  time=  7.626s  status=Exact solution     len= 12.302  endpoints_valid=True  collision=False  over_limit=False
[325] PASS  time=  3.026s  status=Exact solution     len=  4.225  endpoints_valid=True  collision=False  over_limit=False
[326] PASS  time= 14.348s  status=Exact solution     len=  6.666  endpoints_valid=True  collision=False  over_limit=False
[327] PASS  time=  3.565s  status=Exact solution     len=  5.188  endpoints_valid=True  collision=False  over_limit=False
[328] PASS  time=  7.881s  status=Exact solution     len=  9.127  endpoints_valid=True  collision=False  over_limit=False
[329] PASS  time=  9.949s  status=Exact solution     len=  9.295  endpoints_valid=True  collision=False  over_limit=False
[330] PASS  time=  8.750s  status=Exact solution     len=  3.548  endpoints_valid=True  collision=False  over_limit=False
[331] PASS  time=  9.458s  status=Exact solution     len=  4.067  endpoints_valid=True  collision=False  over_limit=False
[332] PASS  time=  3.089s  status=Exact solution     len=  6.660  endpoints_valid=True  collision=False  over_limit=False
[333] PASS  time=  0.063s  status=Exact solution     len=  0.478  endpoints_valid=True  collision=False  over_limit=False
[334] PASS  time=  8.110s  status=Exact solution     len=  9.047  endpoints_valid=True  collision=False  over_limit=False
[335] PASS  time=  8.881s  status=Exact solution     len= 13.776  endpoints_valid=True  collision=False  over_limit=False
[336] PASS  time=  3.643s  status=Exact solution     len= 11.137  endpoints_valid=True  collision=False  over_limit=False
[337] PASS  time=  4.002s  status=Exact solution     len=  4.806  endpoints_valid=True  collision=False  over_limit=False
[338] PASS  time= 14.033s  status=Exact solution     len=  6.234  endpoints_valid=True  collision=False  over_limit=False
[339] PASS  time=  2.028s  status=Exact solution     len=  2.449  endpoints_valid=True  collision=False  over_limit=False
[340] PASS  time=  3.525s  status=Exact solution     len=  3.190  endpoints_valid=True  collision=False  over_limit=False
[341] PASS  time=  2.248s  status=Exact solution     len=  6.352  endpoints_valid=True  collision=False  over_limit=False
[342] PASS  time=  8.668s  status=Exact solution     len=  6.032  endpoints_valid=True  collision=False  over_limit=False
[343] PASS  time=  7.297s  status=Exact solution     len=  7.760  endpoints_valid=True  collision=False  over_limit=False
[344] PASS  time= 12.602s  status=Exact solution     len= 14.319  endpoints_valid=True  collision=False  over_limit=False
[345] PASS  time= 26.858s  status=Exact solution     len=  3.998  endpoints_valid=True  collision=False  over_limit=False
[346] PASS  time=  2.611s  status=Exact solution     len=  7.515  endpoints_valid=True  collision=False  over_limit=False
[347] PASS  time=  0.674s  status=Exact solution     len=  1.915  endpoints_valid=True  collision=False  over_limit=False
[348] PASS  time=  2.533s  status=Exact solution     len=  5.702  endpoints_valid=True  collision=False  over_limit=False
[349] PASS  time=  6.583s  status=Exact solution     len=  5.884  endpoints_valid=True  collision=False  over_limit=False
[350] PASS  time=  8.949s  status=Exact solution     len= 13.047  endpoints_valid=True  collision=False  over_limit=False
[351] PASS  time= 12.166s  status=Exact solution     len= 11.780  endpoints_valid=True  collision=False  over_limit=False
[352] PASS  time=  6.417s  status=Exact solution     len=  5.178  endpoints_valid=True  collision=False  over_limit=False
[353] PASS  time= 11.604s  status=Exact solution     len= 11.055  endpoints_valid=True  collision=False  over_limit=False
[354] PASS  time=  4.555s  status=Exact solution     len=  4.691  endpoints_valid=True  collision=False  over_limit=False
[355] PASS  time=  5.115s  status=Exact solution     len= 10.411  endpoints_valid=True  collision=False  over_limit=False
[356] PASS  time=  3.453s  status=Exact solution     len=  8.431  endpoints_valid=True  collision=False  over_limit=False
[357] PASS  time= 11.930s  status=Exact solution     len= 12.127  endpoints_valid=True  collision=False  over_limit=False
[358] PASS  time=  6.224s  status=Exact solution     len=  8.330  endpoints_valid=True  collision=False  over_limit=False
[359] PASS  time=  2.212s  status=Exact solution     len=  5.257  endpoints_valid=True  collision=False  over_limit=False
[360] PASS  time=  6.802s  status=Exact solution     len= 13.270  endpoints_valid=True  collision=False  over_limit=False
[361] PASS  time= 10.818s  status=Exact solution     len= 10.581  endpoints_valid=True  collision=False  over_limit=False
[362] PASS  time=  4.428s  status=Exact solution     len=  7.488  endpoints_valid=True  collision=False  over_limit=False
[363] PASS  time= 14.631s  status=Exact solution     len=  7.227  endpoints_valid=True  collision=False  over_limit=False
[364] PASS  time=  1.818s  status=Exact solution     len=  5.835  endpoints_valid=True  collision=False  over_limit=False
[365] PASS  time= 10.305s  status=Exact solution     len= 15.421  endpoints_valid=True  collision=False  over_limit=False
[366] PASS  time=  5.674s  status=Exact solution     len=  9.334  endpoints_valid=True  collision=False  over_limit=False
[367] PASS  time= 18.536s  status=Exact solution     len=  2.398  endpoints_valid=True  collision=False  over_limit=False
[368] PASS  time=  8.524s  status=Exact solution     len=  8.249  endpoints_valid=True  collision=False  over_limit=False
[369] PASS  time=  3.365s  status=Exact solution     len=  4.995  endpoints_valid=True  collision=False  over_limit=False
[370] PASS  time= 10.442s  status=Exact solution     len=  7.432  endpoints_valid=True  collision=False  over_limit=False
[371] PASS  time= 18.425s  status=Exact solution     len=  5.025  endpoints_valid=True  collision=False  over_limit=False
[372] PASS  time=  3.573s  status=Exact solution     len=  1.974  endpoints_valid=True  collision=False  over_limit=False
[373] PASS  time=  3.149s  status=Exact solution     len=  5.764  endpoints_valid=True  collision=False  over_limit=False
[374] PASS  time= 19.195s  status=Exact solution     len=  6.822  endpoints_valid=True  collision=False  over_limit=False
[375] PASS  time=  3.458s  status=Exact solution     len=  6.646  endpoints_valid=True  collision=False  over_limit=False
[376] PASS  time= 13.750s  status=Exact solution     len= 11.097  endpoints_valid=True  collision=False  over_limit=False
[377] PASS  time=  4.576s  status=Exact solution     len= 10.081  endpoints_valid=True  collision=False  over_limit=False
[378] PASS  time=  0.038s  status=Exact solution     len=  0.412  endpoints_valid=True  collision=False  over_limit=False
[379] PASS  time=  5.514s  status=Exact solution     len=  7.350  endpoints_valid=True  collision=False  over_limit=False
[380] PASS  time=  5.819s  status=Exact solution     len=  8.951  endpoints_valid=True  collision=False  over_limit=False
[381] PASS  time=  2.061s  status=Exact solution     len=  2.638  endpoints_valid=True  collision=False  over_limit=False
[382] PASS  time=  2.919s  status=Exact solution     len=  1.273  endpoints_valid=True  collision=False  over_limit=False
[383] PASS  time=  5.738s  status=Exact solution     len=  6.078  endpoints_valid=True  collision=False  over_limit=False
[384] PASS  time=  4.103s  status=Exact solution     len=  4.522  endpoints_valid=True  collision=False  over_limit=False
[385] PASS  time= 12.020s  status=Exact solution     len= 13.736  endpoints_valid=True  collision=False  over_limit=False
[386] PASS  time=  5.358s  status=Exact solution     len=  4.850  endpoints_valid=True  collision=False  over_limit=False
[387] PASS  time=  2.359s  status=Exact solution     len=  4.290  endpoints_valid=True  collision=False  over_limit=False
[388] PASS  time=  0.006s  status=Exact solution     len=  0.296  endpoints_valid=True  collision=False  over_limit=False
[389] PASS  time=  8.704s  status=Exact solution     len=  8.853  endpoints_valid=True  collision=False  over_limit=False
[390] PASS  time= 11.776s  status=Exact solution     len=  4.709  endpoints_valid=True  collision=False  over_limit=False
[391] PASS  time= 18.605s  status=Exact solution     len=  5.384  endpoints_valid=True  collision=False  over_limit=False
[392] PASS  time=  4.650s  status=Exact solution     len=  6.027  endpoints_valid=True  collision=False  over_limit=False
[393] PASS  time=  7.104s  status=Exact solution     len=  6.776  endpoints_valid=True  collision=False  over_limit=False
[394] PASS  time=  4.387s  status=Exact solution     len=  8.466  endpoints_valid=True  collision=False  over_limit=False
[395] PASS  time=  8.334s  status=Exact solution     len= 11.194  endpoints_valid=True  collision=False  over_limit=False
[396] PASS  time=  1.152s  status=Exact solution     len=  4.986  endpoints_valid=True  collision=False  over_limit=False
[397] PASS  time=  8.314s  status=Exact solution     len=  9.883  endpoints_valid=True  collision=False  over_limit=False
[398] PASS  time=  0.083s  status=Exact solution     len=  0.977  endpoints_valid=True  collision=False  over_limit=False
[399] PASS  time=  6.704s  status=Exact solution     len=  6.104  endpoints_valid=True  collision=False  over_limit=False
[400] PASS  time=  5.047s  status=Exact solution     len= 10.297  endpoints_valid=True  collision=False  over_limit=False
[401] PASS  time= 14.053s  status=Exact solution     len=  7.458  endpoints_valid=True  collision=False  over_limit=False
[402] PASS  time= 17.932s  status=Exact solution     len=  8.832  endpoints_valid=True  collision=False  over_limit=False
[403] PASS  time=  6.519s  status=Exact solution     len=  7.482  endpoints_valid=True  collision=False  over_limit=False
[404] PASS  time=  7.293s  status=Exact solution     len=  7.787  endpoints_valid=True  collision=False  over_limit=False
[405] PASS  time=  6.563s  status=Exact solution     len= 12.169  endpoints_valid=True  collision=False  over_limit=False
[406] PASS  time=  8.868s  status=Exact solution     len=  5.869  endpoints_valid=True  collision=False  over_limit=False
[407] PASS  time=  1.665s  status=Exact solution     len=  2.693  endpoints_valid=True  collision=False  over_limit=False
[408] PASS  time=  7.721s  status=Exact solution     len= 15.493  endpoints_valid=True  collision=False  over_limit=False
[409] PASS  time= 10.005s  status=Exact solution     len= 10.100  endpoints_valid=True  collision=False  over_limit=False
[410] PASS  time=  1.012s  status=Exact solution     len=  0.746  endpoints_valid=True  collision=False  over_limit=False
[411] PASS  time= 16.559s  status=Exact solution     len=  3.580  endpoints_valid=True  collision=False  over_limit=False
[412] PASS  time=  5.269s  status=Exact solution     len=  6.064  endpoints_valid=True  collision=False  over_limit=False
[413] PASS  time=  0.149s  status=Exact solution     len=  0.392  endpoints_valid=True  collision=False  over_limit=False
[414] PASS  time=  7.059s  status=Exact solution     len=  7.181  endpoints_valid=True  collision=False  over_limit=False
[415] PASS  time=  7.182s  status=Exact solution     len=  4.523  endpoints_valid=True  collision=False  over_limit=False
[416] PASS  time=  8.412s  status=Exact solution     len=  5.560  endpoints_valid=True  collision=False  over_limit=False
[417] PASS  time=  9.960s  status=Exact solution     len=  3.064  endpoints_valid=True  collision=False  over_limit=False
[418] PASS  time=  3.065s  status=Exact solution     len=  8.634  endpoints_valid=True  collision=False  over_limit=False
[419] PASS  time=  5.729s  status=Exact solution     len= 17.805  endpoints_valid=True  collision=False  over_limit=False
[420] PASS  time=  1.152s  status=Exact solution     len=  3.343  endpoints_valid=True  collision=False  over_limit=False
[421] PASS  time=  4.343s  status=Exact solution     len=  6.362  endpoints_valid=True  collision=False  over_limit=False
[422] PASS  time=  9.089s  status=Exact solution     len=  9.537  endpoints_valid=True  collision=False  over_limit=False
[423] PASS  time=  1.810s  status=Exact solution     len=  5.402  endpoints_valid=True  collision=False  over_limit=False
[424] PASS  time= 10.356s  status=Exact solution     len=  8.051  endpoints_valid=True  collision=False  over_limit=False
[425] PASS  time=  3.782s  status=Exact solution     len=  6.941  endpoints_valid=True  collision=False  over_limit=False
[426] PASS  time=  8.982s  status=Exact solution     len=  8.754  endpoints_valid=True  collision=False  over_limit=False
[427] PASS  time=  8.275s  status=Exact solution     len=  8.344  endpoints_valid=True  collision=False  over_limit=False
[428] PASS  time= 11.730s  status=Exact solution     len=  5.398  endpoints_valid=True  collision=False  over_limit=False
[429] PASS  time= 14.590s  status=Exact solution     len=  6.008  endpoints_valid=True  collision=False  over_limit=False
[430] PASS  time=  3.325s  status=Exact solution     len=  4.582  endpoints_valid=True  collision=False  over_limit=False
[431] PASS  time=  6.973s  status=Exact solution     len=  7.935  endpoints_valid=True  collision=False  over_limit=False
[432] PASS  time=  8.176s  status=Exact solution     len=  6.236  endpoints_valid=True  collision=False  over_limit=False
[433] PASS  time=  2.263s  status=Exact solution     len=  5.528  endpoints_valid=True  collision=False  over_limit=False
[434] PASS  time= 11.590s  status=Exact solution     len= 10.593  endpoints_valid=True  collision=False  over_limit=False
[435] PASS  time=  5.138s  status=Exact solution     len=  6.496  endpoints_valid=True  collision=False  over_limit=False
[436] PASS  time= 12.354s  status=Exact solution     len=  6.639  endpoints_valid=True  collision=False  over_limit=False
[437] PASS  time= 11.988s  status=Exact solution     len= 14.367  endpoints_valid=True  collision=False  over_limit=False
[438] PASS  time=  4.669s  status=Exact solution     len=  7.151  endpoints_valid=True  collision=False  over_limit=False
[439] PASS  time=  2.364s  status=Exact solution     len=  5.037  endpoints_valid=True  collision=False  over_limit=False
[440] PASS  time= 10.073s  status=Exact solution     len=  6.538  endpoints_valid=True  collision=False  over_limit=False
[441] PASS  time=  1.722s  status=Exact solution     len=  5.553  endpoints_valid=True  collision=False  over_limit=False
[442] PASS  time=  4.368s  status=Exact solution     len=  4.345  endpoints_valid=True  collision=False  over_limit=False
[443] PASS  time=  6.030s  status=Exact solution     len=  6.118  endpoints_valid=True  collision=False  over_limit=False
[444] PASS  time=  2.359s  status=Exact solution     len=  3.206  endpoints_valid=True  collision=False  over_limit=False
[445] PASS  time=  5.678s  status=Exact solution     len=  6.987  endpoints_valid=True  collision=False  over_limit=False
[446] FAIL  time= 30.175s  status=Timeout            len=    nan  endpoints_valid=True  collision=False  over_limit=True
[447] PASS  time=  4.815s  status=Exact solution     len=  8.059  endpoints_valid=True  collision=False  over_limit=False
[448] PASS  time= 19.351s  status=Exact solution     len= 17.266  endpoints_valid=True  collision=False  over_limit=False
[449] PASS  time=  9.252s  status=Exact solution     len= 10.789  endpoints_valid=True  collision=False  over_limit=False
[450] PASS  time=  1.382s  status=Exact solution     len=  2.538  endpoints_valid=True  collision=False  over_limit=False
[451] PASS  time=  0.840s  status=Exact solution     len=  2.588  endpoints_valid=True  collision=False  over_limit=False
[452] PASS  time= 14.320s  status=Exact solution     len=  4.734  endpoints_valid=True  collision=False  over_limit=False
[453] PASS  time=  2.732s  status=Exact solution     len=  3.963  endpoints_valid=True  collision=False  over_limit=False
[454] PASS  time=  5.731s  status=Exact solution     len=  8.831  endpoints_valid=True  collision=False  over_limit=False
[455] PASS  time= 16.353s  status=Exact solution     len=  7.548  endpoints_valid=True  collision=False  over_limit=False
[456] PASS  time=  3.916s  status=Exact solution     len=  5.940  endpoints_valid=True  collision=False  over_limit=False
[457] PASS  time=  8.615s  status=Exact solution     len=  6.564  endpoints_valid=True  collision=False  over_limit=False
[458] PASS  time= 10.326s  status=Exact solution     len=  9.169  endpoints_valid=True  collision=False  over_limit=False
[459] PASS  time=  7.107s  status=Exact solution     len=  6.074  endpoints_valid=True  collision=False  over_limit=False
[460] PASS  time=  9.178s  status=Exact solution     len= 10.222  endpoints_valid=True  collision=False  over_limit=False
[461] PASS  time=  5.906s  status=Exact solution     len=  9.212  endpoints_valid=True  collision=False  over_limit=False
[462] PASS  time=  5.606s  status=Exact solution     len= 15.856  endpoints_valid=True  collision=False  over_limit=False
[463] PASS  time=  4.007s  status=Exact solution     len=  3.592  endpoints_valid=True  collision=False  over_limit=False
[464] PASS  time= 21.747s  status=Exact solution     len=  7.527  endpoints_valid=True  collision=False  over_limit=False
[465] PASS  time=  0.499s  status=Exact solution     len=  1.385  endpoints_valid=True  collision=False  over_limit=False
[466] PASS  time= 11.353s  status=Exact solution     len= 12.155  endpoints_valid=True  collision=False  over_limit=False
[467] PASS  time=  5.565s  status=Exact solution     len=  8.851  endpoints_valid=True  collision=False  over_limit=False
[468] PASS  time= 19.064s  status=Exact solution     len=  7.215  endpoints_valid=True  collision=False  over_limit=False
[469] PASS  time=  9.838s  status=Exact solution     len=  6.389  endpoints_valid=True  collision=False  over_limit=False
[470] PASS  time=  2.925s  status=Exact solution     len=  8.795  endpoints_valid=True  collision=False  over_limit=False
[471] PASS  time=  4.649s  status=Exact solution     len=  3.476  endpoints_valid=True  collision=False  over_limit=False
[472] FAIL  time= 30.127s  status=Timeout            len=    nan  endpoints_valid=True  collision=False  over_limit=True
[473] PASS  time=  4.407s  status=Exact solution     len=  3.704  endpoints_valid=True  collision=False  over_limit=False
[474] PASS  time=  3.992s  status=Exact solution     len=  5.449  endpoints_valid=True  collision=False  over_limit=False
[475] PASS  time=  8.999s  status=Exact solution     len=  7.250  endpoints_valid=True  collision=False  over_limit=False
[476] PASS  time=  0.034s  status=Exact solution     len=  0.365  endpoints_valid=True  collision=False  over_limit=False
[477] PASS  time=  1.057s  status=Exact solution     len=  2.298  endpoints_valid=True  collision=False  over_limit=False
[478] PASS  time=  5.284s  status=Exact solution     len=  4.216  endpoints_valid=True  collision=False  over_limit=False
[479] PASS  time= 20.705s  status=Exact solution     len=  7.761  endpoints_valid=True  collision=False  over_limit=False
[480] PASS  time=  8.814s  status=Exact solution     len=  7.543  endpoints_valid=True  collision=False  over_limit=False
[481] PASS  time=  1.328s  status=Exact solution     len=  4.198  endpoints_valid=True  collision=False  over_limit=False
[482] PASS  time= 20.325s  status=Exact solution     len=  5.259  endpoints_valid=True  collision=False  over_limit=False
[483] PASS  time=  6.902s  status=Exact solution     len= 12.382  endpoints_valid=True  collision=False  over_limit=False
[484] PASS  time=  6.530s  status=Exact solution     len= 11.165  endpoints_valid=True  collision=False  over_limit=False
[485] PASS  time= 15.013s  status=Exact solution     len=  7.565  endpoints_valid=True  collision=False  over_limit=False
[486] PASS  time=  2.155s  status=Exact solution     len=  5.979  endpoints_valid=True  collision=False  over_limit=False
[487] PASS  time= 17.812s  status=Exact solution     len=  7.119  endpoints_valid=True  collision=False  over_limit=False
[488] PASS  time=  2.188s  status=Exact solution     len=  4.281  endpoints_valid=True  collision=False  over_limit=False
[489] PASS  time=  2.717s  status=Exact solution     len=  8.702  endpoints_valid=True  collision=False  over_limit=False
[490] PASS  time= 15.436s  status=Exact solution     len=  6.755  endpoints_valid=True  collision=False  over_limit=False
[491] PASS  time=  8.651s  status=Exact solution     len= 12.025  endpoints_valid=True  collision=False  over_limit=False
[492] PASS  time=  1.734s  status=Exact solution     len=  3.952  endpoints_valid=True  collision=False  over_limit=False
[493] PASS  time= 15.666s  status=Exact solution     len=  8.112  endpoints_valid=True  collision=False  over_limit=False
[494] PASS  time=  7.288s  status=Exact solution     len= 11.365  endpoints_valid=True  collision=False  over_limit=False
[495] PASS  time=  0.056s  status=Exact solution     len=  0.328  endpoints_valid=True  collision=False  over_limit=False
[496] PASS  time=  3.322s  status=Exact solution     len=  7.896  endpoints_valid=True  collision=False  over_limit=False
[497] PASS  time=  8.081s  status=Exact solution     len= 14.982  endpoints_valid=True  collision=False  over_limit=False
[498] PASS  time=  3.616s  status=Exact solution     len=  5.955  endpoints_valid=True  collision=False  over_limit=False
[499] PASS  time= 10.204s  status=Exact solution     len=  8.220  endpoints_valid=True  collision=False  over_limit=False
[500] PASS  time=  0.086s  status=Exact solution     len=  0.535  endpoints_valid=True  collision=False  over_limit=False
[501] PASS  time=  3.063s  status=Exact solution     len=  6.256  endpoints_valid=True  collision=False  over_limit=False
[502] PASS  time=  4.707s  status=Exact solution     len=  7.434  endpoints_valid=True  collision=False  over_limit=False
[503] PASS  time=  9.128s  status=Exact solution     len=  6.182  endpoints_valid=True  collision=False  over_limit=False
[504] PASS  time=  1.960s  status=Exact solution     len=  4.599  endpoints_valid=True  collision=False  over_limit=False
[505] PASS  time=  4.349s  status=Exact solution     len=  5.900  endpoints_valid=True  collision=False  over_limit=False
[506] PASS  time=  7.242s  status=Exact solution     len= 11.128  endpoints_valid=True  collision=False  over_limit=False
[507] PASS  time=  0.564s  status=Exact solution     len=  2.196  endpoints_valid=True  collision=False  over_limit=False
[508] PASS  time=  7.479s  status=Exact solution     len=  7.881  endpoints_valid=True  collision=False  over_limit=False
[509] PASS  time=  7.079s  status=Exact solution     len= 10.031  endpoints_valid=True  collision=False  over_limit=False
[510] PASS  time=  1.326s  status=Exact solution     len=  5.668  endpoints_valid=True  collision=False  over_limit=False
[511] PASS  time=  1.673s  status=Exact solution     len=  6.284  endpoints_valid=True  collision=False  over_limit=False
[512] PASS  time=  5.884s  status=Exact solution     len=  5.856  endpoints_valid=True  collision=False  over_limit=False
[513] PASS  time=  7.828s  status=Exact solution     len=  8.518  endpoints_valid=True  collision=False  over_limit=False
[514] PASS  time= 17.996s  status=Exact solution     len=  6.916  endpoints_valid=True  collision=False  over_limit=False
[515] PASS  time=  1.007s  status=Exact solution     len=  8.945  endpoints_valid=True  collision=False  over_limit=False
[516] PASS  time=  4.053s  status=Exact solution     len=  9.429  endpoints_valid=True  collision=False  over_limit=False
[517] PASS  time=  9.521s  status=Exact solution     len= 17.730  endpoints_valid=True  collision=False  over_limit=False
[518] PASS  time=  8.978s  status=Exact solution     len=  7.905  endpoints_valid=True  collision=False  over_limit=False
[519] PASS  time=  1.098s  status=Exact solution     len=  2.850  endpoints_valid=True  collision=False  over_limit=False
[520] PASS  time=  7.884s  status=Exact solution     len= 11.435  endpoints_valid=True  collision=False  over_limit=False
[521] PASS  time=  4.166s  status=Exact solution     len=  6.363  endpoints_valid=True  collision=False  over_limit=False
[522] PASS  time=  3.501s  status=Exact solution     len=  6.642  endpoints_valid=True  collision=False  over_limit=False
[523] PASS  time= 13.169s  status=Exact solution     len=  8.073  endpoints_valid=True  collision=False  over_limit=False
[524] PASS  time=  6.719s  status=Exact solution     len=  4.009  endpoints_valid=True  collision=False  over_limit=False
[525] PASS  time=  3.643s  status=Exact solution     len=  9.761  endpoints_valid=True  collision=False  over_limit=False
[526] PASS  time=  2.606s  status=Exact solution     len=  4.610  endpoints_valid=True  collision=False  over_limit=False
[527] PASS  time= 14.790s  status=Exact solution     len=  3.621  endpoints_valid=True  collision=False  over_limit=False
[528] PASS  time=  3.752s  status=Exact solution     len=  1.533  endpoints_valid=True  collision=False  over_limit=False
[529] PASS  time=  0.772s  status=Exact solution     len=  2.222  endpoints_valid=True  collision=False  over_limit=False
[530] PASS  time=  9.255s  status=Exact solution     len=  7.272  endpoints_valid=True  collision=False  over_limit=False
[531] PASS  time=  3.002s  status=Exact solution     len=  9.496  endpoints_valid=True  collision=False  over_limit=False
[532] PASS  time= 17.441s  status=Exact solution     len=  4.967  endpoints_valid=True  collision=False  over_limit=False
[533] PASS  time=  0.049s  status=Exact solution     len=  0.555  endpoints_valid=True  collision=False  over_limit=False
[534] PASS  time=  5.622s  status=Exact solution     len=  6.515  endpoints_valid=True  collision=False  over_limit=False
[535] PASS  time=  3.888s  status=Exact solution     len=  6.888  endpoints_valid=True  collision=False  over_limit=False
[536] PASS  time=  9.953s  status=Exact solution     len= 10.476  endpoints_valid=True  collision=False  over_limit=False
[537] PASS  time=  2.886s  status=Exact solution     len=  6.682  endpoints_valid=True  collision=False  over_limit=False
[538] PASS  time=  9.750s  status=Exact solution     len= 21.326  endpoints_valid=True  collision=False  over_limit=False
[539] PASS  time=  4.751s  status=Exact solution     len=  5.984  endpoints_valid=True  collision=False  over_limit=False
[540] PASS  time=  3.553s  status=Exact solution     len=  8.170  endpoints_valid=True  collision=False  over_limit=False
[541] PASS  time=  4.054s  status=Exact solution     len=  4.729  endpoints_valid=True  collision=False  over_limit=False
[542] PASS  time=  8.526s  status=Exact solution     len= 15.006  endpoints_valid=True  collision=False  over_limit=False
[543] PASS  time= 12.145s  status=Exact solution     len=  5.923  endpoints_valid=True  collision=False  over_limit=False
[544] PASS  time=  1.527s  status=Exact solution     len=  4.494  endpoints_valid=True  collision=False  over_limit=False
[545] PASS  time=  1.060s  status=Exact solution     len=  3.531  endpoints_valid=True  collision=False  over_limit=False
[546] PASS  time= 16.176s  status=Exact solution     len=  5.314  endpoints_valid=True  collision=False  over_limit=False
[547] PASS  time= 17.337s  status=Exact solution     len=  1.909  endpoints_valid=True  collision=False  over_limit=False
[548] PASS  time=  6.834s  status=Exact solution     len= 15.140  endpoints_valid=True  collision=False  over_limit=False
[549] PASS  time= 15.113s  status=Exact solution     len=  7.528  endpoints_valid=True  collision=False  over_limit=False
[550] PASS  time=  2.580s  status=Exact solution     len=  4.310  endpoints_valid=True  collision=False  over_limit=False
[551] PASS  time=  4.531s  status=Exact solution     len=  4.518  endpoints_valid=True  collision=False  over_limit=False
[552] PASS  time=  3.942s  status=Exact solution     len=  9.649  endpoints_valid=True  collision=False  over_limit=False
[553] PASS  time=  4.538s  status=Exact solution     len= 10.728  endpoints_valid=True  collision=False  over_limit=False
[554] PASS  time=  2.808s  status=Exact solution     len=  1.944  endpoints_valid=True  collision=False  over_limit=False
[555] PASS  time= 10.953s  status=Exact solution     len= 14.480  endpoints_valid=True  collision=False  over_limit=False
[556] PASS  time=  4.284s  status=Exact solution     len= 11.839  endpoints_valid=True  collision=False  over_limit=False
[557] PASS  time=  7.416s  status=Exact solution     len= 12.116  endpoints_valid=True  collision=False  over_limit=False
[558] PASS  time=  0.052s  status=Exact solution     len=  0.446  endpoints_valid=True  collision=False  over_limit=False
[559] PASS  time= 14.413s  status=Exact solution     len= 11.125  endpoints_valid=True  collision=False  over_limit=False
[560] PASS  time=  6.779s  status=Exact solution     len=  6.020  endpoints_valid=True  collision=False  over_limit=False
[561] PASS  time= 10.517s  status=Exact solution     len= 13.786  endpoints_valid=True  collision=False  over_limit=False
[562] PASS  time= 11.845s  status=Exact solution     len=  7.067  endpoints_valid=True  collision=False  over_limit=False
[563] PASS  time=  7.547s  status=Exact solution     len= 10.145  endpoints_valid=True  collision=False  over_limit=False
[564] PASS  time=  8.621s  status=Exact solution     len=  4.758  endpoints_valid=True  collision=False  over_limit=False
[565] PASS  time=  7.622s  status=Exact solution     len=  8.617  endpoints_valid=True  collision=False  over_limit=False
[566] PASS  time=  1.167s  status=Exact solution     len=  3.202  endpoints_valid=True  collision=False  over_limit=False
[567] PASS  time= 16.908s  status=Exact solution     len=  9.060  endpoints_valid=True  collision=False  over_limit=False
[568] PASS  time=  0.055s  status=Exact solution     len=  0.580  endpoints_valid=True  collision=False  over_limit=False
[569] PASS  time=  0.032s  status=Exact solution     len=  0.484  endpoints_valid=True  collision=False  over_limit=False
[570] PASS  time=  3.445s  status=Exact solution     len=  3.865  endpoints_valid=True  collision=False  over_limit=False
[571] PASS  time=  6.442s  status=Exact solution     len= 13.633  endpoints_valid=True  collision=False  over_limit=False
[572] PASS  time=  7.977s  status=Exact solution     len= 14.313  endpoints_valid=True  collision=False  over_limit=False
[573] PASS  time=  9.856s  status=Exact solution     len= 21.418  endpoints_valid=True  collision=False  over_limit=False
[574] PASS  time=  9.193s  status=Exact solution     len=  7.618  endpoints_valid=True  collision=False  over_limit=False
[575] PASS  time=  9.122s  status=Exact solution     len=  8.733  endpoints_valid=True  collision=False  over_limit=False
[576] PASS  time=  8.630s  status=Exact solution     len= 13.981  endpoints_valid=True  collision=False  over_limit=False
[577] PASS  time=  1.189s  status=Exact solution     len=  4.063  endpoints_valid=True  collision=False  over_limit=False
[578] PASS  time= 10.233s  status=Exact solution     len=  5.964  endpoints_valid=True  collision=False  over_limit=False
[579] PASS  time= 13.023s  status=Exact solution     len=  9.915  endpoints_valid=True  collision=False  over_limit=False
[580] PASS  time=  8.788s  status=Exact solution     len= 14.225  endpoints_valid=True  collision=False  over_limit=False
[581] PASS  time= 16.535s  status=Exact solution     len=  7.516  endpoints_valid=True  collision=False  over_limit=False
[582] PASS  time=  4.090s  status=Exact solution     len=  4.511  endpoints_valid=True  collision=False  over_limit=False
[583] PASS  time=  0.593s  status=Exact solution     len=  3.407  endpoints_valid=True  collision=False  over_limit=False
[584] PASS  time= 10.803s  status=Exact solution     len=  8.709  endpoints_valid=True  collision=False  over_limit=False
[585] PASS  time=  3.461s  status=Exact solution     len=  8.136  endpoints_valid=True  collision=False  over_limit=False
[586] PASS  time=  6.311s  status=Exact solution     len=  6.953  endpoints_valid=True  collision=False  over_limit=False
[587] PASS  time=  0.601s  status=Exact solution     len=  1.382  endpoints_valid=True  collision=False  over_limit=False
[588] PASS  time= 11.894s  status=Exact solution     len=  9.645  endpoints_valid=True  collision=False  over_limit=False
[589] PASS  time=  6.937s  status=Exact solution     len=  8.444  endpoints_valid=True  collision=False  over_limit=False
[590] PASS  time=  3.115s  status=Exact solution     len=  4.020  endpoints_valid=True  collision=False  over_limit=False
[591] PASS  time=  4.363s  status=Exact solution     len=  7.301  endpoints_valid=True  collision=False  over_limit=False
[592] PASS  time=  9.216s  status=Exact solution     len= 13.472  endpoints_valid=True  collision=False  over_limit=False
[593] PASS  time= 17.542s  status=Exact solution     len=  3.323  endpoints_valid=True  collision=False  over_limit=False
[594] PASS  time= 10.350s  status=Exact solution     len=  9.163  endpoints_valid=True  collision=False  over_limit=False
[595] PASS  time=  5.153s  status=Exact solution     len=  8.335  endpoints_valid=True  collision=False  over_limit=False
[596] PASS  time=  4.869s  status=Exact solution     len=  7.075  endpoints_valid=True  collision=False  over_limit=False
[597] PASS  time=  7.879s  status=Exact solution     len= 11.820  endpoints_valid=True  collision=False  over_limit=False
[598] PASS  time=  5.614s  status=Exact solution     len=  8.147  endpoints_valid=True  collision=False  over_limit=False
[599] PASS  time=  5.211s  status=Exact solution     len= 12.026  endpoints_valid=True  collision=False  over_limit=False
[600] PASS  time=  1.107s  status=Exact solution     len=  2.069  endpoints_valid=True  collision=False  over_limit=False
[601] PASS  time=  3.755s  status=Exact solution     len=  4.059  endpoints_valid=True  collision=False  over_limit=False
[602] PASS  time=  2.354s  status=Exact solution     len=  8.244  endpoints_valid=True  collision=False  over_limit=False
[603] PASS  time=  4.383s  status=Exact solution     len=  2.712  endpoints_valid=True  collision=False  over_limit=False
[604] PASS  time=  2.885s  status=Exact solution     len=  3.882  endpoints_valid=True  collision=False  over_limit=False
[605] PASS  time=  4.935s  status=Exact solution     len=  6.705  endpoints_valid=True  collision=False  over_limit=False
[606] PASS  time=  6.750s  status=Exact solution     len=  8.727  endpoints_valid=True  collision=False  over_limit=False
[607] PASS  time=  8.820s  status=Exact solution     len=  9.152  endpoints_valid=True  collision=False  over_limit=False
[608] PASS  time=  2.617s  status=Exact solution     len=  5.067  endpoints_valid=True  collision=False  over_limit=False
[609] PASS  time=  7.931s  status=Exact solution     len=  5.193  endpoints_valid=True  collision=False  over_limit=False
[610] PASS  time=  3.374s  status=Exact solution     len=  5.496  endpoints_valid=True  collision=False  over_limit=False
[611] PASS  time= 12.550s  status=Exact solution     len=  8.425  endpoints_valid=True  collision=False  over_limit=False
[612] PASS  time= 14.080s  status=Exact solution     len=  4.147  endpoints_valid=True  collision=False  over_limit=False
[613] PASS  time= 10.688s  status=Exact solution     len=  9.357  endpoints_valid=True  collision=False  over_limit=False
[614] PASS  time= 10.611s  status=Exact solution     len=  5.978  endpoints_valid=True  collision=False  over_limit=False
[615] PASS  time= 16.051s  status=Exact solution     len= 10.466  endpoints_valid=True  collision=False  over_limit=False
[616] PASS  time=  0.802s  status=Exact solution     len=  0.933  endpoints_valid=True  collision=False  over_limit=False
[617] PASS  time=  7.159s  status=Exact solution     len=  7.708  endpoints_valid=True  collision=False  over_limit=False
[618] PASS  time= 16.601s  status=Exact solution     len=  9.916  endpoints_valid=True  collision=False  over_limit=False
[619] PASS  time=  6.710s  status=Exact solution     len=  6.089  endpoints_valid=True  collision=False  over_limit=False
[620] PASS  time=  3.127s  status=Exact solution     len=  7.066  endpoints_valid=True  collision=False  over_limit=False
[621] PASS  time=  2.575s  status=Exact solution     len= 12.246  endpoints_valid=True  collision=False  over_limit=False
[622] PASS  time=  1.057s  status=Exact solution     len=  6.709  endpoints_valid=True  collision=False  over_limit=False
[623] PASS  time=  9.967s  status=Exact solution     len= 10.001  endpoints_valid=True  collision=False  over_limit=False
[624] PASS  time=  4.281s  status=Exact solution     len=  9.523  endpoints_valid=True  collision=False  over_limit=False
[625] PASS  time=  7.186s  status=Exact solution     len= 16.744  endpoints_valid=True  collision=False  over_limit=False
[626] PASS  time=  3.256s  status=Exact solution     len=  7.193  endpoints_valid=True  collision=False  over_limit=False
[627] PASS  time=  8.572s  status=Exact solution     len=  8.339  endpoints_valid=True  collision=False  over_limit=False
[628] PASS  time= 18.949s  status=Exact solution     len=  4.685  endpoints_valid=True  collision=False  over_limit=False
[629] PASS  time= 19.478s  status=Exact solution     len=  7.655  endpoints_valid=True  collision=False  over_limit=False
[630] PASS  time= 12.615s  status=Exact solution     len=  8.203  endpoints_valid=True  collision=False  over_limit=False
[631] PASS  time=  3.835s  status=Exact solution     len=  8.309  endpoints_valid=True  collision=False  over_limit=False
[632] PASS  time=  6.726s  status=Exact solution     len=  5.849  endpoints_valid=True  collision=False  over_limit=False
[633] PASS  time=  6.852s  status=Exact solution     len= 11.564  endpoints_valid=True  collision=False  over_limit=False
[634] PASS  time=  0.487s  status=Exact solution     len=  1.958  endpoints_valid=True  collision=False  over_limit=False
[635] PASS  time=  4.667s  status=Exact solution     len=  6.342  endpoints_valid=True  collision=False  over_limit=False
[636] PASS  time=  4.118s  status=Exact solution     len=  7.456  endpoints_valid=True  collision=False  over_limit=False
[637] PASS  time=  0.682s  status=Exact solution     len=  3.092  endpoints_valid=True  collision=False  over_limit=False
[638] PASS  time=  7.368s  status=Exact solution     len=  5.005  endpoints_valid=True  collision=False  over_limit=False
[639] PASS  time=  7.704s  status=Exact solution     len= 14.671  endpoints_valid=True  collision=False  over_limit=False
[640] PASS  time= 19.026s  status=Exact solution     len=  6.486  endpoints_valid=True  collision=False  over_limit=False
[641] PASS  time=  5.355s  status=Exact solution     len=  7.135  endpoints_valid=True  collision=False  over_limit=False
[642] PASS  time=  5.148s  status=Exact solution     len=  4.534  endpoints_valid=True  collision=False  over_limit=False
[643] PASS  time= 20.443s  status=Exact solution     len=  4.001  endpoints_valid=True  collision=False  over_limit=False
[644] PASS  time=  4.208s  status=Exact solution     len=  8.073  endpoints_valid=True  collision=False  over_limit=False
[645] PASS  time=  1.621s  status=Exact solution     len=  5.906  endpoints_valid=True  collision=False  over_limit=False
[646] PASS  time=  4.657s  status=Exact solution     len= 10.355  endpoints_valid=True  collision=False  over_limit=False
[647] PASS  time= 10.702s  status=Exact solution     len=  9.924  endpoints_valid=True  collision=False  over_limit=False
[648] PASS  time=  4.578s  status=Exact solution     len=  2.138  endpoints_valid=True  collision=False  over_limit=False
[649] PASS  time=  8.519s  status=Exact solution     len= 10.896  endpoints_valid=True  collision=False  over_limit=False
[650] PASS  time=  0.593s  status=Exact solution     len=  3.185  endpoints_valid=True  collision=False  over_limit=False
[651] PASS  time=  1.426s  status=Exact solution     len=  2.601  endpoints_valid=True  collision=False  over_limit=False
[652] PASS  time= 11.451s  status=Exact solution     len= 11.405  endpoints_valid=True  collision=False  over_limit=False
[653] PASS  time= 10.895s  status=Exact solution     len= 10.044  endpoints_valid=True  collision=False  over_limit=False
[654] PASS  time=  3.679s  status=Exact solution     len=  7.539  endpoints_valid=True  collision=False  over_limit=False
[655] PASS  time=  4.966s  status=Exact solution     len=  6.072  endpoints_valid=True  collision=False  over_limit=False
[656] PASS  time=  4.328s  status=Exact solution     len=  7.995  endpoints_valid=True  collision=False  over_limit=False
[657] PASS  time=  1.766s  status=Exact solution     len=  7.033  endpoints_valid=True  collision=False  over_limit=False
[658] PASS  time=  7.809s  status=Exact solution     len=  7.739  endpoints_valid=True  collision=False  over_limit=False
[659] PASS  time=  4.897s  status=Exact solution     len= 12.756  endpoints_valid=True  collision=False  over_limit=False
[660] PASS  time=  0.308s  status=Exact solution     len=  1.735  endpoints_valid=True  collision=False  over_limit=False
[661] PASS  time=  6.278s  status=Exact solution     len= 11.382  endpoints_valid=True  collision=False  over_limit=False
[662] PASS  time=  7.726s  status=Exact solution     len=  9.322  endpoints_valid=True  collision=False  over_limit=False
[663] PASS  time=  2.257s  status=Exact solution     len=  5.051  endpoints_valid=True  collision=False  over_limit=False
[664] PASS  time= 11.067s  status=Exact solution     len=  8.000  endpoints_valid=True  collision=False  over_limit=False
[665] PASS  time=  2.518s  status=Exact solution     len=  4.603  endpoints_valid=True  collision=False  over_limit=False
[666] PASS  time=  6.287s  status=Exact solution     len=  6.123  endpoints_valid=True  collision=False  over_limit=False
[667] PASS  time= 12.552s  status=Exact solution     len=  4.857  endpoints_valid=True  collision=False  over_limit=False
[668] PASS  time=  8.536s  status=Exact solution     len= 11.396  endpoints_valid=True  collision=False  over_limit=False
[669] PASS  time=  2.965s  status=Exact solution     len=  8.115  endpoints_valid=True  collision=False  over_limit=False
[670] PASS  time= 11.592s  status=Exact solution     len=  3.590  endpoints_valid=True  collision=False  over_limit=False
[671] PASS  time= 18.887s  status=Exact solution     len=  9.063  endpoints_valid=True  collision=False  over_limit=False
[672] PASS  time=  4.103s  status=Exact solution     len= 10.892  endpoints_valid=True  collision=False  over_limit=False
[673] PASS  time= 18.262s  status=Exact solution     len= 15.284  endpoints_valid=True  collision=False  over_limit=False
[674] PASS  time=  3.350s  status=Exact solution     len=  9.543  endpoints_valid=True  collision=False  over_limit=False
[675] PASS  time=  9.382s  status=Exact solution     len=  3.716  endpoints_valid=True  collision=False  over_limit=False
[676] PASS  time= 15.967s  status=Exact solution     len= 11.101  endpoints_valid=True  collision=False  over_limit=False
[677] PASS  time=  6.143s  status=Exact solution     len=  4.243  endpoints_valid=True  collision=False  over_limit=False
[678] PASS  time= 12.505s  status=Exact solution     len= 13.733  endpoints_valid=True  collision=False  over_limit=False
[679] PASS  time= 12.651s  status=Exact solution     len=  8.620  endpoints_valid=True  collision=False  over_limit=False
[680] PASS  time= 12.293s  status=Exact solution     len=  8.353  endpoints_valid=True  collision=False  over_limit=False
[681] PASS  time=  3.820s  status=Exact solution     len= 10.411  endpoints_valid=True  collision=False  over_limit=False
[682] PASS  time=  1.178s  status=Exact solution     len=  5.291  endpoints_valid=True  collision=False  over_limit=False
[683] PASS  time=  3.597s  status=Exact solution     len=  6.085  endpoints_valid=True  collision=False  over_limit=False
[684] PASS  time=  1.124s  status=Exact solution     len=  1.388  endpoints_valid=True  collision=False  over_limit=False
[685] PASS  time=  1.639s  status=Exact solution     len=  2.257  endpoints_valid=True  collision=False  over_limit=False
[686] PASS  time= 14.734s  status=Exact solution     len= 18.043  endpoints_valid=True  collision=False  over_limit=False
[687] PASS  time= 13.307s  status=Exact solution     len=  6.409  endpoints_valid=True  collision=False  over_limit=False
[688] PASS  time= 13.887s  status=Exact solution     len=  5.055  endpoints_valid=True  collision=False  over_limit=False
[689] PASS  time=  8.579s  status=Exact solution     len= 15.124  endpoints_valid=True  collision=False  over_limit=False
[690] PASS  time= 11.774s  status=Exact solution     len=  8.653  endpoints_valid=True  collision=False  over_limit=False
[691] PASS  time=  3.101s  status=Exact solution     len=  3.865  endpoints_valid=True  collision=False  over_limit=False
[692] PASS  time=  7.335s  status=Exact solution     len=  5.596  endpoints_valid=True  collision=False  over_limit=False
[693] PASS  time=  5.085s  status=Exact solution     len=  5.944  endpoints_valid=True  collision=False  over_limit=False
[694] PASS  time=  7.263s  status=Exact solution     len= 11.503  endpoints_valid=True  collision=False  over_limit=False
[695] PASS  time=  9.783s  status=Exact solution     len= 10.104  endpoints_valid=True  collision=False  over_limit=False
[696] PASS  time= 12.189s  status=Exact solution     len=  9.300  endpoints_valid=True  collision=False  over_limit=False
[697] PASS  time=  7.958s  status=Exact solution     len= 15.352  endpoints_valid=True  collision=False  over_limit=False
[698] PASS  time=  5.022s  status=Exact solution     len=  8.798  endpoints_valid=True  collision=False  over_limit=False
[699] PASS  time= 20.324s  status=Exact solution     len=  6.721  endpoints_valid=True  collision=False  over_limit=False
[700] PASS  time=  2.070s  status=Exact solution     len=  6.650  endpoints_valid=True  collision=False  over_limit=False
[701] PASS  time= 13.572s  status=Exact solution     len=  6.296  endpoints_valid=True  collision=False  over_limit=False
[702] PASS  time=  9.206s  status=Exact solution     len= 17.195  endpoints_valid=True  collision=False  over_limit=False
[703] PASS  time= 10.889s  status=Exact solution     len= 10.556  endpoints_valid=True  collision=False  over_limit=False
[704] PASS  time= 12.538s  status=Exact solution     len=  3.913  endpoints_valid=True  collision=False  over_limit=False
[705] PASS  time= 12.646s  status=Exact solution     len= 11.517  endpoints_valid=True  collision=False  over_limit=False
[706] PASS  time=  8.087s  status=Exact solution     len= 10.064  endpoints_valid=True  collision=False  over_limit=False
[707] PASS  time= 12.665s  status=Exact solution     len=  3.934  endpoints_valid=True  collision=False  over_limit=False
[708] PASS  time= 12.663s  status=Exact solution     len=  5.767  endpoints_valid=True  collision=False  over_limit=False
[709] PASS  time=  8.482s  status=Exact solution     len= 10.519  endpoints_valid=True  collision=False  over_limit=False
[710] PASS  time=  4.291s  status=Exact solution     len=  5.399  endpoints_valid=True  collision=False  over_limit=False
[711] PASS  time= 13.785s  status=Exact solution     len=  8.154  endpoints_valid=True  collision=False  over_limit=False
[712] PASS  time= 11.053s  status=Exact solution     len=  5.237  endpoints_valid=True  collision=False  over_limit=False
[713] PASS  time= 13.554s  status=Exact solution     len= 15.365  endpoints_valid=True  collision=False  over_limit=False
[714] PASS  time=  6.214s  status=Exact solution     len=  7.648  endpoints_valid=True  collision=False  over_limit=False
[715] PASS  time=  3.363s  status=Exact solution     len= 12.664  endpoints_valid=True  collision=False  over_limit=False
[716] PASS  time=  7.490s  status=Exact solution     len= 12.845  endpoints_valid=True  collision=False  over_limit=False
[717] PASS  time=  7.092s  status=Exact solution     len= 10.909  endpoints_valid=True  collision=False  over_limit=False
[718] PASS  time= 13.527s  status=Exact solution     len=  4.680  endpoints_valid=True  collision=False  over_limit=False
[719] PASS  time=  5.183s  status=Exact solution     len=  1.842  endpoints_valid=True  collision=False  over_limit=False
[720] PASS  time=  3.158s  status=Exact solution     len=  7.551  endpoints_valid=True  collision=False  over_limit=False
[721] PASS  time=  6.284s  status=Exact solution     len= 10.942  endpoints_valid=True  collision=False  over_limit=False
[722] PASS  time= 14.814s  status=Exact solution     len= 10.331  endpoints_valid=True  collision=False  over_limit=False
[723] PASS  time=  3.692s  status=Exact solution     len=  9.022  endpoints_valid=True  collision=False  over_limit=False
[724] PASS  time= 10.063s  status=Exact solution     len= 13.133  endpoints_valid=True  collision=False  over_limit=False
[725] PASS  time=  3.518s  status=Exact solution     len=  5.158  endpoints_valid=True  collision=False  over_limit=False
[726] PASS  time=  9.020s  status=Exact solution     len= 10.035  endpoints_valid=True  collision=False  over_limit=False
[727] PASS  time= 19.056s  status=Exact solution     len=  4.440  endpoints_valid=True  collision=False  over_limit=False
[728] PASS  time= 15.635s  status=Exact solution     len= 15.877  endpoints_valid=True  collision=False  over_limit=False
[729] PASS  time= 19.620s  status=Exact solution     len=  7.028  endpoints_valid=True  collision=False  over_limit=False
[730] PASS  time=  4.579s  status=Exact solution     len= 10.532  endpoints_valid=True  collision=False  over_limit=False
[731] PASS  time=  1.782s  status=Exact solution     len=  5.340  endpoints_valid=True  collision=False  over_limit=False
[732] PASS  time=  2.209s  status=Exact solution     len=  3.362  endpoints_valid=True  collision=False  over_limit=False
[733] PASS  time=  0.338s  status=Exact solution     len=  1.665  endpoints_valid=True  collision=False  over_limit=False
[734] PASS  time=  4.013s  status=Exact solution     len=  5.788  endpoints_valid=True  collision=False  over_limit=False
[735] PASS  time=  6.709s  status=Exact solution     len= 12.170  endpoints_valid=True  collision=False  over_limit=False
[736] PASS  time= 12.416s  status=Exact solution     len=  8.731  endpoints_valid=True  collision=False  over_limit=False
[737] PASS  time=  4.618s  status=Exact solution     len=  5.261  endpoints_valid=True  collision=False  over_limit=False
[738] PASS  time=  3.026s  status=Exact solution     len=  3.202  endpoints_valid=True  collision=False  over_limit=False
[739] PASS  time=  3.602s  status=Exact solution     len=  3.622  endpoints_valid=True  collision=False  over_limit=False
[740] PASS  time= 10.148s  status=Exact solution     len=  7.999  endpoints_valid=True  collision=False  over_limit=False
[741] PASS  time=  2.530s  status=Exact solution     len=  6.574  endpoints_valid=True  collision=False  over_limit=False
[742] PASS  time=  6.957s  status=Exact solution     len=  6.020  endpoints_valid=True  collision=False  over_limit=False
[743] PASS  time= 23.799s  status=Exact solution     len= 17.496  endpoints_valid=True  collision=False  over_limit=False
[744] PASS  time=  3.010s  status=Exact solution     len=  5.056  endpoints_valid=True  collision=False  over_limit=False
[745] PASS  time= 11.287s  status=Exact solution     len=  4.400  endpoints_valid=True  collision=False  over_limit=False
[746] PASS  time= 13.905s  status=Exact solution     len=  6.659  endpoints_valid=True  collision=False  over_limit=False
[747] PASS  time=  2.078s  status=Exact solution     len=  3.423  endpoints_valid=True  collision=False  over_limit=False
[748] PASS  time= 11.002s  status=Exact solution     len=  7.541  endpoints_valid=True  collision=False  over_limit=False
[749] PASS  time=  1.937s  status=Exact solution     len=  5.865  endpoints_valid=True  collision=False  over_limit=False
[750] PASS  time=  8.674s  status=Exact solution     len= 10.475  endpoints_valid=True  collision=False  over_limit=False
[751] PASS  time=  4.170s  status=Exact solution     len=  3.737  endpoints_valid=True  collision=False  over_limit=False
[752] PASS  time=  8.462s  status=Exact solution     len=  7.867  endpoints_valid=True  collision=False  over_limit=False
[753] PASS  time=  7.964s  status=Exact solution     len= 15.039  endpoints_valid=True  collision=False  over_limit=False
[754] PASS  time=  2.548s  status=Exact solution     len=  3.377  endpoints_valid=True  collision=False  over_limit=False
[755] PASS  time= 14.291s  status=Exact solution     len= 10.315  endpoints_valid=True  collision=False  over_limit=False
[756] PASS  time=  4.680s  status=Exact solution     len=  7.406  endpoints_valid=True  collision=False  over_limit=False
[757] PASS  time=  7.930s  status=Exact solution     len= 14.261  endpoints_valid=True  collision=False  over_limit=False
[758] PASS  time=  6.571s  status=Exact solution     len=  7.037  endpoints_valid=True  collision=False  over_limit=False
[759] PASS  time=  3.741s  status=Exact solution     len=  4.549  endpoints_valid=True  collision=False  over_limit=False
[760] PASS  time= 15.192s  status=Exact solution     len=  7.079  endpoints_valid=True  collision=False  over_limit=False
[761] PASS  time=  4.247s  status=Exact solution     len=  2.596  endpoints_valid=True  collision=False  over_limit=False
[762] PASS  time=  2.462s  status=Exact solution     len=  3.802  endpoints_valid=True  collision=False  over_limit=False
[763] PASS  time=  4.479s  status=Exact solution     len= 12.195  endpoints_valid=True  collision=False  over_limit=False
[764] PASS  time= 15.391s  status=Exact solution     len=  6.150  endpoints_valid=True  collision=False  over_limit=False
[765] PASS  time= 19.299s  status=Exact solution     len= 14.947  endpoints_valid=True  collision=False  over_limit=False
[766] PASS  time=  7.423s  status=Exact solution     len=  9.410  endpoints_valid=True  collision=False  over_limit=False
[767] PASS  time= 12.631s  status=Exact solution     len=  1.099  endpoints_valid=True  collision=False  over_limit=False
[768] PASS  time=  9.731s  status=Exact solution     len=  5.418  endpoints_valid=True  collision=False  over_limit=False
[769] PASS  time=  3.623s  status=Exact solution     len=  6.366  endpoints_valid=True  collision=False  over_limit=False
[770] PASS  time= 12.722s  status=Exact solution     len=  5.812  endpoints_valid=True  collision=False  over_limit=False
[771] PASS  time=  5.454s  status=Exact solution     len= 12.938  endpoints_valid=True  collision=False  over_limit=False
[772] PASS  time= 12.370s  status=Exact solution     len= 20.522  endpoints_valid=True  collision=False  over_limit=False
[773] PASS  time=  0.709s  status=Exact solution     len=  0.917  endpoints_valid=True  collision=False  over_limit=False
[774] PASS  time= 11.161s  status=Exact solution     len=  5.181  endpoints_valid=True  collision=False  over_limit=False
[775] PASS  time=  3.217s  status=Exact solution     len=  6.612  endpoints_valid=True  collision=False  over_limit=False
[776] PASS  time=  4.860s  status=Exact solution     len=  8.682  endpoints_valid=True  collision=False  over_limit=False
[777] PASS  time=  1.890s  status=Exact solution     len=  7.011  endpoints_valid=True  collision=False  over_limit=False
[778] PASS  time=  4.626s  status=Exact solution     len=  2.295  endpoints_valid=True  collision=False  over_limit=False
[779] PASS  time=  0.036s  status=Exact solution     len=  0.443  endpoints_valid=True  collision=False  over_limit=False
[780] PASS  time=  5.563s  status=Exact solution     len=  5.528  endpoints_valid=True  collision=False  over_limit=False
[781] PASS  time= 16.851s  status=Exact solution     len=  7.163  endpoints_valid=True  collision=False  over_limit=False
[782] PASS  time=  2.297s  status=Exact solution     len=  2.647  endpoints_valid=True  collision=False  over_limit=False
[783] PASS  time=  5.070s  status=Exact solution     len=  6.501  endpoints_valid=True  collision=False  over_limit=False
[784] PASS  time= 13.707s  status=Exact solution     len= 22.761  endpoints_valid=True  collision=False  over_limit=False
[785] PASS  time=  9.216s  status=Exact solution     len=  3.245  endpoints_valid=True  collision=False  over_limit=False
[786] PASS  time= 13.704s  status=Exact solution     len=  3.184  endpoints_valid=True  collision=False  over_limit=False
[787] PASS  time=  0.190s  status=Exact solution     len=  0.478  endpoints_valid=True  collision=False  over_limit=False
[788] PASS  time=  3.986s  status=Exact solution     len=  6.272  endpoints_valid=True  collision=False  over_limit=False
[789] PASS  time= 15.373s  status=Exact solution     len= 18.132  endpoints_valid=True  collision=False  over_limit=False
[790] PASS  time= 11.877s  status=Exact solution     len=  9.266  endpoints_valid=True  collision=False  over_limit=False
[791] PASS  time=  4.367s  status=Exact solution     len=  4.374  endpoints_valid=True  collision=False  over_limit=False
[792] PASS  time= 14.428s  status=Exact solution     len=  6.600  endpoints_valid=True  collision=False  over_limit=False
[793] PASS  time=  4.352s  status=Exact solution     len=  5.591  endpoints_valid=True  collision=False  over_limit=False
[794] PASS  time=  9.102s  status=Exact solution     len= 16.884  endpoints_valid=True  collision=False  over_limit=False
[795] PASS  time=  6.912s  status=Exact solution     len=  7.475  endpoints_valid=True  collision=False  over_limit=False
[796] PASS  time=  9.142s  status=Exact solution     len= 13.522  endpoints_valid=True  collision=False  over_limit=False
[797] PASS  time= 13.790s  status=Exact solution     len= 12.426  endpoints_valid=True  collision=False  over_limit=False
[798] PASS  time=  1.206s  status=Exact solution     len=  3.845  endpoints_valid=True  collision=False  over_limit=False
[799] PASS  time= 14.024s  status=Exact solution     len= 14.032  endpoints_valid=True  collision=False  over_limit=False
[800] PASS  time= 24.112s  status=Exact solution     len=  7.357  endpoints_valid=True  collision=False  over_limit=False
[801] PASS  time=  6.952s  status=Exact solution     len=  2.802  endpoints_valid=True  collision=False  over_limit=False
[802] PASS  time=  5.220s  status=Exact solution     len=  6.088  endpoints_valid=True  collision=False  over_limit=False
[803] PASS  time=  5.834s  status=Exact solution     len=  6.600  endpoints_valid=True  collision=False  over_limit=False
[804] PASS  time= 18.692s  status=Exact solution     len= 14.206  endpoints_valid=True  collision=False  over_limit=False
[805] PASS  time=  5.701s  status=Exact solution     len=  1.583  endpoints_valid=True  collision=False  over_limit=False
[806] PASS  time=  4.949s  status=Exact solution     len=  7.152  endpoints_valid=True  collision=False  over_limit=False
[807] PASS  time= 11.066s  status=Exact solution     len=  7.639  endpoints_valid=True  collision=False  over_limit=False
[808] PASS  time=  2.596s  status=Exact solution     len=  5.685  endpoints_valid=True  collision=False  over_limit=False
[809] PASS  time=  4.110s  status=Exact solution     len=  8.309  endpoints_valid=True  collision=False  over_limit=False
[810] PASS  time=  4.892s  status=Exact solution     len=  6.688  endpoints_valid=True  collision=False  over_limit=False
[811] PASS  time=  0.117s  status=Exact solution     len=  0.332  endpoints_valid=True  collision=False  over_limit=False
[812] PASS  time=  3.175s  status=Exact solution     len=  4.183  endpoints_valid=True  collision=False  over_limit=False
[813] PASS  time= 11.885s  status=Exact solution     len=  3.010  endpoints_valid=True  collision=False  over_limit=False
[814] PASS  time= 18.248s  status=Exact solution     len=  8.983  endpoints_valid=True  collision=False  over_limit=False
[815] PASS  time=  7.529s  status=Exact solution     len=  8.537  endpoints_valid=True  collision=False  over_limit=False
[816] PASS  time=  3.509s  status=Exact solution     len= 10.173  endpoints_valid=True  collision=False  over_limit=False
[817] PASS  time=  0.056s  status=Exact solution     len=  1.086  endpoints_valid=True  collision=False  over_limit=False
[818] PASS  time=  3.028s  status=Exact solution     len=  5.069  endpoints_valid=True  collision=False  over_limit=False
[819] PASS  time=  9.358s  status=Exact solution     len=  9.450  endpoints_valid=True  collision=False  over_limit=False
[820] PASS  time=  5.284s  status=Exact solution     len=  6.031  endpoints_valid=True  collision=False  over_limit=False
[821] PASS  time=  8.247s  status=Exact solution     len= 20.315  endpoints_valid=True  collision=False  over_limit=False
[822] PASS  time=  3.486s  status=Exact solution     len=  8.118  endpoints_valid=True  collision=False  over_limit=False
[823] PASS  time=  0.034s  status=Exact solution     len=  0.458  endpoints_valid=True  collision=False  over_limit=False
[824] PASS  time=  5.923s  status=Exact solution     len= 10.743  endpoints_valid=True  collision=False  over_limit=False
[825] PASS  time=  5.335s  status=Exact solution     len=  4.354  endpoints_valid=True  collision=False  over_limit=False
[826] PASS  time=  4.430s  status=Exact solution     len=  5.379  endpoints_valid=True  collision=False  over_limit=False
[827] PASS  time=  2.961s  status=Exact solution     len=  7.826  endpoints_valid=True  collision=False  over_limit=False
[828] PASS  time=  2.732s  status=Exact solution     len=  3.347  endpoints_valid=True  collision=False  over_limit=False
[829] PASS  time=  1.380s  status=Exact solution     len=  2.980  endpoints_valid=True  collision=False  over_limit=False
[830] PASS  time= 14.779s  status=Exact solution     len= 12.595  endpoints_valid=True  collision=False  over_limit=False
[831] PASS  time= 10.108s  status=Exact solution     len= 18.171  endpoints_valid=True  collision=False  over_limit=False
[832] PASS  time=  1.165s  status=Exact solution     len=  7.484  endpoints_valid=True  collision=False  over_limit=False
[833] PASS  time=  1.406s  status=Exact solution     len=  2.440  endpoints_valid=True  collision=False  over_limit=False
[834] PASS  time= 10.858s  status=Exact solution     len= 13.120  endpoints_valid=True  collision=False  over_limit=False
[835] PASS  time=  3.543s  status=Exact solution     len=  6.371  endpoints_valid=True  collision=False  over_limit=False
[836] PASS  time= 12.164s  status=Exact solution     len=  8.710  endpoints_valid=True  collision=False  over_limit=False
[837] PASS  time=  0.079s  status=Exact solution     len=  0.432  endpoints_valid=True  collision=False  over_limit=False
[838] PASS  time=  4.549s  status=Exact solution     len=  2.399  endpoints_valid=True  collision=False  over_limit=False
[839] PASS  time=  5.981s  status=Exact solution     len=  7.428  endpoints_valid=True  collision=False  over_limit=False
[840] PASS  time=  6.114s  status=Exact solution     len=  9.272  endpoints_valid=True  collision=False  over_limit=False
[841] PASS  time=  3.428s  status=Exact solution     len=  1.526  endpoints_valid=True  collision=False  over_limit=False
[842] PASS  time=  5.070s  status=Exact solution     len=  9.660  endpoints_valid=True  collision=False  over_limit=False
[843] PASS  time= 10.527s  status=Exact solution     len=  7.890  endpoints_valid=True  collision=False  over_limit=False
[844] PASS  time=  6.657s  status=Exact solution     len=  8.044  endpoints_valid=True  collision=False  over_limit=False
[845] PASS  time=  6.810s  status=Exact solution     len=  4.457  endpoints_valid=True  collision=False  over_limit=False
[846] PASS  time=  6.172s  status=Exact solution     len=  6.049  endpoints_valid=True  collision=False  over_limit=False
[847] PASS  time=  8.147s  status=Exact solution     len= 10.162  endpoints_valid=True  collision=False  over_limit=False
[848] PASS  time= 10.269s  status=Exact solution     len= 11.595  endpoints_valid=True  collision=False  over_limit=False
[849] PASS  time=  0.490s  status=Exact solution     len=  2.387  endpoints_valid=True  collision=False  over_limit=False
[850] PASS  time= 14.636s  status=Exact solution     len= 10.723  endpoints_valid=True  collision=False  over_limit=False
[851] PASS  time=  9.113s  status=Exact solution     len=  7.332  endpoints_valid=True  collision=False  over_limit=False
[852] PASS  time=  3.571s  status=Exact solution     len=  7.552  endpoints_valid=True  collision=False  over_limit=False
[853] PASS  time= 26.031s  status=Exact solution     len=  7.549  endpoints_valid=True  collision=False  over_limit=False
[854] PASS  time=  8.150s  status=Exact solution     len=  2.064  endpoints_valid=True  collision=False  over_limit=False
[855] PASS  time=  3.893s  status=Exact solution     len=  1.914  endpoints_valid=True  collision=False  over_limit=False
[856] PASS  time= 17.763s  status=Exact solution     len=  7.727  endpoints_valid=True  collision=False  over_limit=False
[857] PASS  time=  0.134s  status=Exact solution     len=  1.685  endpoints_valid=True  collision=False  over_limit=False
[858] PASS  time=  8.443s  status=Exact solution     len= 10.657  endpoints_valid=True  collision=False  over_limit=False
[859] PASS  time= 11.456s  status=Exact solution     len=  6.845  endpoints_valid=True  collision=False  over_limit=False
[860] PASS  time=  1.200s  status=Exact solution     len=  2.892  endpoints_valid=True  collision=False  over_limit=False
[861] PASS  time=  3.970s  status=Exact solution     len=  4.928  endpoints_valid=True  collision=False  over_limit=False
[862] PASS  time=  5.397s  status=Exact solution     len= 14.068  endpoints_valid=True  collision=False  over_limit=False
[863] PASS  time=  3.920s  status=Exact solution     len=  3.974  endpoints_valid=True  collision=False  over_limit=False
[864] PASS  time=  3.928s  status=Exact solution     len= 11.361  endpoints_valid=True  collision=False  over_limit=False
[865] PASS  time=  6.400s  status=Exact solution     len=  9.033  endpoints_valid=True  collision=False  over_limit=False
[866] PASS  time= 12.389s  status=Exact solution     len=  9.525  endpoints_valid=True  collision=False  over_limit=False
[867] PASS  time=  8.543s  status=Exact solution     len= 15.507  endpoints_valid=True  collision=False  over_limit=False
[868] PASS  time= 15.493s  status=Exact solution     len= 12.810  endpoints_valid=True  collision=False  over_limit=False
[869] PASS  time=  1.507s  status=Exact solution     len=  2.517  endpoints_valid=True  collision=False  over_limit=False
[870] PASS  time=  2.267s  status=Exact solution     len=  4.809  endpoints_valid=True  collision=False  over_limit=False
[871] PASS  time= 14.001s  status=Exact solution     len=  9.638  endpoints_valid=True  collision=False  over_limit=False
[872] PASS  time= 11.935s  status=Exact solution     len= 19.447  endpoints_valid=True  collision=False  over_limit=False
[873] PASS  time=  3.150s  status=Exact solution     len=  5.476  endpoints_valid=True  collision=False  over_limit=False
[874] PASS  time=  4.223s  status=Exact solution     len=  5.348  endpoints_valid=True  collision=False  over_limit=False
[875] PASS  time= 11.063s  status=Exact solution     len=  8.690  endpoints_valid=True  collision=False  over_limit=False
[876] PASS  time=  3.021s  status=Exact solution     len=  6.825  endpoints_valid=True  collision=False  over_limit=False
[877] PASS  time=  1.822s  status=Exact solution     len=  3.298  endpoints_valid=True  collision=False  over_limit=False
[878] PASS  time=  4.488s  status=Exact solution     len=  7.866  endpoints_valid=True  collision=False  over_limit=False
[879] PASS  time=  3.860s  status=Exact solution     len= 13.741  endpoints_valid=True  collision=False  over_limit=False
[880] PASS  time= 16.139s  status=Exact solution     len=  9.896  endpoints_valid=True  collision=False  over_limit=False
[881] PASS  time=  7.450s  status=Exact solution     len= 10.773  endpoints_valid=True  collision=False  over_limit=False
[882] PASS  time=  4.882s  status=Exact solution     len=  8.527  endpoints_valid=True  collision=False  over_limit=False
[883] PASS  time= 16.575s  status=Exact solution     len= 11.330  endpoints_valid=True  collision=False  over_limit=False
[884] PASS  time=  3.137s  status=Exact solution     len= 10.388  endpoints_valid=True  collision=False  over_limit=False
[885] PASS  time=  9.754s  status=Exact solution     len= 11.158  endpoints_valid=True  collision=False  over_limit=False
[886] PASS  time=  7.692s  status=Exact solution     len=  3.185  endpoints_valid=True  collision=False  over_limit=False
[887] PASS  time=  0.125s  status=Exact solution     len=  0.252  endpoints_valid=True  collision=False  over_limit=False
[888] PASS  time= 11.883s  status=Exact solution     len=  6.426  endpoints_valid=True  collision=False  over_limit=False
[889] PASS  time=  8.075s  status=Exact solution     len=  4.718  endpoints_valid=True  collision=False  over_limit=False
[890] PASS  time= 11.499s  status=Exact solution     len= 17.333  endpoints_valid=True  collision=False  over_limit=False
[891] PASS  time= 16.547s  status=Exact solution     len=  3.856  endpoints_valid=True  collision=False  over_limit=False
[892] PASS  time=  9.063s  status=Exact solution     len= 10.680  endpoints_valid=True  collision=False  over_limit=False
[893] PASS  time= 13.247s  status=Exact solution     len=  5.077  endpoints_valid=True  collision=False  over_limit=False
[894] PASS  time= 15.376s  status=Exact solution     len=  6.466  endpoints_valid=True  collision=False  over_limit=False
[895] PASS  time= 10.612s  status=Exact solution     len=  3.278  endpoints_valid=True  collision=False  over_limit=False
[896] PASS  time=  3.541s  status=Exact solution     len=  8.476  endpoints_valid=True  collision=False  over_limit=False
[897] PASS  time= 22.072s  status=Exact solution     len=  5.927  endpoints_valid=True  collision=False  over_limit=False
[898] PASS  time=  8.425s  status=Exact solution     len=  5.239  endpoints_valid=True  collision=False  over_limit=False
[899] PASS  time=  3.809s  status=Exact solution     len=  5.785  endpoints_valid=True  collision=False  over_limit=False
[900] PASS  time=  7.011s  status=Exact solution     len= 12.685  endpoints_valid=True  collision=False  over_limit=False
[901] PASS  time= 17.699s  status=Exact solution     len=  5.166  endpoints_valid=True  collision=False  over_limit=False
[902] PASS  time=  9.811s  status=Exact solution     len= 11.032  endpoints_valid=True  collision=False  over_limit=False
[903] PASS  time=  0.148s  status=Exact solution     len=  1.032  endpoints_valid=True  collision=False  over_limit=False
[904] PASS  time=  5.518s  status=Exact solution     len= 10.826  endpoints_valid=True  collision=False  over_limit=False
[905] PASS  time=  1.872s  status=Exact solution     len=  3.805  endpoints_valid=True  collision=False  over_limit=False
[906] PASS  time= 15.745s  status=Exact solution     len= 18.018  endpoints_valid=True  collision=False  over_limit=False
[907] PASS  time=  8.818s  status=Exact solution     len=  8.878  endpoints_valid=True  collision=False  over_limit=False
[908] PASS  time=  7.848s  status=Exact solution     len= 11.227  endpoints_valid=True  collision=False  over_limit=False
[909] PASS  time= 10.966s  status=Exact solution     len=  4.459  endpoints_valid=True  collision=False  over_limit=False
[910] PASS  time=  6.274s  status=Exact solution     len=  5.160  endpoints_valid=True  collision=False  over_limit=False
[911] PASS  time=  4.303s  status=Exact solution     len= 10.917  endpoints_valid=True  collision=False  over_limit=False
[912] PASS  time=  7.304s  status=Exact solution     len= 10.736  endpoints_valid=True  collision=False  over_limit=False
[913] PASS  time=  8.879s  status=Exact solution     len= 10.910  endpoints_valid=True  collision=False  over_limit=False
[914] PASS  time=  8.903s  status=Exact solution     len= 16.836  endpoints_valid=True  collision=False  over_limit=False
[915] PASS  time=  4.773s  status=Exact solution     len=  6.485  endpoints_valid=True  collision=False  over_limit=False
[916] PASS  time=  5.687s  status=Exact solution     len= 10.204  endpoints_valid=True  collision=False  over_limit=False
[917] PASS  time= 18.866s  status=Exact solution     len=  2.994  endpoints_valid=True  collision=False  over_limit=False
[918] PASS  time=  6.773s  status=Exact solution     len=  8.401  endpoints_valid=True  collision=False  over_limit=False
[919] PASS  time= 10.647s  status=Exact solution     len= 13.063  endpoints_valid=True  collision=False  over_limit=False
[920] PASS  time=  5.434s  status=Exact solution     len=  8.808  endpoints_valid=True  collision=False  over_limit=False
[921] PASS  time=  0.880s  status=Exact solution     len=  6.227  endpoints_valid=True  collision=False  over_limit=False
[922] PASS  time=  6.807s  status=Exact solution     len=  5.949  endpoints_valid=True  collision=False  over_limit=False
[923] PASS  time=  2.577s  status=Exact solution     len=  8.971  endpoints_valid=True  collision=False  over_limit=False
[924] PASS  time=  6.522s  status=Exact solution     len= 11.797  endpoints_valid=True  collision=False  over_limit=False
[925] PASS  time=  6.637s  status=Exact solution     len=  8.538  endpoints_valid=True  collision=False  over_limit=False
[926] PASS  time= 14.643s  status=Exact solution     len=  2.508  endpoints_valid=True  collision=False  over_limit=False
[927] PASS  time= 12.339s  status=Exact solution     len= 14.804  endpoints_valid=True  collision=False  over_limit=False
[928] PASS  time=  8.533s  status=Exact solution     len= 12.169  endpoints_valid=True  collision=False  over_limit=False
[929] PASS  time=  4.024s  status=Exact solution     len=  8.178  endpoints_valid=True  collision=False  over_limit=False
[930] PASS  time=  4.164s  status=Exact solution     len=  4.872  endpoints_valid=True  collision=False  over_limit=False
[931] PASS  time=  4.543s  status=Exact solution     len=  2.084  endpoints_valid=True  collision=False  over_limit=False
[932] PASS  time= 16.221s  status=Exact solution     len=  6.543  endpoints_valid=True  collision=False  over_limit=False
[933] PASS  time= 20.128s  status=Exact solution     len= 11.645  endpoints_valid=True  collision=False  over_limit=False
[934] PASS  time= 12.478s  status=Exact solution     len= 10.928  endpoints_valid=True  collision=False  over_limit=False
[935] PASS  time=  7.373s  status=Exact solution     len= 12.723  endpoints_valid=True  collision=False  over_limit=False
[936] PASS  time=  6.377s  status=Exact solution     len=  6.943  endpoints_valid=True  collision=False  over_limit=False
[937] PASS  time=  5.948s  status=Exact solution     len=  8.353  endpoints_valid=True  collision=False  over_limit=False
[938] PASS  time=  8.257s  status=Exact solution     len= 11.429  endpoints_valid=True  collision=False  over_limit=False
[939] PASS  time=  5.584s  status=Exact solution     len=  9.317  endpoints_valid=True  collision=False  over_limit=False
[940] PASS  time=  3.060s  status=Exact solution     len=  5.944  endpoints_valid=True  collision=False  over_limit=False
[941] PASS  time=  2.343s  status=Exact solution     len=  1.315  endpoints_valid=True  collision=False  over_limit=False
[942] PASS  time=  4.632s  status=Exact solution     len=  3.038  endpoints_valid=True  collision=False  over_limit=False
[943] PASS  time=  2.459s  status=Exact solution     len=  3.370  endpoints_valid=True  collision=False  over_limit=False
[944] PASS  time=  4.574s  status=Exact solution     len= 10.674  endpoints_valid=True  collision=False  over_limit=False
[945] PASS  time=  8.219s  status=Exact solution     len=  5.271  endpoints_valid=True  collision=False  over_limit=False
[946] PASS  time=  0.682s  status=Exact solution     len=  2.142  endpoints_valid=True  collision=False  over_limit=False
[947] PASS  time= 11.389s  status=Exact solution     len=  7.010  endpoints_valid=True  collision=False  over_limit=False
[948] PASS  time=  4.556s  status=Exact solution     len=  8.185  endpoints_valid=True  collision=False  over_limit=False
[949] PASS  time= 12.042s  status=Exact solution     len= 16.644  endpoints_valid=True  collision=False  over_limit=False
[950] PASS  time=  4.374s  status=Exact solution     len=  8.313  endpoints_valid=True  collision=False  over_limit=False
[951] PASS  time= 12.625s  status=Exact solution     len=  3.731  endpoints_valid=True  collision=False  over_limit=False
[952] PASS  time=  3.121s  status=Exact solution     len=  5.824  endpoints_valid=True  collision=False  over_limit=False
[953] PASS  time=  6.214s  status=Exact solution     len=  6.707  endpoints_valid=True  collision=False  over_limit=False
[954] PASS  time= 12.198s  status=Exact solution     len=  3.253  endpoints_valid=True  collision=False  over_limit=False
[955] PASS  time= 16.255s  status=Exact solution     len= 10.339  endpoints_valid=True  collision=False  over_limit=False
[956] PASS  time= 17.898s  status=Exact solution     len=  6.799  endpoints_valid=True  collision=False  over_limit=False
[957] PASS  time=  3.199s  status=Exact solution     len=  4.998  endpoints_valid=True  collision=False  over_limit=False
[958] PASS  time= 12.326s  status=Exact solution     len= 11.073  endpoints_valid=True  collision=False  over_limit=False
[959] PASS  time=  7.918s  status=Exact solution     len=  6.231  endpoints_valid=True  collision=False  over_limit=False
[960] PASS  time=  0.233s  status=Exact solution     len=  1.098  endpoints_valid=True  collision=False  over_limit=False
[961] PASS  time=  7.570s  status=Exact solution     len=  8.725  endpoints_valid=True  collision=False  over_limit=False
[962] PASS  time= 10.022s  status=Exact solution     len=  9.905  endpoints_valid=True  collision=False  over_limit=False
[963] PASS  time=  5.873s  status=Exact solution     len=  3.263  endpoints_valid=True  collision=False  over_limit=False
[964] PASS  time= 20.945s  status=Exact solution     len=  2.558  endpoints_valid=True  collision=False  over_limit=False
[965] PASS  time=  6.817s  status=Exact solution     len=  3.982  endpoints_valid=True  collision=False  over_limit=False
[966] PASS  time=  6.045s  status=Exact solution     len=  7.167  endpoints_valid=True  collision=False  over_limit=False
[967] PASS  time=  9.266s  status=Exact solution     len=  6.238  endpoints_valid=True  collision=False  over_limit=False
[968] PASS  time= 10.740s  status=Exact solution     len=  9.862  endpoints_valid=True  collision=False  over_limit=False
[969] PASS  time=  2.150s  status=Exact solution     len=  6.958  endpoints_valid=True  collision=False  over_limit=False
[970] PASS  time=  6.025s  status=Exact solution     len= 12.415  endpoints_valid=True  collision=False  over_limit=False
[971] PASS  time= 15.131s  status=Exact solution     len= 11.049  endpoints_valid=True  collision=False  over_limit=False
[972] PASS  time=  9.506s  status=Exact solution     len= 10.128  endpoints_valid=True  collision=False  over_limit=False
[973] PASS  time=  6.662s  status=Exact solution     len= 11.739  endpoints_valid=True  collision=False  over_limit=False
[974] PASS  time=  2.271s  status=Exact solution     len=  3.990  endpoints_valid=True  collision=False  over_limit=False
[975] PASS  time= 28.501s  status=Exact solution     len=  5.512  endpoints_valid=True  collision=False  over_limit=False
[976] PASS  time=  4.621s  status=Exact solution     len=  8.313  endpoints_valid=True  collision=False  over_limit=False
[977] PASS  time= 17.619s  status=Exact solution     len=  3.623  endpoints_valid=True  collision=False  over_limit=False
[978] PASS  time=  8.683s  status=Exact solution     len= 11.235  endpoints_valid=True  collision=False  over_limit=False
[979] PASS  time=  5.470s  status=Exact solution     len= 11.649  endpoints_valid=True  collision=False  over_limit=False
[980] PASS  time=  3.251s  status=Exact solution     len=  8.491  endpoints_valid=True  collision=False  over_limit=False
[981] PASS  time=  0.060s  status=Exact solution     len=  1.552  endpoints_valid=True  collision=False  over_limit=False
[982] PASS  time=  2.913s  status=Exact solution     len=  4.533  endpoints_valid=True  collision=False  over_limit=False
[983] PASS  time=  3.481s  status=Exact solution     len=  4.583  endpoints_valid=True  collision=False  over_limit=False
[984] PASS  time=  9.357s  status=Exact solution     len= 10.274  endpoints_valid=True  collision=False  over_limit=False
[985] PASS  time=  6.189s  status=Exact solution     len= 10.785  endpoints_valid=True  collision=False  over_limit=False
[986] PASS  time=  3.458s  status=Exact solution     len=  5.136  endpoints_valid=True  collision=False  over_limit=False
[987] PASS  time=  0.907s  status=Exact solution     len=  3.483  endpoints_valid=True  collision=False  over_limit=False
[988] PASS  time=  4.467s  status=Exact solution     len=  7.303  endpoints_valid=True  collision=False  over_limit=False
[989] PASS  time=  7.036s  status=Exact solution     len= 10.565  endpoints_valid=True  collision=False  over_limit=False
[990] PASS  time=  5.480s  status=Exact solution     len=  5.649  endpoints_valid=True  collision=False  over_limit=False
[991] PASS  time=  4.094s  status=Exact solution     len=  7.525  endpoints_valid=True  collision=False  over_limit=False
[992] PASS  time=  6.809s  status=Exact solution     len=  7.138  endpoints_valid=True  collision=False  over_limit=False
[993] PASS  time=  4.110s  status=Exact solution     len=  4.250  endpoints_valid=True  collision=False  over_limit=False
[994] PASS  time=  8.551s  status=Exact solution     len= 12.067  endpoints_valid=True  collision=False  over_limit=False
[995] PASS  time= 21.163s  status=Exact solution     len=  7.689  endpoints_valid=True  collision=False  over_limit=False
[996] PASS  time= 14.853s  status=Exact solution     len=  8.046  endpoints_valid=True  collision=False  over_limit=False
[997] PASS  time= 10.094s  status=Exact solution     len=  2.853  endpoints_valid=True  collision=False  over_limit=False
[998] PASS  time=  6.363s  status=Exact solution     len= 14.564  endpoints_valid=True  collision=False  over_limit=False
[999] PASS  time=  6.329s  status=Exact solution     len= 10.804  endpoints_valid=True  collision=False  over_limit=False

shape                     : datasets/3dshape/rectangle.obj
environment               : datasets/3dshape/env1.obj
data_path                 : testing_data/3dshape/rectangle_env1
planner                   : LazyPRM (OMPL, SE(3))
roadmap                   : cleared per case
time_limit_per_case       : 30.000 s  (a case over this = fail)
path_simplification       : off

test_cases_total          : 1000
invalid_start_or_goal     : 0  (excluded, unplannable)
test_cases_scored         : 1000  [valid start+goal only]
successes                 : 996
failures                  : 4
  no_solution_in_time     : 4
  over_time_limit         : 0
  path_in_collision       : 0
success_rate              : 0.9960  (99.6%)  [996/1000]

time_mean                 : 7.1912 s   [all 1000 scored cases]
time_std                  : 5.2048 s
time_mean_successful      : 7.0987 s   [996 successful cases]
time_std_successful       : 5.0059 s
time_median               : 6.1527 s

path_length_mean          : 7.5040   [996 successful cases]
path_length_std           : 3.9907
path_length_total         : 7473.9595

total_time                : 7191.18 s
collision_checks          : 3553268

Wrote results/ompl_lazyprm/rectangle_env1/lazy_prm_success_rate.txt
Wrote results/ompl_lazyprm/rectangle_env1/lazy_prm_cases.csv
