[load_obj] 'datasets/3dshape/rectangle.obj': 1 objects/groups
  [0] 'Body1'  (12 triangles)
[load_obj] 'datasets/3dshape/env3.obj': 4 objects/groups
  [0] 'wall (1)'  (88 triangles)
  [1] 'Body14'  (12 triangles)
  [2] 'Body16'  (12 triangles)
  [3] 'Body17'  (12 triangles)
shape       : datasets/3dshape/rectangle.obj  (8 verts, 12 tets, radius 0.1421)
environment : datasets/3dshape/env3.obj  (124 tris, 50000 collision points)
bounds      : low [-0.4539, -0.3177, -0.5]  high [0.4539, 0.3177, 0.5]
test cases  : 1000 from testing_data/3dshape/rectangle_env3/sampled_points.npy
planner     : LazyPRM  (time limit 30.0s per case, resolution 0.005, roadmap cleared per case)

[000] PASS  time=  1.990s  status=Exact solution     len=  5.829  endpoints_valid=True  collision=False  over_limit=False
[001] PASS  time=  1.202s  status=Exact solution     len=  8.382  endpoints_valid=True  collision=False  over_limit=False
[002] PASS  time=  0.726s  status=Exact solution     len=  5.631  endpoints_valid=True  collision=False  over_limit=False
[003] PASS  time=  0.782s  status=Exact solution     len=  6.417  endpoints_valid=True  collision=False  over_limit=False
[004] PASS  time=  2.850s  status=Exact solution     len=  4.730  endpoints_valid=True  collision=False  over_limit=False
[005] PASS  time=  2.684s  status=Exact solution     len=  5.522  endpoints_valid=True  collision=False  over_limit=False
[006] PASS  time=  1.122s  status=Exact solution     len=  4.680  endpoints_valid=True  collision=False  over_limit=False
[007] PASS  time=  0.757s  status=Exact solution     len=  5.755  endpoints_valid=True  collision=False  over_limit=False
[008] PASS  time=  0.706s  status=Exact solution     len=  1.584  endpoints_valid=True  collision=False  over_limit=False
[009] PASS  time=  3.091s  status=Exact solution     len=  5.534  endpoints_valid=True  collision=False  over_limit=False
[010] PASS  time=  0.097s  status=Exact solution     len=  1.117  endpoints_valid=True  collision=False  over_limit=False
[011] FAIL  time= 30.071s  status=Timeout            len=    nan  endpoints_valid=True  collision=False  over_limit=True
[012] PASS  time=  0.183s  status=Exact solution     len=  1.725  endpoints_valid=True  collision=False  over_limit=False
[013] PASS  time=  0.727s  status=Exact solution     len=  6.070  endpoints_valid=True  collision=False  over_limit=False
[014] PASS  time=  0.014s  status=Exact solution     len=  0.424  endpoints_valid=True  collision=False  over_limit=False
[015] PASS  time=  1.938s  status=Exact solution     len=  4.932  endpoints_valid=True  collision=False  over_limit=False
[016] PASS  time=  0.630s  status=Exact solution     len=  3.672  endpoints_valid=True  collision=False  over_limit=False
[017] PASS  time=  2.519s  status=Exact solution     len= 11.766  endpoints_valid=True  collision=False  over_limit=False
[018] PASS  time=  0.041s  status=Exact solution     len=  0.168  endpoints_valid=True  collision=False  over_limit=False
[019] PASS  time=  1.071s  status=Exact solution     len= 10.501  endpoints_valid=True  collision=False  over_limit=False
[020] PASS  time=  0.794s  status=Exact solution     len=  6.674  endpoints_valid=True  collision=False  over_limit=False
[021] PASS  time=  0.454s  status=Exact solution     len=  5.224  endpoints_valid=True  collision=False  over_limit=False
[022] PASS  time=  0.492s  status=Exact solution     len=  2.598  endpoints_valid=True  collision=False  over_limit=False
[023] PASS  time=  1.337s  status=Exact solution     len=  9.307  endpoints_valid=True  collision=False  over_limit=False
[024] PASS  time=  1.360s  status=Exact solution     len=  7.788  endpoints_valid=True  collision=False  over_limit=False
[025] PASS  time=  2.734s  status=Exact solution     len=  6.788  endpoints_valid=True  collision=False  over_limit=False
[026] PASS  time=  1.110s  status=Exact solution     len=  4.429  endpoints_valid=True  collision=False  over_limit=False
[027] PASS  time=  3.342s  status=Exact solution     len=  9.062  endpoints_valid=True  collision=False  over_limit=False
[028] PASS  time=  1.588s  status=Exact solution     len=  5.104  endpoints_valid=True  collision=False  over_limit=False
[029] PASS  time=  3.445s  status=Exact solution     len=  8.348  endpoints_valid=True  collision=False  over_limit=False
[030] PASS  time=  0.481s  status=Exact solution     len=  4.900  endpoints_valid=True  collision=False  over_limit=False
[031] PASS  time= 25.282s  status=Exact solution     len=  5.617  endpoints_valid=True  collision=False  over_limit=False
[032] PASS  time=  0.765s  status=Exact solution     len=  8.566  endpoints_valid=True  collision=False  over_limit=False
[033] PASS  time=  3.078s  status=Exact solution     len= 10.435  endpoints_valid=True  collision=False  over_limit=False
[034] PASS  time=  1.989s  status=Exact solution     len=  9.268  endpoints_valid=True  collision=False  over_limit=False
[035] PASS  time=  6.881s  status=Exact solution     len=  6.850  endpoints_valid=True  collision=False  over_limit=False
[036] PASS  time=  0.839s  status=Exact solution     len=  6.749  endpoints_valid=True  collision=False  over_limit=False
[037] PASS  time=  1.448s  status=Exact solution     len=  7.725  endpoints_valid=True  collision=False  over_limit=False
[038] PASS  time=  1.433s  status=Exact solution     len=  9.397  endpoints_valid=True  collision=False  over_limit=False
[039] PASS  time=  0.428s  status=Exact solution     len=  4.578  endpoints_valid=True  collision=False  over_limit=False
[040] PASS  time=  0.699s  status=Exact solution     len=  3.570  endpoints_valid=True  collision=False  over_limit=False
[041] PASS  time=  6.083s  status=Exact solution     len=  7.127  endpoints_valid=True  collision=False  over_limit=False
[042] PASS  time=  1.740s  status=Exact solution     len=  8.851  endpoints_valid=True  collision=False  over_limit=False
[043] PASS  time=  0.593s  status=Exact solution     len=  5.148  endpoints_valid=True  collision=False  over_limit=False
[044] PASS  time=  2.736s  status=Exact solution     len= 11.484  endpoints_valid=True  collision=False  over_limit=False
[045] PASS  time=  2.425s  status=Exact solution     len= 10.603  endpoints_valid=True  collision=False  over_limit=False
[046] PASS  time=  4.856s  status=Exact solution     len=  2.757  endpoints_valid=True  collision=False  over_limit=False
[047] PASS  time=  0.018s  status=Exact solution     len=  0.347  endpoints_valid=True  collision=False  over_limit=False
[048] PASS  time=  0.263s  status=Exact solution     len=  2.057  endpoints_valid=True  collision=False  over_limit=False
[049] PASS  time=  0.307s  status=Exact solution     len=  2.908  endpoints_valid=True  collision=False  over_limit=False
[050] PASS  time=  4.519s  status=Exact solution     len=  9.526  endpoints_valid=True  collision=False  over_limit=False
[051] PASS  time=  0.880s  status=Exact solution     len=  8.150  endpoints_valid=True  collision=False  over_limit=False
[052] PASS  time=  0.017s  status=Exact solution     len=  0.157  endpoints_valid=True  collision=False  over_limit=False
[053] PASS  time=  1.466s  status=Exact solution     len=  7.072  endpoints_valid=True  collision=False  over_limit=False
[054] PASS  time=  1.203s  status=Exact solution     len= 10.287  endpoints_valid=True  collision=False  over_limit=False
[055] PASS  time=  3.093s  status=Exact solution     len= 11.031  endpoints_valid=True  collision=False  over_limit=False
[056] PASS  time=  1.940s  status=Exact solution     len=  6.118  endpoints_valid=True  collision=False  over_limit=False
[057] PASS  time=  2.009s  status=Exact solution     len= 17.077  endpoints_valid=True  collision=False  over_limit=False
[058] PASS  time=  0.800s  status=Exact solution     len=  4.438  endpoints_valid=True  collision=False  over_limit=False
[059] PASS  time=  0.038s  status=Exact solution     len=  0.429  endpoints_valid=True  collision=False  over_limit=False
[060] PASS  time=  0.444s  status=Exact solution     len=  3.537  endpoints_valid=True  collision=False  over_limit=False
[061] PASS  time=  2.119s  status=Exact solution     len=  2.922  endpoints_valid=True  collision=False  over_limit=False
[062] PASS  time=  1.318s  status=Exact solution     len=  5.657  endpoints_valid=True  collision=False  over_limit=False
[063] PASS  time=  1.240s  status=Exact solution     len=  3.152  endpoints_valid=True  collision=False  over_limit=False
[064] PASS  time=  0.029s  status=Exact solution     len=  0.215  endpoints_valid=True  collision=False  over_limit=False
[065] PASS  time=  1.077s  status=Exact solution     len= 11.692  endpoints_valid=True  collision=False  over_limit=False
[066] PASS  time=  2.063s  status=Exact solution     len=  6.605  endpoints_valid=True  collision=False  over_limit=False
[067] PASS  time=  1.371s  status=Exact solution     len=  3.720  endpoints_valid=True  collision=False  over_limit=False
[068] PASS  time=  0.746s  status=Exact solution     len=  3.186  endpoints_valid=True  collision=False  over_limit=False
[069] PASS  time=  3.256s  status=Exact solution     len= 11.883  endpoints_valid=True  collision=False  over_limit=False
[070] PASS  time=  0.822s  status=Exact solution     len= 10.124  endpoints_valid=True  collision=False  over_limit=False
[071] PASS  time=  1.006s  status=Exact solution     len=  5.548  endpoints_valid=True  collision=False  over_limit=False
[072] PASS  time=  2.060s  status=Exact solution     len=  6.683  endpoints_valid=True  collision=False  over_limit=False
[073] PASS  time=  1.290s  status=Exact solution     len=  9.607  endpoints_valid=True  collision=False  over_limit=False
[074] PASS  time=  1.284s  status=Exact solution     len=  4.287  endpoints_valid=True  collision=False  over_limit=False
[075] PASS  time=  0.625s  status=Exact solution     len=  1.969  endpoints_valid=True  collision=False  over_limit=False
[076] PASS  time=  0.680s  status=Exact solution     len=  5.109  endpoints_valid=True  collision=False  over_limit=False
[077] PASS  time=  2.817s  status=Exact solution     len=  5.864  endpoints_valid=True  collision=False  over_limit=False
[078] PASS  time=  0.493s  status=Exact solution     len=  5.618  endpoints_valid=True  collision=False  over_limit=False
[079] PASS  time=  1.315s  status=Exact solution     len=  4.960  endpoints_valid=True  collision=False  over_limit=False
[080] PASS  time=  0.291s  status=Exact solution     len=  1.757  endpoints_valid=True  collision=False  over_limit=False
[081] PASS  time=  0.132s  status=Exact solution     len=  1.566  endpoints_valid=True  collision=False  over_limit=False
[082] PASS  time=  3.117s  status=Exact solution     len= 16.007  endpoints_valid=True  collision=False  over_limit=False
[083] PASS  time=  0.858s  status=Exact solution     len=  1.638  endpoints_valid=True  collision=False  over_limit=False
[084] PASS  time=  0.744s  status=Exact solution     len=  2.128  endpoints_valid=True  collision=False  over_limit=False
[085] PASS  time=  1.361s  status=Exact solution     len= 14.904  endpoints_valid=True  collision=False  over_limit=False
[086] PASS  time=  3.501s  status=Exact solution     len=  9.938  endpoints_valid=True  collision=False  over_limit=False
[087] PASS  time=  1.792s  status=Exact solution     len= 12.841  endpoints_valid=True  collision=False  over_limit=False
[088] PASS  time=  0.155s  status=Exact solution     len=  1.146  endpoints_valid=True  collision=False  over_limit=False
[089] PASS  time=  1.059s  status=Exact solution     len=  3.153  endpoints_valid=True  collision=False  over_limit=False
[090] PASS  time=  0.653s  status=Exact solution     len=  7.653  endpoints_valid=True  collision=False  over_limit=False
[091] PASS  time=  2.068s  status=Exact solution     len=  1.909  endpoints_valid=True  collision=False  over_limit=False
[092] PASS  time=  1.746s  status=Exact solution     len= 14.847  endpoints_valid=True  collision=False  over_limit=False
[093] PASS  time=  3.622s  status=Exact solution     len=  5.530  endpoints_valid=True  collision=False  over_limit=False
[094] PASS  time=  1.140s  status=Exact solution     len=  8.240  endpoints_valid=True  collision=False  over_limit=False
[095] PASS  time=  3.214s  status=Exact solution     len=  7.831  endpoints_valid=True  collision=False  over_limit=False
[096] PASS  time=  1.342s  status=Exact solution     len=  5.289  endpoints_valid=True  collision=False  over_limit=False
[097] PASS  time=  6.874s  status=Exact solution     len=  4.367  endpoints_valid=True  collision=False  over_limit=False
[098] PASS  time=  5.124s  status=Exact solution     len=  9.660  endpoints_valid=True  collision=False  over_limit=False
[099] PASS  time=  2.283s  status=Exact solution     len=  3.712  endpoints_valid=True  collision=False  over_limit=False
[100] PASS  time=  3.214s  status=Exact solution     len= 11.000  endpoints_valid=True  collision=False  over_limit=False
[101] PASS  time=  2.513s  status=Exact solution     len=  2.433  endpoints_valid=True  collision=False  over_limit=False
[102] PASS  time=  0.789s  status=Exact solution     len=  6.090  endpoints_valid=True  collision=False  over_limit=False
[103] PASS  time=  1.623s  status=Exact solution     len=  8.927  endpoints_valid=True  collision=False  over_limit=False
[104] PASS  time=  2.071s  status=Exact solution     len= 11.371  endpoints_valid=True  collision=False  over_limit=False
[105] PASS  time=  6.030s  status=Exact solution     len=  3.847  endpoints_valid=True  collision=False  over_limit=False
[106] PASS  time=  1.316s  status=Exact solution     len=  2.432  endpoints_valid=True  collision=False  over_limit=False
[107] PASS  time=  3.145s  status=Exact solution     len=  3.055  endpoints_valid=True  collision=False  over_limit=False
[108] PASS  time=  0.168s  status=Exact solution     len=  2.117  endpoints_valid=True  collision=False  over_limit=False
[109] PASS  time=  1.195s  status=Exact solution     len=  9.024  endpoints_valid=True  collision=False  over_limit=False
[110] PASS  time=  4.295s  status=Exact solution     len=  5.265  endpoints_valid=True  collision=False  over_limit=False
[111] PASS  time=  1.109s  status=Exact solution     len=  5.257  endpoints_valid=True  collision=False  over_limit=False
[112] PASS  time=  0.439s  status=Exact solution     len=  2.464  endpoints_valid=True  collision=False  over_limit=False
[113] PASS  time=  0.919s  status=Exact solution     len=  7.261  endpoints_valid=True  collision=False  over_limit=False
[114] PASS  time=  1.268s  status=Exact solution     len=  1.645  endpoints_valid=True  collision=False  over_limit=False
[115] PASS  time=  2.278s  status=Exact solution     len=  3.122  endpoints_valid=True  collision=False  over_limit=False
[116] PASS  time=  0.004s  status=Exact solution     len=  0.536  endpoints_valid=True  collision=False  over_limit=False
[117] PASS  time=  0.060s  status=Exact solution     len=  1.012  endpoints_valid=True  collision=False  over_limit=False
[118] PASS  time=  2.634s  status=Exact solution     len=  5.505  endpoints_valid=True  collision=False  over_limit=False
[119] PASS  time=  0.972s  status=Exact solution     len=  5.854  endpoints_valid=True  collision=False  over_limit=False
[120] PASS  time=  0.392s  status=Exact solution     len=  2.727  endpoints_valid=True  collision=False  over_limit=False
[121] PASS  time=  3.141s  status=Exact solution     len=  6.917  endpoints_valid=True  collision=False  over_limit=False
[122] PASS  time=  2.801s  status=Exact solution     len=  6.820  endpoints_valid=True  collision=False  over_limit=False
[123] PASS  time=  0.012s  status=Exact solution     len=  0.603  endpoints_valid=True  collision=False  over_limit=False
[124] PASS  time=  1.985s  status=Exact solution     len= 11.466  endpoints_valid=True  collision=False  over_limit=False
[125] PASS  time=  3.697s  status=Exact solution     len=  4.676  endpoints_valid=True  collision=False  over_limit=False
[126] PASS  time=  1.102s  status=Exact solution     len=  2.724  endpoints_valid=True  collision=False  over_limit=False
[127] PASS  time=  0.842s  status=Exact solution     len=  2.670  endpoints_valid=True  collision=False  over_limit=False
[128] PASS  time=  4.057s  status=Exact solution     len=  4.195  endpoints_valid=True  collision=False  over_limit=False
[129] PASS  time=  0.037s  status=Exact solution     len=  0.545  endpoints_valid=True  collision=False  over_limit=False
[130] PASS  time=  1.059s  status=Exact solution     len=  3.337  endpoints_valid=True  collision=False  over_limit=False
[131] PASS  time=  1.835s  status=Exact solution     len=  5.982  endpoints_valid=True  collision=False  over_limit=False
[132] PASS  time=  0.200s  status=Exact solution     len=  0.901  endpoints_valid=True  collision=False  over_limit=False
[133] PASS  time= 12.859s  status=Exact solution     len=  4.188  endpoints_valid=True  collision=False  over_limit=False
[134] PASS  time= 21.108s  status=Exact solution     len=  3.523  endpoints_valid=True  collision=False  over_limit=False
[135] PASS  time=  0.579s  status=Exact solution     len=  8.419  endpoints_valid=True  collision=False  over_limit=False
[136] PASS  time=  0.159s  status=Exact solution     len=  0.961  endpoints_valid=True  collision=False  over_limit=False
[137] PASS  time=  1.369s  status=Exact solution     len=  4.884  endpoints_valid=True  collision=False  over_limit=False
[138] PASS  time=  0.221s  status=Exact solution     len=  1.215  endpoints_valid=True  collision=False  over_limit=False
[139] PASS  time=  0.011s  status=Exact solution     len=  0.323  endpoints_valid=True  collision=False  over_limit=False
[140] PASS  time=  2.295s  status=Exact solution     len=  8.236  endpoints_valid=True  collision=False  over_limit=False
[141] PASS  time=  1.739s  status=Exact solution     len=  9.177  endpoints_valid=True  collision=False  over_limit=False
[142] PASS  time=  2.197s  status=Exact solution     len= 11.519  endpoints_valid=True  collision=False  over_limit=False
[143] PASS  time=  0.252s  status=Exact solution     len=  4.901  endpoints_valid=True  collision=False  over_limit=False
[144] PASS  time=  1.336s  status=Exact solution     len=  3.098  endpoints_valid=True  collision=False  over_limit=False
[145] PASS  time=  1.705s  status=Exact solution     len=  9.235  endpoints_valid=True  collision=False  over_limit=False
[146] PASS  time=  3.605s  status=Exact solution     len=  3.461  endpoints_valid=True  collision=False  over_limit=False
[147] PASS  time=  0.590s  status=Exact solution     len=  1.594  endpoints_valid=True  collision=False  over_limit=False
[148] PASS  time=  0.848s  status=Exact solution     len=  4.691  endpoints_valid=True  collision=False  over_limit=False
[149] PASS  time=  1.645s  status=Exact solution     len=  5.833  endpoints_valid=True  collision=False  over_limit=False
[150] PASS  time=  0.337s  status=Exact solution     len=  2.041  endpoints_valid=True  collision=False  over_limit=False
[151] PASS  time=  4.965s  status=Exact solution     len= 10.404  endpoints_valid=True  collision=False  over_limit=False
[152] PASS  time=  1.750s  status=Exact solution     len=  5.838  endpoints_valid=True  collision=False  over_limit=False
[153] PASS  time=  1.538s  status=Exact solution     len=  7.034  endpoints_valid=True  collision=False  over_limit=False
[154] PASS  time=  0.937s  status=Exact solution     len=  7.046  endpoints_valid=True  collision=False  over_limit=False
[155] PASS  time=  3.241s  status=Exact solution     len=  3.619  endpoints_valid=True  collision=False  over_limit=False
[156] PASS  time=  3.572s  status=Exact solution     len=  2.216  endpoints_valid=True  collision=False  over_limit=False
[157] PASS  time=  1.142s  status=Exact solution     len=  5.080  endpoints_valid=True  collision=False  over_limit=False
[158] PASS  time=  2.160s  status=Exact solution     len=  7.001  endpoints_valid=True  collision=False  over_limit=False
[159] PASS  time=  2.454s  status=Exact solution     len= 14.875  endpoints_valid=True  collision=False  over_limit=False
[160] PASS  time=  2.957s  status=Exact solution     len=  1.889  endpoints_valid=True  collision=False  over_limit=False
[161] PASS  time=  3.014s  status=Exact solution     len=  7.156  endpoints_valid=True  collision=False  over_limit=False
[162] PASS  time=  1.710s  status=Exact solution     len=  5.703  endpoints_valid=True  collision=False  over_limit=False
[163] PASS  time=  2.128s  status=Exact solution     len=  4.098  endpoints_valid=True  collision=False  over_limit=False
[164] PASS  time=  1.505s  status=Exact solution     len=  6.785  endpoints_valid=True  collision=False  over_limit=False
[165] PASS  time=  0.786s  status=Exact solution     len=  5.010  endpoints_valid=True  collision=False  over_limit=False
[166] PASS  time=  2.312s  status=Exact solution     len=  6.653  endpoints_valid=True  collision=False  over_limit=False
[167] PASS  time=  0.049s  status=Exact solution     len=  0.858  endpoints_valid=True  collision=False  over_limit=False
[168] PASS  time=  3.168s  status=Exact solution     len=  6.724  endpoints_valid=True  collision=False  over_limit=False
[169] PASS  time=  1.109s  status=Exact solution     len=  2.083  endpoints_valid=True  collision=False  over_limit=False
[170] PASS  time=  3.010s  status=Exact solution     len=  8.172  endpoints_valid=True  collision=False  over_limit=False
[171] PASS  time=  1.148s  status=Exact solution     len=  6.299  endpoints_valid=True  collision=False  over_limit=False
[172] PASS  time=  0.769s  status=Exact solution     len=  6.707  endpoints_valid=True  collision=False  over_limit=False
[173] PASS  time=  0.699s  status=Exact solution     len=  6.502  endpoints_valid=True  collision=False  over_limit=False
[174] PASS  time=  0.657s  status=Exact solution     len=  4.611  endpoints_valid=True  collision=False  over_limit=False
[175] PASS  time=  2.326s  status=Exact solution     len=  7.636  endpoints_valid=True  collision=False  over_limit=False
[176] PASS  time=  1.061s  status=Exact solution     len=  5.713  endpoints_valid=True  collision=False  over_limit=False
[177] PASS  time=  2.687s  status=Exact solution     len=  6.310  endpoints_valid=True  collision=False  over_limit=False
[178] PASS  time=  8.625s  status=Exact solution     len=  2.344  endpoints_valid=True  collision=False  over_limit=False
[179] PASS  time=  0.304s  status=Exact solution     len=  5.793  endpoints_valid=True  collision=False  over_limit=False
[180] PASS  time=  0.040s  status=Exact solution     len=  0.578  endpoints_valid=True  collision=False  over_limit=False
[181] PASS  time=  2.524s  status=Exact solution     len=  7.506  endpoints_valid=True  collision=False  over_limit=False
[182] PASS  time=  2.232s  status=Exact solution     len=  9.244  endpoints_valid=True  collision=False  over_limit=False
[183] PASS  time=  1.720s  status=Exact solution     len=  7.507  endpoints_valid=True  collision=False  over_limit=False
[184] PASS  time=  1.139s  status=Exact solution     len=  3.533  endpoints_valid=True  collision=False  over_limit=False
[185] PASS  time=  2.920s  status=Exact solution     len=  7.575  endpoints_valid=True  collision=False  over_limit=False
[186] PASS  time=  0.090s  status=Exact solution     len=  1.761  endpoints_valid=True  collision=False  over_limit=False
[187] PASS  time= 21.447s  status=Exact solution     len=  4.862  endpoints_valid=True  collision=False  over_limit=False
[188] PASS  time=  0.846s  status=Exact solution     len=  1.065  endpoints_valid=True  collision=False  over_limit=False
[189] PASS  time=  3.041s  status=Exact solution     len=  6.131  endpoints_valid=True  collision=False  over_limit=False
[190] PASS  time=  1.822s  status=Exact solution     len=  8.325  endpoints_valid=True  collision=False  over_limit=False
[191] PASS  time=  1.139s  status=Exact solution     len=  5.192  endpoints_valid=True  collision=False  over_limit=False
[192] PASS  time=  1.351s  status=Exact solution     len=  4.564  endpoints_valid=True  collision=False  over_limit=False
[193] PASS  time=  1.529s  status=Exact solution     len=  7.576  endpoints_valid=True  collision=False  over_limit=False
[194] PASS  time=  0.871s  status=Exact solution     len=  1.836  endpoints_valid=True  collision=False  over_limit=False
[195] PASS  time=  1.150s  status=Exact solution     len=  4.062  endpoints_valid=True  collision=False  over_limit=False
[196] PASS  time=  3.279s  status=Exact solution     len= 13.556  endpoints_valid=True  collision=False  over_limit=False
[197] PASS  time=  0.449s  status=Exact solution     len=  3.697  endpoints_valid=True  collision=False  over_limit=False
[198] PASS  time=  0.963s  status=Exact solution     len=  3.541  endpoints_valid=True  collision=False  over_limit=False
[199] PASS  time=  0.612s  status=Exact solution     len=  3.240  endpoints_valid=True  collision=False  over_limit=False
[200] PASS  time=  2.699s  status=Exact solution     len=  5.965  endpoints_valid=True  collision=False  over_limit=False
[201] PASS  time=  0.964s  status=Exact solution     len=  2.693  endpoints_valid=True  collision=False  over_limit=False
[202] PASS  time=  1.123s  status=Exact solution     len=  7.704  endpoints_valid=True  collision=False  over_limit=False
[203] PASS  time=  0.757s  status=Exact solution     len=  5.323  endpoints_valid=True  collision=False  over_limit=False
[204] PASS  time=  1.700s  status=Exact solution     len=  9.999  endpoints_valid=True  collision=False  over_limit=False
[205] PASS  time=  0.596s  status=Exact solution     len=  3.495  endpoints_valid=True  collision=False  over_limit=False
[206] PASS  time=  1.491s  status=Exact solution     len=  3.652  endpoints_valid=True  collision=False  over_limit=False
[207] PASS  time=  3.684s  status=Exact solution     len= 10.191  endpoints_valid=True  collision=False  over_limit=False
[208] PASS  time=  1.050s  status=Exact solution     len=  6.414  endpoints_valid=True  collision=False  over_limit=False
[209] PASS  time=  0.857s  status=Exact solution     len=  3.026  endpoints_valid=True  collision=False  over_limit=False
[210] PASS  time=  2.223s  status=Exact solution     len= 11.159  endpoints_valid=True  collision=False  over_limit=False
[211] PASS  time=  0.898s  status=Exact solution     len=  5.051  endpoints_valid=True  collision=False  over_limit=False
[212] PASS  time=  0.494s  status=Exact solution     len=  5.542  endpoints_valid=True  collision=False  over_limit=False
[213] PASS  time=  0.945s  status=Exact solution     len=  7.842  endpoints_valid=True  collision=False  over_limit=False
[214] PASS  time=  3.403s  status=Exact solution     len= 12.004  endpoints_valid=True  collision=False  over_limit=False
[215] PASS  time=  2.278s  status=Exact solution     len=  3.703  endpoints_valid=True  collision=False  over_limit=False
[216] PASS  time=  1.717s  status=Exact solution     len=  3.823  endpoints_valid=True  collision=False  over_limit=False
[217] PASS  time=  0.027s  status=Exact solution     len=  0.523  endpoints_valid=True  collision=False  over_limit=False
[218] PASS  time=  2.390s  status=Exact solution     len=  4.956  endpoints_valid=True  collision=False  over_limit=False
[219] PASS  time=  2.310s  status=Exact solution     len=  9.993  endpoints_valid=True  collision=False  over_limit=False
[220] PASS  time=  0.230s  status=Exact solution     len=  1.099  endpoints_valid=True  collision=False  over_limit=False
[221] PASS  time=  2.903s  status=Exact solution     len=  5.487  endpoints_valid=True  collision=False  over_limit=False
[222] PASS  time=  1.074s  status=Exact solution     len=  8.440  endpoints_valid=True  collision=False  over_limit=False
[223] PASS  time=  2.350s  status=Exact solution     len=  9.916  endpoints_valid=True  collision=False  over_limit=False
[224] PASS  time=  1.053s  status=Exact solution     len=  5.420  endpoints_valid=True  collision=False  over_limit=False
[225] PASS  time=  2.707s  status=Exact solution     len=  2.731  endpoints_valid=True  collision=False  over_limit=False
[226] PASS  time=  4.671s  status=Exact solution     len=  8.489  endpoints_valid=True  collision=False  over_limit=False
[227] PASS  time=  7.857s  status=Exact solution     len=  4.867  endpoints_valid=True  collision=False  over_limit=False
[228] PASS  time=  3.304s  status=Exact solution     len= 13.626  endpoints_valid=True  collision=False  over_limit=False
[229] PASS  time=  0.346s  status=Exact solution     len=  0.901  endpoints_valid=True  collision=False  over_limit=False
[230] PASS  time=  0.652s  status=Exact solution     len=  3.620  endpoints_valid=True  collision=False  over_limit=False
[231] PASS  time=  3.124s  status=Exact solution     len= 10.693  endpoints_valid=True  collision=False  over_limit=False
[232] PASS  time=  6.798s  status=Exact solution     len=  5.168  endpoints_valid=True  collision=False  over_limit=False
[233] PASS  time=  1.013s  status=Exact solution     len=  6.477  endpoints_valid=True  collision=False  over_limit=False
[234] PASS  time=  4.302s  status=Exact solution     len=  9.244  endpoints_valid=True  collision=False  over_limit=False
[235] PASS  time=  0.480s  status=Exact solution     len=  4.879  endpoints_valid=True  collision=False  over_limit=False
[236] PASS  time=  2.894s  status=Exact solution     len= 10.903  endpoints_valid=True  collision=False  over_limit=False
[237] PASS  time=  1.181s  status=Exact solution     len=  6.163  endpoints_valid=True  collision=False  over_limit=False
[238] PASS  time=  0.670s  status=Exact solution     len=  2.002  endpoints_valid=True  collision=False  over_limit=False
[239] PASS  time=  1.703s  status=Exact solution     len=  7.585  endpoints_valid=True  collision=False  over_limit=False
[240] PASS  time= 14.116s  status=Exact solution     len=  5.438  endpoints_valid=True  collision=False  over_limit=False
[241] PASS  time=  2.155s  status=Exact solution     len=  5.509  endpoints_valid=True  collision=False  over_limit=False
[242] PASS  time=  1.140s  status=Exact solution     len=  6.171  endpoints_valid=True  collision=False  over_limit=False
[243] PASS  time=  0.705s  status=Exact solution     len=  3.312  endpoints_valid=True  collision=False  over_limit=False
[244] PASS  time=  0.015s  status=Exact solution     len=  0.462  endpoints_valid=True  collision=False  over_limit=False
[245] PASS  time= 11.930s  status=Exact solution     len=  4.477  endpoints_valid=True  collision=False  over_limit=False
[246] PASS  time=  1.389s  status=Exact solution     len=  4.291  endpoints_valid=True  collision=False  over_limit=False
[247] PASS  time=  0.393s  status=Exact solution     len=  1.103  endpoints_valid=True  collision=False  over_limit=False
[248] PASS  time=  1.469s  status=Exact solution     len=  8.269  endpoints_valid=True  collision=False  over_limit=False
[249] PASS  time=  0.010s  status=Exact solution     len=  0.211  endpoints_valid=True  collision=False  over_limit=False
[250] PASS  time=  1.679s  status=Exact solution     len=  3.876  endpoints_valid=True  collision=False  over_limit=False
[251] PASS  time=  0.808s  status=Exact solution     len=  1.837  endpoints_valid=True  collision=False  over_limit=False
[252] PASS  time=  1.707s  status=Exact solution     len=  7.249  endpoints_valid=True  collision=False  over_limit=False
[253] PASS  time=  0.756s  status=Exact solution     len=  4.887  endpoints_valid=True  collision=False  over_limit=False
[254] PASS  time=  5.232s  status=Exact solution     len=  1.598  endpoints_valid=True  collision=False  over_limit=False
[255] PASS  time=  1.655s  status=Exact solution     len=  6.571  endpoints_valid=True  collision=False  over_limit=False
[256] PASS  time=  0.345s  status=Exact solution     len=  1.899  endpoints_valid=True  collision=False  over_limit=False
[257] PASS  time=  1.930s  status=Exact solution     len=  5.786  endpoints_valid=True  collision=False  over_limit=False
[258] PASS  time=  2.545s  status=Exact solution     len=  6.248  endpoints_valid=True  collision=False  over_limit=False
[259] PASS  time=  1.520s  status=Exact solution     len=  7.997  endpoints_valid=True  collision=False  over_limit=False
[260] PASS  time=  3.081s  status=Exact solution     len=  6.950  endpoints_valid=True  collision=False  over_limit=False
[261] PASS  time=  1.884s  status=Exact solution     len=  8.324  endpoints_valid=True  collision=False  over_limit=False
[262] PASS  time=  1.343s  status=Exact solution     len=  4.551  endpoints_valid=True  collision=False  over_limit=False
[263] PASS  time=  3.309s  status=Exact solution     len=  6.020  endpoints_valid=True  collision=False  over_limit=False
[264] PASS  time=  1.787s  status=Exact solution     len=  6.298  endpoints_valid=True  collision=False  over_limit=False
[265] PASS  time=  6.719s  status=Exact solution     len=  9.499  endpoints_valid=True  collision=False  over_limit=False
[266] PASS  time=  1.936s  status=Exact solution     len=  7.651  endpoints_valid=True  collision=False  over_limit=False
[267] PASS  time=  5.054s  status=Exact solution     len= 15.527  endpoints_valid=True  collision=False  over_limit=False
[268] PASS  time=  1.575s  status=Exact solution     len=  6.788  endpoints_valid=True  collision=False  over_limit=False
[269] PASS  time=  0.828s  status=Exact solution     len=  2.102  endpoints_valid=True  collision=False  over_limit=False
[270] PASS  time=  0.394s  status=Exact solution     len=  4.221  endpoints_valid=True  collision=False  over_limit=False
[271] PASS  time= 10.332s  status=Exact solution     len=  6.729  endpoints_valid=True  collision=False  over_limit=False
[272] PASS  time=  1.761s  status=Exact solution     len=  7.661  endpoints_valid=True  collision=False  over_limit=False
[273] PASS  time=  7.291s  status=Exact solution     len=  4.787  endpoints_valid=True  collision=False  over_limit=False
[274] PASS  time=  4.052s  status=Exact solution     len=  2.051  endpoints_valid=True  collision=False  over_limit=False
[275] PASS  time=  1.488s  status=Exact solution     len=  6.720  endpoints_valid=True  collision=False  over_limit=False
[276] PASS  time=  1.682s  status=Exact solution     len=  4.150  endpoints_valid=True  collision=False  over_limit=False
[277] PASS  time=  2.828s  status=Exact solution     len= 10.481  endpoints_valid=True  collision=False  over_limit=False
[278] PASS  time= 11.860s  status=Exact solution     len=  2.573  endpoints_valid=True  collision=False  over_limit=False
[279] PASS  time=  1.464s  status=Exact solution     len=  2.320  endpoints_valid=True  collision=False  over_limit=False
[280] PASS  time=  0.892s  status=Exact solution     len=  1.960  endpoints_valid=True  collision=False  over_limit=False
[281] PASS  time=  0.070s  status=Exact solution     len=  1.156  endpoints_valid=True  collision=False  over_limit=False
[282] PASS  time=  0.784s  status=Exact solution     len=  7.720  endpoints_valid=True  collision=False  over_limit=False
[283] PASS  time=  2.666s  status=Exact solution     len=  5.293  endpoints_valid=True  collision=False  over_limit=False
[284] PASS  time=  1.618s  status=Exact solution     len= 10.519  endpoints_valid=True  collision=False  over_limit=False
[285] PASS  time=  1.499s  status=Exact solution     len=  6.636  endpoints_valid=True  collision=False  over_limit=False
[286] PASS  time=  3.134s  status=Exact solution     len= 12.521  endpoints_valid=True  collision=False  over_limit=False
[287] PASS  time=  1.792s  status=Exact solution     len= 12.130  endpoints_valid=True  collision=False  over_limit=False
[288] PASS  time=  1.505s  status=Exact solution     len= 10.574  endpoints_valid=True  collision=False  over_limit=False
[289] PASS  time=  1.968s  status=Exact solution     len=  6.916  endpoints_valid=True  collision=False  over_limit=False
[290] PASS  time=  0.643s  status=Exact solution     len=  5.185  endpoints_valid=True  collision=False  over_limit=False
[291] PASS  time=  2.582s  status=Exact solution     len= 10.317  endpoints_valid=True  collision=False  over_limit=False
[292] PASS  time=  2.040s  status=Exact solution     len=  3.636  endpoints_valid=True  collision=False  over_limit=False
[293] PASS  time=  0.654s  status=Exact solution     len=  2.684  endpoints_valid=True  collision=False  over_limit=False
[294] PASS  time=  0.732s  status=Exact solution     len=  1.663  endpoints_valid=True  collision=False  over_limit=False
[295] PASS  time=  0.380s  status=Exact solution     len=  2.155  endpoints_valid=True  collision=False  over_limit=False
[296] PASS  time=  6.350s  status=Exact solution     len=  5.184  endpoints_valid=True  collision=False  over_limit=False
[297] PASS  time=  2.116s  status=Exact solution     len=  6.102  endpoints_valid=True  collision=False  over_limit=False
[298] PASS  time=  5.783s  status=Exact solution     len= 13.318  endpoints_valid=True  collision=False  over_limit=False
[299] PASS  time=  0.032s  status=Exact solution     len=  1.071  endpoints_valid=True  collision=False  over_limit=False
[300] PASS  time=  1.157s  status=Exact solution     len=  5.923  endpoints_valid=True  collision=False  over_limit=False
[301] PASS  time=  1.341s  status=Exact solution     len=  9.256  endpoints_valid=True  collision=False  over_limit=False
[302] PASS  time=  1.204s  status=Exact solution     len=  6.380  endpoints_valid=True  collision=False  over_limit=False
[303] PASS  time=  2.095s  status=Exact solution     len=  6.778  endpoints_valid=True  collision=False  over_limit=False
[304] PASS  time=  0.999s  status=Exact solution     len=  3.360  endpoints_valid=True  collision=False  over_limit=False
[305] PASS  time=  2.593s  status=Exact solution     len=  9.393  endpoints_valid=True  collision=False  over_limit=False
[306] PASS  time=  2.205s  status=Exact solution     len=  9.204  endpoints_valid=True  collision=False  over_limit=False
[307] PASS  time=  4.401s  status=Exact solution     len=  6.641  endpoints_valid=True  collision=False  over_limit=False
[308] PASS  time=  0.525s  status=Exact solution     len=  4.823  endpoints_valid=True  collision=False  over_limit=False
[309] PASS  time=  7.607s  status=Exact solution     len=  5.563  endpoints_valid=True  collision=False  over_limit=False
[310] PASS  time=  1.753s  status=Exact solution     len=  6.766  endpoints_valid=True  collision=False  over_limit=False
[311] PASS  time=  0.044s  status=Exact solution     len=  0.578  endpoints_valid=True  collision=False  over_limit=False
[312] PASS  time=  1.984s  status=Exact solution     len=  8.952  endpoints_valid=True  collision=False  over_limit=False
[313] PASS  time=  2.554s  status=Exact solution     len=  5.478  endpoints_valid=True  collision=False  over_limit=False
[314] PASS  time=  2.732s  status=Exact solution     len=  9.637  endpoints_valid=True  collision=False  over_limit=False
[315] PASS  time=  2.907s  status=Exact solution     len=  8.231  endpoints_valid=True  collision=False  over_limit=False
[316] PASS  time=  0.848s  status=Exact solution     len=  4.227  endpoints_valid=True  collision=False  over_limit=False
[317] PASS  time=  7.339s  status=Exact solution     len=  1.471  endpoints_valid=True  collision=False  over_limit=False
[318] PASS  time=  5.141s  status=Exact solution     len= 13.419  endpoints_valid=True  collision=False  over_limit=False
[319] PASS  time=  5.100s  status=Exact solution     len=  7.751  endpoints_valid=True  collision=False  over_limit=False
[320] PASS  time= 10.862s  status=Exact solution     len=  3.047  endpoints_valid=True  collision=False  over_limit=False
[321] PASS  time=  0.762s  status=Exact solution     len=  2.159  endpoints_valid=True  collision=False  over_limit=False
[322] PASS  time=  0.021s  status=Exact solution     len=  0.523  endpoints_valid=True  collision=False  over_limit=False
[323] PASS  time=  0.156s  status=Exact solution     len=  0.938  endpoints_valid=True  collision=False  over_limit=False
[324] PASS  time=  3.796s  status=Exact solution     len=  5.379  endpoints_valid=True  collision=False  over_limit=False
[325] PASS  time=  3.250s  status=Exact solution     len=  9.119  endpoints_valid=True  collision=False  over_limit=False
[326] PASS  time=  0.288s  status=Exact solution     len=  3.076  endpoints_valid=True  collision=False  over_limit=False
[327] PASS  time=  2.100s  status=Exact solution     len=  6.871  endpoints_valid=True  collision=False  over_limit=False
[328] PASS  time=  0.548s  status=Exact solution     len=  3.568  endpoints_valid=True  collision=False  over_limit=False
[329] PASS  time=  1.166s  status=Exact solution     len=  5.764  endpoints_valid=True  collision=False  over_limit=False
[330] PASS  time=  4.923s  status=Exact solution     len=  2.321  endpoints_valid=True  collision=False  over_limit=False
[331] PASS  time=  2.000s  status=Exact solution     len=  2.183  endpoints_valid=True  collision=False  over_limit=False
[332] PASS  time=  1.594s  status=Exact solution     len=  4.578  endpoints_valid=True  collision=False  over_limit=False
[333] PASS  time=  4.445s  status=Exact solution     len= 12.667  endpoints_valid=True  collision=False  over_limit=False
[334] PASS  time=  1.229s  status=Exact solution     len=  2.131  endpoints_valid=True  collision=False  over_limit=False
[335] PASS  time=  0.486s  status=Exact solution     len=  2.213  endpoints_valid=True  collision=False  over_limit=False
[336] PASS  time=  1.162s  status=Exact solution     len=  3.158  endpoints_valid=True  collision=False  over_limit=False
[337] PASS  time=  1.358s  status=Exact solution     len=  3.305  endpoints_valid=True  collision=False  over_limit=False
[338] PASS  time=  0.013s  status=Exact solution     len=  0.553  endpoints_valid=True  collision=False  over_limit=False
[339] PASS  time=  2.271s  status=Exact solution     len=  8.729  endpoints_valid=True  collision=False  over_limit=False
[340] PASS  time=  2.235s  status=Exact solution     len=  5.803  endpoints_valid=True  collision=False  over_limit=False
[341] PASS  time=  1.932s  status=Exact solution     len=  7.282  endpoints_valid=True  collision=False  over_limit=False
[342] PASS  time=  2.032s  status=Exact solution     len=  7.238  endpoints_valid=True  collision=False  over_limit=False
[343] PASS  time=  3.433s  status=Exact solution     len= 12.973  endpoints_valid=True  collision=False  over_limit=False
[344] PASS  time=  0.451s  status=Exact solution     len=  3.864  endpoints_valid=True  collision=False  over_limit=False
[345] PASS  time=  4.944s  status=Exact solution     len=  7.230  endpoints_valid=True  collision=False  over_limit=False
[346] PASS  time=  3.142s  status=Exact solution     len=  9.256  endpoints_valid=True  collision=False  over_limit=False
[347] PASS  time=  1.478s  status=Exact solution     len=  5.082  endpoints_valid=True  collision=False  over_limit=False
[348] PASS  time=  2.250s  status=Exact solution     len=  7.002  endpoints_valid=True  collision=False  over_limit=False
[349] PASS  time=  1.750s  status=Exact solution     len=  5.192  endpoints_valid=True  collision=False  over_limit=False
[350] PASS  time=  1.949s  status=Exact solution     len=  6.669  endpoints_valid=True  collision=False  over_limit=False
[351] PASS  time=  3.117s  status=Exact solution     len= 12.581  endpoints_valid=True  collision=False  over_limit=False
[352] PASS  time=  2.455s  status=Exact solution     len=  7.747  endpoints_valid=True  collision=False  over_limit=False
[353] PASS  time=  0.444s  status=Exact solution     len=  5.491  endpoints_valid=True  collision=False  over_limit=False
[354] PASS  time=  3.346s  status=Exact solution     len=  7.644  endpoints_valid=True  collision=False  over_limit=False
[355] PASS  time=  1.055s  status=Exact solution     len=  4.528  endpoints_valid=True  collision=False  over_limit=False
[356] PASS  time=  3.701s  status=Exact solution     len=  6.788  endpoints_valid=True  collision=False  over_limit=False
[357] PASS  time=  2.141s  status=Exact solution     len=  6.929  endpoints_valid=True  collision=False  over_limit=False
[358] PASS  time=  2.407s  status=Exact solution     len=  7.801  endpoints_valid=True  collision=False  over_limit=False
[359] PASS  time=  6.407s  status=Exact solution     len=  4.384  endpoints_valid=True  collision=False  over_limit=False
[360] PASS  time=  1.440s  status=Exact solution     len=  5.235  endpoints_valid=True  collision=False  over_limit=False
[361] PASS  time=  2.152s  status=Exact solution     len=  4.356  endpoints_valid=True  collision=False  over_limit=False
[362] PASS  time=  4.027s  status=Exact solution     len=  4.742  endpoints_valid=True  collision=False  over_limit=False
[363] PASS  time=  2.185s  status=Exact solution     len=  7.067  endpoints_valid=True  collision=False  over_limit=False
[364] PASS  time=  1.291s  status=Exact solution     len=  6.700  endpoints_valid=True  collision=False  over_limit=False
[365] PASS  time=  4.716s  status=Exact solution     len=  7.169  endpoints_valid=True  collision=False  over_limit=False
[366] PASS  time=  2.022s  status=Exact solution     len=  6.625  endpoints_valid=True  collision=False  over_limit=False
[367] PASS  time=  1.141s  status=Exact solution     len=  5.690  endpoints_valid=True  collision=False  over_limit=False
[368] PASS  time=  1.538s  status=Exact solution     len=  7.672  endpoints_valid=True  collision=False  over_limit=False
[369] PASS  time=  0.050s  status=Exact solution     len=  1.085  endpoints_valid=True  collision=False  over_limit=False
[370] PASS  time=  1.181s  status=Exact solution     len=  3.382  endpoints_valid=True  collision=False  over_limit=False
[371] PASS  time=  3.379s  status=Exact solution     len=  5.000  endpoints_valid=True  collision=False  over_limit=False
[372] PASS  time=  2.145s  status=Exact solution     len=  1.966  endpoints_valid=True  collision=False  over_limit=False
[373] PASS  time=  1.809s  status=Exact solution     len=  1.991  endpoints_valid=True  collision=False  over_limit=False
[374] PASS  time=  1.689s  status=Exact solution     len=  6.245  endpoints_valid=True  collision=False  over_limit=False
[375] PASS  time=  2.762s  status=Exact solution     len= 14.346  endpoints_valid=True  collision=False  over_limit=False
[376] PASS  time=  0.652s  status=Exact solution     len=  3.776  endpoints_valid=True  collision=False  over_limit=False
[377] PASS  time=  6.330s  status=Exact solution     len=  3.501  endpoints_valid=True  collision=False  over_limit=False
[378] PASS  time=  2.417s  status=Exact solution     len=  7.834  endpoints_valid=True  collision=False  over_limit=False
[379] PASS  time=  4.059s  status=Exact solution     len=  8.931  endpoints_valid=True  collision=False  over_limit=False
[380] PASS  time=  1.210s  status=Exact solution     len=  4.551  endpoints_valid=True  collision=False  over_limit=False
[381] PASS  time=  1.199s  status=Exact solution     len=  7.627  endpoints_valid=True  collision=False  over_limit=False
[382] PASS  time=  1.885s  status=Exact solution     len=  5.064  endpoints_valid=True  collision=False  over_limit=False
[383] PASS  time=  0.445s  status=Exact solution     len=  2.045  endpoints_valid=True  collision=False  over_limit=False
[384] PASS  time=  1.417s  status=Exact solution     len=  7.391  endpoints_valid=True  collision=False  over_limit=False
[385] PASS  time=  0.415s  status=Exact solution     len=  1.453  endpoints_valid=True  collision=False  over_limit=False
[386] PASS  time=  0.975s  status=Exact solution     len=  2.068  endpoints_valid=True  collision=False  over_limit=False
[387] PASS  time=  1.208s  status=Exact solution     len=  4.459  endpoints_valid=True  collision=False  over_limit=False
[388] PASS  time=  4.017s  status=Exact solution     len=  3.812  endpoints_valid=True  collision=False  over_limit=False
[389] PASS  time=  3.513s  status=Exact solution     len=  4.355  endpoints_valid=True  collision=False  over_limit=False
[390] PASS  time=  8.037s  status=Exact solution     len=  5.699  endpoints_valid=True  collision=False  over_limit=False
[391] PASS  time=  0.051s  status=Exact solution     len=  0.577  endpoints_valid=True  collision=False  over_limit=False
[392] PASS  time=  9.816s  status=Exact solution     len=  4.668  endpoints_valid=True  collision=False  over_limit=False
[393] PASS  time=  7.800s  status=Exact solution     len=  2.345  endpoints_valid=True  collision=False  over_limit=False
[394] PASS  time=  2.575s  status=Exact solution     len=  9.367  endpoints_valid=True  collision=False  over_limit=False
[395] PASS  time=  0.870s  status=Exact solution     len=  5.160  endpoints_valid=True  collision=False  over_limit=False
[396] PASS  time=  1.285s  status=Exact solution     len=  4.258  endpoints_valid=True  collision=False  over_limit=False
[397] PASS  time=  2.432s  status=Exact solution     len=  9.642  endpoints_valid=True  collision=False  over_limit=False
[398] PASS  time=  0.448s  status=Exact solution     len=  3.174  endpoints_valid=True  collision=False  over_limit=False
[399] PASS  time=  3.246s  status=Exact solution     len=  6.872  endpoints_valid=True  collision=False  over_limit=False
[400] PASS  time=  1.143s  status=Exact solution     len=  5.440  endpoints_valid=True  collision=False  over_limit=False
[401] PASS  time=  1.515s  status=Exact solution     len=  2.463  endpoints_valid=True  collision=False  over_limit=False
[402] PASS  time=  2.866s  status=Exact solution     len=  3.064  endpoints_valid=True  collision=False  over_limit=False
[403] PASS  time=  1.825s  status=Exact solution     len= 11.317  endpoints_valid=True  collision=False  over_limit=False
[404] PASS  time= 17.035s  status=Exact solution     len=  4.432  endpoints_valid=True  collision=False  over_limit=False
[405] PASS  time=  0.265s  status=Exact solution     len=  2.249  endpoints_valid=True  collision=False  over_limit=False
[406] PASS  time=  3.367s  status=Exact solution     len=  8.179  endpoints_valid=True  collision=False  over_limit=False
[407] PASS  time=  0.930s  status=Exact solution     len=  5.256  endpoints_valid=True  collision=False  over_limit=False
[408] FAIL  time= 30.057s  status=Timeout            len=    nan  endpoints_valid=True  collision=False  over_limit=True
[409] PASS  time=  2.628s  status=Exact solution     len=  5.408  endpoints_valid=True  collision=False  over_limit=False
[410] PASS  time=  2.846s  status=Exact solution     len=  3.723  endpoints_valid=True  collision=False  over_limit=False
[411] PASS  time=  2.815s  status=Exact solution     len=  8.728  endpoints_valid=True  collision=False  over_limit=False
[412] PASS  time=  3.555s  status=Exact solution     len=  8.648  endpoints_valid=True  collision=False  over_limit=False
[413] PASS  time=  2.227s  status=Exact solution     len= 13.508  endpoints_valid=True  collision=False  over_limit=False
[414] PASS  time=  1.054s  status=Exact solution     len=  9.484  endpoints_valid=True  collision=False  over_limit=False
[415] PASS  time=  0.447s  status=Exact solution     len=  3.569  endpoints_valid=True  collision=False  over_limit=False
[416] PASS  time=  0.859s  status=Exact solution     len=  6.561  endpoints_valid=True  collision=False  over_limit=False
[417] PASS  time=  0.483s  status=Exact solution     len=  2.960  endpoints_valid=True  collision=False  over_limit=False
[418] PASS  time=  1.546s  status=Exact solution     len=  2.764  endpoints_valid=True  collision=False  over_limit=False
[419] PASS  time=  2.032s  status=Exact solution     len=  7.936  endpoints_valid=True  collision=False  over_limit=False
[420] PASS  time=  4.663s  status=Exact solution     len=  5.098  endpoints_valid=True  collision=False  over_limit=False
[421] PASS  time=  1.100s  status=Exact solution     len=  4.198  endpoints_valid=True  collision=False  over_limit=False
[422] PASS  time=  1.713s  status=Exact solution     len=  5.037  endpoints_valid=True  collision=False  over_limit=False
[423] PASS  time=  2.943s  status=Exact solution     len=  3.675  endpoints_valid=True  collision=False  over_limit=False
[424] PASS  time=  0.689s  status=Exact solution     len=  1.894  endpoints_valid=True  collision=False  over_limit=False
[425] PASS  time=  0.588s  status=Exact solution     len=  3.258  endpoints_valid=True  collision=False  over_limit=False
[426] PASS  time=  2.611s  status=Exact solution     len=  8.176  endpoints_valid=True  collision=False  over_limit=False
[427] PASS  time=  1.195s  status=Exact solution     len=  3.688  endpoints_valid=True  collision=False  over_limit=False
[428] PASS  time=  2.281s  status=Exact solution     len=  5.605  endpoints_valid=True  collision=False  over_limit=False
[429] PASS  time=  4.616s  status=Exact solution     len=  5.148  endpoints_valid=True  collision=False  over_limit=False
[430] PASS  time=  2.705s  status=Exact solution     len=  9.018  endpoints_valid=True  collision=False  over_limit=False
[431] PASS  time=  1.950s  status=Exact solution     len=  3.971  endpoints_valid=True  collision=False  over_limit=False
[432] PASS  time=  0.292s  status=Exact solution     len=  2.237  endpoints_valid=True  collision=False  over_limit=False
[433] PASS  time=  0.519s  status=Exact solution     len=  3.341  endpoints_valid=True  collision=False  over_limit=False
[434] PASS  time=  1.220s  status=Exact solution     len=  4.730  endpoints_valid=True  collision=False  over_limit=False
[435] PASS  time=  4.182s  status=Exact solution     len=  9.168  endpoints_valid=True  collision=False  over_limit=False
[436] PASS  time=  3.509s  status=Exact solution     len=  7.805  endpoints_valid=True  collision=False  over_limit=False
[437] PASS  time= 24.677s  status=Exact solution     len=  3.586  endpoints_valid=True  collision=False  over_limit=False
[438] PASS  time=  0.377s  status=Exact solution     len=  4.232  endpoints_valid=True  collision=False  over_limit=False
[439] PASS  time=  3.008s  status=Exact solution     len=  8.222  endpoints_valid=True  collision=False  over_limit=False
[440] PASS  time= 11.388s  status=Exact solution     len=  4.829  endpoints_valid=True  collision=False  over_limit=False
[441] PASS  time=  2.518s  status=Exact solution     len=  8.067  endpoints_valid=True  collision=False  over_limit=False
[442] PASS  time=  1.836s  status=Exact solution     len=  1.991  endpoints_valid=True  collision=False  over_limit=False
[443] PASS  time=  4.029s  status=Exact solution     len=  5.803  endpoints_valid=True  collision=False  over_limit=False
[444] PASS  time=  3.391s  status=Exact solution     len=  5.644  endpoints_valid=True  collision=False  over_limit=False
[445] PASS  time=  0.904s  status=Exact solution     len=  1.130  endpoints_valid=True  collision=False  over_limit=False
[446] PASS  time=  5.700s  status=Exact solution     len=  6.274  endpoints_valid=True  collision=False  over_limit=False
[447] PASS  time=  0.771s  status=Exact solution     len=  6.267  endpoints_valid=True  collision=False  over_limit=False
[448] PASS  time=  8.477s  status=Exact solution     len=  4.648  endpoints_valid=True  collision=False  over_limit=False
[449] PASS  time=  0.144s  status=Exact solution     len=  0.698  endpoints_valid=True  collision=False  over_limit=False
[450] PASS  time=  3.195s  status=Exact solution     len=  6.110  endpoints_valid=True  collision=False  over_limit=False
[451] PASS  time=  4.230s  status=Exact solution     len= 18.559  endpoints_valid=True  collision=False  over_limit=False
[452] PASS  time=  3.128s  status=Exact solution     len=  8.050  endpoints_valid=True  collision=False  over_limit=False
[453] PASS  time=  2.373s  status=Exact solution     len=  8.535  endpoints_valid=True  collision=False  over_limit=False
[454] PASS  time=  4.922s  status=Exact solution     len= 10.024  endpoints_valid=True  collision=False  over_limit=False
[455] PASS  time=  3.303s  status=Exact solution     len=  6.828  endpoints_valid=True  collision=False  over_limit=False
[456] PASS  time=  5.558s  status=Exact solution     len=  5.406  endpoints_valid=True  collision=False  over_limit=False
[457] PASS  time=  3.036s  status=Exact solution     len=  4.083  endpoints_valid=True  collision=False  over_limit=False
[458] PASS  time=  3.021s  status=Exact solution     len=  8.781  endpoints_valid=True  collision=False  over_limit=False
[459] PASS  time=  3.236s  status=Exact solution     len=  7.661  endpoints_valid=True  collision=False  over_limit=False
[460] FAIL  time= 30.103s  status=Timeout            len=    nan  endpoints_valid=True  collision=False  over_limit=True
[461] PASS  time=  2.835s  status=Exact solution     len=  3.510  endpoints_valid=True  collision=False  over_limit=False
[462] PASS  time=  3.450s  status=Exact solution     len=  3.763  endpoints_valid=True  collision=False  over_limit=False
[463] PASS  time=  3.657s  status=Exact solution     len=  6.763  endpoints_valid=True  collision=False  over_limit=False
[464] PASS  time=  1.875s  status=Exact solution     len=  6.961  endpoints_valid=True  collision=False  over_limit=False
[465] PASS  time=  0.820s  status=Exact solution     len=  1.727  endpoints_valid=True  collision=False  over_limit=False
[466] PASS  time=  0.101s  status=Exact solution     len=  0.982  endpoints_valid=True  collision=False  over_limit=False
[467] PASS  time=  0.530s  status=Exact solution     len=  2.165  endpoints_valid=True  collision=False  over_limit=False
[468] PASS  time=  0.750s  status=Exact solution     len=  5.376  endpoints_valid=True  collision=False  over_limit=False
[469] PASS  time=  4.337s  status=Exact solution     len=  6.366  endpoints_valid=True  collision=False  over_limit=False
[470] PASS  time=  6.828s  status=Exact solution     len=  3.271  endpoints_valid=True  collision=False  over_limit=False
[471] PASS  time=  1.228s  status=Exact solution     len=  9.501  endpoints_valid=True  collision=False  over_limit=False
[472] PASS  time=  3.089s  status=Exact solution     len=  3.763  endpoints_valid=True  collision=False  over_limit=False
[473] PASS  time= 11.935s  status=Exact solution     len=  4.737  endpoints_valid=True  collision=False  over_limit=False
[474] PASS  time=  0.213s  status=Exact solution     len=  3.307  endpoints_valid=True  collision=False  over_limit=False
[475] PASS  time=  5.529s  status=Exact solution     len=  6.707  endpoints_valid=True  collision=False  over_limit=False
[476] PASS  time=  3.955s  status=Exact solution     len=  7.970  endpoints_valid=True  collision=False  over_limit=False
[477] PASS  time=  0.024s  status=Exact solution     len=  0.444  endpoints_valid=True  collision=False  over_limit=False
[478] PASS  time=  3.199s  status=Exact solution     len= 14.776  endpoints_valid=True  collision=False  over_limit=False
[479] PASS  time=  0.361s  status=Exact solution     len=  3.029  endpoints_valid=True  collision=False  over_limit=False
[480] PASS  time=  1.405s  status=Exact solution     len= 10.134  endpoints_valid=True  collision=False  over_limit=False
[481] PASS  time=  3.126s  status=Exact solution     len=  8.022  endpoints_valid=True  collision=False  over_limit=False
[482] PASS  time=  1.949s  status=Exact solution     len=  7.573  endpoints_valid=True  collision=False  over_limit=False
[483] PASS  time=  2.223s  status=Exact solution     len=  4.054  endpoints_valid=True  collision=False  over_limit=False
[484] PASS  time=  0.288s  status=Exact solution     len=  1.495  endpoints_valid=True  collision=False  over_limit=False
[485] PASS  time=  0.859s  status=Exact solution     len=  4.675  endpoints_valid=True  collision=False  over_limit=False
[486] PASS  time=  3.333s  status=Exact solution     len=  6.726  endpoints_valid=True  collision=False  over_limit=False
[487] PASS  time=  1.769s  status=Exact solution     len=  1.988  endpoints_valid=True  collision=False  over_limit=False
[488] PASS  time=  6.832s  status=Exact solution     len=  6.073  endpoints_valid=True  collision=False  over_limit=False
[489] PASS  time=  1.826s  status=Exact solution     len= 11.969  endpoints_valid=True  collision=False  over_limit=False
[490] PASS  time=  0.689s  status=Exact solution     len=  4.895  endpoints_valid=True  collision=False  over_limit=False
[491] PASS  time=  3.344s  status=Exact solution     len= 10.953  endpoints_valid=True  collision=False  over_limit=False
[492] PASS  time=  9.484s  status=Exact solution     len=  6.466  endpoints_valid=True  collision=False  over_limit=False
[493] PASS  time=  0.408s  status=Exact solution     len=  2.063  endpoints_valid=True  collision=False  over_limit=False
[494] PASS  time=  5.012s  status=Exact solution     len=  6.909  endpoints_valid=True  collision=False  over_limit=False
[495] PASS  time=  4.060s  status=Exact solution     len=  7.918  endpoints_valid=True  collision=False  over_limit=False
[496] PASS  time=  1.607s  status=Exact solution     len=  2.100  endpoints_valid=True  collision=False  over_limit=False
[497] PASS  time=  1.621s  status=Exact solution     len=  5.230  endpoints_valid=True  collision=False  over_limit=False
[498] PASS  time=  1.327s  status=Exact solution     len=  4.273  endpoints_valid=True  collision=False  over_limit=False
[499] PASS  time=  0.540s  status=Exact solution     len=  1.655  endpoints_valid=True  collision=False  over_limit=False
[500] PASS  time=  3.469s  status=Exact solution     len=  9.680  endpoints_valid=True  collision=False  over_limit=False
[501] PASS  time=  0.825s  status=Exact solution     len=  4.460  endpoints_valid=True  collision=False  over_limit=False
[502] PASS  time=  4.316s  status=Exact solution     len=  5.014  endpoints_valid=True  collision=False  over_limit=False
[503] PASS  time=  2.914s  status=Exact solution     len=  7.592  endpoints_valid=True  collision=False  over_limit=False
[504] PASS  time=  0.640s  status=Exact solution     len=  5.057  endpoints_valid=True  collision=False  over_limit=False
[505] PASS  time=  4.001s  status=Exact solution     len=  1.502  endpoints_valid=True  collision=False  over_limit=False
[506] PASS  time=  4.187s  status=Exact solution     len=  5.809  endpoints_valid=True  collision=False  over_limit=False
[507] PASS  time=  5.100s  status=Exact solution     len=  8.931  endpoints_valid=True  collision=False  over_limit=False
[508] PASS  time=  8.110s  status=Exact solution     len=  6.165  endpoints_valid=True  collision=False  over_limit=False
[509] PASS  time=  1.062s  status=Exact solution     len=  3.364  endpoints_valid=True  collision=False  over_limit=False
[510] PASS  time=  0.522s  status=Exact solution     len=  7.766  endpoints_valid=True  collision=False  over_limit=False
[511] PASS  time=  1.415s  status=Exact solution     len=  7.043  endpoints_valid=True  collision=False  over_limit=False
[512] PASS  time=  0.517s  status=Exact solution     len=  2.662  endpoints_valid=True  collision=False  over_limit=False
[513] PASS  time=  3.589s  status=Exact solution     len=  2.622  endpoints_valid=True  collision=False  over_limit=False
[514] PASS  time=  2.175s  status=Exact solution     len=  1.991  endpoints_valid=True  collision=False  over_limit=False
[515] PASS  time=  5.607s  status=Exact solution     len=  9.617  endpoints_valid=True  collision=False  over_limit=False
[516] PASS  time=  4.600s  status=Exact solution     len=  4.330  endpoints_valid=True  collision=False  over_limit=False
[517] PASS  time=  4.193s  status=Exact solution     len=  2.116  endpoints_valid=True  collision=False  over_limit=False
[518] PASS  time=  0.161s  status=Exact solution     len=  1.037  endpoints_valid=True  collision=False  over_limit=False
[519] PASS  time=  5.205s  status=Exact solution     len= 12.338  endpoints_valid=True  collision=False  over_limit=False
[520] PASS  time=  3.649s  status=Exact solution     len=  2.576  endpoints_valid=True  collision=False  over_limit=False
[521] PASS  time=  2.461s  status=Exact solution     len=  3.887  endpoints_valid=True  collision=False  over_limit=False
[522] PASS  time=  3.953s  status=Exact solution     len=  5.864  endpoints_valid=True  collision=False  over_limit=False
[523] PASS  time=  0.041s  status=Exact solution     len=  1.624  endpoints_valid=True  collision=False  over_limit=False
[524] PASS  time=  4.840s  status=Exact solution     len= 10.523  endpoints_valid=True  collision=False  over_limit=False
[525] PASS  time=  6.656s  status=Exact solution     len=  1.275  endpoints_valid=True  collision=False  over_limit=False
[526] PASS  time=  1.558s  status=Exact solution     len=  3.371  endpoints_valid=True  collision=False  over_limit=False
[527] PASS  time=  1.283s  status=Exact solution     len=  4.432  endpoints_valid=True  collision=False  over_limit=False
[528] PASS  time=  2.814s  status=Exact solution     len=  4.265  endpoints_valid=True  collision=False  over_limit=False
[529] PASS  time=  0.948s  status=Exact solution     len=  2.028  endpoints_valid=True  collision=False  over_limit=False
[530] PASS  time=  2.736s  status=Exact solution     len=  9.065  endpoints_valid=True  collision=False  over_limit=False
[531] PASS  time= 19.142s  status=Exact solution     len=  6.401  endpoints_valid=True  collision=False  over_limit=False
[532] PASS  time=  4.371s  status=Exact solution     len= 12.286  endpoints_valid=True  collision=False  over_limit=False
[533] PASS  time=  1.889s  status=Exact solution     len=  8.754  endpoints_valid=True  collision=False  over_limit=False
[534] PASS  time=  2.794s  status=Exact solution     len=  3.988  endpoints_valid=True  collision=False  over_limit=False
[535] PASS  time=  3.687s  status=Exact solution     len=  7.314  endpoints_valid=True  collision=False  over_limit=False
[536] PASS  time=  2.631s  status=Exact solution     len=  6.891  endpoints_valid=True  collision=False  over_limit=False
[537] PASS  time=  0.934s  status=Exact solution     len=  8.554  endpoints_valid=True  collision=False  over_limit=False
[538] PASS  time=  7.692s  status=Exact solution     len=  4.077  endpoints_valid=True  collision=False  over_limit=False
[539] PASS  time=  2.443s  status=Exact solution     len=  9.707  endpoints_valid=True  collision=False  over_limit=False
[540] PASS  time= 13.260s  status=Exact solution     len=  3.506  endpoints_valid=True  collision=False  over_limit=False
[541] PASS  time=  4.840s  status=Exact solution     len=  8.394  endpoints_valid=True  collision=False  over_limit=False
[542] PASS  time=  3.576s  status=Exact solution     len=  4.605  endpoints_valid=True  collision=False  over_limit=False
[543] PASS  time=  1.738s  status=Exact solution     len=  6.189  endpoints_valid=True  collision=False  over_limit=False
[544] PASS  time=  6.099s  status=Exact solution     len=  4.389  endpoints_valid=True  collision=False  over_limit=False
[545] PASS  time=  4.614s  status=Exact solution     len=  2.519  endpoints_valid=True  collision=False  over_limit=False
[546] PASS  time=  2.207s  status=Exact solution     len=  7.103  endpoints_valid=True  collision=False  over_limit=False
[547] PASS  time=  5.381s  status=Exact solution     len=  6.457  endpoints_valid=True  collision=False  over_limit=False
[548] PASS  time=  1.475s  status=Exact solution     len=  4.693  endpoints_valid=True  collision=False  over_limit=False
[549] PASS  time=  1.285s  status=Exact solution     len= 10.251  endpoints_valid=True  collision=False  over_limit=False
[550] PASS  time=  3.161s  status=Exact solution     len=  5.601  endpoints_valid=True  collision=False  over_limit=False
[551] PASS  time=  1.182s  status=Exact solution     len=  1.338  endpoints_valid=True  collision=False  over_limit=False
[552] PASS  time=  0.077s  status=Exact solution     len=  0.517  endpoints_valid=True  collision=False  over_limit=False
[553] PASS  time=  4.984s  status=Exact solution     len=  9.749  endpoints_valid=True  collision=False  over_limit=False
[554] PASS  time=  1.335s  status=Exact solution     len=  2.826  endpoints_valid=True  collision=False  over_limit=False
[555] PASS  time=  1.754s  status=Exact solution     len=  9.453  endpoints_valid=True  collision=False  over_limit=False
[556] PASS  time=  2.851s  status=Exact solution     len=  9.143  endpoints_valid=True  collision=False  over_limit=False
[557] PASS  time=  1.875s  status=Exact solution     len=  3.684  endpoints_valid=True  collision=False  over_limit=False
[558] PASS  time=  0.951s  status=Exact solution     len=  5.920  endpoints_valid=True  collision=False  over_limit=False
[559] PASS  time=  1.830s  status=Exact solution     len=  5.286  endpoints_valid=True  collision=False  over_limit=False
[560] PASS  time=  1.720s  status=Exact solution     len=  8.385  endpoints_valid=True  collision=False  over_limit=False
[561] PASS  time=  0.892s  status=Exact solution     len=  2.191  endpoints_valid=True  collision=False  over_limit=False
[562] PASS  time=  3.500s  status=Exact solution     len= 13.656  endpoints_valid=True  collision=False  over_limit=False
[563] PASS  time=  0.996s  status=Exact solution     len=  6.004  endpoints_valid=True  collision=False  over_limit=False
[564] PASS  time=  5.375s  status=Exact solution     len=  7.847  endpoints_valid=True  collision=False  over_limit=False
[565] PASS  time=  3.751s  status=Exact solution     len= 10.493  endpoints_valid=True  collision=False  over_limit=False
[566] PASS  time=  2.354s  status=Exact solution     len=  8.727  endpoints_valid=True  collision=False  over_limit=False
[567] PASS  time=  4.594s  status=Exact solution     len=  8.497  endpoints_valid=True  collision=False  over_limit=False
[568] PASS  time=  1.208s  status=Exact solution     len=  3.101  endpoints_valid=True  collision=False  over_limit=False
[569] PASS  time=  1.717s  status=Exact solution     len=  8.884  endpoints_valid=True  collision=False  over_limit=False
[570] PASS  time=  1.914s  status=Exact solution     len=  4.899  endpoints_valid=True  collision=False  over_limit=False
[571] PASS  time=  1.017s  status=Exact solution     len=  3.887  endpoints_valid=True  collision=False  over_limit=False
[572] PASS  time=  4.305s  status=Exact solution     len=  5.661  endpoints_valid=True  collision=False  over_limit=False
[573] PASS  time=  1.140s  status=Exact solution     len=  1.532  endpoints_valid=True  collision=False  over_limit=False
[574] PASS  time=  3.046s  status=Exact solution     len=  7.394  endpoints_valid=True  collision=False  over_limit=False
[575] PASS  time=  2.643s  status=Exact solution     len=  4.477  endpoints_valid=True  collision=False  over_limit=False
[576] PASS  time=  0.788s  status=Exact solution     len=  4.064  endpoints_valid=True  collision=False  over_limit=False
[577] PASS  time= 14.299s  status=Exact solution     len=  8.969  endpoints_valid=True  collision=False  over_limit=False
[578] PASS  time=  7.195s  status=Exact solution     len=  6.201  endpoints_valid=True  collision=False  over_limit=False
[579] PASS  time=  1.411s  status=Exact solution     len=  2.452  endpoints_valid=True  collision=False  over_limit=False
[580] PASS  time=  3.345s  status=Exact solution     len=  5.439  endpoints_valid=True  collision=False  over_limit=False
[581] PASS  time=  1.991s  status=Exact solution     len=  8.976  endpoints_valid=True  collision=False  over_limit=False
[582] PASS  time=  0.022s  status=Exact solution     len=  0.510  endpoints_valid=True  collision=False  over_limit=False
[583] PASS  time=  2.405s  status=Exact solution     len=  6.011  endpoints_valid=True  collision=False  over_limit=False
[584] PASS  time=  0.016s  status=Exact solution     len=  0.294  endpoints_valid=True  collision=False  over_limit=False
[585] PASS  time=  4.116s  status=Exact solution     len= 14.942  endpoints_valid=True  collision=False  over_limit=False
[586] PASS  time=  1.727s  status=Exact solution     len=  9.200  endpoints_valid=True  collision=False  over_limit=False
[587] PASS  time=  1.334s  status=Exact solution     len=  5.674  endpoints_valid=True  collision=False  over_limit=False
[588] PASS  time=  5.174s  status=Exact solution     len= 10.848  endpoints_valid=True  collision=False  over_limit=False
[589] PASS  time=  0.471s  status=Exact solution     len=  5.620  endpoints_valid=True  collision=False  over_limit=False
[590] PASS  time=  4.860s  status=Exact solution     len=  4.121  endpoints_valid=True  collision=False  over_limit=False
[591] PASS  time=  2.616s  status=Exact solution     len=  6.158  endpoints_valid=True  collision=False  over_limit=False
[592] PASS  time=  3.190s  status=Exact solution     len=  6.359  endpoints_valid=True  collision=False  over_limit=False
[593] PASS  time=  4.446s  status=Exact solution     len= 12.422  endpoints_valid=True  collision=False  over_limit=False
[594] PASS  time=  3.109s  status=Exact solution     len= 12.944  endpoints_valid=True  collision=False  over_limit=False
[595] PASS  time= 14.837s  status=Exact solution     len=  5.012  endpoints_valid=True  collision=False  over_limit=False
[596] PASS  time=  8.347s  status=Exact solution     len=  3.253  endpoints_valid=True  collision=False  over_limit=False
[597] PASS  time=  2.166s  status=Exact solution     len=  5.934  endpoints_valid=True  collision=False  over_limit=False
[598] PASS  time=  3.324s  status=Exact solution     len=  3.480  endpoints_valid=True  collision=False  over_limit=False
[599] PASS  time=  2.189s  status=Exact solution     len=  5.955  endpoints_valid=True  collision=False  over_limit=False
[600] PASS  time=  0.763s  status=Exact solution     len=  4.535  endpoints_valid=True  collision=False  over_limit=False
[601] PASS  time=  2.215s  status=Exact solution     len=  8.918  endpoints_valid=True  collision=False  over_limit=False
[602] PASS  time=  0.586s  status=Exact solution     len=  3.794  endpoints_valid=True  collision=False  over_limit=False
[603] PASS  time=  1.756s  status=Exact solution     len=  7.658  endpoints_valid=True  collision=False  over_limit=False
[604] PASS  time=  5.415s  status=Exact solution     len= 15.095  endpoints_valid=True  collision=False  over_limit=False
[605] PASS  time=  1.942s  status=Exact solution     len=  6.332  endpoints_valid=True  collision=False  over_limit=False
[606] PASS  time=  0.091s  status=Exact solution     len=  1.045  endpoints_valid=True  collision=False  over_limit=False
[607] PASS  time=  7.111s  status=Exact solution     len=  4.451  endpoints_valid=True  collision=False  over_limit=False
[608] PASS  time=  0.922s  status=Exact solution     len= 10.551  endpoints_valid=True  collision=False  over_limit=False
[609] PASS  time=  4.321s  status=Exact solution     len=  7.915  endpoints_valid=True  collision=False  over_limit=False
[610] PASS  time=  2.463s  status=Exact solution     len=  7.260  endpoints_valid=True  collision=False  over_limit=False
[611] PASS  time=  1.537s  status=Exact solution     len=  3.328  endpoints_valid=True  collision=False  over_limit=False
[612] PASS  time=  6.631s  status=Exact solution     len=  3.394  endpoints_valid=True  collision=False  over_limit=False
[613] PASS  time=  0.670s  status=Exact solution     len=  5.951  endpoints_valid=True  collision=False  over_limit=False
[614] PASS  time=  5.678s  status=Exact solution     len=  7.369  endpoints_valid=True  collision=False  over_limit=False
[615] PASS  time=  0.453s  status=Exact solution     len=  2.116  endpoints_valid=True  collision=False  over_limit=False
[616] PASS  time=  7.934s  status=Exact solution     len= 12.772  endpoints_valid=True  collision=False  over_limit=False
[617] PASS  time=  0.751s  status=Exact solution     len=  2.577  endpoints_valid=True  collision=False  over_limit=False
[618] PASS  time=  0.649s  status=Exact solution     len=  4.217  endpoints_valid=True  collision=False  over_limit=False
[619] PASS  time=  2.948s  status=Exact solution     len=  2.574  endpoints_valid=True  collision=False  over_limit=False
[620] PASS  time=  1.737s  status=Exact solution     len=  8.440  endpoints_valid=True  collision=False  over_limit=False
[621] PASS  time=  0.601s  status=Exact solution     len=  1.067  endpoints_valid=True  collision=False  over_limit=False
[622] PASS  time=  2.679s  status=Exact solution     len=  2.315  endpoints_valid=True  collision=False  over_limit=False
[623] PASS  time=  3.291s  status=Exact solution     len=  5.989  endpoints_valid=True  collision=False  over_limit=False
[624] PASS  time=  1.753s  status=Exact solution     len= 11.147  endpoints_valid=True  collision=False  over_limit=False
[625] PASS  time=  1.995s  status=Exact solution     len=  7.487  endpoints_valid=True  collision=False  over_limit=False
[626] PASS  time=  0.650s  status=Exact solution     len=  2.647  endpoints_valid=True  collision=False  over_limit=False
[627] PASS  time=  4.398s  status=Exact solution     len=  9.106  endpoints_valid=True  collision=False  over_limit=False
[628] PASS  time=  2.902s  status=Exact solution     len=  5.647  endpoints_valid=True  collision=False  over_limit=False
[629] PASS  time=  3.498s  status=Exact solution     len=  4.843  endpoints_valid=True  collision=False  over_limit=False
[630] PASS  time=  5.261s  status=Exact solution     len= 12.712  endpoints_valid=True  collision=False  over_limit=False
[631] PASS  time=  1.856s  status=Exact solution     len=  4.864  endpoints_valid=True  collision=False  over_limit=False
[632] PASS  time=  1.783s  status=Exact solution     len=  0.899  endpoints_valid=True  collision=False  over_limit=False
[633] PASS  time=  7.256s  status=Exact solution     len=  6.764  endpoints_valid=True  collision=False  over_limit=False
[634] PASS  time=  1.135s  status=Exact solution     len=  8.358  endpoints_valid=True  collision=False  over_limit=False
[635] PASS  time=  5.645s  status=Exact solution     len=  8.840  endpoints_valid=True  collision=False  over_limit=False
[636] PASS  time=  0.222s  status=Exact solution     len=  1.097  endpoints_valid=True  collision=False  over_limit=False
[637] PASS  time=  1.363s  status=Exact solution     len=  7.372  endpoints_valid=True  collision=False  over_limit=False
[638] PASS  time=  2.224s  status=Exact solution     len=  4.876  endpoints_valid=True  collision=False  over_limit=False
[639] PASS  time=  1.464s  status=Exact solution     len=  6.083  endpoints_valid=True  collision=False  over_limit=False
[640] PASS  time=  5.564s  status=Exact solution     len=  8.964  endpoints_valid=True  collision=False  over_limit=False
[641] PASS  time=  4.067s  status=Exact solution     len=  6.549  endpoints_valid=True  collision=False  over_limit=False
[642] PASS  time=  2.910s  status=Exact solution     len= 10.474  endpoints_valid=True  collision=False  over_limit=False
[643] PASS  time=  5.057s  status=Exact solution     len=  6.581  endpoints_valid=True  collision=False  over_limit=False
[644] PASS  time=  1.348s  status=Exact solution     len= 11.759  endpoints_valid=True  collision=False  over_limit=False
[645] PASS  time=  3.594s  status=Exact solution     len=  4.181  endpoints_valid=True  collision=False  over_limit=False
[646] PASS  time= 10.708s  status=Exact solution     len=  2.045  endpoints_valid=True  collision=False  over_limit=False
[647] PASS  time=  0.871s  status=Exact solution     len=  2.787  endpoints_valid=True  collision=False  over_limit=False
[648] PASS  time=  4.820s  status=Exact solution     len= 10.243  endpoints_valid=True  collision=False  over_limit=False
[649] PASS  time=  4.623s  status=Exact solution     len=  9.865  endpoints_valid=True  collision=False  over_limit=False
[650] FAIL  time= 30.065s  status=Timeout            len=    nan  endpoints_valid=True  collision=False  over_limit=True
[651] PASS  time=  1.236s  status=Exact solution     len=  6.453  endpoints_valid=True  collision=False  over_limit=False
[652] PASS  time=  2.274s  status=Exact solution     len=  6.960  endpoints_valid=True  collision=False  over_limit=False
[653] PASS  time=  4.690s  status=Exact solution     len=  5.294  endpoints_valid=True  collision=False  over_limit=False
[654] PASS  time=  3.768s  status=Exact solution     len=  4.985  endpoints_valid=True  collision=False  over_limit=False
[655] PASS  time= 11.574s  status=Exact solution     len=  5.973  endpoints_valid=True  collision=False  over_limit=False
[656] PASS  time=  3.651s  status=Exact solution     len= 11.352  endpoints_valid=True  collision=False  over_limit=False
[657] PASS  time=  1.716s  status=Exact solution     len=  8.024  endpoints_valid=True  collision=False  over_limit=False
[658] PASS  time=  0.533s  status=Exact solution     len=  5.160  endpoints_valid=True  collision=False  over_limit=False
[659] PASS  time=  0.126s  status=Exact solution     len=  1.533  endpoints_valid=True  collision=False  over_limit=False
[660] PASS  time=  0.050s  status=Exact solution     len=  1.550  endpoints_valid=True  collision=False  over_limit=False
[661] PASS  time=  7.200s  status=Exact solution     len=  8.074  endpoints_valid=True  collision=False  over_limit=False
[662] PASS  time=  1.474s  status=Exact solution     len=  2.576  endpoints_valid=True  collision=False  over_limit=False
[663] PASS  time=  1.332s  status=Exact solution     len=  2.372  endpoints_valid=True  collision=False  over_limit=False
[664] PASS  time=  2.176s  status=Exact solution     len=  5.084  endpoints_valid=True  collision=False  over_limit=False
[665] PASS  time=  3.860s  status=Exact solution     len=  9.465  endpoints_valid=True  collision=False  over_limit=False
[666] PASS  time=  3.743s  status=Exact solution     len=  7.087  endpoints_valid=True  collision=False  over_limit=False
[667] PASS  time=  0.058s  status=Exact solution     len=  0.585  endpoints_valid=True  collision=False  over_limit=False
[668] PASS  time=  9.895s  status=Exact solution     len=  4.872  endpoints_valid=True  collision=False  over_limit=False
[669] PASS  time=  4.539s  status=Exact solution     len=  6.981  endpoints_valid=True  collision=False  over_limit=False
[670] PASS  time=  1.531s  status=Exact solution     len=  5.037  endpoints_valid=True  collision=False  over_limit=False
[671] PASS  time=  2.886s  status=Exact solution     len=  7.646  endpoints_valid=True  collision=False  over_limit=False
[672] PASS  time=  2.116s  status=Exact solution     len=  4.988  endpoints_valid=True  collision=False  over_limit=False
[673] PASS  time=  5.641s  status=Exact solution     len=  7.346  endpoints_valid=True  collision=False  over_limit=False
[674] PASS  time=  5.842s  status=Exact solution     len=  5.054  endpoints_valid=True  collision=False  over_limit=False
[675] PASS  time=  1.377s  status=Exact solution     len=  7.211  endpoints_valid=True  collision=False  over_limit=False
[676] PASS  time=  3.839s  status=Exact solution     len=  6.607  endpoints_valid=True  collision=False  over_limit=False
[677] PASS  time= 15.822s  status=Exact solution     len=  5.261  endpoints_valid=True  collision=False  over_limit=False
[678] PASS  time=  0.536s  status=Exact solution     len=  1.065  endpoints_valid=True  collision=False  over_limit=False
[679] PASS  time=  2.909s  status=Exact solution     len=  9.259  endpoints_valid=True  collision=False  over_limit=False
[680] PASS  time=  1.726s  status=Exact solution     len=  6.144  endpoints_valid=True  collision=False  over_limit=False
[681] PASS  time=  2.023s  status=Exact solution     len=  3.194  endpoints_valid=True  collision=False  over_limit=False
[682] PASS  time=  7.568s  status=Exact solution     len=  9.805  endpoints_valid=True  collision=False  over_limit=False
[683] PASS  time=  3.218s  status=Exact solution     len=  7.807  endpoints_valid=True  collision=False  over_limit=False
[684] PASS  time=  2.274s  status=Exact solution     len=  4.971  endpoints_valid=True  collision=False  over_limit=False
[685] PASS  time=  2.095s  status=Exact solution     len=  6.750  endpoints_valid=True  collision=False  over_limit=False
[686] PASS  time=  0.926s  status=Exact solution     len=  6.478  endpoints_valid=True  collision=False  over_limit=False
[687] PASS  time=  2.321s  status=Exact solution     len=  3.724  endpoints_valid=True  collision=False  over_limit=False
[688] PASS  time=  1.636s  status=Exact solution     len=  5.504  endpoints_valid=True  collision=False  over_limit=False
[689] PASS  time=  5.831s  status=Exact solution     len=  6.418  endpoints_valid=True  collision=False  over_limit=False
[690] PASS  time=  2.821s  status=Exact solution     len=  6.345  endpoints_valid=True  collision=False  over_limit=False
[691] PASS  time=  1.885s  status=Exact solution     len=  4.964  endpoints_valid=True  collision=False  over_limit=False
[692] PASS  time=  3.658s  status=Exact solution     len= 13.153  endpoints_valid=True  collision=False  over_limit=False
[693] PASS  time=  1.705s  status=Exact solution     len=  2.309  endpoints_valid=True  collision=False  over_limit=False
[694] PASS  time=  1.346s  status=Exact solution     len=  1.771  endpoints_valid=True  collision=False  over_limit=False
[695] PASS  time=  1.913s  status=Exact solution     len=  3.925  endpoints_valid=True  collision=False  over_limit=False
[696] PASS  time=  1.025s  status=Exact solution     len=  5.301  endpoints_valid=True  collision=False  over_limit=False
[697] PASS  time=  1.539s  status=Exact solution     len=  4.937  endpoints_valid=True  collision=False  over_limit=False
[698] PASS  time=  1.065s  status=Exact solution     len=  3.940  endpoints_valid=True  collision=False  over_limit=False
[699] PASS  time=  4.928s  status=Exact solution     len=  5.465  endpoints_valid=True  collision=False  over_limit=False
[700] PASS  time=  3.098s  status=Exact solution     len=  6.501  endpoints_valid=True  collision=False  over_limit=False
[701] PASS  time=  1.348s  status=Exact solution     len=  4.558  endpoints_valid=True  collision=False  over_limit=False
[702] PASS  time=  2.289s  status=Exact solution     len=  8.560  endpoints_valid=True  collision=False  over_limit=False
[703] PASS  time=  2.455s  status=Exact solution     len=  4.328  endpoints_valid=True  collision=False  over_limit=False
[704] PASS  time=  5.270s  status=Exact solution     len=  5.096  endpoints_valid=True  collision=False  over_limit=False
[705] PASS  time=  2.471s  status=Exact solution     len=  6.650  endpoints_valid=True  collision=False  over_limit=False
[706] PASS  time=  2.190s  status=Exact solution     len=  5.751  endpoints_valid=True  collision=False  over_limit=False
[707] PASS  time=  3.823s  status=Exact solution     len=  9.447  endpoints_valid=True  collision=False  over_limit=False
[708] PASS  time=  1.822s  status=Exact solution     len=  4.706  endpoints_valid=True  collision=False  over_limit=False
[709] PASS  time=  3.510s  status=Exact solution     len=  5.696  endpoints_valid=True  collision=False  over_limit=False
[710] PASS  time=  2.719s  status=Exact solution     len=  4.735  endpoints_valid=True  collision=False  over_limit=False
[711] PASS  time=  1.483s  status=Exact solution     len=  6.253  endpoints_valid=True  collision=False  over_limit=False
[712] PASS  time=  6.940s  status=Exact solution     len=  5.180  endpoints_valid=True  collision=False  over_limit=False
[713] PASS  time=  1.746s  status=Exact solution     len=  5.377  endpoints_valid=True  collision=False  over_limit=False
[714] PASS  time=  1.807s  status=Exact solution     len=  5.586  endpoints_valid=True  collision=False  over_limit=False
[715] PASS  time=  3.532s  status=Exact solution     len=  3.177  endpoints_valid=True  collision=False  over_limit=False
[716] PASS  time=  2.737s  status=Exact solution     len=  3.577  endpoints_valid=True  collision=False  over_limit=False
[717] PASS  time=  1.280s  status=Exact solution     len=  3.278  endpoints_valid=True  collision=False  over_limit=False
[718] PASS  time=  1.697s  status=Exact solution     len=  4.540  endpoints_valid=True  collision=False  over_limit=False
[719] PASS  time=  6.877s  status=Exact solution     len=  3.658  endpoints_valid=True  collision=False  over_limit=False
[720] PASS  time=  0.951s  status=Exact solution     len=  4.190  endpoints_valid=True  collision=False  over_limit=False
[721] PASS  time= 22.218s  status=Exact solution     len=  8.928  endpoints_valid=True  collision=False  over_limit=False
[722] PASS  time=  1.812s  status=Exact solution     len=  5.968  endpoints_valid=True  collision=False  over_limit=False
[723] PASS  time=  2.927s  status=Exact solution     len= 12.905  endpoints_valid=True  collision=False  over_limit=False
[724] PASS  time=  2.378s  status=Exact solution     len=  3.513  endpoints_valid=True  collision=False  over_limit=False
[725] PASS  time=  4.061s  status=Exact solution     len= 10.128  endpoints_valid=True  collision=False  over_limit=False
[726] PASS  time=  1.220s  status=Exact solution     len=  5.114  endpoints_valid=True  collision=False  over_limit=False
[727] PASS  time=  2.434s  status=Exact solution     len=  7.235  endpoints_valid=True  collision=False  over_limit=False
[728] PASS  time=  1.199s  status=Exact solution     len=  5.619  endpoints_valid=True  collision=False  over_limit=False
[729] PASS  time=  3.059s  status=Exact solution     len=  7.747  endpoints_valid=True  collision=False  over_limit=False
[730] PASS  time=  0.361s  status=Exact solution     len=  3.512  endpoints_valid=True  collision=False  over_limit=False
[731] PASS  time=  4.121s  status=Exact solution     len= 11.312  endpoints_valid=True  collision=False  over_limit=False
[732] PASS  time=  2.083s  status=Exact solution     len=  3.747  endpoints_valid=True  collision=False  over_limit=False
[733] PASS  time=  1.271s  status=Exact solution     len=  4.048  endpoints_valid=True  collision=False  over_limit=False
[734] PASS  time=  0.604s  status=Exact solution     len=  5.615  endpoints_valid=True  collision=False  over_limit=False
[735] PASS  time=  4.249s  status=Exact solution     len= 11.082  endpoints_valid=True  collision=False  over_limit=False
[736] PASS  time=  3.523s  status=Exact solution     len=  4.418  endpoints_valid=True  collision=False  over_limit=False
[737] PASS  time=  2.630s  status=Exact solution     len=  8.159  endpoints_valid=True  collision=False  over_limit=False
[738] PASS  time=  1.564s  status=Exact solution     len=  7.849  endpoints_valid=True  collision=False  over_limit=False
[739] PASS  time=  3.590s  status=Exact solution     len=  8.224  endpoints_valid=True  collision=False  over_limit=False
[740] PASS  time=  2.945s  status=Exact solution     len=  7.507  endpoints_valid=True  collision=False  over_limit=False
[741] PASS  time=  5.430s  status=Exact solution     len=  5.113  endpoints_valid=True  collision=False  over_limit=False
[742] PASS  time=  0.039s  status=Exact solution     len=  0.602  endpoints_valid=True  collision=False  over_limit=False
[743] PASS  time=  4.938s  status=Exact solution     len=  4.774  endpoints_valid=True  collision=False  over_limit=False
[744] PASS  time=  1.264s  status=Exact solution     len=  5.500  endpoints_valid=True  collision=False  over_limit=False
[745] PASS  time=  1.507s  status=Exact solution     len=  5.041  endpoints_valid=True  collision=False  over_limit=False
[746] PASS  time=  0.142s  status=Exact solution     len=  1.061  endpoints_valid=True  collision=False  over_limit=False
[747] PASS  time=  8.299s  status=Exact solution     len=  5.765  endpoints_valid=True  collision=False  over_limit=False
[748] PASS  time= 13.665s  status=Exact solution     len=  3.541  endpoints_valid=True  collision=False  over_limit=False
[749] PASS  time=  2.672s  status=Exact solution     len=  9.793  endpoints_valid=True  collision=False  over_limit=False
[750] PASS  time=  3.671s  status=Exact solution     len= 12.839  endpoints_valid=True  collision=False  over_limit=False
[751] PASS  time=  1.481s  status=Exact solution     len=  2.441  endpoints_valid=True  collision=False  over_limit=False
[752] PASS  time=  3.939s  status=Exact solution     len=  5.611  endpoints_valid=True  collision=False  over_limit=False
[753] PASS  time=  9.050s  status=Exact solution     len=  3.479  endpoints_valid=True  collision=False  over_limit=False
[754] PASS  time=  1.315s  status=Exact solution     len=  4.915  endpoints_valid=True  collision=False  over_limit=False
[755] PASS  time=  3.784s  status=Exact solution     len=  6.298  endpoints_valid=True  collision=False  over_limit=False
[756] PASS  time=  4.823s  status=Exact solution     len=  4.232  endpoints_valid=True  collision=False  over_limit=False
[757] PASS  time=  5.349s  status=Exact solution     len=  6.456  endpoints_valid=True  collision=False  over_limit=False
[758] PASS  time=  1.449s  status=Exact solution     len=  6.997  endpoints_valid=True  collision=False  over_limit=False
[759] PASS  time=  3.410s  status=Exact solution     len=  7.181  endpoints_valid=True  collision=False  over_limit=False
[760] PASS  time=  3.742s  status=Exact solution     len=  5.507  endpoints_valid=True  collision=False  over_limit=False
[761] PASS  time=  2.366s  status=Exact solution     len=  3.709  endpoints_valid=True  collision=False  over_limit=False
[762] PASS  time=  5.315s  status=Exact solution     len= 13.111  endpoints_valid=True  collision=False  over_limit=False
[763] PASS  time=  2.614s  status=Exact solution     len=  6.444  endpoints_valid=True  collision=False  over_limit=False
[764] PASS  time=  3.436s  status=Exact solution     len=  5.476  endpoints_valid=True  collision=False  over_limit=False
[765] PASS  time=  6.988s  status=Exact solution     len= 12.076  endpoints_valid=True  collision=False  over_limit=False
[766] PASS  time=  1.408s  status=Exact solution     len=  6.677  endpoints_valid=True  collision=False  over_limit=False
[767] PASS  time=  3.856s  status=Exact solution     len=  6.829  endpoints_valid=True  collision=False  over_limit=False
[768] PASS  time=  3.945s  status=Exact solution     len= 12.921  endpoints_valid=True  collision=False  over_limit=False
[769] PASS  time=  4.248s  status=Exact solution     len=  5.274  endpoints_valid=True  collision=False  over_limit=False
[770] PASS  time=  2.810s  status=Exact solution     len=  4.758  endpoints_valid=True  collision=False  over_limit=False
[771] PASS  time=  1.687s  status=Exact solution     len=  3.097  endpoints_valid=True  collision=False  over_limit=False
[772] PASS  time=  3.506s  status=Exact solution     len=  6.702  endpoints_valid=True  collision=False  over_limit=False
[773] PASS  time=  5.606s  status=Exact solution     len=  3.789  endpoints_valid=True  collision=False  over_limit=False
[774] PASS  time=  1.560s  status=Exact solution     len=  4.866  endpoints_valid=True  collision=False  over_limit=False
[775] PASS  time= 11.337s  status=Exact solution     len=  6.043  endpoints_valid=True  collision=False  over_limit=False
[776] PASS  time=  2.380s  status=Exact solution     len=  6.978  endpoints_valid=True  collision=False  over_limit=False
[777] PASS  time=  4.190s  status=Exact solution     len=  4.444  endpoints_valid=True  collision=False  over_limit=False
[778] PASS  time=  2.241s  status=Exact solution     len= 10.643  endpoints_valid=True  collision=False  over_limit=False
[779] PASS  time=  3.979s  status=Exact solution     len= 10.806  endpoints_valid=True  collision=False  over_limit=False
[780] PASS  time=  6.516s  status=Exact solution     len=  5.713  endpoints_valid=True  collision=False  over_limit=False
[781] PASS  time=  1.265s  status=Exact solution     len=  5.912  endpoints_valid=True  collision=False  over_limit=False
[782] PASS  time=  1.966s  status=Exact solution     len=  6.404  endpoints_valid=True  collision=False  over_limit=False
[783] FAIL  time= 30.072s  status=Timeout            len=    nan  endpoints_valid=True  collision=False  over_limit=True
[784] PASS  time=  0.288s  status=Exact solution     len=  0.562  endpoints_valid=True  collision=False  over_limit=False
[785] PASS  time=  1.253s  status=Exact solution     len=  3.044  endpoints_valid=True  collision=False  over_limit=False
[786] PASS  time=  3.210s  status=Exact solution     len=  7.295  endpoints_valid=True  collision=False  over_limit=False
[787] PASS  time=  2.308s  status=Exact solution     len=  7.036  endpoints_valid=True  collision=False  over_limit=False
[788] PASS  time=  0.541s  status=Exact solution     len=  2.573  endpoints_valid=True  collision=False  over_limit=False
[789] PASS  time=  1.160s  status=Exact solution     len=  9.421  endpoints_valid=True  collision=False  over_limit=False
[790] PASS  time=  1.234s  status=Exact solution     len=  5.122  endpoints_valid=True  collision=False  over_limit=False
[791] PASS  time=  3.412s  status=Exact solution     len= 12.109  endpoints_valid=True  collision=False  over_limit=False
[792] PASS  time=  2.294s  status=Exact solution     len=  7.195  endpoints_valid=True  collision=False  over_limit=False
[793] PASS  time=  2.945s  status=Exact solution     len=  9.250  endpoints_valid=True  collision=False  over_limit=False
[794] PASS  time=  1.767s  status=Exact solution     len= 10.715  endpoints_valid=True  collision=False  over_limit=False
[795] PASS  time=  0.155s  status=Exact solution     len=  2.183  endpoints_valid=True  collision=False  over_limit=False
[796] PASS  time=  3.360s  status=Exact solution     len=  7.223  endpoints_valid=True  collision=False  over_limit=False
[797] PASS  time=  4.052s  status=Exact solution     len=  9.564  endpoints_valid=True  collision=False  over_limit=False
[798] PASS  time=  3.922s  status=Exact solution     len=  8.742  endpoints_valid=True  collision=False  over_limit=False
[799] PASS  time=  4.252s  status=Exact solution     len=  5.743  endpoints_valid=True  collision=False  over_limit=False
[800] PASS  time=  0.062s  status=Exact solution     len=  1.076  endpoints_valid=True  collision=False  over_limit=False
[801] PASS  time= 14.503s  status=Exact solution     len=  3.078  endpoints_valid=True  collision=False  over_limit=False
[802] PASS  time=  5.362s  status=Exact solution     len= 12.643  endpoints_valid=True  collision=False  over_limit=False
[803] PASS  time=  1.533s  status=Exact solution     len=  7.601  endpoints_valid=True  collision=False  over_limit=False
[804] PASS  time=  5.435s  status=Exact solution     len=  5.130  endpoints_valid=True  collision=False  over_limit=False
[805] PASS  time=  0.792s  status=Exact solution     len=  7.739  endpoints_valid=True  collision=False  over_limit=False
[806] PASS  time=  0.885s  status=Exact solution     len=  2.501  endpoints_valid=True  collision=False  over_limit=False
[807] PASS  time=  3.398s  status=Exact solution     len=  6.865  endpoints_valid=True  collision=False  over_limit=False
[808] PASS  time=  0.846s  status=Exact solution     len=  3.549  endpoints_valid=True  collision=False  over_limit=False
[809] PASS  time=  3.896s  status=Exact solution     len=  6.588  endpoints_valid=True  collision=False  over_limit=False
[810] PASS  time=  1.222s  status=Exact solution     len=  2.670  endpoints_valid=True  collision=False  over_limit=False
[811] PASS  time=  1.344s  status=Exact solution     len=  9.252  endpoints_valid=True  collision=False  over_limit=False
[812] PASS  time=  3.943s  status=Exact solution     len=  6.665  endpoints_valid=True  collision=False  over_limit=False
[813] PASS  time=  2.355s  status=Exact solution     len=  4.911  endpoints_valid=True  collision=False  over_limit=False
[814] PASS  time=  0.349s  status=Exact solution     len=  3.065  endpoints_valid=True  collision=False  over_limit=False
[815] PASS  time=  8.953s  status=Exact solution     len=  7.433  endpoints_valid=True  collision=False  over_limit=False
[816] PASS  time=  1.505s  status=Exact solution     len=  5.462  endpoints_valid=True  collision=False  over_limit=False
[817] PASS  time=  2.082s  status=Exact solution     len=  5.595  endpoints_valid=True  collision=False  over_limit=False
[818] PASS  time=  2.792s  status=Exact solution     len= 14.157  endpoints_valid=True  collision=False  over_limit=False
[819] PASS  time=  4.245s  status=Exact solution     len= 12.496  endpoints_valid=True  collision=False  over_limit=False
[820] PASS  time=  2.807s  status=Exact solution     len=  6.531  endpoints_valid=True  collision=False  over_limit=False
[821] PASS  time=  3.503s  status=Exact solution     len=  4.560  endpoints_valid=True  collision=False  over_limit=False
[822] PASS  time=  3.855s  status=Exact solution     len= 13.244  endpoints_valid=True  collision=False  over_limit=False
[823] PASS  time=  3.872s  status=Exact solution     len=  8.082  endpoints_valid=True  collision=False  over_limit=False
[824] PASS  time=  1.999s  status=Exact solution     len=  4.666  endpoints_valid=True  collision=False  over_limit=False
[825] PASS  time=  0.317s  status=Exact solution     len=  1.084  endpoints_valid=True  collision=False  over_limit=False
[826] PASS  time=  4.311s  status=Exact solution     len=  5.080  endpoints_valid=True  collision=False  over_limit=False
[827] PASS  time=  0.060s  status=Exact solution     len=  0.575  endpoints_valid=True  collision=False  over_limit=False
[828] PASS  time=  2.671s  status=Exact solution     len=  7.985  endpoints_valid=True  collision=False  over_limit=False
[829] PASS  time=  0.850s  status=Exact solution     len=  4.850  endpoints_valid=True  collision=False  over_limit=False
[830] PASS  time=  0.082s  status=Exact solution     len=  0.540  endpoints_valid=True  collision=False  over_limit=False
[831] PASS  time=  0.325s  status=Exact solution     len=  1.002  endpoints_valid=True  collision=False  over_limit=False
[832] PASS  time=  0.444s  status=Exact solution     len=  2.553  endpoints_valid=True  collision=False  over_limit=False
[833] PASS  time=  1.663s  status=Exact solution     len=  7.563  endpoints_valid=True  collision=False  over_limit=False
[834] PASS  time=  4.144s  status=Exact solution     len=  9.165  endpoints_valid=True  collision=False  over_limit=False
[835] PASS  time=  0.341s  status=Exact solution     len=  3.767  endpoints_valid=True  collision=False  over_limit=False
[836] PASS  time=  1.132s  status=Exact solution     len=  3.773  endpoints_valid=True  collision=False  over_limit=False
[837] PASS  time=  3.292s  status=Exact solution     len= 10.275  endpoints_valid=True  collision=False  over_limit=False
[838] PASS  time=  0.063s  status=Exact solution     len=  0.540  endpoints_valid=True  collision=False  over_limit=False
[839] PASS  time=  0.630s  status=Exact solution     len=  2.674  endpoints_valid=True  collision=False  over_limit=False
[840] PASS  time=  3.689s  status=Exact solution     len= 13.416  endpoints_valid=True  collision=False  over_limit=False
[841] PASS  time=  1.860s  status=Exact solution     len=  8.895  endpoints_valid=True  collision=False  over_limit=False
[842] PASS  time=  2.920s  status=Exact solution     len=  3.976  endpoints_valid=True  collision=False  over_limit=False
[843] PASS  time=  0.106s  status=Exact solution     len=  1.031  endpoints_valid=True  collision=False  over_limit=False
[844] PASS  time=  0.922s  status=Exact solution     len=  4.177  endpoints_valid=True  collision=False  over_limit=False
[845] PASS  time=  3.874s  status=Exact solution     len=  6.715  endpoints_valid=True  collision=False  over_limit=False
[846] PASS  time=  7.329s  status=Exact solution     len=  8.350  endpoints_valid=True  collision=False  over_limit=False
[847] PASS  time=  2.999s  status=Exact solution     len= 10.259  endpoints_valid=True  collision=False  over_limit=False
[848] PASS  time=  4.424s  status=Exact solution     len=  7.296  endpoints_valid=True  collision=False  over_limit=False
[849] PASS  time=  1.364s  status=Exact solution     len=  4.606  endpoints_valid=True  collision=False  over_limit=False
[850] PASS  time=  6.436s  status=Exact solution     len=  4.265  endpoints_valid=True  collision=False  over_limit=False
[851] PASS  time=  1.624s  status=Exact solution     len=  6.270  endpoints_valid=True  collision=False  over_limit=False
[852] PASS  time=  3.488s  status=Exact solution     len=  2.352  endpoints_valid=True  collision=False  over_limit=False
[853] PASS  time=  1.006s  status=Exact solution     len=  3.678  endpoints_valid=True  collision=False  over_limit=False
[854] PASS  time=  3.277s  status=Exact solution     len=  3.887  endpoints_valid=True  collision=False  over_limit=False
[855] PASS  time=  3.837s  status=Exact solution     len=  3.597  endpoints_valid=True  collision=False  over_limit=False
[856] PASS  time=  2.715s  status=Exact solution     len=  8.295  endpoints_valid=True  collision=False  over_limit=False
[857] PASS  time=  4.032s  status=Exact solution     len=  4.638  endpoints_valid=True  collision=False  over_limit=False
[858] PASS  time=  0.372s  status=Exact solution     len=  2.190  endpoints_valid=True  collision=False  over_limit=False
[859] PASS  time=  0.927s  status=Exact solution     len=  2.004  endpoints_valid=True  collision=False  over_limit=False
[860] PASS  time=  4.433s  status=Exact solution     len=  7.263  endpoints_valid=True  collision=False  over_limit=False
[861] PASS  time= 10.672s  status=Exact solution     len=  4.351  endpoints_valid=True  collision=False  over_limit=False
[862] PASS  time=  4.387s  status=Exact solution     len=  7.566  endpoints_valid=True  collision=False  over_limit=False
[863] FAIL  time= 30.069s  status=Timeout            len=    nan  endpoints_valid=True  collision=False  over_limit=True
[864] PASS  time=  2.300s  status=Exact solution     len=  3.480  endpoints_valid=True  collision=False  over_limit=False
[865] PASS  time=  3.774s  status=Exact solution     len=  6.462  endpoints_valid=True  collision=False  over_limit=False
[866] PASS  time=  1.490s  status=Exact solution     len=  3.510  endpoints_valid=True  collision=False  over_limit=False
[867] PASS  time=  2.075s  status=Exact solution     len=  2.772  endpoints_valid=True  collision=False  over_limit=False
[868] PASS  time=  8.486s  status=Exact solution     len=  6.125  endpoints_valid=True  collision=False  over_limit=False
[869] PASS  time=  1.083s  status=Exact solution     len=  5.159  endpoints_valid=True  collision=False  over_limit=False
[870] PASS  time=  2.328s  status=Exact solution     len=  3.318  endpoints_valid=True  collision=False  over_limit=False
[871] PASS  time=  1.025s  status=Exact solution     len=  4.263  endpoints_valid=True  collision=False  over_limit=False
[872] PASS  time=  2.620s  status=Exact solution     len= 11.591  endpoints_valid=True  collision=False  over_limit=False
[873] PASS  time=  1.547s  status=Exact solution     len=  2.481  endpoints_valid=True  collision=False  over_limit=False
[874] PASS  time=  1.311s  status=Exact solution     len=  5.124  endpoints_valid=True  collision=False  over_limit=False
[875] PASS  time=  2.184s  status=Exact solution     len=  3.009  endpoints_valid=True  collision=False  over_limit=False
[876] PASS  time=  0.903s  status=Exact solution     len=  4.615  endpoints_valid=True  collision=False  over_limit=False
[877] PASS  time=  1.500s  status=Exact solution     len=  4.946  endpoints_valid=True  collision=False  over_limit=False
[878] PASS  time=  3.939s  status=Exact solution     len=  3.048  endpoints_valid=True  collision=False  over_limit=False
[879] PASS  time=  6.914s  status=Exact solution     len=  4.137  endpoints_valid=True  collision=False  over_limit=False
[880] PASS  time=  4.050s  status=Exact solution     len=  2.736  endpoints_valid=True  collision=False  over_limit=False
[881] PASS  time=  0.375s  status=Exact solution     len=  0.596  endpoints_valid=True  collision=False  over_limit=False
[882] PASS  time=  2.793s  status=Exact solution     len=  2.368  endpoints_valid=True  collision=False  over_limit=False
[883] PASS  time=  2.216s  status=Exact solution     len=  9.134  endpoints_valid=True  collision=False  over_limit=False
[884] PASS  time=  3.159s  status=Exact solution     len=  7.664  endpoints_valid=True  collision=False  over_limit=False
[885] PASS  time=  0.089s  status=Exact solution     len=  0.524  endpoints_valid=True  collision=False  over_limit=False
[886] PASS  time=  1.290s  status=Exact solution     len=  4.261  endpoints_valid=True  collision=False  over_limit=False
[887] PASS  time=  7.823s  status=Exact solution     len= 11.006  endpoints_valid=True  collision=False  over_limit=False
[888] PASS  time=  5.347s  status=Exact solution     len=  7.572  endpoints_valid=True  collision=False  over_limit=False
[889] PASS  time=  0.809s  status=Exact solution     len=  3.459  endpoints_valid=True  collision=False  over_limit=False
[890] PASS  time=  2.867s  status=Exact solution     len=  4.701  endpoints_valid=True  collision=False  over_limit=False
[891] PASS  time=  3.221s  status=Exact solution     len=  6.534  endpoints_valid=True  collision=False  over_limit=False
[892] PASS  time=  4.166s  status=Exact solution     len=  7.350  endpoints_valid=True  collision=False  over_limit=False
[893] PASS  time=  3.627s  status=Exact solution     len=  1.536  endpoints_valid=True  collision=False  over_limit=False
[894] PASS  time=  4.247s  status=Exact solution     len= 11.895  endpoints_valid=True  collision=False  over_limit=False
[895] PASS  time=  1.182s  status=Exact solution     len=  6.923  endpoints_valid=True  collision=False  over_limit=False
[896] PASS  time= 13.323s  status=Exact solution     len=  6.237  endpoints_valid=True  collision=False  over_limit=False
[897] PASS  time=  3.017s  status=Exact solution     len=  9.482  endpoints_valid=True  collision=False  over_limit=False
[898] PASS  time=  1.788s  status=Exact solution     len=  5.890  endpoints_valid=True  collision=False  over_limit=False
[899] PASS  time=  4.772s  status=Exact solution     len=  3.819  endpoints_valid=True  collision=False  over_limit=False
[900] PASS  time=  4.592s  status=Exact solution     len=  8.147  endpoints_valid=True  collision=False  over_limit=False
[901] PASS  time=  5.329s  status=Exact solution     len= 12.267  endpoints_valid=True  collision=False  over_limit=False
[902] PASS  time=  2.901s  status=Exact solution     len=  4.910  endpoints_valid=True  collision=False  over_limit=False
[903] PASS  time=  9.352s  status=Exact solution     len= 10.386  endpoints_valid=True  collision=False  over_limit=False
[904] PASS  time=  3.436s  status=Exact solution     len=  8.307  endpoints_valid=True  collision=False  over_limit=False
[905] PASS  time=  4.360s  status=Exact solution     len=  8.124  endpoints_valid=True  collision=False  over_limit=False
[906] PASS  time=  2.411s  status=Exact solution     len= 12.220  endpoints_valid=True  collision=False  over_limit=False
[907] PASS  time=  5.758s  status=Exact solution     len=  5.348  endpoints_valid=True  collision=False  over_limit=False
[908] PASS  time=  0.470s  status=Exact solution     len=  5.076  endpoints_valid=True  collision=False  over_limit=False
[909] PASS  time=  4.860s  status=Exact solution     len= 12.807  endpoints_valid=True  collision=False  over_limit=False
[910] PASS  time=  2.487s  status=Exact solution     len=  5.414  endpoints_valid=True  collision=False  over_limit=False
[911] PASS  time=  1.441s  status=Exact solution     len=  4.057  endpoints_valid=True  collision=False  over_limit=False
[912] PASS  time=  3.347s  status=Exact solution     len=  5.712  endpoints_valid=True  collision=False  over_limit=False
[913] PASS  time=  3.777s  status=Exact solution     len=  6.124  endpoints_valid=True  collision=False  over_limit=False
[914] PASS  time=  2.937s  status=Exact solution     len=  8.511  endpoints_valid=True  collision=False  over_limit=False
[915] PASS  time=  3.012s  status=Exact solution     len=  9.408  endpoints_valid=True  collision=False  over_limit=False
[916] PASS  time=  1.923s  status=Exact solution     len=  4.060  endpoints_valid=True  collision=False  over_limit=False
[917] PASS  time=  2.821s  status=Exact solution     len=  6.201  endpoints_valid=True  collision=False  over_limit=False
[918] PASS  time=  5.810s  status=Exact solution     len=  6.000  endpoints_valid=True  collision=False  over_limit=False
[919] PASS  time=  0.792s  status=Exact solution     len=  6.763  endpoints_valid=True  collision=False  over_limit=False
[920] PASS  time=  0.541s  status=Exact solution     len=  2.735  endpoints_valid=True  collision=False  over_limit=False
[921] PASS  time=  1.979s  status=Exact solution     len=  5.552  endpoints_valid=True  collision=False  over_limit=False
[922] PASS  time=  0.443s  status=Exact solution     len=  2.445  endpoints_valid=True  collision=False  over_limit=False
[923] PASS  time=  1.445s  status=Exact solution     len=  4.571  endpoints_valid=True  collision=False  over_limit=False
[924] PASS  time=  1.240s  status=Exact solution     len=  6.378  endpoints_valid=True  collision=False  over_limit=False
[925] PASS  time=  0.071s  status=Exact solution     len=  0.612  endpoints_valid=True  collision=False  over_limit=False
[926] PASS  time=  7.459s  status=Exact solution     len=  8.253  endpoints_valid=True  collision=False  over_limit=False
[927] PASS  time=  2.237s  status=Exact solution     len=  6.139  endpoints_valid=True  collision=False  over_limit=False
[928] PASS  time=  0.697s  status=Exact solution     len=  4.781  endpoints_valid=True  collision=False  over_limit=False
[929] PASS  time=  4.803s  status=Exact solution     len=  4.790  endpoints_valid=True  collision=False  over_limit=False
[930] PASS  time=  2.977s  status=Exact solution     len=  5.353  endpoints_valid=True  collision=False  over_limit=False
[931] PASS  time=  0.467s  status=Exact solution     len=  2.237  endpoints_valid=True  collision=False  over_limit=False
[932] PASS  time=  4.760s  status=Exact solution     len=  5.460  endpoints_valid=True  collision=False  over_limit=False
[933] PASS  time=  0.029s  status=Exact solution     len=  0.521  endpoints_valid=True  collision=False  over_limit=False
[934] PASS  time=  3.946s  status=Exact solution     len=  5.336  endpoints_valid=True  collision=False  over_limit=False
[935] PASS  time=  2.054s  status=Exact solution     len=  1.672  endpoints_valid=True  collision=False  over_limit=False
[936] PASS  time=  3.540s  status=Exact solution     len=  2.159  endpoints_valid=True  collision=False  over_limit=False
[937] PASS  time=  6.218s  status=Exact solution     len=  4.922  endpoints_valid=True  collision=False  over_limit=False
[938] PASS  time=  6.141s  status=Exact solution     len=  9.281  endpoints_valid=True  collision=False  over_limit=False
[939] PASS  time=  4.721s  status=Exact solution     len=  2.180  endpoints_valid=True  collision=False  over_limit=False
[940] PASS  time=  4.518s  status=Exact solution     len=  3.038  endpoints_valid=True  collision=False  over_limit=False
[941] PASS  time=  1.454s  status=Exact solution     len=  4.310  endpoints_valid=True  collision=False  over_limit=False
[942] PASS  time=  1.749s  status=Exact solution     len=  5.130  endpoints_valid=True  collision=False  over_limit=False
[943] PASS  time=  2.116s  status=Exact solution     len=  6.281  endpoints_valid=True  collision=False  over_limit=False
[944] PASS  time=  4.334s  status=Exact solution     len=  4.777  endpoints_valid=True  collision=False  over_limit=False
[945] PASS  time=  1.790s  status=Exact solution     len=  7.444  endpoints_valid=True  collision=False  over_limit=False
[946] PASS  time=  2.526s  status=Exact solution     len=  9.172  endpoints_valid=True  collision=False  over_limit=False
[947] PASS  time=  1.245s  status=Exact solution     len=  4.701  endpoints_valid=True  collision=False  over_limit=False
[948] PASS  time=  2.740s  status=Exact solution     len=  6.551  endpoints_valid=True  collision=False  over_limit=False
[949] PASS  time=  0.905s  status=Exact solution     len=  2.139  endpoints_valid=True  collision=False  over_limit=False
[950] PASS  time=  1.192s  status=Exact solution     len=  5.228  endpoints_valid=True  collision=False  over_limit=False
[951] PASS  time=  3.794s  status=Exact solution     len= 16.084  endpoints_valid=True  collision=False  over_limit=False
[952] PASS  time=  1.724s  status=Exact solution     len=  5.112  endpoints_valid=True  collision=False  over_limit=False
[953] PASS  time=  1.323s  status=Exact solution     len=  6.880  endpoints_valid=True  collision=False  over_limit=False
[954] PASS  time=  3.038s  status=Exact solution     len=  5.850  endpoints_valid=True  collision=False  over_limit=False
[955] PASS  time=  3.365s  status=Exact solution     len= 12.678  endpoints_valid=True  collision=False  over_limit=False
[956] PASS  time=  6.272s  status=Exact solution     len=  5.942  endpoints_valid=True  collision=False  over_limit=False
[957] PASS  time=  2.411s  status=Exact solution     len=  6.243  endpoints_valid=True  collision=False  over_limit=False
[958] PASS  time= 24.689s  status=Exact solution     len=  4.559  endpoints_valid=True  collision=False  over_limit=False
[959] PASS  time=  5.752s  status=Exact solution     len= 12.178  endpoints_valid=True  collision=False  over_limit=False
[960] PASS  time=  2.944s  status=Exact solution     len=  6.491  endpoints_valid=True  collision=False  over_limit=False
[961] PASS  time=  0.465s  status=Exact solution     len=  2.025  endpoints_valid=True  collision=False  over_limit=False
[962] PASS  time=  0.249s  status=Exact solution     len=  0.566  endpoints_valid=True  collision=False  over_limit=False
[963] PASS  time=  2.007s  status=Exact solution     len=  9.050  endpoints_valid=True  collision=False  over_limit=False
[964] PASS  time=  1.162s  status=Exact solution     len=  4.227  endpoints_valid=True  collision=False  over_limit=False
[965] PASS  time=  3.662s  status=Exact solution     len=  1.580  endpoints_valid=True  collision=False  over_limit=False
[966] PASS  time=  1.562s  status=Exact solution     len=  4.790  endpoints_valid=True  collision=False  over_limit=False
[967] PASS  time=  2.026s  status=Exact solution     len=  5.455  endpoints_valid=True  collision=False  over_limit=False
[968] PASS  time=  2.021s  status=Exact solution     len=  6.653  endpoints_valid=True  collision=False  over_limit=False
[969] PASS  time=  0.933s  status=Exact solution     len=  5.002  endpoints_valid=True  collision=False  over_limit=False
[970] PASS  time=  2.491s  status=Exact solution     len=  8.335  endpoints_valid=True  collision=False  over_limit=False
[971] PASS  time=  0.037s  status=Exact solution     len=  1.726  endpoints_valid=True  collision=False  over_limit=False
[972] PASS  time=  4.782s  status=Exact solution     len=  5.747  endpoints_valid=True  collision=False  over_limit=False
[973] PASS  time=  3.782s  status=Exact solution     len=  5.572  endpoints_valid=True  collision=False  over_limit=False
[974] PASS  time=  1.711s  status=Exact solution     len=  2.902  endpoints_valid=True  collision=False  over_limit=False
[975] PASS  time=  3.245s  status=Exact solution     len=  6.565  endpoints_valid=True  collision=False  over_limit=False
[976] PASS  time=  2.762s  status=Exact solution     len= 10.420  endpoints_valid=True  collision=False  over_limit=False
[977] PASS  time=  0.277s  status=Exact solution     len=  4.110  endpoints_valid=True  collision=False  over_limit=False
[978] PASS  time=  4.166s  status=Exact solution     len=  3.492  endpoints_valid=True  collision=False  over_limit=False
[979] PASS  time=  1.107s  status=Exact solution     len=  5.571  endpoints_valid=True  collision=False  over_limit=False
[980] PASS  time=  2.185s  status=Exact solution     len=  7.427  endpoints_valid=True  collision=False  over_limit=False
[981] FAIL  time= 30.134s  status=Timeout            len=    nan  endpoints_valid=True  collision=False  over_limit=True
[982] PASS  time= 10.259s  status=Exact solution     len=  5.527  endpoints_valid=True  collision=False  over_limit=False
[983] PASS  time=  4.777s  status=Exact solution     len= 13.490  endpoints_valid=True  collision=False  over_limit=False
[984] PASS  time=  3.802s  status=Exact solution     len= 12.894  endpoints_valid=True  collision=False  over_limit=False
[985] PASS  time=  2.792s  status=Exact solution     len= 10.977  endpoints_valid=True  collision=False  over_limit=False
[986] PASS  time=  0.764s  status=Exact solution     len=  1.641  endpoints_valid=True  collision=False  over_limit=False
[987] PASS  time=  8.473s  status=Exact solution     len=  3.288  endpoints_valid=True  collision=False  over_limit=False
[988] PASS  time=  2.184s  status=Exact solution     len=  6.374  endpoints_valid=True  collision=False  over_limit=False
[989] PASS  time=  6.591s  status=Exact solution     len=  6.717  endpoints_valid=True  collision=False  over_limit=False
[990] PASS  time=  1.691s  status=Exact solution     len=  3.138  endpoints_valid=True  collision=False  over_limit=False
[991] PASS  time=  2.577s  status=Exact solution     len=  8.605  endpoints_valid=True  collision=False  over_limit=False
[992] PASS  time=  1.132s  status=Exact solution     len=  1.886  endpoints_valid=True  collision=False  over_limit=False
[993] PASS  time=  5.735s  status=Exact solution     len=  7.550  endpoints_valid=True  collision=False  over_limit=False
[994] PASS  time= 13.479s  status=Exact solution     len=  5.482  endpoints_valid=True  collision=False  over_limit=False
[995] PASS  time=  0.790s  status=Exact solution     len=  5.341  endpoints_valid=True  collision=False  over_limit=False
[996] PASS  time=  2.580s  status=Exact solution     len= 10.468  endpoints_valid=True  collision=False  over_limit=False
[997] PASS  time=  1.072s  status=Exact solution     len=  3.102  endpoints_valid=True  collision=False  over_limit=False
[998] PASS  time=  1.234s  status=Exact solution     len=  6.444  endpoints_valid=True  collision=False  over_limit=False
[999] PASS  time=  2.297s  status=Exact solution     len=  3.567  endpoints_valid=True  collision=False  over_limit=False

shape                     : datasets/3dshape/rectangle.obj
environment               : datasets/3dshape/env3.obj
data_path                 : testing_data/3dshape/rectangle_env3
planner                   : LazyPRM (OMPL, SE(3))
roadmap                   : cleared per case
time_limit_per_case       : 30.000 s  (a case over this = fail)
path_simplification       : off

test_cases_total          : 1000
invalid_start_or_goal     : 0  (excluded, unplannable)
test_cases_scored         : 1000  [valid start+goal only]
successes                 : 993
failures                  : 7
  no_solution_in_time     : 7
  over_time_limit         : 0
  path_in_collision       : 0
success_rate              : 0.9930  (99.3%)  [993/1000]

time_mean                 : 2.9857 s   [all 1000 scored cases]
time_std                  : 3.7008 s
time_mean_successful      : 2.7947 s   [993 successful cases]
time_std_successful       : 2.9283 s
time_median               : 2.0781 s

path_length_mean          : 5.8271   [993 successful cases]
path_length_std           : 3.1752
path_length_total         : 5786.3429

total_time                : 2985.75 s
collision_checks          : 1766396

Wrote results/ompl_lazyprm/rectangle_env3/lazy_prm_success_rate.txt
Wrote results/ompl_lazyprm/rectangle_env3/lazy_prm_cases.csv
