[load_obj] 'datasets/3dshape/Vshape3d.obj': 1 objects/groups
  [0] 'Body2'  (20 triangles)
[load_obj] 'datasets/3dshape/env3.obj': 4 objects/groups
  [0] 'wall (1)'  (88 triangles)
  [1] 'Body14'  (12 triangles)
  [2] 'Body16'  (12 triangles)
  [3] 'Body17'  (12 triangles)
shape       : datasets/3dshape/Vshape3d.obj  (12 verts, 18 tets, radius 0.1850)
environment : datasets/3dshape/env3.obj  (124 tris, 50000 collision points)
bounds      : low [-0.4539, -0.3177, -0.5]  high [0.4539, 0.3177, 0.5]
test cases  : 1000 from testing_data/3dshape/Vshape3d_env3/sampled_points.npy
planner     : LazyPRM  (time limit 30.0s per case, resolution 0.005, roadmap cleared per case)

[000] PASS  time=  5.082s  status=Exact solution     len=  3.384  endpoints_valid=True  collision=False  over_limit=False
[001] PASS  time= 15.122s  status=Exact solution     len=  6.123  endpoints_valid=True  collision=False  over_limit=False
[002] PASS  time=  0.970s  status=Exact solution     len=  1.858  endpoints_valid=True  collision=False  over_limit=False
[003] PASS  time=  2.850s  status=Exact solution     len=  6.599  endpoints_valid=True  collision=False  over_limit=False
[004] PASS  time=  8.574s  status=Exact solution     len=  3.538  endpoints_valid=True  collision=False  over_limit=False
[005] PASS  time= 10.642s  status=Exact solution     len= 12.329  endpoints_valid=True  collision=False  over_limit=False
[006] PASS  time= 12.178s  status=Exact solution     len=  5.572  endpoints_valid=True  collision=False  over_limit=False
[007] PASS  time=  2.747s  status=Exact solution     len=  4.875  endpoints_valid=True  collision=False  over_limit=False
[008] PASS  time=  1.736s  status=Exact solution     len=  3.545  endpoints_valid=True  collision=False  over_limit=False
[009] PASS  time=  3.312s  status=Exact solution     len=  5.607  endpoints_valid=True  collision=False  over_limit=False
[010] PASS  time= 14.692s  status=Exact solution     len=  5.414  endpoints_valid=True  collision=False  over_limit=False
[011] PASS  time=  2.427s  status=Exact solution     len=  5.542  endpoints_valid=True  collision=False  over_limit=False
[012] PASS  time= 16.920s  status=Exact solution     len=  3.221  endpoints_valid=True  collision=False  over_limit=False
[013] PASS  time=  2.940s  status=Exact solution     len=  1.083  endpoints_valid=True  collision=False  over_limit=False
[014] PASS  time= 13.776s  status=Exact solution     len=  6.158  endpoints_valid=True  collision=False  over_limit=False
[015] PASS  time=  6.634s  status=Exact solution     len=  9.093  endpoints_valid=True  collision=False  over_limit=False
[016] PASS  time=  7.154s  status=Exact solution     len= 11.490  endpoints_valid=True  collision=False  over_limit=False
[017] PASS  time= 13.906s  status=Exact solution     len=  7.782  endpoints_valid=True  collision=False  over_limit=False
[018] PASS  time=  2.595s  status=Exact solution     len=  8.964  endpoints_valid=True  collision=False  over_limit=False
[019] PASS  time=  7.463s  status=Exact solution     len=  5.380  endpoints_valid=True  collision=False  over_limit=False
[020] PASS  time=  3.423s  status=Exact solution     len=  6.376  endpoints_valid=True  collision=False  over_limit=False
[021] PASS  time=  1.136s  status=Exact solution     len=  1.622  endpoints_valid=True  collision=False  over_limit=False
[022] PASS  time=  0.490s  status=Exact solution     len=  1.993  endpoints_valid=True  collision=False  over_limit=False
[023] PASS  time=  5.487s  status=Exact solution     len=  9.546  endpoints_valid=True  collision=False  over_limit=False
[024] PASS  time= 14.269s  status=Exact solution     len= 20.655  endpoints_valid=True  collision=False  over_limit=False
[025] PASS  time=  0.397s  status=Exact solution     len=  1.052  endpoints_valid=True  collision=False  over_limit=False
[026] PASS  time=  6.059s  status=Exact solution     len=  6.301  endpoints_valid=True  collision=False  over_limit=False
[027] PASS  time=  3.864s  status=Exact solution     len=  7.075  endpoints_valid=True  collision=False  over_limit=False
[028] PASS  time=  1.056s  status=Exact solution     len=  2.671  endpoints_valid=True  collision=False  over_limit=False
[029] FAIL  time= 30.166s  status=Timeout            len=    nan  endpoints_valid=True  collision=False  over_limit=True
[030] PASS  time=  0.497s  status=Exact solution     len=  1.613  endpoints_valid=True  collision=False  over_limit=False
[031] PASS  time=  1.664s  status=Exact solution     len=  6.419  endpoints_valid=True  collision=False  over_limit=False
[032] PASS  time= 22.900s  status=Exact solution     len=  4.611  endpoints_valid=True  collision=False  over_limit=False
[033] PASS  time=  5.723s  status=Exact solution     len=  3.602  endpoints_valid=True  collision=False  over_limit=False
[034] PASS  time=  0.757s  status=Exact solution     len=  2.070  endpoints_valid=True  collision=False  over_limit=False
[035] PASS  time=  0.220s  status=Exact solution     len=  1.452  endpoints_valid=True  collision=False  over_limit=False
[036] PASS  time=  5.568s  status=Exact solution     len=  4.743  endpoints_valid=True  collision=False  over_limit=False
[037] PASS  time=  5.808s  status=Exact solution     len= 14.776  endpoints_valid=True  collision=False  over_limit=False
[038] PASS  time=  0.106s  status=Exact solution     len=  0.331  endpoints_valid=True  collision=False  over_limit=False
[039] PASS  time=  5.796s  status=Exact solution     len= 11.252  endpoints_valid=True  collision=False  over_limit=False
[040] PASS  time= 27.037s  status=Exact solution     len=  5.030  endpoints_valid=True  collision=False  over_limit=False
[041] PASS  time=  0.074s  status=Exact solution     len=  0.572  endpoints_valid=True  collision=False  over_limit=False
[042] PASS  time=  3.172s  status=Exact solution     len=  4.901  endpoints_valid=True  collision=False  over_limit=False
[043] PASS  time=  6.107s  status=Exact solution     len=  8.350  endpoints_valid=True  collision=False  over_limit=False
[044] PASS  time=  8.035s  status=Exact solution     len= 13.267  endpoints_valid=True  collision=False  over_limit=False
[045] FAIL  time= 30.134s  status=Timeout            len=    nan  endpoints_valid=True  collision=False  over_limit=True
[046] PASS  time= 10.712s  status=Exact solution     len=  4.678  endpoints_valid=True  collision=False  over_limit=False
[047] PASS  time=  0.173s  status=Exact solution     len=  1.073  endpoints_valid=True  collision=False  over_limit=False
[048] PASS  time=  1.626s  status=Exact solution     len=  6.148  endpoints_valid=True  collision=False  over_limit=False
[049] PASS  time=  4.193s  status=Exact solution     len=  6.764  endpoints_valid=True  collision=False  over_limit=False
[050] PASS  time=  0.337s  status=Exact solution     len=  0.577  endpoints_valid=True  collision=False  over_limit=False
[051] PASS  time=  4.973s  status=Exact solution     len=  8.155  endpoints_valid=True  collision=False  over_limit=False
[052] PASS  time=  4.728s  status=Exact solution     len=  2.416  endpoints_valid=True  collision=False  over_limit=False
[053] PASS  time= 17.845s  status=Exact solution     len=  6.302  endpoints_valid=True  collision=False  over_limit=False
[054] PASS  time=  2.569s  status=Exact solution     len=  5.944  endpoints_valid=True  collision=False  over_limit=False
[055] PASS  time=  3.091s  status=Exact solution     len=  6.013  endpoints_valid=True  collision=False  over_limit=False
[056] PASS  time=  6.195s  status=Exact solution     len=  6.215  endpoints_valid=True  collision=False  over_limit=False
[057] PASS  time=  8.493s  status=Exact solution     len=  6.024  endpoints_valid=True  collision=False  over_limit=False
[058] PASS  time=  7.971s  status=Exact solution     len=  8.276  endpoints_valid=True  collision=False  over_limit=False
[059] PASS  time=  5.576s  status=Exact solution     len=  5.717  endpoints_valid=True  collision=False  over_limit=False
[060] PASS  time=  1.690s  status=Exact solution     len=  3.533  endpoints_valid=True  collision=False  over_limit=False
[061] PASS  time=  8.257s  status=Exact solution     len=  6.488  endpoints_valid=True  collision=False  over_limit=False
[062] PASS  time=  9.194s  status=Exact solution     len=  8.827  endpoints_valid=True  collision=False  over_limit=False
[063] PASS  time= 11.340s  status=Exact solution     len=  6.009  endpoints_valid=True  collision=False  over_limit=False
[064] PASS  time=  6.127s  status=Exact solution     len=  6.476  endpoints_valid=True  collision=False  over_limit=False
[065] PASS  time=  0.796s  status=Exact solution     len=  2.315  endpoints_valid=True  collision=False  over_limit=False
[066] PASS  time=  8.225s  status=Exact solution     len=  6.377  endpoints_valid=True  collision=False  over_limit=False
[067] PASS  time=  8.717s  status=Exact solution     len= 10.347  endpoints_valid=True  collision=False  over_limit=False
[068] PASS  time=  5.944s  status=Exact solution     len=  5.467  endpoints_valid=True  collision=False  over_limit=False
[069] PASS  time=  7.458s  status=Exact solution     len=  7.651  endpoints_valid=True  collision=False  over_limit=False
[070] PASS  time= 10.071s  status=Exact solution     len= 10.541  endpoints_valid=True  collision=False  over_limit=False
[071] PASS  time=  6.358s  status=Exact solution     len=  9.113  endpoints_valid=True  collision=False  over_limit=False
[072] PASS  time= 11.920s  status=Exact solution     len=  7.507  endpoints_valid=True  collision=False  over_limit=False
[073] PASS  time= 12.413s  status=Exact solution     len=  9.222  endpoints_valid=True  collision=False  over_limit=False
[074] PASS  time=  8.322s  status=Exact solution     len=  3.679  endpoints_valid=True  collision=False  over_limit=False
[075] PASS  time= 14.701s  status=Exact solution     len= 14.026  endpoints_valid=True  collision=False  over_limit=False
[076] PASS  time=  2.523s  status=Exact solution     len=  4.078  endpoints_valid=True  collision=False  over_limit=False
[077] PASS  time= 13.702s  status=Exact solution     len=  6.585  endpoints_valid=True  collision=False  over_limit=False
[078] PASS  time=  8.427s  status=Exact solution     len=  8.925  endpoints_valid=True  collision=False  over_limit=False
[079] PASS  time= 24.649s  status=Exact solution     len=  6.111  endpoints_valid=True  collision=False  over_limit=False
[080] PASS  time=  1.162s  status=Exact solution     len=  2.683  endpoints_valid=True  collision=False  over_limit=False
[081] PASS  time=  1.742s  status=Exact solution     len=  2.936  endpoints_valid=True  collision=False  over_limit=False
[082] PASS  time=  5.540s  status=Exact solution     len=  4.780  endpoints_valid=True  collision=False  over_limit=False
[083] PASS  time=  6.079s  status=Exact solution     len=  4.134  endpoints_valid=True  collision=False  over_limit=False
[084] PASS  time=  5.743s  status=Exact solution     len=  9.476  endpoints_valid=True  collision=False  over_limit=False
[085] PASS  time=  1.173s  status=Exact solution     len=  4.016  endpoints_valid=True  collision=False  over_limit=False
[086] PASS  time=  5.746s  status=Exact solution     len=  5.951  endpoints_valid=True  collision=False  over_limit=False
[087] PASS  time=  5.074s  status=Exact solution     len=  6.253  endpoints_valid=True  collision=False  over_limit=False
[088] PASS  time=  8.376s  status=Exact solution     len=  4.330  endpoints_valid=True  collision=False  over_limit=False
[089] PASS  time= 18.364s  status=Exact solution     len=  2.816  endpoints_valid=True  collision=False  over_limit=False
[090] PASS  time=  4.072s  status=Exact solution     len=  4.690  endpoints_valid=True  collision=False  over_limit=False
[091] PASS  time= 16.987s  status=Exact solution     len=  8.366  endpoints_valid=True  collision=False  over_limit=False
[092] PASS  time= 12.248s  status=Exact solution     len=  5.410  endpoints_valid=True  collision=False  over_limit=False
[093] FAIL  time= 30.261s  status=Timeout            len=    nan  endpoints_valid=True  collision=False  over_limit=True
[094] PASS  time=  9.057s  status=Exact solution     len=  2.500  endpoints_valid=True  collision=False  over_limit=False
[095] PASS  time=  6.440s  status=Exact solution     len=  6.792  endpoints_valid=True  collision=False  over_limit=False
[096] PASS  time= 13.294s  status=Exact solution     len=  9.741  endpoints_valid=True  collision=False  over_limit=False
[097] PASS  time=  7.539s  status=Exact solution     len=  7.057  endpoints_valid=True  collision=False  over_limit=False
[098] PASS  time= 10.039s  status=Exact solution     len=  6.021  endpoints_valid=True  collision=False  over_limit=False
[099] PASS  time=  0.509s  status=Exact solution     len=  1.097  endpoints_valid=True  collision=False  over_limit=False
[100] PASS  time=  4.361s  status=Exact solution     len=  2.108  endpoints_valid=True  collision=False  over_limit=False
[101] PASS  time= 19.268s  status=Exact solution     len= 15.685  endpoints_valid=True  collision=False  over_limit=False
[102] PASS  time=  2.415s  status=Exact solution     len=  4.304  endpoints_valid=True  collision=False  over_limit=False
[103] PASS  time=  7.911s  status=Exact solution     len=  9.620  endpoints_valid=True  collision=False  over_limit=False
[104] PASS  time=  3.288s  status=Exact solution     len=  7.181  endpoints_valid=True  collision=False  over_limit=False
[105] PASS  time=  7.722s  status=Exact solution     len=  9.692  endpoints_valid=True  collision=False  over_limit=False
[106] PASS  time=  4.432s  status=Exact solution     len=  2.906  endpoints_valid=True  collision=False  over_limit=False
[107] PASS  time= 13.832s  status=Exact solution     len= 14.110  endpoints_valid=True  collision=False  over_limit=False
[108] PASS  time=  7.326s  status=Exact solution     len=  8.946  endpoints_valid=True  collision=False  over_limit=False
[109] PASS  time=  4.249s  status=Exact solution     len=  2.656  endpoints_valid=True  collision=False  over_limit=False
[110] PASS  time=  7.760s  status=Exact solution     len=  8.648  endpoints_valid=True  collision=False  over_limit=False
[111] PASS  time= 15.155s  status=Exact solution     len=  1.926  endpoints_valid=True  collision=False  over_limit=False
[112] PASS  time=  7.126s  status=Exact solution     len=  2.951  endpoints_valid=True  collision=False  over_limit=False
[113] PASS  time=  4.258s  status=Exact solution     len=  2.063  endpoints_valid=True  collision=False  over_limit=False
[114] PASS  time=  6.395s  status=Exact solution     len= 11.154  endpoints_valid=True  collision=False  over_limit=False
[115] PASS  time= 13.334s  status=Exact solution     len=  4.282  endpoints_valid=True  collision=False  over_limit=False
[116] PASS  time=  5.492s  status=Exact solution     len=  7.284  endpoints_valid=True  collision=False  over_limit=False
[117] PASS  time=  0.250s  status=Exact solution     len=  0.408  endpoints_valid=True  collision=False  over_limit=False
[118] PASS  time=  5.134s  status=Exact solution     len=  3.272  endpoints_valid=True  collision=False  over_limit=False
[119] PASS  time=  9.136s  status=Exact solution     len=  5.485  endpoints_valid=True  collision=False  over_limit=False
[120] PASS  time= 10.958s  status=Exact solution     len=  4.462  endpoints_valid=True  collision=False  over_limit=False
[121] PASS  time= 16.664s  status=Exact solution     len=  6.020  endpoints_valid=True  collision=False  over_limit=False
[122] PASS  time=  4.465s  status=Exact solution     len=  5.446  endpoints_valid=True  collision=False  over_limit=False
[123] PASS  time=  4.989s  status=Exact solution     len=  6.084  endpoints_valid=True  collision=False  over_limit=False
[124] PASS  time=  7.516s  status=Exact solution     len=  5.951  endpoints_valid=True  collision=False  over_limit=False
[125] PASS  time= 25.201s  status=Exact solution     len=  3.929  endpoints_valid=True  collision=False  over_limit=False
[126] PASS  time= 12.045s  status=Exact solution     len=  5.543  endpoints_valid=True  collision=False  over_limit=False
[127] PASS  time= 19.121s  status=Exact solution     len=  3.982  endpoints_valid=True  collision=False  over_limit=False
[128] PASS  time=  8.995s  status=Exact solution     len=  4.987  endpoints_valid=True  collision=False  over_limit=False
[129] PASS  time=  5.518s  status=Exact solution     len=  6.406  endpoints_valid=True  collision=False  over_limit=False
[130] PASS  time=  2.981s  status=Exact solution     len=  6.202  endpoints_valid=True  collision=False  over_limit=False
[131] PASS  time=  8.491s  status=Exact solution     len=  8.375  endpoints_valid=True  collision=False  over_limit=False
[132] PASS  time= 17.055s  status=Exact solution     len=  6.695  endpoints_valid=True  collision=False  over_limit=False
[133] PASS  time= 12.867s  status=Exact solution     len=  6.111  endpoints_valid=True  collision=False  over_limit=False
[134] PASS  time=  3.663s  status=Exact solution     len=  2.794  endpoints_valid=True  collision=False  over_limit=False
[135] PASS  time=  9.947s  status=Exact solution     len=  6.311  endpoints_valid=True  collision=False  over_limit=False
[136] PASS  time= 14.442s  status=Exact solution     len=  8.161  endpoints_valid=True  collision=False  over_limit=False
[137] PASS  time=  7.446s  status=Exact solution     len=  3.645  endpoints_valid=True  collision=False  over_limit=False
[138] PASS  time=  6.702s  status=Exact solution     len=  4.317  endpoints_valid=True  collision=False  over_limit=False
[139] PASS  time=  4.899s  status=Exact solution     len=  5.594  endpoints_valid=True  collision=False  over_limit=False
[140] PASS  time= 14.922s  status=Exact solution     len=  4.434  endpoints_valid=True  collision=False  over_limit=False
[141] PASS  time= 15.535s  status=Exact solution     len=  4.916  endpoints_valid=True  collision=False  over_limit=False
[142] PASS  time=  8.624s  status=Exact solution     len=  9.633  endpoints_valid=True  collision=False  over_limit=False
[143] PASS  time= 10.342s  status=Exact solution     len=  2.464  endpoints_valid=True  collision=False  over_limit=False
[144] PASS  time=  7.006s  status=Exact solution     len=  4.635  endpoints_valid=True  collision=False  over_limit=False
[145] PASS  time= 11.507s  status=Exact solution     len=  8.448  endpoints_valid=True  collision=False  over_limit=False
[146] PASS  time= 15.089s  status=Exact solution     len=  1.463  endpoints_valid=True  collision=False  over_limit=False
[147] PASS  time=  3.272s  status=Exact solution     len=  7.191  endpoints_valid=True  collision=False  over_limit=False
[148] PASS  time= 18.866s  status=Exact solution     len= 11.697  endpoints_valid=True  collision=False  over_limit=False
[149] PASS  time=  4.020s  status=Exact solution     len=  2.846  endpoints_valid=True  collision=False  over_limit=False
[150] PASS  time=  0.103s  status=Exact solution     len=  0.222  endpoints_valid=True  collision=False  over_limit=False
[151] PASS  time= 10.676s  status=Exact solution     len=  6.324  endpoints_valid=True  collision=False  over_limit=False
[152] PASS  time=  8.433s  status=Exact solution     len=  5.265  endpoints_valid=True  collision=False  over_limit=False
[153] PASS  time=  1.737s  status=Exact solution     len=  1.114  endpoints_valid=True  collision=False  over_limit=False
[154] PASS  time= 11.218s  status=Exact solution     len=  5.680  endpoints_valid=True  collision=False  over_limit=False
[155] PASS  time= 18.364s  status=Exact solution     len=  6.634  endpoints_valid=True  collision=False  over_limit=False
[156] FAIL  time= 30.727s  status=Timeout            len=    nan  endpoints_valid=True  collision=False  over_limit=True
[157] PASS  time= 12.940s  status=Exact solution     len=  6.451  endpoints_valid=True  collision=False  over_limit=False
[158] PASS  time=  8.141s  status=Exact solution     len=  8.282  endpoints_valid=True  collision=False  over_limit=False
[159] PASS  time=  6.578s  status=Exact solution     len=  1.336  endpoints_valid=True  collision=False  over_limit=False
[160] PASS  time= 12.404s  status=Exact solution     len=  6.795  endpoints_valid=True  collision=False  over_limit=False
[161] PASS  time= 11.526s  status=Exact solution     len=  9.322  endpoints_valid=True  collision=False  over_limit=False
[162] PASS  time=  5.063s  status=Exact solution     len=  4.005  endpoints_valid=True  collision=False  over_limit=False
[163] PASS  time= 12.378s  status=Exact solution     len=  6.234  endpoints_valid=True  collision=False  over_limit=False
[164] PASS  time=  3.109s  status=Exact solution     len=  1.971  endpoints_valid=True  collision=False  over_limit=False
[165] PASS  time=  0.087s  status=Exact solution     len=  0.468  endpoints_valid=True  collision=False  over_limit=False
[166] PASS  time=  1.547s  status=Exact solution     len=  2.078  endpoints_valid=True  collision=False  over_limit=False
[167] PASS  time=  3.243s  status=Exact solution     len=  2.062  endpoints_valid=True  collision=False  over_limit=False
[168] PASS  time= 11.990s  status=Exact solution     len=  5.433  endpoints_valid=True  collision=False  over_limit=False
[169] PASS  time=  4.482s  status=Exact solution     len=  1.403  endpoints_valid=True  collision=False  over_limit=False
[170] PASS  time= 13.697s  status=Exact solution     len= 15.088  endpoints_valid=True  collision=False  over_limit=False
[171] PASS  time=  7.868s  status=Exact solution     len=  3.504  endpoints_valid=True  collision=False  over_limit=False
[172] PASS  time=  7.154s  status=Exact solution     len=  7.078  endpoints_valid=True  collision=False  over_limit=False
[173] PASS  time=  5.884s  status=Exact solution     len=  6.333  endpoints_valid=True  collision=False  over_limit=False
[174] PASS  time=  3.966s  status=Exact solution     len=  5.372  endpoints_valid=True  collision=False  over_limit=False
[175] PASS  time= 14.548s  status=Exact solution     len=  5.090  endpoints_valid=True  collision=False  over_limit=False
[176] PASS  time=  5.224s  status=Exact solution     len=  5.210  endpoints_valid=True  collision=False  over_limit=False
[177] FAIL  time= 30.110s  status=Timeout            len=    nan  endpoints_valid=True  collision=False  over_limit=True
[178] PASS  time=  1.107s  status=Exact solution     len=  1.358  endpoints_valid=True  collision=False  over_limit=False
[179] PASS  time= 16.851s  status=Exact solution     len=  6.403  endpoints_valid=True  collision=False  over_limit=False
[180] PASS  time=  3.360s  status=Exact solution     len=  5.246  endpoints_valid=True  collision=False  over_limit=False
[181] PASS  time=  7.592s  status=Exact solution     len=  3.359  endpoints_valid=True  collision=False  over_limit=False
[182] PASS  time= 23.954s  status=Exact solution     len=  7.214  endpoints_valid=True  collision=False  over_limit=False
[183] PASS  time=  1.156s  status=Exact solution     len=  1.649  endpoints_valid=True  collision=False  over_limit=False
[184] PASS  time= 17.138s  status=Exact solution     len=  9.545  endpoints_valid=True  collision=False  over_limit=False
[185] PASS  time=  3.860s  status=Exact solution     len=  4.230  endpoints_valid=True  collision=False  over_limit=False
[186] FAIL  time= 30.023s  status=Timeout            len=    nan  endpoints_valid=True  collision=False  over_limit=True
[187] PASS  time= 13.670s  status=Exact solution     len= 10.262  endpoints_valid=True  collision=False  over_limit=False
[188] PASS  time=  2.337s  status=Exact solution     len=  2.857  endpoints_valid=True  collision=False  over_limit=False
[189] PASS  time=  0.025s  status=Exact solution     len=  0.576  endpoints_valid=True  collision=False  over_limit=False
[190] PASS  time= 16.632s  status=Exact solution     len= 16.023  endpoints_valid=True  collision=False  over_limit=False
[191] PASS  time= 12.536s  status=Exact solution     len=  7.046  endpoints_valid=True  collision=False  over_limit=False
[192] PASS  time= 13.346s  status=Exact solution     len=  5.659  endpoints_valid=True  collision=False  over_limit=False
[193] PASS  time=  4.088s  status=Exact solution     len=  6.553  endpoints_valid=True  collision=False  over_limit=False
[194] PASS  time=  6.174s  status=Exact solution     len=  2.991  endpoints_valid=True  collision=False  over_limit=False
[195] PASS  time=  8.503s  status=Exact solution     len=  3.379  endpoints_valid=True  collision=False  over_limit=False
[196] PASS  time=  9.038s  status=Exact solution     len=  7.688  endpoints_valid=True  collision=False  over_limit=False
[197] FAIL  time= 32.031s  status=Exact solution     len= 18.518  endpoints_valid=True  collision=False  over_limit=True
[198] PASS  time=  9.586s  status=Exact solution     len=  6.718  endpoints_valid=True  collision=False  over_limit=False
[199] PASS  time=  3.503s  status=Exact solution     len=  7.463  endpoints_valid=True  collision=False  over_limit=False
[200] PASS  time= 10.803s  status=Exact solution     len=  4.554  endpoints_valid=True  collision=False  over_limit=False
[201] PASS  time= 14.470s  status=Exact solution     len=  1.622  endpoints_valid=True  collision=False  over_limit=False
[202] PASS  time= 16.101s  status=Exact solution     len=  5.019  endpoints_valid=True  collision=False  over_limit=False
[203] PASS  time=  9.917s  status=Exact solution     len=  4.907  endpoints_valid=True  collision=False  over_limit=False
[204] PASS  time= 21.000s  status=Exact solution     len=  7.440  endpoints_valid=True  collision=False  over_limit=False
[205] PASS  time=  0.073s  status=Exact solution     len=  1.174  endpoints_valid=True  collision=False  over_limit=False
[206] PASS  time=  5.182s  status=Exact solution     len=  1.381  endpoints_valid=True  collision=False  over_limit=False
[207] PASS  time= 18.662s  status=Exact solution     len=  8.794  endpoints_valid=True  collision=False  over_limit=False
[208] PASS  time=  7.517s  status=Exact solution     len=  8.452  endpoints_valid=True  collision=False  over_limit=False
[209] PASS  time= 15.286s  status=Exact solution     len= 10.534  endpoints_valid=True  collision=False  over_limit=False
[210] PASS  time= 17.584s  status=Exact solution     len= 12.001  endpoints_valid=True  collision=False  over_limit=False
[211] PASS  time= 12.634s  status=Exact solution     len= 13.143  endpoints_valid=True  collision=False  over_limit=False
[212] FAIL  time= 30.107s  status=Timeout            len=    nan  endpoints_valid=True  collision=False  over_limit=True
[213] PASS  time=  6.566s  status=Exact solution     len=  9.173  endpoints_valid=True  collision=False  over_limit=False
[214] PASS  time= 15.531s  status=Exact solution     len=  5.810  endpoints_valid=True  collision=False  over_limit=False
[215] PASS  time=  5.816s  status=Exact solution     len=  5.917  endpoints_valid=True  collision=False  over_limit=False
[216] PASS  time= 20.497s  status=Exact solution     len=  3.740  endpoints_valid=True  collision=False  over_limit=False
[217] PASS  time= 10.046s  status=Exact solution     len=  9.785  endpoints_valid=True  collision=False  over_limit=False
[218] PASS  time= 10.312s  status=Exact solution     len=  5.733  endpoints_valid=True  collision=False  over_limit=False
[219] PASS  time= 10.059s  status=Exact solution     len=  7.884  endpoints_valid=True  collision=False  over_limit=False
[220] PASS  time= 16.961s  status=Exact solution     len= 11.268  endpoints_valid=True  collision=False  over_limit=False
[221] PASS  time=  4.183s  status=Exact solution     len=  2.838  endpoints_valid=True  collision=False  over_limit=False
[222] PASS  time=  9.331s  status=Exact solution     len=  2.547  endpoints_valid=True  collision=False  over_limit=False
[223] PASS  time=  9.012s  status=Exact solution     len=  9.447  endpoints_valid=True  collision=False  over_limit=False
[224] PASS  time= 20.110s  status=Exact solution     len=  9.953  endpoints_valid=True  collision=False  over_limit=False
[225] PASS  time= 17.031s  status=Exact solution     len=  7.703  endpoints_valid=True  collision=False  over_limit=False
[226] PASS  time= 11.729s  status=Exact solution     len=  8.874  endpoints_valid=True  collision=False  over_limit=False
[227] PASS  time= 11.635s  status=Exact solution     len=  4.342  endpoints_valid=True  collision=False  over_limit=False
[228] PASS  time=  7.797s  status=Exact solution     len=  4.097  endpoints_valid=True  collision=False  over_limit=False
[229] PASS  time= 14.857s  status=Exact solution     len=  7.513  endpoints_valid=True  collision=False  over_limit=False
[230] PASS  time= 26.592s  status=Exact solution     len=  9.506  endpoints_valid=True  collision=False  over_limit=False
[231] PASS  time=  3.068s  status=Exact solution     len=  6.964  endpoints_valid=True  collision=False  over_limit=False
[232] PASS  time=  7.549s  status=Exact solution     len=  1.016  endpoints_valid=True  collision=False  over_limit=False
[233] PASS  time= 24.002s  status=Exact solution     len=  9.278  endpoints_valid=True  collision=False  over_limit=False
[234] FAIL  time= 30.170s  status=Timeout            len=    nan  endpoints_valid=True  collision=False  over_limit=True
[235] PASS  time=  2.503s  status=Exact solution     len=  3.500  endpoints_valid=True  collision=False  over_limit=False
[236] PASS  time= 12.901s  status=Exact solution     len=  4.963  endpoints_valid=True  collision=False  over_limit=False
[237] PASS  time=  8.212s  status=Exact solution     len=  5.170  endpoints_valid=True  collision=False  over_limit=False
[238] PASS  time= 10.316s  status=Exact solution     len=  5.088  endpoints_valid=True  collision=False  over_limit=False
[239] PASS  time=  2.875s  status=Exact solution     len=  5.148  endpoints_valid=True  collision=False  over_limit=False
[240] PASS  time=  5.924s  status=Exact solution     len=  6.102  endpoints_valid=True  collision=False  over_limit=False
[241] PASS  time= 11.576s  status=Exact solution     len=  5.095  endpoints_valid=True  collision=False  over_limit=False
[242] PASS  time= 12.942s  status=Exact solution     len=  8.354  endpoints_valid=True  collision=False  over_limit=False
[243] PASS  time=  7.015s  status=Exact solution     len=  2.069  endpoints_valid=True  collision=False  over_limit=False
[244] PASS  time= 13.489s  status=Exact solution     len=  9.521  endpoints_valid=True  collision=False  over_limit=False
[245] PASS  time=  3.427s  status=Exact solution     len=  5.672  endpoints_valid=True  collision=False  over_limit=False
[246] PASS  time=  7.081s  status=Exact solution     len=  5.368  endpoints_valid=True  collision=False  over_limit=False
[247] PASS  time=  2.342s  status=Exact solution     len=  2.920  endpoints_valid=True  collision=False  over_limit=False
[248] PASS  time=  7.079s  status=Exact solution     len=  7.941  endpoints_valid=True  collision=False  over_limit=False
[249] PASS  time=  4.851s  status=Exact solution     len=  2.289  endpoints_valid=True  collision=False  over_limit=False
[250] PASS  time=  0.095s  status=Exact solution     len=  0.267  endpoints_valid=True  collision=False  over_limit=False
[251] PASS  time=  8.004s  status=Exact solution     len=  5.688  endpoints_valid=True  collision=False  over_limit=False
[252] PASS  time= 24.873s  status=Exact solution     len=  5.723  endpoints_valid=True  collision=False  over_limit=False
[253] PASS  time=  7.892s  status=Exact solution     len=  2.840  endpoints_valid=True  collision=False  over_limit=False
[254] PASS  time=  9.353s  status=Exact solution     len= 11.963  endpoints_valid=True  collision=False  over_limit=False
[255] PASS  time=  2.523s  status=Exact solution     len=  2.903  endpoints_valid=True  collision=False  over_limit=False
[256] PASS  time= 20.627s  status=Exact solution     len= 10.683  endpoints_valid=True  collision=False  over_limit=False
[257] PASS  time= 11.481s  status=Exact solution     len=  6.090  endpoints_valid=True  collision=False  over_limit=False
[258] FAIL  time= 31.814s  status=Exact solution     len= 10.134  endpoints_valid=True  collision=False  over_limit=True
[259] PASS  time=  5.547s  status=Exact solution     len=  3.550  endpoints_valid=True  collision=False  over_limit=False
[260] PASS  time=  3.078s  status=Exact solution     len=  4.973  endpoints_valid=True  collision=False  over_limit=False
[261] PASS  time=  0.345s  status=Exact solution     len=  1.000  endpoints_valid=True  collision=False  over_limit=False
[262] PASS  time= 19.874s  status=Exact solution     len= 11.001  endpoints_valid=True  collision=False  over_limit=False
[263] PASS  time=  9.899s  status=Exact solution     len=  4.410  endpoints_valid=True  collision=False  over_limit=False
[264] PASS  time= 16.001s  status=Exact solution     len=  4.866  endpoints_valid=True  collision=False  over_limit=False
[265] PASS  time=  9.594s  status=Exact solution     len=  5.339  endpoints_valid=True  collision=False  over_limit=False
[266] FAIL  time= 30.037s  status=Timeout            len=    nan  endpoints_valid=True  collision=False  over_limit=True
[267] PASS  time=  0.375s  status=Exact solution     len=  0.605  endpoints_valid=True  collision=False  over_limit=False
[268] PASS  time=  0.235s  status=Exact solution     len=  1.151  endpoints_valid=True  collision=False  over_limit=False
[269] PASS  time= 15.683s  status=Exact solution     len=  8.285  endpoints_valid=True  collision=False  over_limit=False
[270] FAIL  time= 30.111s  status=Timeout            len=    nan  endpoints_valid=True  collision=False  over_limit=True
[271] PASS  time=  7.157s  status=Exact solution     len=  6.733  endpoints_valid=True  collision=False  over_limit=False
[272] PASS  time=  4.905s  status=Exact solution     len=  5.138  endpoints_valid=True  collision=False  over_limit=False
[273] PASS  time= 12.677s  status=Exact solution     len=  9.490  endpoints_valid=True  collision=False  over_limit=False
[274] PASS  time=  1.977s  status=Exact solution     len=  7.163  endpoints_valid=True  collision=False  over_limit=False
[275] PASS  time= 20.382s  status=Exact solution     len=  6.207  endpoints_valid=True  collision=False  over_limit=False
[276] PASS  time=  3.467s  status=Exact solution     len=  3.698  endpoints_valid=True  collision=False  over_limit=False
[277] PASS  time=  1.254s  status=Exact solution     len=  2.236  endpoints_valid=True  collision=False  over_limit=False
[278] PASS  time=  0.029s  status=Exact solution     len=  1.127  endpoints_valid=True  collision=False  over_limit=False
[279] PASS  time= 26.657s  status=Exact solution     len=  6.956  endpoints_valid=True  collision=False  over_limit=False
[280] PASS  time=  3.454s  status=Exact solution     len=  5.914  endpoints_valid=True  collision=False  over_limit=False
[281] PASS  time=  3.186s  status=Exact solution     len=  2.318  endpoints_valid=True  collision=False  over_limit=False
[282] PASS  time=  4.627s  status=Exact solution     len=  2.932  endpoints_valid=True  collision=False  over_limit=False
[283] PASS  time= 22.527s  status=Exact solution     len=  9.931  endpoints_valid=True  collision=False  over_limit=False
[284] PASS  time= 17.162s  status=Exact solution     len=  4.847  endpoints_valid=True  collision=False  over_limit=False
[285] PASS  time= 14.211s  status=Exact solution     len=  6.042  endpoints_valid=True  collision=False  over_limit=False
[286] PASS  time= 12.924s  status=Exact solution     len=  4.354  endpoints_valid=True  collision=False  over_limit=False
[287] PASS  time=  5.411s  status=Exact solution     len=  3.928  endpoints_valid=True  collision=False  over_limit=False
[288] PASS  time= 11.361s  status=Exact solution     len=  5.779  endpoints_valid=True  collision=False  over_limit=False
[289] PASS  time= 16.898s  status=Exact solution     len=  7.142  endpoints_valid=True  collision=False  over_limit=False
[290] PASS  time= 17.842s  status=Exact solution     len=  9.418  endpoints_valid=True  collision=False  over_limit=False
[291] PASS  time=  7.890s  status=Exact solution     len=  4.422  endpoints_valid=True  collision=False  over_limit=False
[292] PASS  time=  4.392s  status=Exact solution     len=  3.294  endpoints_valid=True  collision=False  over_limit=False
[293] PASS  time= 10.516s  status=Exact solution     len=  7.743  endpoints_valid=True  collision=False  over_limit=False
[294] PASS  time=  5.227s  status=Exact solution     len= 10.231  endpoints_valid=True  collision=False  over_limit=False
[295] PASS  time=  3.662s  status=Exact solution     len=  2.027  endpoints_valid=True  collision=False  over_limit=False
[296] PASS  time=  2.521s  status=Exact solution     len=  2.558  endpoints_valid=True  collision=False  over_limit=False
[297] PASS  time= 10.054s  status=Exact solution     len=  8.937  endpoints_valid=True  collision=False  over_limit=False
[298] PASS  time=  0.017s  status=Exact solution     len=  0.308  endpoints_valid=True  collision=False  over_limit=False
[299] PASS  time=  6.477s  status=Exact solution     len=  7.279  endpoints_valid=True  collision=False  over_limit=False
[300] PASS  time= 11.914s  status=Exact solution     len=  7.679  endpoints_valid=True  collision=False  over_limit=False
[301] PASS  time=  2.090s  status=Exact solution     len=  4.104  endpoints_valid=True  collision=False  over_limit=False
[302] PASS  time= 12.545s  status=Exact solution     len=  5.172  endpoints_valid=True  collision=False  over_limit=False
[303] PASS  time= 10.429s  status=Exact solution     len=  3.628  endpoints_valid=True  collision=False  over_limit=False
[304] PASS  time= 12.032s  status=Exact solution     len=  4.577  endpoints_valid=True  collision=False  over_limit=False
[305] PASS  time=  0.101s  status=Exact solution     len=  0.517  endpoints_valid=True  collision=False  over_limit=False
[306] PASS  time=  9.109s  status=Exact solution     len=  5.011  endpoints_valid=True  collision=False  over_limit=False
[307] PASS  time= 10.841s  status=Exact solution     len=  6.963  endpoints_valid=True  collision=False  over_limit=False
[308] PASS  time=  9.914s  status=Exact solution     len=  5.927  endpoints_valid=True  collision=False  over_limit=False
[309] PASS  time= 18.524s  status=Exact solution     len=  3.352  endpoints_valid=True  collision=False  over_limit=False
[310] PASS  time= 11.375s  status=Exact solution     len=  6.317  endpoints_valid=True  collision=False  over_limit=False
[311] PASS  time= 11.302s  status=Exact solution     len= 11.762  endpoints_valid=True  collision=False  over_limit=False
[312] PASS  time= 16.869s  status=Exact solution     len= 12.965  endpoints_valid=True  collision=False  over_limit=False
[313] PASS  time= 10.984s  status=Exact solution     len=  6.744  endpoints_valid=True  collision=False  over_limit=False
[314] PASS  time= 11.496s  status=Exact solution     len=  8.624  endpoints_valid=True  collision=False  over_limit=False
[315] PASS  time= 17.452s  status=Exact solution     len=  7.366  endpoints_valid=True  collision=False  over_limit=False
[316] PASS  time=  4.250s  status=Exact solution     len=  2.749  endpoints_valid=True  collision=False  over_limit=False
[317] PASS  time=  2.860s  status=Exact solution     len=  3.873  endpoints_valid=True  collision=False  over_limit=False
[318] PASS  time=  2.906s  status=Exact solution     len=  2.059  endpoints_valid=True  collision=False  over_limit=False
[319] PASS  time=  0.922s  status=Exact solution     len=  2.119  endpoints_valid=True  collision=False  over_limit=False
[320] PASS  time= 15.804s  status=Exact solution     len=  8.808  endpoints_valid=True  collision=False  over_limit=False
[321] PASS  time= 10.886s  status=Exact solution     len=  4.686  endpoints_valid=True  collision=False  over_limit=False
[322] PASS  time= 12.458s  status=Exact solution     len=  8.295  endpoints_valid=True  collision=False  over_limit=False
[323] PASS  time= 10.246s  status=Exact solution     len=  7.418  endpoints_valid=True  collision=False  over_limit=False
[324] PASS  time=  3.488s  status=Exact solution     len=  1.863  endpoints_valid=True  collision=False  over_limit=False
[325] FAIL  time= 30.682s  status=Timeout            len=    nan  endpoints_valid=True  collision=False  over_limit=True
[326] PASS  time=  0.225s  status=Exact solution     len=  0.479  endpoints_valid=True  collision=False  over_limit=False
[327] PASS  time= 15.546s  status=Exact solution     len= 11.504  endpoints_valid=True  collision=False  over_limit=False
[328] PASS  time=  0.958s  status=Exact solution     len=  0.975  endpoints_valid=True  collision=False  over_limit=False
[329] PASS  time= 17.357s  status=Exact solution     len=  5.096  endpoints_valid=True  collision=False  over_limit=False
[330] PASS  time=  3.408s  status=Exact solution     len=  2.274  endpoints_valid=True  collision=False  over_limit=False
[331] PASS  time= 12.696s  status=Exact solution     len=  2.446  endpoints_valid=True  collision=False  over_limit=False
[332] PASS  time=  7.694s  status=Exact solution     len=  3.142  endpoints_valid=True  collision=False  over_limit=False
[333] PASS  time=  5.565s  status=Exact solution     len=  4.613  endpoints_valid=True  collision=False  over_limit=False
[334] PASS  time=  5.016s  status=Exact solution     len=  2.324  endpoints_valid=True  collision=False  over_limit=False
[335] PASS  time=  7.108s  status=Exact solution     len=  5.076  endpoints_valid=True  collision=False  over_limit=False
[336] PASS  time= 14.846s  status=Exact solution     len=  8.162  endpoints_valid=True  collision=False  over_limit=False
[337] PASS  time=  6.041s  status=Exact solution     len=  5.049  endpoints_valid=True  collision=False  over_limit=False
[338] PASS  time= 15.866s  status=Exact solution     len=  5.790  endpoints_valid=True  collision=False  over_limit=False
[339] PASS  time= 10.301s  status=Exact solution     len=  6.033  endpoints_valid=True  collision=False  over_limit=False
[340] PASS  time=  3.334s  status=Exact solution     len=  4.197  endpoints_valid=True  collision=False  over_limit=False
[341] PASS  time=  6.492s  status=Exact solution     len=  7.722  endpoints_valid=True  collision=False  over_limit=False
[342] PASS  time= 15.787s  status=Exact solution     len=  5.324  endpoints_valid=True  collision=False  over_limit=False
[343] FAIL  time= 30.104s  status=Timeout            len=    nan  endpoints_valid=True  collision=False  over_limit=True
[344] PASS  time=  5.469s  status=Exact solution     len=  2.226  endpoints_valid=True  collision=False  over_limit=False
[345] PASS  time=  4.586s  status=Exact solution     len=  3.060  endpoints_valid=True  collision=False  over_limit=False
[346] FAIL  time= 30.121s  status=Timeout            len=    nan  endpoints_valid=True  collision=False  over_limit=True
[347] PASS  time=  5.404s  status=Exact solution     len=  7.663  endpoints_valid=True  collision=False  over_limit=False
[348] PASS  time=  3.833s  status=Exact solution     len=  6.017  endpoints_valid=True  collision=False  over_limit=False
[349] PASS  time=  1.370s  status=Exact solution     len=  0.869  endpoints_valid=True  collision=False  over_limit=False
[350] PASS  time=  1.711s  status=Exact solution     len=  2.077  endpoints_valid=True  collision=False  over_limit=False
[351] PASS  time=  6.089s  status=Exact solution     len=  9.114  endpoints_valid=True  collision=False  over_limit=False
[352] PASS  time=  7.232s  status=Exact solution     len=  8.007  endpoints_valid=True  collision=False  over_limit=False
[353] PASS  time= 13.227s  status=Exact solution     len=  8.801  endpoints_valid=True  collision=False  over_limit=False
[354] PASS  time= 12.772s  status=Exact solution     len=  6.543  endpoints_valid=True  collision=False  over_limit=False
[355] PASS  time=  6.807s  status=Exact solution     len= 11.184  endpoints_valid=True  collision=False  over_limit=False
[356] PASS  time= 11.437s  status=Exact solution     len=  8.665  endpoints_valid=True  collision=False  over_limit=False
[357] PASS  time= 14.028s  status=Exact solution     len= 11.164  endpoints_valid=True  collision=False  over_limit=False
[358] PASS  time= 19.670s  status=Exact solution     len=  7.957  endpoints_valid=True  collision=False  over_limit=False
[359] PASS  time= 22.083s  status=Exact solution     len=  4.871  endpoints_valid=True  collision=False  over_limit=False
[360] PASS  time=  5.625s  status=Exact solution     len=  2.995  endpoints_valid=True  collision=False  over_limit=False
[361] PASS  time=  0.106s  status=Exact solution     len=  0.546  endpoints_valid=True  collision=False  over_limit=False
[362] PASS  time=  5.255s  status=Exact solution     len=  3.529  endpoints_valid=True  collision=False  over_limit=False
[363] PASS  time=  6.730s  status=Exact solution     len=  1.922  endpoints_valid=True  collision=False  over_limit=False
[364] PASS  time=  2.324s  status=Exact solution     len=  3.513  endpoints_valid=True  collision=False  over_limit=False
[365] PASS  time=  4.646s  status=Exact solution     len=  5.131  endpoints_valid=True  collision=False  over_limit=False
[366] FAIL  time= 30.048s  status=Timeout            len=    nan  endpoints_valid=True  collision=False  over_limit=True
[367] PASS  time=  6.051s  status=Exact solution     len=  8.598  endpoints_valid=True  collision=False  over_limit=False
[368] PASS  time=  3.959s  status=Exact solution     len=  1.178  endpoints_valid=True  collision=False  over_limit=False
[369] PASS  time=  4.047s  status=Exact solution     len=  2.529  endpoints_valid=True  collision=False  over_limit=False
[370] FAIL  time= 30.079s  status=Timeout            len=    nan  endpoints_valid=True  collision=False  over_limit=True
[371] PASS  time= 23.280s  status=Exact solution     len=  5.493  endpoints_valid=True  collision=False  over_limit=False
[372] PASS  time= 17.280s  status=Exact solution     len=  5.822  endpoints_valid=True  collision=False  over_limit=False
[373] PASS  time= 14.973s  status=Exact solution     len=  9.381  endpoints_valid=True  collision=False  over_limit=False
[374] PASS  time=  9.538s  status=Exact solution     len=  4.182  endpoints_valid=True  collision=False  over_limit=False
[375] PASS  time=  8.713s  status=Exact solution     len=  5.663  endpoints_valid=True  collision=False  over_limit=False
[376] PASS  time=  1.808s  status=Exact solution     len=  1.882  endpoints_valid=True  collision=False  over_limit=False
Warning: LazyPRM: Skipping invalid goal state (invalid state)
         at line 313 in /project/src/ompl/base/src/Planner.cpp
Error:   LazyPRM: Unable to find any valid goal states
         at line 350 in /project/src/ompl/geometric/planners/prm/src/LazyPRM.cpp
[377] FAIL  time= 30.092s  status=Invalid goal       len=    nan  endpoints_valid=False  collision=False  over_limit=True
[378] PASS  time=  9.810s  status=Exact solution     len=  9.213  endpoints_valid=True  collision=False  over_limit=False
[379] PASS  time=  2.815s  status=Exact solution     len=  3.726  endpoints_valid=True  collision=False  over_limit=False
[380] PASS  time=  8.947s  status=Exact solution     len=  7.949  endpoints_valid=True  collision=False  over_limit=False
[381] PASS  time=  2.313s  status=Exact solution     len=  7.409  endpoints_valid=True  collision=False  over_limit=False
[382] PASS  time= 29.517s  status=Exact solution     len=  2.979  endpoints_valid=True  collision=False  over_limit=False
[383] PASS  time=  1.308s  status=Exact solution     len=  1.919  endpoints_valid=True  collision=False  over_limit=False
[384] PASS  time=  6.238s  status=Exact solution     len=  4.504  endpoints_valid=True  collision=False  over_limit=False
[385] PASS  time=  9.579s  status=Exact solution     len=  8.957  endpoints_valid=True  collision=False  over_limit=False
[386] PASS  time= 16.503s  status=Exact solution     len=  7.745  endpoints_valid=True  collision=False  over_limit=False
[387] PASS  time=  0.145s  status=Exact solution     len=  0.261  endpoints_valid=True  collision=False  over_limit=False
[388] PASS  time=  4.101s  status=Exact solution     len=  5.939  endpoints_valid=True  collision=False  over_limit=False
[389] PASS  time=  0.066s  status=Exact solution     len=  0.449  endpoints_valid=True  collision=False  over_limit=False
[390] PASS  time=  0.179s  status=Exact solution     len=  0.524  endpoints_valid=True  collision=False  over_limit=False
[391] PASS  time=  2.250s  status=Exact solution     len=  1.162  endpoints_valid=True  collision=False  over_limit=False
[392] PASS  time= 28.963s  status=Exact solution     len=  5.596  endpoints_valid=True  collision=False  over_limit=False
[393] PASS  time=  6.873s  status=Exact solution     len=  6.213  endpoints_valid=True  collision=False  over_limit=False
[394] PASS  time=  2.553s  status=Exact solution     len=  1.840  endpoints_valid=True  collision=False  over_limit=False
[395] FAIL  time= 30.075s  status=Timeout            len=    nan  endpoints_valid=True  collision=False  over_limit=True
[396] PASS  time= 11.744s  status=Exact solution     len=  6.371  endpoints_valid=True  collision=False  over_limit=False
[397] PASS  time=  0.219s  status=Exact solution     len=  0.457  endpoints_valid=True  collision=False  over_limit=False
[398] PASS  time= 12.914s  status=Exact solution     len=  3.508  endpoints_valid=True  collision=False  over_limit=False
[399] PASS  time=  9.081s  status=Exact solution     len=  2.235  endpoints_valid=True  collision=False  over_limit=False
[400] PASS  time=  0.570s  status=Exact solution     len=  1.473  endpoints_valid=True  collision=False  over_limit=False
[401] PASS  time=  2.240s  status=Exact solution     len=  2.390  endpoints_valid=True  collision=False  over_limit=False
[402] PASS  time=  1.930s  status=Exact solution     len=  2.331  endpoints_valid=True  collision=False  over_limit=False
[403] PASS  time=  4.707s  status=Exact solution     len=  5.492  endpoints_valid=True  collision=False  over_limit=False
[404] PASS  time=  5.603s  status=Exact solution     len=  2.413  endpoints_valid=True  collision=False  over_limit=False
[405] PASS  time=  0.272s  status=Exact solution     len=  0.613  endpoints_valid=True  collision=False  over_limit=False
[406] PASS  time=  7.991s  status=Exact solution     len= 13.216  endpoints_valid=True  collision=False  over_limit=False
[407] PASS  time=  1.844s  status=Exact solution     len=  3.087  endpoints_valid=True  collision=False  over_limit=False
[408] PASS  time=  8.499s  status=Exact solution     len=  4.931  endpoints_valid=True  collision=False  over_limit=False
[409] PASS  time=  8.042s  status=Exact solution     len=  9.270  endpoints_valid=True  collision=False  over_limit=False
[410] FAIL  time= 30.112s  status=Timeout            len=    nan  endpoints_valid=True  collision=False  over_limit=True
[411] PASS  time=  2.699s  status=Exact solution     len=  2.755  endpoints_valid=True  collision=False  over_limit=False
[412] PASS  time=  5.050s  status=Exact solution     len=  4.120  endpoints_valid=True  collision=False  over_limit=False
[413] PASS  time=  9.552s  status=Exact solution     len=  8.120  endpoints_valid=True  collision=False  over_limit=False
[414] PASS  time=  1.860s  status=Exact solution     len=  2.132  endpoints_valid=True  collision=False  over_limit=False
[415] PASS  time=  4.856s  status=Exact solution     len=  4.723  endpoints_valid=True  collision=False  over_limit=False
[416] PASS  time= 12.025s  status=Exact solution     len=  7.619  endpoints_valid=True  collision=False  over_limit=False
[417] PASS  time= 13.314s  status=Exact solution     len=  3.029  endpoints_valid=True  collision=False  over_limit=False
[418] PASS  time=  7.290s  status=Exact solution     len=  5.461  endpoints_valid=True  collision=False  over_limit=False
[419] FAIL  time= 30.012s  status=Timeout            len=    nan  endpoints_valid=True  collision=False  over_limit=True
[420] PASS  time=  4.014s  status=Exact solution     len=  6.109  endpoints_valid=True  collision=False  over_limit=False
[421] PASS  time=  6.855s  status=Exact solution     len=  4.910  endpoints_valid=True  collision=False  over_limit=False
[422] PASS  time= 22.556s  status=Exact solution     len= 17.552  endpoints_valid=True  collision=False  over_limit=False
[423] PASS  time= 12.520s  status=Exact solution     len=  5.354  endpoints_valid=True  collision=False  over_limit=False
[424] PASS  time=  2.951s  status=Exact solution     len=  2.428  endpoints_valid=True  collision=False  over_limit=False
[425] PASS  time=  3.642s  status=Exact solution     len=  3.157  endpoints_valid=True  collision=False  over_limit=False
[426] PASS  time=  0.082s  status=Exact solution     len=  0.612  endpoints_valid=True  collision=False  over_limit=False
[427] PASS  time=  0.096s  status=Exact solution     len=  0.299  endpoints_valid=True  collision=False  over_limit=False
[428] PASS  time=  6.290s  status=Exact solution     len= 10.001  endpoints_valid=True  collision=False  over_limit=False
[429] PASS  time=  8.928s  status=Exact solution     len=  2.825  endpoints_valid=True  collision=False  over_limit=False
[430] PASS  time= 14.497s  status=Exact solution     len=  9.496  endpoints_valid=True  collision=False  over_limit=False
[431] PASS  time= 26.784s  status=Exact solution     len=  7.017  endpoints_valid=True  collision=False  over_limit=False
[432] PASS  time= 13.950s  status=Exact solution     len=  5.526  endpoints_valid=True  collision=False  over_limit=False
[433] PASS  time= 12.458s  status=Exact solution     len=  9.268  endpoints_valid=True  collision=False  over_limit=False
[434] PASS  time= 11.499s  status=Exact solution     len=  5.932  endpoints_valid=True  collision=False  over_limit=False
[435] PASS  time= 13.190s  status=Exact solution     len=  5.076  endpoints_valid=True  collision=False  over_limit=False
[436] PASS  time=  0.293s  status=Exact solution     len=  0.376  endpoints_valid=True  collision=False  over_limit=False
[437] PASS  time=  6.443s  status=Exact solution     len=  5.314  endpoints_valid=True  collision=False  over_limit=False
[438] PASS  time=  6.947s  status=Exact solution     len=  7.113  endpoints_valid=True  collision=False  over_limit=False
[439] PASS  time= 10.403s  status=Exact solution     len=  7.866  endpoints_valid=True  collision=False  over_limit=False
[440] PASS  time=  3.091s  status=Exact solution     len=  2.672  endpoints_valid=True  collision=False  over_limit=False
[441] PASS  time=  2.386s  status=Exact solution     len=  4.604  endpoints_valid=True  collision=False  over_limit=False
[442] PASS  time= 11.513s  status=Exact solution     len=  8.529  endpoints_valid=True  collision=False  over_limit=False
[443] PASS  time= 17.195s  status=Exact solution     len=  2.059  endpoints_valid=True  collision=False  over_limit=False
[444] PASS  time= 10.183s  status=Exact solution     len=  3.564  endpoints_valid=True  collision=False  over_limit=False
[445] PASS  time= 21.118s  status=Exact solution     len=  6.032  endpoints_valid=True  collision=False  over_limit=False
[446] PASS  time= 25.443s  status=Exact solution     len=  5.272  endpoints_valid=True  collision=False  over_limit=False
[447] PASS  time=  4.439s  status=Exact solution     len=  3.750  endpoints_valid=True  collision=False  over_limit=False
[448] PASS  time= 11.884s  status=Exact solution     len=  6.916  endpoints_valid=True  collision=False  over_limit=False
[449] PASS  time= 11.380s  status=Exact solution     len=  8.327  endpoints_valid=True  collision=False  over_limit=False
[450] PASS  time=  6.072s  status=Exact solution     len=  5.550  endpoints_valid=True  collision=False  over_limit=False
[451] PASS  time= 17.114s  status=Exact solution     len=  3.284  endpoints_valid=True  collision=False  over_limit=False
[452] PASS  time=  0.466s  status=Exact solution     len=  0.602  endpoints_valid=True  collision=False  over_limit=False
[453] PASS  time=  6.967s  status=Exact solution     len=  8.445  endpoints_valid=True  collision=False  over_limit=False
[454] PASS  time= 16.627s  status=Exact solution     len= 13.187  endpoints_valid=True  collision=False  over_limit=False
[455] PASS  time=  9.839s  status=Exact solution     len=  6.376  endpoints_valid=True  collision=False  over_limit=False
[456] PASS  time=  7.076s  status=Exact solution     len=  3.360  endpoints_valid=True  collision=False  over_limit=False
[457] PASS  time= 18.612s  status=Exact solution     len=  4.704  endpoints_valid=True  collision=False  over_limit=False
[458] PASS  time=  6.748s  status=Exact solution     len= 10.277  endpoints_valid=True  collision=False  over_limit=False
[459] PASS  time=  6.451s  status=Exact solution     len=  9.034  endpoints_valid=True  collision=False  over_limit=False
[460] PASS  time=  1.631s  status=Exact solution     len=  2.961  endpoints_valid=True  collision=False  over_limit=False
[461] PASS  time= 15.515s  status=Exact solution     len= 10.816  endpoints_valid=True  collision=False  over_limit=False
[462] PASS  time= 25.197s  status=Exact solution     len= 12.593  endpoints_valid=True  collision=False  over_limit=False
[463] PASS  time= 10.105s  status=Exact solution     len=  5.888  endpoints_valid=True  collision=False  over_limit=False
[464] PASS  time= 12.366s  status=Exact solution     len=  5.672  endpoints_valid=True  collision=False  over_limit=False
[465] PASS  time=  5.763s  status=Exact solution     len=  5.408  endpoints_valid=True  collision=False  over_limit=False
[466] PASS  time=  5.781s  status=Exact solution     len=  5.731  endpoints_valid=True  collision=False  over_limit=False
[467] PASS  time=  7.981s  status=Exact solution     len=  6.935  endpoints_valid=True  collision=False  over_limit=False
[468] PASS  time=  4.294s  status=Exact solution     len=  4.398  endpoints_valid=True  collision=False  over_limit=False
[469] PASS  time=  7.470s  status=Exact solution     len=  5.706  endpoints_valid=True  collision=False  over_limit=False
[470] PASS  time= 14.172s  status=Exact solution     len= 11.622  endpoints_valid=True  collision=False  over_limit=False
[471] PASS  time=  5.075s  status=Exact solution     len=  4.127  endpoints_valid=True  collision=False  over_limit=False
[472] PASS  time= 12.987s  status=Exact solution     len= 10.094  endpoints_valid=True  collision=False  over_limit=False
[473] PASS  time=  3.773s  status=Exact solution     len=  4.181  endpoints_valid=True  collision=False  over_limit=False
[474] PASS  time= 23.412s  status=Exact solution     len= 12.719  endpoints_valid=True  collision=False  over_limit=False
[475] PASS  time= 23.869s  status=Exact solution     len= 10.186  endpoints_valid=True  collision=False  over_limit=False
[476] PASS  time=  1.626s  status=Exact solution     len=  2.942  endpoints_valid=True  collision=False  over_limit=False
[477] PASS  time= 20.566s  status=Exact solution     len=  9.417  endpoints_valid=True  collision=False  over_limit=False
[478] PASS  time=  9.711s  status=Exact solution     len=  2.813  endpoints_valid=True  collision=False  over_limit=False
[479] PASS  time= 17.486s  status=Exact solution     len=  8.177  endpoints_valid=True  collision=False  over_limit=False
[480] PASS  time=  4.855s  status=Exact solution     len=  4.429  endpoints_valid=True  collision=False  over_limit=False
[481] PASS  time= 10.808s  status=Exact solution     len=  5.425  endpoints_valid=True  collision=False  over_limit=False
[482] FAIL  time= 30.175s  status=Timeout            len=    nan  endpoints_valid=True  collision=False  over_limit=True
[483] PASS  time= 19.745s  status=Exact solution     len=  6.416  endpoints_valid=True  collision=False  over_limit=False
[484] PASS  time= 10.001s  status=Exact solution     len=  7.914  endpoints_valid=True  collision=False  over_limit=False
[485] PASS  time=  6.335s  status=Exact solution     len=  7.803  endpoints_valid=True  collision=False  over_limit=False
[486] PASS  time= 14.336s  status=Exact solution     len=  7.689  endpoints_valid=True  collision=False  over_limit=False
[487] PASS  time=  8.509s  status=Exact solution     len=  5.599  endpoints_valid=True  collision=False  over_limit=False
[488] PASS  time=  5.210s  status=Exact solution     len=  4.999  endpoints_valid=True  collision=False  over_limit=False
[489] PASS  time= 25.322s  status=Exact solution     len=  4.981  endpoints_valid=True  collision=False  over_limit=False
[490] PASS  time=  0.467s  status=Exact solution     len=  0.535  endpoints_valid=True  collision=False  over_limit=False
[491] FAIL  time= 30.305s  status=Timeout            len=    nan  endpoints_valid=True  collision=False  over_limit=True
[492] PASS  time= 22.714s  status=Exact solution     len=  6.550  endpoints_valid=True  collision=False  over_limit=False
[493] PASS  time=  4.278s  status=Exact solution     len=  4.954  endpoints_valid=True  collision=False  over_limit=False
[494] PASS  time= 13.893s  status=Exact solution     len= 10.641  endpoints_valid=True  collision=False  over_limit=False
[495] PASS  time= 17.020s  status=Exact solution     len=  3.815  endpoints_valid=True  collision=False  over_limit=False
[496] PASS  time=  8.239s  status=Exact solution     len=  9.955  endpoints_valid=True  collision=False  over_limit=False
[497] PASS  time= 11.976s  status=Exact solution     len=  4.859  endpoints_valid=True  collision=False  over_limit=False
[498] PASS  time=  2.028s  status=Exact solution     len=  2.680  endpoints_valid=True  collision=False  over_limit=False
[499] PASS  time=  1.131s  status=Exact solution     len=  1.577  endpoints_valid=True  collision=False  over_limit=False
[500] PASS  time=  0.958s  status=Exact solution     len=  3.299  endpoints_valid=True  collision=False  over_limit=False
[501] PASS  time= 28.273s  status=Exact solution     len=  9.262  endpoints_valid=True  collision=False  over_limit=False
[502] PASS  time= 12.211s  status=Exact solution     len=  4.607  endpoints_valid=True  collision=False  over_limit=False
[503] PASS  time= 10.897s  status=Exact solution     len=  6.389  endpoints_valid=True  collision=False  over_limit=False
[504] PASS  time= 22.076s  status=Exact solution     len=  4.674  endpoints_valid=True  collision=False  over_limit=False
[505] PASS  time=  3.529s  status=Exact solution     len=  4.470  endpoints_valid=True  collision=False  over_limit=False
[506] PASS  time=  3.593s  status=Exact solution     len=  3.646  endpoints_valid=True  collision=False  over_limit=False
[507] PASS  time=  1.017s  status=Exact solution     len=  4.804  endpoints_valid=True  collision=False  over_limit=False
[508] PASS  time= 28.964s  status=Exact solution     len=  5.702  endpoints_valid=True  collision=False  over_limit=False
[509] FAIL  time= 30.031s  status=Timeout            len=    nan  endpoints_valid=True  collision=False  over_limit=True
[510] PASS  time= 13.078s  status=Exact solution     len=  8.999  endpoints_valid=True  collision=False  over_limit=False
[511] PASS  time= 21.071s  status=Exact solution     len=  4.293  endpoints_valid=True  collision=False  over_limit=False
[512] PASS  time= 19.877s  status=Exact solution     len=  7.690  endpoints_valid=True  collision=False  over_limit=False
[513] PASS  time=  2.969s  status=Exact solution     len=  3.948  endpoints_valid=True  collision=False  over_limit=False
[514] PASS  time= 22.595s  status=Exact solution     len=  5.529  endpoints_valid=True  collision=False  over_limit=False
[515] PASS  time=  8.355s  status=Exact solution     len=  4.919  endpoints_valid=True  collision=False  over_limit=False
[516] PASS  time=  1.367s  status=Exact solution     len=  3.254  endpoints_valid=True  collision=False  over_limit=False
[517] PASS  time=  1.574s  status=Exact solution     len=  1.948  endpoints_valid=True  collision=False  over_limit=False
[518] PASS  time= 17.308s  status=Exact solution     len= 11.877  endpoints_valid=True  collision=False  over_limit=False
[519] PASS  time=  4.713s  status=Exact solution     len=  4.230  endpoints_valid=True  collision=False  over_limit=False
[520] PASS  time=  3.767s  status=Exact solution     len=  4.111  endpoints_valid=True  collision=False  over_limit=False
[521] FAIL  time= 30.080s  status=Timeout            len=    nan  endpoints_valid=True  collision=False  over_limit=True
[522] PASS  time= 16.681s  status=Exact solution     len=  5.465  endpoints_valid=True  collision=False  over_limit=False
[523] PASS  time= 13.603s  status=Exact solution     len=  4.063  endpoints_valid=True  collision=False  over_limit=False
[524] PASS  time= 20.002s  status=Exact solution     len=  3.950  endpoints_valid=True  collision=False  over_limit=False
[525] PASS  time= 15.540s  status=Exact solution     len=  9.169  endpoints_valid=True  collision=False  over_limit=False
[526] PASS  time= 14.917s  status=Exact solution     len=  4.448  endpoints_valid=True  collision=False  over_limit=False
[527] FAIL  time= 30.091s  status=Timeout            len=    nan  endpoints_valid=True  collision=False  over_limit=True
[528] FAIL  time= 31.022s  status=Timeout            len=    nan  endpoints_valid=True  collision=False  over_limit=True
[529] PASS  time= 11.382s  status=Exact solution     len=  6.425  endpoints_valid=True  collision=False  over_limit=False
[530] PASS  time=  4.009s  status=Exact solution     len=  3.129  endpoints_valid=True  collision=False  over_limit=False
[531] PASS  time=  9.450s  status=Exact solution     len=  5.412  endpoints_valid=True  collision=False  over_limit=False
[532] PASS  time=  5.619s  status=Exact solution     len=  6.409  endpoints_valid=True  collision=False  over_limit=False
[533] PASS  time=  2.867s  status=Exact solution     len=  1.379  endpoints_valid=True  collision=False  over_limit=False
[534] PASS  time= 11.087s  status=Exact solution     len= 14.251  endpoints_valid=True  collision=False  over_limit=False
[535] PASS  time=  4.062s  status=Exact solution     len=  2.728  endpoints_valid=True  collision=False  over_limit=False
[536] PASS  time=  0.787s  status=Exact solution     len=  0.936  endpoints_valid=True  collision=False  over_limit=False
[537] PASS  time=  5.197s  status=Exact solution     len=  5.798  endpoints_valid=True  collision=False  over_limit=False
[538] FAIL  time= 30.012s  status=Timeout            len=    nan  endpoints_valid=True  collision=False  over_limit=True
[539] PASS  time=  9.628s  status=Exact solution     len=  8.061  endpoints_valid=True  collision=False  over_limit=False
[540] PASS  time=  7.449s  status=Exact solution     len=  6.055  endpoints_valid=True  collision=False  over_limit=False
[541] PASS  time=  3.137s  status=Exact solution     len=  2.509  endpoints_valid=True  collision=False  over_limit=False
[542] PASS  time=  7.818s  status=Exact solution     len=  6.982  endpoints_valid=True  collision=False  over_limit=False
[543] PASS  time= 16.164s  status=Exact solution     len=  6.186  endpoints_valid=True  collision=False  over_limit=False
[544] PASS  time= 12.209s  status=Exact solution     len=  2.891  endpoints_valid=True  collision=False  over_limit=False
[545] PASS  time=  2.493s  status=Exact solution     len=  2.754  endpoints_valid=True  collision=False  over_limit=False
[546] PASS  time= 26.723s  status=Exact solution     len=  8.264  endpoints_valid=True  collision=False  over_limit=False
[547] PASS  time=  5.542s  status=Exact solution     len=  2.954  endpoints_valid=True  collision=False  over_limit=False
[548] PASS  time= 11.814s  status=Exact solution     len=  4.656  endpoints_valid=True  collision=False  over_limit=False
[549] PASS  time=  7.815s  status=Exact solution     len=  6.813  endpoints_valid=True  collision=False  over_limit=False
[550] PASS  time=  6.293s  status=Exact solution     len=  7.998  endpoints_valid=True  collision=False  over_limit=False
[551] PASS  time= 12.743s  status=Exact solution     len= 10.146  endpoints_valid=True  collision=False  over_limit=False
[552] PASS  time= 16.097s  status=Exact solution     len=  7.392  endpoints_valid=True  collision=False  over_limit=False
[553] PASS  time=  8.000s  status=Exact solution     len=  4.095  endpoints_valid=True  collision=False  over_limit=False
[554] PASS  time= 22.118s  status=Exact solution     len=  9.733  endpoints_valid=True  collision=False  over_limit=False
[555] PASS  time=  0.843s  status=Exact solution     len=  1.719  endpoints_valid=True  collision=False  over_limit=False
[556] PASS  time=  7.814s  status=Exact solution     len=  4.852  endpoints_valid=True  collision=False  over_limit=False
[557] PASS  time= 10.102s  status=Exact solution     len=  3.877  endpoints_valid=True  collision=False  over_limit=False
[558] PASS  time= 16.030s  status=Exact solution     len=  3.429  endpoints_valid=True  collision=False  over_limit=False
[559] PASS  time= 26.965s  status=Exact solution     len=  7.279  endpoints_valid=True  collision=False  over_limit=False
[560] PASS  time=  5.859s  status=Exact solution     len=  7.171  endpoints_valid=True  collision=False  over_limit=False
[561] PASS  time=  0.377s  status=Exact solution     len=  0.422  endpoints_valid=True  collision=False  over_limit=False
[562] PASS  time=  0.062s  status=Exact solution     len=  0.575  endpoints_valid=True  collision=False  over_limit=False
[563] PASS  time=  7.733s  status=Exact solution     len=  2.339  endpoints_valid=True  collision=False  over_limit=False
[564] PASS  time= 10.489s  status=Exact solution     len=  9.049  endpoints_valid=True  collision=False  over_limit=False
[565] PASS  time= 11.530s  status=Exact solution     len=  7.331  endpoints_valid=True  collision=False  over_limit=False
[566] PASS  time=  7.483s  status=Exact solution     len=  2.732  endpoints_valid=True  collision=False  over_limit=False
[567] PASS  time=  1.452s  status=Exact solution     len=  2.142  endpoints_valid=True  collision=False  over_limit=False
[568] PASS  time=  6.860s  status=Exact solution     len=  4.104  endpoints_valid=True  collision=False  over_limit=False
[569] PASS  time=  4.364s  status=Exact solution     len=  4.852  endpoints_valid=True  collision=False  over_limit=False
[570] FAIL  time= 30.201s  status=Timeout            len=    nan  endpoints_valid=True  collision=False  over_limit=True
[571] PASS  time=  7.795s  status=Exact solution     len= 11.238  endpoints_valid=True  collision=False  over_limit=False
[572] PASS  time=  9.960s  status=Exact solution     len=  9.037  endpoints_valid=True  collision=False  over_limit=False
[573] PASS  time=  3.988s  status=Exact solution     len=  5.200  endpoints_valid=True  collision=False  over_limit=False
[574] PASS  time= 11.677s  status=Exact solution     len=  4.267  endpoints_valid=True  collision=False  over_limit=False
[575] PASS  time=  0.230s  status=Exact solution     len=  0.568  endpoints_valid=True  collision=False  over_limit=False
[576] PASS  time= 11.768s  status=Exact solution     len=  9.298  endpoints_valid=True  collision=False  over_limit=False
[577] PASS  time=  0.512s  status=Exact solution     len=  1.047  endpoints_valid=True  collision=False  over_limit=False
[578] PASS  time= 17.495s  status=Exact solution     len= 10.713  endpoints_valid=True  collision=False  over_limit=False
[579] PASS  time= 10.097s  status=Exact solution     len=  2.212  endpoints_valid=True  collision=False  over_limit=False
[580] PASS  time=  0.587s  status=Exact solution     len=  0.589  endpoints_valid=True  collision=False  over_limit=False
[581] PASS  time=  0.069s  status=Exact solution     len=  0.525  endpoints_valid=True  collision=False  over_limit=False
[582] PASS  time=  0.126s  status=Exact solution     len=  0.493  endpoints_valid=True  collision=False  over_limit=False
[583] PASS  time=  9.052s  status=Exact solution     len=  5.537  endpoints_valid=True  collision=False  over_limit=False
[584] PASS  time=  4.759s  status=Exact solution     len=  6.533  endpoints_valid=True  collision=False  over_limit=False
[585] PASS  time= 20.785s  status=Exact solution     len=  6.338  endpoints_valid=True  collision=False  over_limit=False
[586] PASS  time=  5.924s  status=Exact solution     len=  3.394  endpoints_valid=True  collision=False  over_limit=False
[587] PASS  time=  6.424s  status=Exact solution     len=  3.193  endpoints_valid=True  collision=False  over_limit=False
[588] PASS  time= 16.607s  status=Exact solution     len=  6.105  endpoints_valid=True  collision=False  over_limit=False
[589] PASS  time=  6.594s  status=Exact solution     len=  7.459  endpoints_valid=True  collision=False  over_limit=False
[590] PASS  time=  9.655s  status=Exact solution     len=  4.574  endpoints_valid=True  collision=False  over_limit=False
[591] PASS  time= 11.845s  status=Exact solution     len= 10.239  endpoints_valid=True  collision=False  over_limit=False
[592] PASS  time=  4.906s  status=Exact solution     len=  5.201  endpoints_valid=True  collision=False  over_limit=False
[593] PASS  time= 24.067s  status=Exact solution     len=  3.434  endpoints_valid=True  collision=False  over_limit=False
[594] PASS  time=  1.183s  status=Exact solution     len=  3.693  endpoints_valid=True  collision=False  over_limit=False
[595] PASS  time=  6.314s  status=Exact solution     len=  8.536  endpoints_valid=True  collision=False  over_limit=False
[596] PASS  time=  3.767s  status=Exact solution     len=  4.685  endpoints_valid=True  collision=False  over_limit=False
[597] PASS  time=  0.640s  status=Exact solution     len=  1.934  endpoints_valid=True  collision=False  over_limit=False
[598] PASS  time= 19.401s  status=Exact solution     len=  8.715  endpoints_valid=True  collision=False  over_limit=False
[599] PASS  time=  3.770s  status=Exact solution     len=  1.713  endpoints_valid=True  collision=False  over_limit=False
[600] PASS  time=  1.180s  status=Exact solution     len=  2.111  endpoints_valid=True  collision=False  over_limit=False
[601] PASS  time=  0.255s  status=Exact solution     len=  0.423  endpoints_valid=True  collision=False  over_limit=False
[602] PASS  time=  2.638s  status=Exact solution     len=  1.589  endpoints_valid=True  collision=False  over_limit=False
[603] PASS  time=  5.048s  status=Exact solution     len=  4.810  endpoints_valid=True  collision=False  over_limit=False
[604] PASS  time= 12.672s  status=Exact solution     len= 10.516  endpoints_valid=True  collision=False  over_limit=False
[605] PASS  time=  8.563s  status=Exact solution     len=  9.525  endpoints_valid=True  collision=False  over_limit=False
[606] PASS  time=  2.653s  status=Exact solution     len=  6.350  endpoints_valid=True  collision=False  over_limit=False
[607] PASS  time= 10.213s  status=Exact solution     len=  4.651  endpoints_valid=True  collision=False  over_limit=False
[608] PASS  time= 28.953s  status=Exact solution     len=  4.794  endpoints_valid=True  collision=False  over_limit=False
[609] PASS  time=  4.672s  status=Exact solution     len=  8.121  endpoints_valid=True  collision=False  over_limit=False
[610] PASS  time=  6.884s  status=Exact solution     len=  4.876  endpoints_valid=True  collision=False  over_limit=False
[611] PASS  time= 15.922s  status=Exact solution     len=  9.254  endpoints_valid=True  collision=False  over_limit=False
[612] PASS  time=  5.605s  status=Exact solution     len=  4.206  endpoints_valid=True  collision=False  over_limit=False
[613] PASS  time=  3.385s  status=Exact solution     len=  3.211  endpoints_valid=True  collision=False  over_limit=False
[614] PASS  time= 21.604s  status=Exact solution     len= 15.868  endpoints_valid=True  collision=False  over_limit=False
[615] PASS  time= 21.538s  status=Exact solution     len=  4.871  endpoints_valid=True  collision=False  over_limit=False
[616] PASS  time=  1.661s  status=Exact solution     len=  1.538  endpoints_valid=True  collision=False  over_limit=False
[617] PASS  time=  1.386s  status=Exact solution     len=  3.459  endpoints_valid=True  collision=False  over_limit=False
[618] PASS  time= 12.246s  status=Exact solution     len=  6.167  endpoints_valid=True  collision=False  over_limit=False
[619] PASS  time= 16.764s  status=Exact solution     len=  6.730  endpoints_valid=True  collision=False  over_limit=False
[620] PASS  time=  8.180s  status=Exact solution     len=  7.864  endpoints_valid=True  collision=False  over_limit=False
[621] PASS  time=  9.031s  status=Exact solution     len=  3.601  endpoints_valid=True  collision=False  over_limit=False
[622] PASS  time= 14.364s  status=Exact solution     len=  9.004  endpoints_valid=True  collision=False  over_limit=False
[623] PASS  time= 15.702s  status=Exact solution     len=  5.372  endpoints_valid=True  collision=False  over_limit=False
[624] PASS  time=  5.558s  status=Exact solution     len=  6.962  endpoints_valid=True  collision=False  over_limit=False
[625] PASS  time=  5.706s  status=Exact solution     len=  4.383  endpoints_valid=True  collision=False  over_limit=False
[626] PASS  time= 15.019s  status=Exact solution     len=  7.954  endpoints_valid=True  collision=False  over_limit=False
[627] PASS  time= 11.239s  status=Exact solution     len=  8.617  endpoints_valid=True  collision=False  over_limit=False
[628] PASS  time=  1.489s  status=Exact solution     len=  3.354  endpoints_valid=True  collision=False  over_limit=False
[629] PASS  time=  7.556s  status=Exact solution     len=  7.246  endpoints_valid=True  collision=False  over_limit=False
[630] PASS  time=  6.079s  status=Exact solution     len=  5.089  endpoints_valid=True  collision=False  over_limit=False
[631] PASS  time= 12.945s  status=Exact solution     len=  7.609  endpoints_valid=True  collision=False  over_limit=False
[632] PASS  time=  7.222s  status=Exact solution     len=  6.752  endpoints_valid=True  collision=False  over_limit=False
[633] PASS  time= 18.560s  status=Exact solution     len=  1.934  endpoints_valid=True  collision=False  over_limit=False
[634] PASS  time= 10.319s  status=Exact solution     len=  8.995  endpoints_valid=True  collision=False  over_limit=False
[635] PASS  time=  5.224s  status=Exact solution     len=  2.594  endpoints_valid=True  collision=False  over_limit=False
[636] PASS  time=  6.052s  status=Exact solution     len=  4.880  endpoints_valid=True  collision=False  over_limit=False
[637] PASS  time= 11.124s  status=Exact solution     len=  5.697  endpoints_valid=True  collision=False  over_limit=False
[638] PASS  time= 11.644s  status=Exact solution     len=  4.190  endpoints_valid=True  collision=False  over_limit=False
[639] PASS  time=  7.771s  status=Exact solution     len=  6.697  endpoints_valid=True  collision=False  over_limit=False
[640] PASS  time=  1.072s  status=Exact solution     len=  1.314  endpoints_valid=True  collision=False  over_limit=False
[641] PASS  time=  4.110s  status=Exact solution     len=  3.863  endpoints_valid=True  collision=False  over_limit=False
[642] FAIL  time= 30.078s  status=Timeout            len=    nan  endpoints_valid=True  collision=False  over_limit=True
[643] PASS  time= 14.158s  status=Exact solution     len=  3.918  endpoints_valid=True  collision=False  over_limit=False
[644] PASS  time=  5.070s  status=Exact solution     len=  5.041  endpoints_valid=True  collision=False  over_limit=False
[645] PASS  time=  6.853s  status=Exact solution     len=  3.260  endpoints_valid=True  collision=False  over_limit=False
[646] PASS  time= 17.360s  status=Exact solution     len=  6.284  endpoints_valid=True  collision=False  over_limit=False
[647] PASS  time= 12.806s  status=Exact solution     len=  6.625  endpoints_valid=True  collision=False  over_limit=False
[648] PASS  time= 13.288s  status=Exact solution     len=  8.432  endpoints_valid=True  collision=False  over_limit=False
[649] PASS  time=  4.117s  status=Exact solution     len=  5.912  endpoints_valid=True  collision=False  over_limit=False
[650] PASS  time= 14.812s  status=Exact solution     len=  7.430  endpoints_valid=True  collision=False  over_limit=False
[651] PASS  time= 11.405s  status=Exact solution     len=  7.123  endpoints_valid=True  collision=False  over_limit=False
[652] PASS  time= 11.846s  status=Exact solution     len=  8.251  endpoints_valid=True  collision=False  over_limit=False
[653] PASS  time= 14.653s  status=Exact solution     len=  4.935  endpoints_valid=True  collision=False  over_limit=False
[654] PASS  time=  1.735s  status=Exact solution     len=  1.633  endpoints_valid=True  collision=False  over_limit=False
[655] PASS  time=  3.249s  status=Exact solution     len=  6.941  endpoints_valid=True  collision=False  over_limit=False
[656] PASS  time=  4.461s  status=Exact solution     len=  4.307  endpoints_valid=True  collision=False  over_limit=False
[657] PASS  time= 15.730s  status=Exact solution     len=  6.528  endpoints_valid=True  collision=False  over_limit=False
[658] PASS  time=  4.941s  status=Exact solution     len=  9.286  endpoints_valid=True  collision=False  over_limit=False
[659] PASS  time=  3.452s  status=Exact solution     len=  3.165  endpoints_valid=True  collision=False  over_limit=False
[660] PASS  time= 11.577s  status=Exact solution     len=  8.353  endpoints_valid=True  collision=False  over_limit=False
[661] PASS  time=  7.911s  status=Exact solution     len=  7.898  endpoints_valid=True  collision=False  over_limit=False
[662] PASS  time=  3.682s  status=Exact solution     len=  4.489  endpoints_valid=True  collision=False  over_limit=False
[663] PASS  time=  0.143s  status=Exact solution     len=  0.377  endpoints_valid=True  collision=False  over_limit=False
[664] PASS  time=  1.384s  status=Exact solution     len=  4.344  endpoints_valid=True  collision=False  over_limit=False
[665] PASS  time= 18.086s  status=Exact solution     len=  7.131  endpoints_valid=True  collision=False  over_limit=False
[666] PASS  time=  3.588s  status=Exact solution     len=  5.855  endpoints_valid=True  collision=False  over_limit=False
[667] PASS  time= 19.299s  status=Exact solution     len=  6.642  endpoints_valid=True  collision=False  over_limit=False
[668] PASS  time=  8.345s  status=Exact solution     len=  2.691  endpoints_valid=True  collision=False  over_limit=False
[669] PASS  time=  7.385s  status=Exact solution     len=  5.225  endpoints_valid=True  collision=False  over_limit=False
[670] PASS  time=  9.837s  status=Exact solution     len=  4.337  endpoints_valid=True  collision=False  over_limit=False
[671] PASS  time=  7.925s  status=Exact solution     len=  6.789  endpoints_valid=True  collision=False  over_limit=False
[672] PASS  time=  0.985s  status=Exact solution     len=  1.753  endpoints_valid=True  collision=False  over_limit=False
[673] PASS  time=  2.815s  status=Exact solution     len=  5.051  endpoints_valid=True  collision=False  over_limit=False
[674] PASS  time= 12.777s  status=Exact solution     len=  8.765  endpoints_valid=True  collision=False  over_limit=False
[675] PASS  time= 12.687s  status=Exact solution     len=  3.207  endpoints_valid=True  collision=False  over_limit=False
[676] PASS  time=  2.500s  status=Exact solution     len=  3.413  endpoints_valid=True  collision=False  over_limit=False
[677] PASS  time=  0.486s  status=Exact solution     len=  1.181  endpoints_valid=True  collision=False  over_limit=False
[678] PASS  time=  0.644s  status=Exact solution     len=  1.842  endpoints_valid=True  collision=False  over_limit=False
[679] PASS  time= 20.775s  status=Exact solution     len=  4.342  endpoints_valid=True  collision=False  over_limit=False
[680] PASS  time=  2.050s  status=Exact solution     len=  1.542  endpoints_valid=True  collision=False  over_limit=False
[681] PASS  time=  7.772s  status=Exact solution     len=  9.009  endpoints_valid=True  collision=False  over_limit=False
[682] PASS  time=  8.652s  status=Exact solution     len=  4.245  endpoints_valid=True  collision=False  over_limit=False
[683] PASS  time=  9.085s  status=Exact solution     len=  5.933  endpoints_valid=True  collision=False  over_limit=False
[684] PASS  time= 10.822s  status=Exact solution     len=  9.434  endpoints_valid=True  collision=False  over_limit=False
[685] PASS  time=  1.882s  status=Exact solution     len=  1.789  endpoints_valid=True  collision=False  over_limit=False
[686] PASS  time=  1.507s  status=Exact solution     len=  2.816  endpoints_valid=True  collision=False  over_limit=False
[687] PASS  time=  4.106s  status=Exact solution     len=  2.577  endpoints_valid=True  collision=False  over_limit=False
[688] PASS  time=  7.609s  status=Exact solution     len=  9.659  endpoints_valid=True  collision=False  over_limit=False
[689] PASS  time=  0.099s  status=Exact solution     len=  1.010  endpoints_valid=True  collision=False  over_limit=False
[690] PASS  time= 12.888s  status=Exact solution     len=  7.438  endpoints_valid=True  collision=False  over_limit=False
[691] PASS  time= 19.168s  status=Exact solution     len= 11.005  endpoints_valid=True  collision=False  over_limit=False
[692] FAIL  time= 30.076s  status=Timeout            len=    nan  endpoints_valid=True  collision=False  over_limit=True
[693] PASS  time=  7.422s  status=Exact solution     len=  5.620  endpoints_valid=True  collision=False  over_limit=False
[694] PASS  time=  0.442s  status=Exact solution     len=  0.466  endpoints_valid=True  collision=False  over_limit=False
[695] PASS  time=  4.479s  status=Exact solution     len=  6.783  endpoints_valid=True  collision=False  over_limit=False
[696] PASS  time=  6.932s  status=Exact solution     len=  6.885  endpoints_valid=True  collision=False  over_limit=False
[697] PASS  time= 15.556s  status=Exact solution     len=  4.822  endpoints_valid=True  collision=False  over_limit=False
[698] PASS  time= 12.334s  status=Exact solution     len=  5.313  endpoints_valid=True  collision=False  over_limit=False
[699] PASS  time= 15.781s  status=Exact solution     len=  7.093  endpoints_valid=True  collision=False  over_limit=False
[700] PASS  time= 19.763s  status=Exact solution     len=  2.529  endpoints_valid=True  collision=False  over_limit=False
[701] PASS  time= 19.707s  status=Exact solution     len= 12.981  endpoints_valid=True  collision=False  over_limit=False
[702] PASS  time=  4.904s  status=Exact solution     len=  4.006  endpoints_valid=True  collision=False  over_limit=False
[703] PASS  time=  4.902s  status=Exact solution     len=  5.087  endpoints_valid=True  collision=False  over_limit=False
[704] PASS  time=  5.957s  status=Exact solution     len=  4.633  endpoints_valid=True  collision=False  over_limit=False
[705] PASS  time= 12.191s  status=Exact solution     len=  7.746  endpoints_valid=True  collision=False  over_limit=False
[706] PASS  time= 10.686s  status=Exact solution     len=  2.577  endpoints_valid=True  collision=False  over_limit=False
[707] PASS  time= 12.472s  status=Exact solution     len=  6.766  endpoints_valid=True  collision=False  over_limit=False
[708] PASS  time= 11.685s  status=Exact solution     len=  5.241  endpoints_valid=True  collision=False  over_limit=False
[709] PASS  time=  6.740s  status=Exact solution     len=  6.081  endpoints_valid=True  collision=False  over_limit=False
[710] PASS  time= 10.429s  status=Exact solution     len=  7.394  endpoints_valid=True  collision=False  over_limit=False
[711] PASS  time= 10.345s  status=Exact solution     len=  2.994  endpoints_valid=True  collision=False  over_limit=False
[712] PASS  time=  7.305s  status=Exact solution     len=  3.813  endpoints_valid=True  collision=False  over_limit=False
[713] PASS  time=  4.437s  status=Exact solution     len=  3.122  endpoints_valid=True  collision=False  over_limit=False
[714] PASS  time= 16.925s  status=Exact solution     len= 10.337  endpoints_valid=True  collision=False  over_limit=False
[715] PASS  time=  2.755s  status=Exact solution     len=  3.043  endpoints_valid=True  collision=False  over_limit=False
[716] PASS  time= 14.344s  status=Exact solution     len=  5.668  endpoints_valid=True  collision=False  over_limit=False
[717] PASS  time= 14.722s  status=Exact solution     len=  8.446  endpoints_valid=True  collision=False  over_limit=False
[718] PASS  time= 13.873s  status=Exact solution     len=  6.033  endpoints_valid=True  collision=False  over_limit=False
[719] PASS  time=  5.256s  status=Exact solution     len=  3.875  endpoints_valid=True  collision=False  over_limit=False
[720] PASS  time=  5.979s  status=Exact solution     len=  3.495  endpoints_valid=True  collision=False  over_limit=False
[721] PASS  time= 13.635s  status=Exact solution     len=  4.324  endpoints_valid=True  collision=False  over_limit=False
[722] PASS  time= 18.845s  status=Exact solution     len= 18.463  endpoints_valid=True  collision=False  over_limit=False
[723] PASS  time=  8.139s  status=Exact solution     len=  5.379  endpoints_valid=True  collision=False  over_limit=False
[724] PASS  time=  4.954s  status=Exact solution     len=  3.149  endpoints_valid=True  collision=False  over_limit=False
[725] PASS  time=  6.411s  status=Exact solution     len=  8.684  endpoints_valid=True  collision=False  over_limit=False
[726] PASS  time=  0.363s  status=Exact solution     len=  1.408  endpoints_valid=True  collision=False  over_limit=False
[727] PASS  time= 29.042s  status=Exact solution     len=  6.258  endpoints_valid=True  collision=False  over_limit=False
[728] PASS  time=  7.304s  status=Exact solution     len= 11.487  endpoints_valid=True  collision=False  over_limit=False
[729] PASS  time= 17.902s  status=Exact solution     len=  9.260  endpoints_valid=True  collision=False  over_limit=False
[730] PASS  time= 11.087s  status=Exact solution     len=  5.376  endpoints_valid=True  collision=False  over_limit=False
[731] PASS  time= 25.751s  status=Exact solution     len= 10.293  endpoints_valid=True  collision=False  over_limit=False
[732] PASS  time=  7.808s  status=Exact solution     len=  4.694  endpoints_valid=True  collision=False  over_limit=False
[733] PASS  time= 11.538s  status=Exact solution     len=  2.744  endpoints_valid=True  collision=False  over_limit=False
[734] PASS  time=  8.760s  status=Exact solution     len=  6.486  endpoints_valid=True  collision=False  over_limit=False
[735] PASS  time=  2.173s  status=Exact solution     len=  4.769  endpoints_valid=True  collision=False  over_limit=False
[736] FAIL  time= 30.140s  status=Timeout            len=    nan  endpoints_valid=True  collision=False  over_limit=True
[737] PASS  time= 18.498s  status=Exact solution     len=  2.543  endpoints_valid=True  collision=False  over_limit=False
[738] PASS  time= 20.837s  status=Exact solution     len=  7.284  endpoints_valid=True  collision=False  over_limit=False
[739] PASS  time= 12.498s  status=Exact solution     len=  9.429  endpoints_valid=True  collision=False  over_limit=False
[740] PASS  time=  8.771s  status=Exact solution     len=  4.483  endpoints_valid=True  collision=False  over_limit=False
[741] PASS  time=  0.824s  status=Exact solution     len=  3.713  endpoints_valid=True  collision=False  over_limit=False
[742] PASS  time= 18.008s  status=Exact solution     len=  9.012  endpoints_valid=True  collision=False  over_limit=False
[743] PASS  time=  1.350s  status=Exact solution     len=  1.294  endpoints_valid=True  collision=False  over_limit=False
[744] PASS  time=  0.954s  status=Exact solution     len=  0.842  endpoints_valid=True  collision=False  over_limit=False
[745] PASS  time= 11.510s  status=Exact solution     len=  4.500  endpoints_valid=True  collision=False  over_limit=False
[746] PASS  time=  4.031s  status=Exact solution     len=  4.299  endpoints_valid=True  collision=False  over_limit=False
[747] PASS  time=  0.076s  status=Exact solution     len=  0.713  endpoints_valid=True  collision=False  over_limit=False
[748] PASS  time= 17.477s  status=Exact solution     len=  6.050  endpoints_valid=True  collision=False  over_limit=False
[749] PASS  time=  0.729s  status=Exact solution     len=  1.641  endpoints_valid=True  collision=False  over_limit=False
[750] PASS  time= 11.008s  status=Exact solution     len=  4.547  endpoints_valid=True  collision=False  over_limit=False
[751] PASS  time=  0.140s  status=Exact solution     len=  0.275  endpoints_valid=True  collision=False  over_limit=False
[752] PASS  time= 13.114s  status=Exact solution     len=  8.256  endpoints_valid=True  collision=False  over_limit=False
[753] PASS  time=  9.750s  status=Exact solution     len=  2.172  endpoints_valid=True  collision=False  over_limit=False
[754] PASS  time=  1.530s  status=Exact solution     len=  3.797  endpoints_valid=True  collision=False  over_limit=False
[755] PASS  time= 11.537s  status=Exact solution     len=  7.468  endpoints_valid=True  collision=False  over_limit=False
[756] PASS  time= 12.297s  status=Exact solution     len= 13.202  endpoints_valid=True  collision=False  over_limit=False
[757] PASS  time= 18.310s  status=Exact solution     len=  7.012  endpoints_valid=True  collision=False  over_limit=False
[758] PASS  time=  7.454s  status=Exact solution     len=  4.669  endpoints_valid=True  collision=False  over_limit=False
[759] PASS  time= 14.272s  status=Exact solution     len=  6.878  endpoints_valid=True  collision=False  over_limit=False
[760] PASS  time= 12.500s  status=Exact solution     len=  8.041  endpoints_valid=True  collision=False  over_limit=False
[761] PASS  time=  9.161s  status=Exact solution     len=  6.942  endpoints_valid=True  collision=False  over_limit=False
[762] PASS  time=  3.758s  status=Exact solution     len=  6.972  endpoints_valid=True  collision=False  over_limit=False
[763] PASS  time=  9.575s  status=Exact solution     len=  2.965  endpoints_valid=True  collision=False  over_limit=False
[764] PASS  time=  0.297s  status=Exact solution     len=  0.595  endpoints_valid=True  collision=False  over_limit=False
[765] PASS  time=  2.575s  status=Exact solution     len=  5.485  endpoints_valid=True  collision=False  over_limit=False
[766] PASS  time=  0.962s  status=Exact solution     len=  2.813  endpoints_valid=True  collision=False  over_limit=False
[767] PASS  time= 13.704s  status=Exact solution     len=  4.232  endpoints_valid=True  collision=False  over_limit=False
[768] PASS  time=  1.135s  status=Exact solution     len=  0.858  endpoints_valid=True  collision=False  over_limit=False
[769] PASS  time=  0.922s  status=Exact solution     len=  1.152  endpoints_valid=True  collision=False  over_limit=False
[770] PASS  time=  0.125s  status=Exact solution     len=  0.303  endpoints_valid=True  collision=False  over_limit=False
[771] FAIL  time= 30.098s  status=Timeout            len=    nan  endpoints_valid=True  collision=False  over_limit=True
[772] PASS  time= 28.024s  status=Exact solution     len=  5.971  endpoints_valid=True  collision=False  over_limit=False
[773] PASS  time= 10.948s  status=Exact solution     len=  7.696  endpoints_valid=True  collision=False  over_limit=False
[774] PASS  time=  6.666s  status=Exact solution     len=  7.511  endpoints_valid=True  collision=False  over_limit=False
[775] PASS  time= 10.350s  status=Exact solution     len= 14.477  endpoints_valid=True  collision=False  over_limit=False
[776] PASS  time= 12.731s  status=Exact solution     len=  9.231  endpoints_valid=True  collision=False  over_limit=False
[777] PASS  time= 11.771s  status=Exact solution     len=  6.684  endpoints_valid=True  collision=False  over_limit=False
[778] PASS  time= 10.967s  status=Exact solution     len=  5.238  endpoints_valid=True  collision=False  over_limit=False
[779] PASS  time= 13.961s  status=Exact solution     len=  7.416  endpoints_valid=True  collision=False  over_limit=False
[780] PASS  time= 10.514s  status=Exact solution     len=  4.430  endpoints_valid=True  collision=False  over_limit=False
[781] PASS  time=  9.977s  status=Exact solution     len=  8.855  endpoints_valid=True  collision=False  over_limit=False
[782] PASS  time=  9.611s  status=Exact solution     len=  9.304  endpoints_valid=True  collision=False  over_limit=False
[783] PASS  time= 21.935s  status=Exact solution     len= 15.196  endpoints_valid=True  collision=False  over_limit=False
[784] PASS  time=  2.182s  status=Exact solution     len=  3.592  endpoints_valid=True  collision=False  over_limit=False
[785] PASS  time=  8.003s  status=Exact solution     len= 10.326  endpoints_valid=True  collision=False  over_limit=False
[786] PASS  time=  2.196s  status=Exact solution     len=  4.747  endpoints_valid=True  collision=False  over_limit=False
[787] PASS  time=  3.895s  status=Exact solution     len=  6.384  endpoints_valid=True  collision=False  over_limit=False
[788] PASS  time=  7.458s  status=Exact solution     len=  4.543  endpoints_valid=True  collision=False  over_limit=False
[789] PASS  time= 13.813s  status=Exact solution     len=  3.974  endpoints_valid=True  collision=False  over_limit=False
[790] PASS  time=  1.512s  status=Exact solution     len=  0.922  endpoints_valid=True  collision=False  over_limit=False
[791] PASS  time=  7.318s  status=Exact solution     len= 10.639  endpoints_valid=True  collision=False  over_limit=False
[792] PASS  time=  6.241s  status=Exact solution     len=  5.143  endpoints_valid=True  collision=False  over_limit=False
[793] PASS  time=  9.440s  status=Exact solution     len=  4.396  endpoints_valid=True  collision=False  over_limit=False
[794] PASS  time=  6.475s  status=Exact solution     len=  5.484  endpoints_valid=True  collision=False  over_limit=False
[795] PASS  time= 16.333s  status=Exact solution     len=  9.806  endpoints_valid=True  collision=False  over_limit=False
[796] PASS  time=  7.509s  status=Exact solution     len=  4.883  endpoints_valid=True  collision=False  over_limit=False
[797] PASS  time=  3.498s  status=Exact solution     len=  1.955  endpoints_valid=True  collision=False  over_limit=False
[798] PASS  time=  7.681s  status=Exact solution     len=  9.863  endpoints_valid=True  collision=False  over_limit=False
[799] PASS  time=  9.108s  status=Exact solution     len=  9.689  endpoints_valid=True  collision=False  over_limit=False
[800] PASS  time=  3.119s  status=Exact solution     len=  1.620  endpoints_valid=True  collision=False  over_limit=False
[801] PASS  time= 14.172s  status=Exact solution     len=  8.765  endpoints_valid=True  collision=False  over_limit=False
[802] PASS  time=  6.246s  status=Exact solution     len=  7.177  endpoints_valid=True  collision=False  over_limit=False
[803] PASS  time=  2.576s  status=Exact solution     len=  2.710  endpoints_valid=True  collision=False  over_limit=False
[804] PASS  time=  5.918s  status=Exact solution     len=  4.338  endpoints_valid=True  collision=False  over_limit=False
[805] PASS  time= 15.085s  status=Exact solution     len=  5.211  endpoints_valid=True  collision=False  over_limit=False
[806] PASS  time=  5.472s  status=Exact solution     len=  3.725  endpoints_valid=True  collision=False  over_limit=False
[807] PASS  time= 12.744s  status=Exact solution     len= 13.207  endpoints_valid=True  collision=False  over_limit=False
[808] PASS  time= 10.472s  status=Exact solution     len=  7.616  endpoints_valid=True  collision=False  over_limit=False
[809] PASS  time=  7.588s  status=Exact solution     len=  5.102  endpoints_valid=True  collision=False  over_limit=False
[810] PASS  time=  0.212s  status=Exact solution     len=  1.716  endpoints_valid=True  collision=False  over_limit=False
[811] FAIL  time= 30.077s  status=Timeout            len=    nan  endpoints_valid=True  collision=False  over_limit=True
[812] PASS  time=  5.978s  status=Exact solution     len=  6.206  endpoints_valid=True  collision=False  over_limit=False
[813] PASS  time=  3.755s  status=Exact solution     len=  7.147  endpoints_valid=True  collision=False  over_limit=False
[814] PASS  time=  9.406s  status=Exact solution     len= 11.878  endpoints_valid=True  collision=False  over_limit=False
[815] PASS  time=  3.709s  status=Exact solution     len=  4.235  endpoints_valid=True  collision=False  over_limit=False
[816] PASS  time=  6.023s  status=Exact solution     len=  3.508  endpoints_valid=True  collision=False  over_limit=False
[817] PASS  time=  4.089s  status=Exact solution     len=  4.600  endpoints_valid=True  collision=False  over_limit=False
[818] PASS  time=  6.502s  status=Exact solution     len= 14.110  endpoints_valid=True  collision=False  over_limit=False
[819] PASS  time=  8.687s  status=Exact solution     len=  3.746  endpoints_valid=True  collision=False  over_limit=False
[820] PASS  time= 11.489s  status=Exact solution     len= 10.135  endpoints_valid=True  collision=False  over_limit=False
[821] PASS  time= 12.695s  status=Exact solution     len=  7.673  endpoints_valid=True  collision=False  over_limit=False
[822] PASS  time=  0.555s  status=Exact solution     len=  0.586  endpoints_valid=True  collision=False  over_limit=False
[823] PASS  time= 10.385s  status=Exact solution     len=  7.388  endpoints_valid=True  collision=False  over_limit=False
[824] PASS  time=  3.587s  status=Exact solution     len=  6.983  endpoints_valid=True  collision=False  over_limit=False
[825] PASS  time=  0.116s  status=Exact solution     len=  1.009  endpoints_valid=True  collision=False  over_limit=False
[826] PASS  time=  1.378s  status=Exact solution     len=  4.630  endpoints_valid=True  collision=False  over_limit=False
[827] PASS  time=  5.568s  status=Exact solution     len=  9.557  endpoints_valid=True  collision=False  over_limit=False
[828] PASS  time= 15.904s  status=Exact solution     len=  6.796  endpoints_valid=True  collision=False  over_limit=False
[829] PASS  time=  9.396s  status=Exact solution     len=  6.115  endpoints_valid=True  collision=False  over_limit=False
[830] PASS  time= 10.644s  status=Exact solution     len=  8.027  endpoints_valid=True  collision=False  over_limit=False
[831] PASS  time=  2.164s  status=Exact solution     len=  4.876  endpoints_valid=True  collision=False  over_limit=False
[832] PASS  time=  7.926s  status=Exact solution     len=  7.200  endpoints_valid=True  collision=False  over_limit=False
[833] PASS  time=  3.496s  status=Exact solution     len=  1.551  endpoints_valid=True  collision=False  over_limit=False
[834] PASS  time= 10.911s  status=Exact solution     len=  3.697  endpoints_valid=True  collision=False  over_limit=False
[835] PASS  time=  0.265s  status=Exact solution     len=  0.556  endpoints_valid=True  collision=False  over_limit=False
[836] PASS  time=  0.843s  status=Exact solution     len=  3.632  endpoints_valid=True  collision=False  over_limit=False
[837] PASS  time= 15.502s  status=Exact solution     len=  6.259  endpoints_valid=True  collision=False  over_limit=False
[838] PASS  time= 13.728s  status=Exact solution     len=  4.980  endpoints_valid=True  collision=False  over_limit=False
[839] PASS  time=  0.461s  status=Exact solution     len=  0.986  endpoints_valid=True  collision=False  over_limit=False
[840] PASS  time= 16.613s  status=Exact solution     len= 18.201  endpoints_valid=True  collision=False  over_limit=False
[841] PASS  time=  2.586s  status=Exact solution     len=  6.631  endpoints_valid=True  collision=False  over_limit=False
[842] PASS  time=  1.588s  status=Exact solution     len=  1.663  endpoints_valid=True  collision=False  over_limit=False
[843] PASS  time= 21.244s  status=Exact solution     len=  2.901  endpoints_valid=True  collision=False  over_limit=False
[844] PASS  time= 15.194s  status=Exact solution     len=  5.181  endpoints_valid=True  collision=False  over_limit=False
[845] PASS  time=  7.360s  status=Exact solution     len=  6.110  endpoints_valid=True  collision=False  over_limit=False
[846] PASS  time=  0.142s  status=Exact solution     len=  0.293  endpoints_valid=True  collision=False  over_limit=False
[847] PASS  time=  0.160s  status=Exact solution     len=  0.865  endpoints_valid=True  collision=False  over_limit=False
[848] PASS  time=  4.699s  status=Exact solution     len=  6.699  endpoints_valid=True  collision=False  over_limit=False
[849] PASS  time=  7.368s  status=Exact solution     len=  7.837  endpoints_valid=True  collision=False  over_limit=False
[850] PASS  time=  6.969s  status=Exact solution     len=  4.680  endpoints_valid=True  collision=False  over_limit=False
[851] PASS  time=  8.117s  status=Exact solution     len= 12.814  endpoints_valid=True  collision=False  over_limit=False
[852] PASS  time=  4.623s  status=Exact solution     len=  2.848  endpoints_valid=True  collision=False  over_limit=False
[853] PASS  time=  0.020s  status=Exact solution     len=  0.527  endpoints_valid=True  collision=False  over_limit=False
[854] PASS  time=  8.358s  status=Exact solution     len=  6.797  endpoints_valid=True  collision=False  over_limit=False
[855] PASS  time= 27.018s  status=Exact solution     len=  3.943  endpoints_valid=True  collision=False  over_limit=False
[856] PASS  time=  0.083s  status=Exact solution     len=  0.584  endpoints_valid=True  collision=False  over_limit=False
[857] PASS  time=  0.054s  status=Exact solution     len=  0.343  endpoints_valid=True  collision=False  over_limit=False
[858] PASS  time=  2.427s  status=Exact solution     len=  3.070  endpoints_valid=True  collision=False  over_limit=False
[859] PASS  time=  2.623s  status=Exact solution     len=  7.004  endpoints_valid=True  collision=False  over_limit=False
[860] PASS  time=  8.208s  status=Exact solution     len=  4.660  endpoints_valid=True  collision=False  over_limit=False
[861] PASS  time=  9.234s  status=Exact solution     len=  3.794  endpoints_valid=True  collision=False  over_limit=False
[862] PASS  time=  0.220s  status=Exact solution     len=  0.465  endpoints_valid=True  collision=False  over_limit=False
[863] PASS  time=  5.236s  status=Exact solution     len=  5.856  endpoints_valid=True  collision=False  over_limit=False
[864] PASS  time=  3.548s  status=Exact solution     len=  6.615  endpoints_valid=True  collision=False  over_limit=False
[865] PASS  time= 15.036s  status=Exact solution     len=  3.887  endpoints_valid=True  collision=False  over_limit=False
[866] PASS  time=  6.950s  status=Exact solution     len=  7.031  endpoints_valid=True  collision=False  over_limit=False
[867] PASS  time= 14.382s  status=Exact solution     len=  2.404  endpoints_valid=True  collision=False  over_limit=False
[868] PASS  time= 13.175s  status=Exact solution     len=  8.760  endpoints_valid=True  collision=False  over_limit=False
[869] PASS  time=  8.568s  status=Exact solution     len=  3.470  endpoints_valid=True  collision=False  over_limit=False
[870] PASS  time=  9.615s  status=Exact solution     len=  6.869  endpoints_valid=True  collision=False  over_limit=False
[871] PASS  time=  5.283s  status=Exact solution     len=  8.113  endpoints_valid=True  collision=False  over_limit=False
[872] PASS  time=  9.859s  status=Exact solution     len=  5.740  endpoints_valid=True  collision=False  over_limit=False
[873] PASS  time= 12.476s  status=Exact solution     len=  8.534  endpoints_valid=True  collision=False  over_limit=False
[874] PASS  time= 10.853s  status=Exact solution     len=  7.082  endpoints_valid=True  collision=False  over_limit=False
[875] PASS  time=  2.160s  status=Exact solution     len=  1.350  endpoints_valid=True  collision=False  over_limit=False
[876] PASS  time= 12.558s  status=Exact solution     len=  5.480  endpoints_valid=True  collision=False  over_limit=False
[877] PASS  time=  2.908s  status=Exact solution     len=  3.367  endpoints_valid=True  collision=False  over_limit=False
[878] PASS  time=  5.244s  status=Exact solution     len=  2.393  endpoints_valid=True  collision=False  over_limit=False
[879] PASS  time= 16.733s  status=Exact solution     len=  2.544  endpoints_valid=True  collision=False  over_limit=False
[880] PASS  time=  9.658s  status=Exact solution     len=  9.876  endpoints_valid=True  collision=False  over_limit=False
[881] FAIL  time= 30.233s  status=Timeout            len=    nan  endpoints_valid=True  collision=False  over_limit=True
[882] PASS  time= 15.818s  status=Exact solution     len=  8.852  endpoints_valid=True  collision=False  over_limit=False
[883] PASS  time=  2.245s  status=Exact solution     len=  2.757  endpoints_valid=True  collision=False  over_limit=False
[884] PASS  time=  6.427s  status=Exact solution     len=  7.553  endpoints_valid=True  collision=False  over_limit=False
[885] PASS  time= 13.954s  status=Exact solution     len=  8.795  endpoints_valid=True  collision=False  over_limit=False
[886] PASS  time=  6.462s  status=Exact solution     len=  5.448  endpoints_valid=True  collision=False  over_limit=False
[887] PASS  time= 15.017s  status=Exact solution     len= 10.983  endpoints_valid=True  collision=False  over_limit=False
[888] PASS  time=  3.879s  status=Exact solution     len=  5.737  endpoints_valid=True  collision=False  over_limit=False
[889] PASS  time=  6.180s  status=Exact solution     len=  3.743  endpoints_valid=True  collision=False  over_limit=False
[890] PASS  time= 19.663s  status=Exact solution     len=  4.741  endpoints_valid=True  collision=False  over_limit=False
[891] PASS  time=  0.540s  status=Exact solution     len=  1.122  endpoints_valid=True  collision=False  over_limit=False
[892] PASS  time=  0.093s  status=Exact solution     len=  0.760  endpoints_valid=True  collision=False  over_limit=False
[893] PASS  time=  1.798s  status=Exact solution     len=  4.644  endpoints_valid=True  collision=False  over_limit=False
[894] PASS  time= 15.692s  status=Exact solution     len=  3.152  endpoints_valid=True  collision=False  over_limit=False
[895] PASS  time= 12.200s  status=Exact solution     len=  5.945  endpoints_valid=True  collision=False  over_limit=False
[896] PASS  time=  4.119s  status=Exact solution     len=  2.721  endpoints_valid=True  collision=False  over_limit=False
[897] PASS  time= 11.714s  status=Exact solution     len=  6.573  endpoints_valid=True  collision=False  over_limit=False
[898] PASS  time= 11.436s  status=Exact solution     len=  4.314  endpoints_valid=True  collision=False  over_limit=False
[899] PASS  time=  6.914s  status=Exact solution     len= 10.039  endpoints_valid=True  collision=False  over_limit=False
[900] PASS  time= 21.875s  status=Exact solution     len=  6.713  endpoints_valid=True  collision=False  over_limit=False
[901] PASS  time=  0.145s  status=Exact solution     len=  0.494  endpoints_valid=True  collision=False  over_limit=False
[902] PASS  time=  2.912s  status=Exact solution     len=  3.305  endpoints_valid=True  collision=False  over_limit=False
[903] PASS  time= 10.677s  status=Exact solution     len=  5.047  endpoints_valid=True  collision=False  over_limit=False
[904] PASS  time= 25.635s  status=Exact solution     len= 10.930  endpoints_valid=True  collision=False  over_limit=False
[905] PASS  time=  1.692s  status=Exact solution     len=  1.638  endpoints_valid=True  collision=False  over_limit=False
[906] PASS  time=  5.530s  status=Exact solution     len=  4.101  endpoints_valid=True  collision=False  over_limit=False
[907] PASS  time=  3.608s  status=Exact solution     len=  1.614  endpoints_valid=True  collision=False  over_limit=False
[908] PASS  time=  1.566s  status=Exact solution     len=  2.221  endpoints_valid=True  collision=False  over_limit=False
[909] PASS  time=  2.674s  status=Exact solution     len=  2.689  endpoints_valid=True  collision=False  over_limit=False
[910] PASS  time=  8.022s  status=Exact solution     len=  6.360  endpoints_valid=True  collision=False  over_limit=False
[911] PASS  time=  0.299s  status=Exact solution     len=  0.519  endpoints_valid=True  collision=False  over_limit=False
[912] PASS  time=  4.522s  status=Exact solution     len=  5.003  endpoints_valid=True  collision=False  over_limit=False
[913] PASS  time=  6.945s  status=Exact solution     len=  7.676  endpoints_valid=True  collision=False  over_limit=False
[914] PASS  time=  9.256s  status=Exact solution     len=  8.594  endpoints_valid=True  collision=False  over_limit=False
[915] PASS  time= 26.219s  status=Exact solution     len=  2.563  endpoints_valid=True  collision=False  over_limit=False
[916] PASS  time= 25.488s  status=Exact solution     len=  7.385  endpoints_valid=True  collision=False  over_limit=False
[917] PASS  time=  2.339s  status=Exact solution     len=  3.894  endpoints_valid=True  collision=False  over_limit=False
[918] PASS  time=  8.881s  status=Exact solution     len=  5.628  endpoints_valid=True  collision=False  over_limit=False
[919] PASS  time=  6.090s  status=Exact solution     len=  7.256  endpoints_valid=True  collision=False  over_limit=False
[920] PASS  time= 15.325s  status=Exact solution     len= 13.036  endpoints_valid=True  collision=False  over_limit=False
[921] PASS  time= 28.587s  status=Exact solution     len=  5.611  endpoints_valid=True  collision=False  over_limit=False
[922] PASS  time=  7.280s  status=Exact solution     len=  4.470  endpoints_valid=True  collision=False  over_limit=False
[923] PASS  time=  3.466s  status=Exact solution     len=  3.055  endpoints_valid=True  collision=False  over_limit=False
[924] PASS  time=  7.920s  status=Exact solution     len= 10.057  endpoints_valid=True  collision=False  over_limit=False
[925] FAIL  time= 30.103s  status=Timeout            len=    nan  endpoints_valid=True  collision=False  over_limit=True
[926] PASS  time= 10.401s  status=Exact solution     len= 11.889  endpoints_valid=True  collision=False  over_limit=False
[927] PASS  time= 19.689s  status=Exact solution     len=  8.153  endpoints_valid=True  collision=False  over_limit=False
[928] PASS  time=  1.045s  status=Exact solution     len=  1.655  endpoints_valid=True  collision=False  over_limit=False
[929] PASS  time=  6.438s  status=Exact solution     len=  8.904  endpoints_valid=True  collision=False  over_limit=False
[930] PASS  time= 16.595s  status=Exact solution     len=  9.834  endpoints_valid=True  collision=False  over_limit=False
[931] PASS  time= 19.765s  status=Exact solution     len=  6.973  endpoints_valid=True  collision=False  over_limit=False
[932] PASS  time= 14.784s  status=Exact solution     len= 10.616  endpoints_valid=True  collision=False  over_limit=False
[933] PASS  time=  8.642s  status=Exact solution     len=  2.968  endpoints_valid=True  collision=False  over_limit=False
[934] PASS  time=  4.920s  status=Exact solution     len=  3.423  endpoints_valid=True  collision=False  over_limit=False
[935] PASS  time=  2.619s  status=Exact solution     len=  3.828  endpoints_valid=True  collision=False  over_limit=False
[936] PASS  time=  4.899s  status=Exact solution     len=  4.631  endpoints_valid=True  collision=False  over_limit=False
[937] PASS  time=  9.075s  status=Exact solution     len=  3.785  endpoints_valid=True  collision=False  over_limit=False
[938] PASS  time=  3.690s  status=Exact solution     len=  2.852  endpoints_valid=True  collision=False  over_limit=False
[939] PASS  time=  4.866s  status=Exact solution     len=  8.526  endpoints_valid=True  collision=False  over_limit=False
[940] PASS  time=  0.301s  status=Exact solution     len=  0.575  endpoints_valid=True  collision=False  over_limit=False
[941] PASS  time=  2.499s  status=Exact solution     len=  5.002  endpoints_valid=True  collision=False  over_limit=False
[942] PASS  time=  4.267s  status=Exact solution     len=  6.164  endpoints_valid=True  collision=False  over_limit=False
[943] PASS  time=  0.262s  status=Exact solution     len=  0.575  endpoints_valid=True  collision=False  over_limit=False
[944] PASS  time= 15.433s  status=Exact solution     len=  4.353  endpoints_valid=True  collision=False  over_limit=False
[945] PASS  time= 10.537s  status=Exact solution     len= 11.183  endpoints_valid=True  collision=False  over_limit=False
[946] PASS  time=  2.777s  status=Exact solution     len=  3.095  endpoints_valid=True  collision=False  over_limit=False
[947] PASS  time=  2.674s  status=Exact solution     len=  3.072  endpoints_valid=True  collision=False  over_limit=False
[948] PASS  time=  9.985s  status=Exact solution     len=  7.252  endpoints_valid=True  collision=False  over_limit=False
[949] PASS  time=  8.475s  status=Exact solution     len=  5.803  endpoints_valid=True  collision=False  over_limit=False
[950] PASS  time= 19.564s  status=Exact solution     len= 11.267  endpoints_valid=True  collision=False  over_limit=False
[951] PASS  time=  7.996s  status=Exact solution     len=  6.183  endpoints_valid=True  collision=False  over_limit=False
[952] PASS  time=  6.542s  status=Exact solution     len=  6.824  endpoints_valid=True  collision=False  over_limit=False
[953] PASS  time= 14.097s  status=Exact solution     len= 10.186  endpoints_valid=True  collision=False  over_limit=False
[954] PASS  time=  2.365s  status=Exact solution     len=  2.850  endpoints_valid=True  collision=False  over_limit=False
[955] PASS  time= 10.116s  status=Exact solution     len=  9.599  endpoints_valid=True  collision=False  over_limit=False
[956] PASS  time= 13.561s  status=Exact solution     len=  5.226  endpoints_valid=True  collision=False  over_limit=False
[957] PASS  time=  9.259s  status=Exact solution     len=  8.564  endpoints_valid=True  collision=False  over_limit=False
[958] PASS  time= 11.686s  status=Exact solution     len=  7.160  endpoints_valid=True  collision=False  over_limit=False
[959] PASS  time=  2.902s  status=Exact solution     len=  4.726  endpoints_valid=True  collision=False  over_limit=False
[960] PASS  time=  2.445s  status=Exact solution     len=  3.288  endpoints_valid=True  collision=False  over_limit=False
[961] PASS  time=  4.370s  status=Exact solution     len=  6.076  endpoints_valid=True  collision=False  over_limit=False
[962] PASS  time=  2.675s  status=Exact solution     len=  4.465  endpoints_valid=True  collision=False  over_limit=False
[963] PASS  time= 12.164s  status=Exact solution     len= 10.004  endpoints_valid=True  collision=False  over_limit=False
[964] PASS  time=  9.367s  status=Exact solution     len=  6.590  endpoints_valid=True  collision=False  over_limit=False
[965] PASS  time=  7.868s  status=Exact solution     len=  7.545  endpoints_valid=True  collision=False  over_limit=False
[966] PASS  time= 22.703s  status=Exact solution     len=  6.280  endpoints_valid=True  collision=False  over_limit=False
[967] PASS  time=  6.138s  status=Exact solution     len=  7.680  endpoints_valid=True  collision=False  over_limit=False
[968] PASS  time=  6.484s  status=Exact solution     len=  1.462  endpoints_valid=True  collision=False  over_limit=False
[969] FAIL  time= 30.023s  status=Timeout            len=    nan  endpoints_valid=True  collision=False  over_limit=True
[970] PASS  time= 12.460s  status=Exact solution     len=  5.851  endpoints_valid=True  collision=False  over_limit=False
[971] PASS  time=  4.302s  status=Exact solution     len=  6.669  endpoints_valid=True  collision=False  over_limit=False
[972] PASS  time=  9.237s  status=Exact solution     len=  7.938  endpoints_valid=True  collision=False  over_limit=False
[973] PASS  time=  1.692s  status=Exact solution     len=  1.983  endpoints_valid=True  collision=False  over_limit=False
[974] PASS  time=  3.753s  status=Exact solution     len=  4.581  endpoints_valid=True  collision=False  over_limit=False
[975] PASS  time=  6.017s  status=Exact solution     len=  6.797  endpoints_valid=True  collision=False  over_limit=False
[976] PASS  time= 16.655s  status=Exact solution     len=  3.890  endpoints_valid=True  collision=False  over_limit=False
[977] PASS  time=  7.430s  status=Exact solution     len=  7.453  endpoints_valid=True  collision=False  over_limit=False
[978] PASS  time=  0.117s  status=Exact solution     len=  0.870  endpoints_valid=True  collision=False  over_limit=False
[979] PASS  time=  2.788s  status=Exact solution     len=  1.633  endpoints_valid=True  collision=False  over_limit=False
[980] PASS  time=  3.895s  status=Exact solution     len=  5.763  endpoints_valid=True  collision=False  over_limit=False
[981] PASS  time= 10.042s  status=Exact solution     len=  3.579  endpoints_valid=True  collision=False  over_limit=False
[982] PASS  time=  7.636s  status=Exact solution     len= 10.548  endpoints_valid=True  collision=False  over_limit=False
[983] PASS  time=  7.550s  status=Exact solution     len=  3.073  endpoints_valid=True  collision=False  over_limit=False
[984] PASS  time=  3.974s  status=Exact solution     len=  7.167  endpoints_valid=True  collision=False  over_limit=False
[985] PASS  time=  2.184s  status=Exact solution     len=  0.934  endpoints_valid=True  collision=False  over_limit=False
[986] PASS  time=  0.887s  status=Exact solution     len=  1.138  endpoints_valid=True  collision=False  over_limit=False
[987] PASS  time=  0.065s  status=Exact solution     len=  0.918  endpoints_valid=True  collision=False  over_limit=False
[988] PASS  time=  1.816s  status=Exact solution     len=  4.414  endpoints_valid=True  collision=False  over_limit=False
[989] PASS  time=  3.824s  status=Exact solution     len=  3.589  endpoints_valid=True  collision=False  over_limit=False
[990] PASS  time=  2.884s  status=Exact solution     len=  6.194  endpoints_valid=True  collision=False  over_limit=False
[991] PASS  time=  9.096s  status=Exact solution     len=  7.823  endpoints_valid=True  collision=False  over_limit=False
[992] PASS  time=  3.889s  status=Exact solution     len=  5.367  endpoints_valid=True  collision=False  over_limit=False
[993] PASS  time= 13.896s  status=Exact solution     len= 14.035  endpoints_valid=True  collision=False  over_limit=False
[994] PASS  time=  7.703s  status=Exact solution     len=  3.539  endpoints_valid=True  collision=False  over_limit=False
[995] PASS  time=  1.660s  status=Exact solution     len=  1.540  endpoints_valid=True  collision=False  over_limit=False
[996] PASS  time= 18.154s  status=Exact solution     len= 14.204  endpoints_valid=True  collision=False  over_limit=False
[997] PASS  time=  4.238s  status=Exact solution     len=  4.231  endpoints_valid=True  collision=False  over_limit=False
[998] PASS  time=  7.743s  status=Exact solution     len=  5.201  endpoints_valid=True  collision=False  over_limit=False
[999] PASS  time=  0.006s  status=Exact solution     len=  0.555  endpoints_valid=True  collision=False  over_limit=False

shape                     : datasets/3dshape/Vshape3d.obj
environment               : datasets/3dshape/env3.obj
data_path                 : testing_data/3dshape/Vshape3d_env3
planner                   : LazyPRM (OMPL, SE(3))
roadmap                   : cleared per case
time_limit_per_case       : 30.000 s  (a case over this = fail)
path_simplification       : off

test_cases_total          : 1000
invalid_start_or_goal     : 1  (excluded, unplannable)
test_cases_scored         : 999  [valid start+goal only]
successes                 : 963
failures                  : 36
  no_solution_in_time     : 34
  over_time_limit         : 2
  path_in_collision       : 0
success_rate              : 0.9640  (96.4%)  [963/999]

time_mean                 : 9.4538 s   [all 999 scored cases]
time_std                  : 7.4425 s
time_mean_successful      : 8.6757 s   [963 successful cases]
time_std_successful       : 6.3746 s
time_median               : 7.8155 s

path_length_mean          : 5.5597   [963 successful cases]
path_length_std           : 3.1905
path_length_total         : 5353.9824

total_time                : 9444.33 s
collision_checks          : 1880686

Wrote results/ompl_lazyprm/Vshape3d_env3/lazy_prm_success_rate.txt
Wrote results/ompl_lazyprm/Vshape3d_env3/lazy_prm_cases.csv
