[load_obj] 'datasets/3dshape/Vshape3d.obj': 1 objects/groups
  [0] 'Body2'  (20 triangles)
[load_obj] 'datasets/3dshape/env4.obj': 7 objects/groups
  [0] 'wall (1)'  (88 triangles)
  [1] 'Body14'  (12 triangles)
  [2] 'Body15'  (12 triangles)
  [3] 'Body16'  (12 triangles)
  [4] 'Body17'  (12 triangles)
  [5] 'Body18'  (12 triangles)
  [6] 'Body19'  (12 triangles)
shape       : datasets/3dshape/Vshape3d.obj  (12 verts, 18 tets, radius 0.1850)
environment : datasets/3dshape/env4.obj  (160 tris, 50000 collision points)
bounds      : low [-0.4539, -0.3175, -0.5]  high [0.4539, 0.3175, 0.5]
test cases  : 1000 from testing_data/3dshape/Vshape3d_env4/sampled_points.npy
planner     : LazyPRM  (time limit 30.0s per case, resolution 0.005, roadmap cleared per case)

[000] PASS  time= 16.239s  status=Exact solution     len=  8.637  endpoints_valid=True  collision=False  over_limit=False
[001] PASS  time=  8.038s  status=Exact solution     len=  6.399  endpoints_valid=True  collision=False  over_limit=False
[002] PASS  time=  3.488s  status=Exact solution     len=  6.202  endpoints_valid=True  collision=False  over_limit=False
[003] PASS  time= 10.229s  status=Exact solution     len= 11.749  endpoints_valid=True  collision=False  over_limit=False
[004] PASS  time=  5.933s  status=Exact solution     len=  7.161  endpoints_valid=True  collision=False  over_limit=False
[005] PASS  time=  8.259s  status=Exact solution     len=  7.288  endpoints_valid=True  collision=False  over_limit=False
[006] PASS  time= 11.163s  status=Exact solution     len=  2.481  endpoints_valid=True  collision=False  over_limit=False
[007] PASS  time= 10.150s  status=Exact solution     len= 10.868  endpoints_valid=True  collision=False  over_limit=False
[008] PASS  time=  3.675s  status=Exact solution     len=  3.561  endpoints_valid=True  collision=False  over_limit=False
[009] PASS  time= 13.475s  status=Exact solution     len= 11.632  endpoints_valid=True  collision=False  over_limit=False
[010] PASS  time= 10.656s  status=Exact solution     len=  4.807  endpoints_valid=True  collision=False  over_limit=False
[011] PASS  time= 11.914s  status=Exact solution     len=  4.274  endpoints_valid=True  collision=False  over_limit=False
[012] PASS  time=  6.356s  status=Exact solution     len=  4.296  endpoints_valid=True  collision=False  over_limit=False
[013] PASS  time= 11.603s  status=Exact solution     len=  3.012  endpoints_valid=True  collision=False  over_limit=False
[014] PASS  time=  6.122s  status=Exact solution     len=  5.643  endpoints_valid=True  collision=False  over_limit=False
[015] PASS  time= 28.398s  status=Exact solution     len=  3.514  endpoints_valid=True  collision=False  over_limit=False
[016] PASS  time=  6.902s  status=Exact solution     len=  6.743  endpoints_valid=True  collision=False  over_limit=False
[017] PASS  time=  0.040s  status=Exact solution     len=  0.466  endpoints_valid=True  collision=False  over_limit=False
[018] PASS  time=  6.588s  status=Exact solution     len=  8.813  endpoints_valid=True  collision=False  over_limit=False
[019] PASS  time= 12.669s  status=Exact solution     len= 11.472  endpoints_valid=True  collision=False  over_limit=False
[020] PASS  time=  1.917s  status=Exact solution     len=  5.376  endpoints_valid=True  collision=False  over_limit=False
[021] PASS  time=  2.128s  status=Exact solution     len=  2.125  endpoints_valid=True  collision=False  over_limit=False
[022] PASS  time=  7.147s  status=Exact solution     len=  2.200  endpoints_valid=True  collision=False  over_limit=False
[023] PASS  time=  2.376s  status=Exact solution     len=  1.383  endpoints_valid=True  collision=False  over_limit=False
[024] PASS  time=  7.043s  status=Exact solution     len=  5.518  endpoints_valid=True  collision=False  over_limit=False
[025] PASS  time= 15.390s  status=Exact solution     len=  8.767  endpoints_valid=True  collision=False  over_limit=False
[026] PASS  time=  3.425s  status=Exact solution     len=  4.723  endpoints_valid=True  collision=False  over_limit=False
[027] PASS  time=  9.673s  status=Exact solution     len=  3.251  endpoints_valid=True  collision=False  over_limit=False
[028] PASS  time=  4.435s  status=Exact solution     len=  6.777  endpoints_valid=True  collision=False  over_limit=False
[029] PASS  time=  3.381s  status=Exact solution     len=  7.704  endpoints_valid=True  collision=False  over_limit=False
[030] PASS  time= 16.733s  status=Exact solution     len=  4.156  endpoints_valid=True  collision=False  over_limit=False
[031] PASS  time= 10.478s  status=Exact solution     len= 12.355  endpoints_valid=True  collision=False  over_limit=False
[032] PASS  time=  6.471s  status=Exact solution     len=  8.587  endpoints_valid=True  collision=False  over_limit=False
[033] PASS  time=  4.370s  status=Exact solution     len=  2.534  endpoints_valid=True  collision=False  over_limit=False
[034] PASS  time=  9.560s  status=Exact solution     len=  8.018  endpoints_valid=True  collision=False  over_limit=False
[035] PASS  time=  8.322s  status=Exact solution     len=  3.551  endpoints_valid=True  collision=False  over_limit=False
[036] PASS  time=  1.762s  status=Exact solution     len=  1.099  endpoints_valid=True  collision=False  over_limit=False
[037] PASS  time=  2.052s  status=Exact solution     len=  1.975  endpoints_valid=True  collision=False  over_limit=False
[038] PASS  time=  5.934s  status=Exact solution     len=  4.053  endpoints_valid=True  collision=False  over_limit=False
[039] PASS  time=  0.026s  status=Exact solution     len=  0.539  endpoints_valid=True  collision=False  over_limit=False
[040] PASS  time=  6.591s  status=Exact solution     len=  5.141  endpoints_valid=True  collision=False  over_limit=False
[041] PASS  time= 13.020s  status=Exact solution     len=  4.770  endpoints_valid=True  collision=False  over_limit=False
[042] PASS  time=  4.821s  status=Exact solution     len=  4.674  endpoints_valid=True  collision=False  over_limit=False
[043] PASS  time=  1.635s  status=Exact solution     len=  3.152  endpoints_valid=True  collision=False  over_limit=False
[044] PASS  time= 23.479s  status=Exact solution     len= 11.677  endpoints_valid=True  collision=False  over_limit=False
[045] PASS  time= 12.737s  status=Exact solution     len= 12.897  endpoints_valid=True  collision=False  over_limit=False
[046] PASS  time= 22.431s  status=Exact solution     len=  6.837  endpoints_valid=True  collision=False  over_limit=False
[047] PASS  time=  4.650s  status=Exact solution     len=  4.644  endpoints_valid=True  collision=False  over_limit=False
[048] PASS  time=  5.361s  status=Exact solution     len=  4.665  endpoints_valid=True  collision=False  over_limit=False
[049] PASS  time=  1.658s  status=Exact solution     len=  3.691  endpoints_valid=True  collision=False  over_limit=False
[050] PASS  time= 24.241s  status=Exact solution     len= 12.986  endpoints_valid=True  collision=False  over_limit=False
[051] PASS  time= 25.189s  status=Exact solution     len=  2.946  endpoints_valid=True  collision=False  over_limit=False
[052] PASS  time=  7.003s  status=Exact solution     len=  3.002  endpoints_valid=True  collision=False  over_limit=False
[053] PASS  time=  8.169s  status=Exact solution     len=  7.316  endpoints_valid=True  collision=False  over_limit=False
[054] PASS  time=  0.088s  status=Exact solution     len=  0.527  endpoints_valid=True  collision=False  over_limit=False
[055] PASS  time= 11.270s  status=Exact solution     len=  6.344  endpoints_valid=True  collision=False  over_limit=False
[056] PASS  time=  5.341s  status=Exact solution     len=  4.394  endpoints_valid=True  collision=False  over_limit=False
[057] PASS  time=  0.210s  status=Exact solution     len=  0.589  endpoints_valid=True  collision=False  over_limit=False
[058] PASS  time=  0.644s  status=Exact solution     len=  2.056  endpoints_valid=True  collision=False  over_limit=False
[059] PASS  time= 15.539s  status=Exact solution     len=  3.275  endpoints_valid=True  collision=False  over_limit=False
[060] PASS  time= 10.048s  status=Exact solution     len= 10.093  endpoints_valid=True  collision=False  over_limit=False
[061] PASS  time=  5.904s  status=Exact solution     len=  1.403  endpoints_valid=True  collision=False  over_limit=False
[062] PASS  time=  9.964s  status=Exact solution     len=  2.945  endpoints_valid=True  collision=False  over_limit=False
[063] PASS  time= 11.780s  status=Exact solution     len=  4.323  endpoints_valid=True  collision=False  over_limit=False
[064] PASS  time= 14.907s  status=Exact solution     len=  4.120  endpoints_valid=True  collision=False  over_limit=False
[065] PASS  time=  3.181s  status=Exact solution     len=  7.739  endpoints_valid=True  collision=False  over_limit=False
[066] PASS  time= 11.991s  status=Exact solution     len=  2.845  endpoints_valid=True  collision=False  over_limit=False
[067] PASS  time= 17.156s  status=Exact solution     len=  3.066  endpoints_valid=True  collision=False  over_limit=False
[068] PASS  time=  4.133s  status=Exact solution     len=  2.841  endpoints_valid=True  collision=False  over_limit=False
[069] PASS  time=  8.510s  status=Exact solution     len=  3.563  endpoints_valid=True  collision=False  over_limit=False
[070] PASS  time=  8.330s  status=Exact solution     len=  9.569  endpoints_valid=True  collision=False  over_limit=False
[071] PASS  time=  6.877s  status=Exact solution     len=  3.178  endpoints_valid=True  collision=False  over_limit=False
[072] PASS  time=  0.672s  status=Exact solution     len=  1.200  endpoints_valid=True  collision=False  over_limit=False
[073] PASS  time=  7.357s  status=Exact solution     len=  5.341  endpoints_valid=True  collision=False  over_limit=False
[074] FAIL  time= 30.078s  status=Timeout            len=    nan  endpoints_valid=True  collision=False  over_limit=True
[075] PASS  time= 13.098s  status=Exact solution     len=  5.967  endpoints_valid=True  collision=False  over_limit=False
[076] PASS  time=  5.348s  status=Exact solution     len=  5.557  endpoints_valid=True  collision=False  over_limit=False
[077] PASS  time=  0.030s  status=Exact solution     len=  0.592  endpoints_valid=True  collision=False  over_limit=False
[078] PASS  time=  5.493s  status=Exact solution     len=  5.508  endpoints_valid=True  collision=False  over_limit=False
[079] PASS  time=  6.727s  status=Exact solution     len=  4.888  endpoints_valid=True  collision=False  over_limit=False
[080] PASS  time=  3.128s  status=Exact solution     len=  6.174  endpoints_valid=True  collision=False  over_limit=False
[081] FAIL  time= 30.189s  status=Timeout            len=    nan  endpoints_valid=True  collision=False  over_limit=True
[082] PASS  time= 10.663s  status=Exact solution     len=  4.505  endpoints_valid=True  collision=False  over_limit=False
[083] PASS  time=  6.805s  status=Exact solution     len=  8.047  endpoints_valid=True  collision=False  over_limit=False
[084] PASS  time= 12.590s  status=Exact solution     len=  6.556  endpoints_valid=True  collision=False  over_limit=False
[085] PASS  time=  7.971s  status=Exact solution     len=  8.095  endpoints_valid=True  collision=False  over_limit=False
[086] PASS  time= 15.480s  status=Exact solution     len=  8.277  endpoints_valid=True  collision=False  over_limit=False
[087] PASS  time= 23.344s  status=Exact solution     len= 11.672  endpoints_valid=True  collision=False  over_limit=False
[088] PASS  time= 13.626s  status=Exact solution     len=  9.044  endpoints_valid=True  collision=False  over_limit=False
[089] PASS  time=  3.723s  status=Exact solution     len=  4.866  endpoints_valid=True  collision=False  over_limit=False
[090] PASS  time= 13.879s  status=Exact solution     len=  7.166  endpoints_valid=True  collision=False  over_limit=False
[091] PASS  time= 15.950s  status=Exact solution     len=  6.651  endpoints_valid=True  collision=False  over_limit=False
[092] PASS  time= 24.714s  status=Exact solution     len=  3.059  endpoints_valid=True  collision=False  over_limit=False
[093] PASS  time= 20.561s  status=Exact solution     len=  4.930  endpoints_valid=True  collision=False  over_limit=False
[094] PASS  time=  3.949s  status=Exact solution     len=  3.425  endpoints_valid=True  collision=False  over_limit=False
[095] PASS  time= 18.351s  status=Exact solution     len= 10.741  endpoints_valid=True  collision=False  over_limit=False
[096] PASS  time=  9.803s  status=Exact solution     len=  7.985  endpoints_valid=True  collision=False  over_limit=False
[097] PASS  time=  1.495s  status=Exact solution     len=  1.462  endpoints_valid=True  collision=False  over_limit=False
[098] PASS  time= 14.300s  status=Exact solution     len= 12.029  endpoints_valid=True  collision=False  over_limit=False
[099] PASS  time=  2.403s  status=Exact solution     len=  2.474  endpoints_valid=True  collision=False  over_limit=False
[100] PASS  time= 12.379s  status=Exact solution     len=  4.689  endpoints_valid=True  collision=False  over_limit=False
[101] PASS  time=  9.242s  status=Exact solution     len=  2.697  endpoints_valid=True  collision=False  over_limit=False
[102] PASS  time=  2.522s  status=Exact solution     len=  1.318  endpoints_valid=True  collision=False  over_limit=False
[103] PASS  time=  4.119s  status=Exact solution     len=  1.503  endpoints_valid=True  collision=False  over_limit=False
[104] PASS  time=  9.049s  status=Exact solution     len=  9.818  endpoints_valid=True  collision=False  over_limit=False
[105] PASS  time= 22.799s  status=Exact solution     len=  9.465  endpoints_valid=True  collision=False  over_limit=False
[106] PASS  time=  2.990s  status=Exact solution     len=  2.568  endpoints_valid=True  collision=False  over_limit=False
[107] PASS  time= 15.145s  status=Exact solution     len= 13.948  endpoints_valid=True  collision=False  over_limit=False
[108] PASS  time= 15.592s  status=Exact solution     len=  5.165  endpoints_valid=True  collision=False  over_limit=False
[109] PASS  time= 14.824s  status=Exact solution     len=  2.947  endpoints_valid=True  collision=False  over_limit=False
[110] PASS  time=  0.926s  status=Exact solution     len=  2.052  endpoints_valid=True  collision=False  over_limit=False
[111] PASS  time=  9.488s  status=Exact solution     len=  3.718  endpoints_valid=True  collision=False  over_limit=False
[112] PASS  time=  8.793s  status=Exact solution     len=  5.368  endpoints_valid=True  collision=False  over_limit=False
[113] PASS  time=  2.195s  status=Exact solution     len=  1.958  endpoints_valid=True  collision=False  over_limit=False
[114] PASS  time= 19.482s  status=Exact solution     len=  7.899  endpoints_valid=True  collision=False  over_limit=False
[115] PASS  time=  2.512s  status=Exact solution     len=  2.606  endpoints_valid=True  collision=False  over_limit=False
[116] PASS  time= 18.861s  status=Exact solution     len=  7.185  endpoints_valid=True  collision=False  over_limit=False
[117] FAIL  time= 30.015s  status=Timeout            len=    nan  endpoints_valid=True  collision=False  over_limit=True
[118] PASS  time= 15.611s  status=Exact solution     len=  4.296  endpoints_valid=True  collision=False  over_limit=False
[119] PASS  time= 28.259s  status=Exact solution     len=  8.219  endpoints_valid=True  collision=False  over_limit=False
[120] PASS  time=  6.800s  status=Exact solution     len=  6.337  endpoints_valid=True  collision=False  over_limit=False
[121] PASS  time=  1.665s  status=Exact solution     len=  1.827  endpoints_valid=True  collision=False  over_limit=False
[122] PASS  time= 14.642s  status=Exact solution     len=  3.707  endpoints_valid=True  collision=False  over_limit=False
[123] PASS  time=  9.297s  status=Exact solution     len=  3.531  endpoints_valid=True  collision=False  over_limit=False
[124] PASS  time=  7.143s  status=Exact solution     len=  4.925  endpoints_valid=True  collision=False  over_limit=False
[125] PASS  time= 22.626s  status=Exact solution     len= 13.590  endpoints_valid=True  collision=False  over_limit=False
[126] PASS  time= 13.997s  status=Exact solution     len=  5.485  endpoints_valid=True  collision=False  over_limit=False
[127] PASS  time= 22.995s  status=Exact solution     len= 13.058  endpoints_valid=True  collision=False  over_limit=False
[128] PASS  time=  0.732s  status=Exact solution     len=  1.139  endpoints_valid=True  collision=False  over_limit=False
[129] PASS  time= 11.147s  status=Exact solution     len=  5.026  endpoints_valid=True  collision=False  over_limit=False
[130] PASS  time= 22.328s  status=Exact solution     len=  6.303  endpoints_valid=True  collision=False  over_limit=False
[131] PASS  time= 17.590s  status=Exact solution     len=  7.344  endpoints_valid=True  collision=False  over_limit=False
[132] FAIL  time= 30.151s  status=Timeout            len=    nan  endpoints_valid=True  collision=False  over_limit=True
[133] PASS  time=  7.379s  status=Exact solution     len=  3.806  endpoints_valid=True  collision=False  over_limit=False
[134] PASS  time=  4.519s  status=Exact solution     len=  1.625  endpoints_valid=True  collision=False  over_limit=False
[135] PASS  time= 29.006s  status=Exact solution     len=  5.331  endpoints_valid=True  collision=False  over_limit=False
[136] FAIL  time= 30.749s  status=Exact solution     len= 12.680  endpoints_valid=True  collision=False  over_limit=True
[137] PASS  time= 11.957s  status=Exact solution     len=  5.056  endpoints_valid=True  collision=False  over_limit=False
[138] PASS  time= 21.631s  status=Exact solution     len=  6.591  endpoints_valid=True  collision=False  over_limit=False
[139] FAIL  time= 30.436s  status=Timeout            len=    nan  endpoints_valid=True  collision=False  over_limit=True
[140] PASS  time= 11.564s  status=Exact solution     len=  5.097  endpoints_valid=True  collision=False  over_limit=False
[141] FAIL  time= 30.977s  status=Timeout            len=    nan  endpoints_valid=True  collision=False  over_limit=True
[142] PASS  time= 14.882s  status=Exact solution     len=  6.813  endpoints_valid=True  collision=False  over_limit=False
[143] PASS  time=  3.757s  status=Exact solution     len=  1.578  endpoints_valid=True  collision=False  over_limit=False
[144] PASS  time= 18.281s  status=Exact solution     len=  2.334  endpoints_valid=True  collision=False  over_limit=False
[145] PASS  time=  0.111s  status=Exact solution     len=  1.024  endpoints_valid=True  collision=False  over_limit=False
[146] PASS  time= 16.093s  status=Exact solution     len=  8.710  endpoints_valid=True  collision=False  over_limit=False
[147] PASS  time=  4.599s  status=Exact solution     len=  6.714  endpoints_valid=True  collision=False  over_limit=False
[148] PASS  time= 23.502s  status=Exact solution     len= 12.805  endpoints_valid=True  collision=False  over_limit=False
[149] PASS  time= 10.889s  status=Exact solution     len=  3.777  endpoints_valid=True  collision=False  over_limit=False
[150] PASS  time=  3.887s  status=Exact solution     len=  4.708  endpoints_valid=True  collision=False  over_limit=False
[151] PASS  time=  2.060s  status=Exact solution     len=  2.192  endpoints_valid=True  collision=False  over_limit=False
[152] PASS  time= 14.665s  status=Exact solution     len=  6.353  endpoints_valid=True  collision=False  over_limit=False
[153] FAIL  time= 30.450s  status=Timeout            len=    nan  endpoints_valid=True  collision=False  over_limit=True
[154] PASS  time=  0.524s  status=Exact solution     len=  1.235  endpoints_valid=True  collision=False  over_limit=False
[155] PASS  time=  5.087s  status=Exact solution     len=  7.405  endpoints_valid=True  collision=False  over_limit=False
[156] FAIL  time= 30.081s  status=Timeout            len=    nan  endpoints_valid=True  collision=False  over_limit=True
[157] PASS  time= 25.599s  status=Exact solution     len=  4.637  endpoints_valid=True  collision=False  over_limit=False
[158] FAIL  time= 30.214s  status=Timeout            len=    nan  endpoints_valid=True  collision=False  over_limit=True
[159] PASS  time=  8.553s  status=Exact solution     len=  6.281  endpoints_valid=True  collision=False  over_limit=False
[160] PASS  time=  0.095s  status=Exact solution     len=  0.412  endpoints_valid=True  collision=False  over_limit=False
[161] PASS  time=  6.242s  status=Exact solution     len=  6.240  endpoints_valid=True  collision=False  over_limit=False
[162] PASS  time= 24.468s  status=Exact solution     len=  7.003  endpoints_valid=True  collision=False  over_limit=False
[163] FAIL  time= 30.143s  status=Timeout            len=    nan  endpoints_valid=True  collision=False  over_limit=True
[164] PASS  time=  3.638s  status=Exact solution     len=  3.863  endpoints_valid=True  collision=False  over_limit=False
[165] PASS  time= 16.952s  status=Exact solution     len=  4.985  endpoints_valid=True  collision=False  over_limit=False
[166] PASS  time=  6.064s  status=Exact solution     len=  8.277  endpoints_valid=True  collision=False  over_limit=False
[167] PASS  time=  0.207s  status=Exact solution     len=  0.578  endpoints_valid=True  collision=False  over_limit=False
[168] PASS  time= 23.373s  status=Exact solution     len=  6.959  endpoints_valid=True  collision=False  over_limit=False
[169] PASS  time=  3.243s  status=Exact solution     len=  2.895  endpoints_valid=True  collision=False  over_limit=False
[170] PASS  time= 27.664s  status=Exact solution     len=  7.713  endpoints_valid=True  collision=False  over_limit=False
[171] PASS  time=  4.323s  status=Exact solution     len=  3.517  endpoints_valid=True  collision=False  over_limit=False
[172] FAIL  time= 30.146s  status=Timeout            len=    nan  endpoints_valid=True  collision=False  over_limit=True
[173] PASS  time=  2.677s  status=Exact solution     len=  3.479  endpoints_valid=True  collision=False  over_limit=False
[174] PASS  time= 19.082s  status=Exact solution     len=  5.858  endpoints_valid=True  collision=False  over_limit=False
[175] FAIL  time= 30.182s  status=Exact solution     len=  4.848  endpoints_valid=True  collision=False  over_limit=True
[176] FAIL  time= 30.147s  status=Timeout            len=    nan  endpoints_valid=True  collision=False  over_limit=True
[177] PASS  time=  8.643s  status=Exact solution     len=  8.464  endpoints_valid=True  collision=False  over_limit=False
[178] PASS  time=  0.087s  status=Exact solution     len=  0.529  endpoints_valid=True  collision=False  over_limit=False
[179] PASS  time=  9.768s  status=Exact solution     len=  4.056  endpoints_valid=True  collision=False  over_limit=False
[180] PASS  time=  2.970s  status=Exact solution     len=  1.673  endpoints_valid=True  collision=False  over_limit=False
[181] FAIL  time= 30.275s  status=Timeout            len=    nan  endpoints_valid=True  collision=False  over_limit=True
[182] PASS  time=  6.427s  status=Exact solution     len=  2.598  endpoints_valid=True  collision=False  over_limit=False
[183] PASS  time=  3.462s  status=Exact solution     len=  5.587  endpoints_valid=True  collision=False  over_limit=False
[184] PASS  time= 14.953s  status=Exact solution     len= 10.134  endpoints_valid=True  collision=False  over_limit=False
[185] PASS  time= 20.870s  status=Exact solution     len=  4.862  endpoints_valid=True  collision=False  over_limit=False
[186] PASS  time=  8.625s  status=Exact solution     len=  5.090  endpoints_valid=True  collision=False  over_limit=False
[187] PASS  time= 19.395s  status=Exact solution     len= 10.908  endpoints_valid=True  collision=False  over_limit=False
[188] PASS  time= 18.197s  status=Exact solution     len=  5.161  endpoints_valid=True  collision=False  over_limit=False
[189] FAIL  time= 30.123s  status=Timeout            len=    nan  endpoints_valid=True  collision=False  over_limit=True
[190] PASS  time=  2.569s  status=Exact solution     len=  3.405  endpoints_valid=True  collision=False  over_limit=False
[191] FAIL  time= 30.492s  status=Timeout            len=    nan  endpoints_valid=True  collision=False  over_limit=True
[192] PASS  time=  0.231s  status=Exact solution     len=  0.507  endpoints_valid=True  collision=False  over_limit=False
[193] FAIL  time= 30.558s  status=Timeout            len=    nan  endpoints_valid=True  collision=False  over_limit=True
[194] PASS  time=  8.095s  status=Exact solution     len=  3.119  endpoints_valid=True  collision=False  over_limit=False
[195] PASS  time=  0.625s  status=Exact solution     len=  1.559  endpoints_valid=True  collision=False  over_limit=False
[196] FAIL  time= 30.137s  status=Timeout            len=    nan  endpoints_valid=True  collision=False  over_limit=True
[197] PASS  time= 22.972s  status=Exact solution     len=  3.565  endpoints_valid=True  collision=False  over_limit=False
[198] PASS  time=  1.861s  status=Exact solution     len=  3.403  endpoints_valid=True  collision=False  over_limit=False
[199] PASS  time= 20.928s  status=Exact solution     len=  5.593  endpoints_valid=True  collision=False  over_limit=False
[200] FAIL  time= 30.865s  status=Timeout            len=    nan  endpoints_valid=True  collision=False  over_limit=True
[201] PASS  time=  0.034s  status=Exact solution     len=  0.497  endpoints_valid=True  collision=False  over_limit=False
[202] PASS  time= 22.265s  status=Exact solution     len=  7.876  endpoints_valid=True  collision=False  over_limit=False
[203] PASS  time=  0.361s  status=Exact solution     len=  1.132  endpoints_valid=True  collision=False  over_limit=False
[204] FAIL  time= 30.191s  status=Timeout            len=    nan  endpoints_valid=True  collision=False  over_limit=True
[205] FAIL  time= 30.142s  status=Timeout            len=    nan  endpoints_valid=True  collision=False  over_limit=True
[206] PASS  time= 16.606s  status=Exact solution     len=  9.174  endpoints_valid=True  collision=False  over_limit=False
[207] PASS  time= 20.105s  status=Exact solution     len=  8.692  endpoints_valid=True  collision=False  over_limit=False
[208] PASS  time= 13.960s  status=Exact solution     len=  2.695  endpoints_valid=True  collision=False  over_limit=False
[209] PASS  time=  5.871s  status=Exact solution     len=  7.199  endpoints_valid=True  collision=False  over_limit=False
[210] PASS  time= 12.652s  status=Exact solution     len=  4.889  endpoints_valid=True  collision=False  over_limit=False
[211] PASS  time=  9.628s  status=Exact solution     len=  9.215  endpoints_valid=True  collision=False  over_limit=False
[212] PASS  time= 21.028s  status=Exact solution     len= 12.862  endpoints_valid=True  collision=False  over_limit=False
[213] PASS  time=  1.757s  status=Exact solution     len=  1.233  endpoints_valid=True  collision=False  over_limit=False
[214] PASS  time= 28.831s  status=Exact solution     len=  7.469  endpoints_valid=True  collision=False  over_limit=False
[215] PASS  time= 15.023s  status=Exact solution     len=  4.684  endpoints_valid=True  collision=False  over_limit=False
[216] PASS  time= 18.161s  status=Exact solution     len=  6.355  endpoints_valid=True  collision=False  over_limit=False
[217] PASS  time= 22.433s  status=Exact solution     len=  2.934  endpoints_valid=True  collision=False  over_limit=False
[218] PASS  time= 13.973s  status=Exact solution     len=  1.693  endpoints_valid=True  collision=False  over_limit=False
[219] PASS  time=  3.572s  status=Exact solution     len=  3.645  endpoints_valid=True  collision=False  over_limit=False
[220] PASS  time= 18.166s  status=Exact solution     len=  2.710  endpoints_valid=True  collision=False  over_limit=False
[221] PASS  time= 21.428s  status=Exact solution     len= 10.633  endpoints_valid=True  collision=False  over_limit=False
[222] PASS  time=  3.822s  status=Exact solution     len=  2.626  endpoints_valid=True  collision=False  over_limit=False
[223] PASS  time=  5.367s  status=Exact solution     len=  6.430  endpoints_valid=True  collision=False  over_limit=False
[224] PASS  time= 14.929s  status=Exact solution     len= 13.183  endpoints_valid=True  collision=False  over_limit=False
[225] PASS  time=  0.244s  status=Exact solution     len=  0.513  endpoints_valid=True  collision=False  over_limit=False
[226] PASS  time= 11.733s  status=Exact solution     len=  5.380  endpoints_valid=True  collision=False  over_limit=False
[227] PASS  time= 16.397s  status=Exact solution     len=  5.288  endpoints_valid=True  collision=False  over_limit=False
[228] FAIL  time= 30.285s  status=Timeout            len=    nan  endpoints_valid=True  collision=False  over_limit=True
[229] PASS  time=  3.828s  status=Exact solution     len=  3.525  endpoints_valid=True  collision=False  over_limit=False
[230] PASS  time= 10.547s  status=Exact solution     len=  3.128  endpoints_valid=True  collision=False  over_limit=False
[231] PASS  time= 26.364s  status=Exact solution     len=  9.394  endpoints_valid=True  collision=False  over_limit=False
[232] PASS  time= 11.341s  status=Exact solution     len=  7.153  endpoints_valid=True  collision=False  over_limit=False
[233] PASS  time= 15.075s  status=Exact solution     len=  5.422  endpoints_valid=True  collision=False  over_limit=False
[234] PASS  time=  3.066s  status=Exact solution     len=  4.847  endpoints_valid=True  collision=False  over_limit=False
[235] PASS  time= 11.374s  status=Exact solution     len=  2.914  endpoints_valid=True  collision=False  over_limit=False
[236] PASS  time=  3.313s  status=Exact solution     len=  5.618  endpoints_valid=True  collision=False  over_limit=False
[237] PASS  time= 11.557s  status=Exact solution     len=  7.087  endpoints_valid=True  collision=False  over_limit=False
[238] FAIL  time= 30.555s  status=Timeout            len=    nan  endpoints_valid=True  collision=False  over_limit=True
[239] PASS  time=  0.635s  status=Exact solution     len=  0.305  endpoints_valid=True  collision=False  over_limit=False
[240] PASS  time= 10.717s  status=Exact solution     len=  4.085  endpoints_valid=True  collision=False  over_limit=False
[241] PASS  time= 14.158s  status=Exact solution     len=  5.624  endpoints_valid=True  collision=False  over_limit=False
[242] PASS  time=  4.023s  status=Exact solution     len=  4.098  endpoints_valid=True  collision=False  over_limit=False
[243] PASS  time=  0.880s  status=Exact solution     len=  1.151  endpoints_valid=True  collision=False  over_limit=False
[244] PASS  time= 10.309s  status=Exact solution     len=  7.693  endpoints_valid=True  collision=False  over_limit=False
[245] PASS  time=  0.346s  status=Exact solution     len=  0.575  endpoints_valid=True  collision=False  over_limit=False
[246] FAIL  time= 30.180s  status=Timeout            len=    nan  endpoints_valid=True  collision=False  over_limit=True
[247] PASS  time= 11.688s  status=Exact solution     len=  7.313  endpoints_valid=True  collision=False  over_limit=False
[248] PASS  time= 18.876s  status=Exact solution     len=  5.114  endpoints_valid=True  collision=False  over_limit=False
[249] PASS  time= 16.636s  status=Exact solution     len=  8.989  endpoints_valid=True  collision=False  over_limit=False
[250] PASS  time= 14.851s  status=Exact solution     len=  8.244  endpoints_valid=True  collision=False  over_limit=False
[251] PASS  time= 17.919s  status=Exact solution     len=  6.143  endpoints_valid=True  collision=False  over_limit=False
[252] PASS  time=  3.513s  status=Exact solution     len=  4.813  endpoints_valid=True  collision=False  over_limit=False
[253] FAIL  time= 30.140s  status=Timeout            len=    nan  endpoints_valid=True  collision=False  over_limit=True
[254] PASS  time= 11.637s  status=Exact solution     len=  2.825  endpoints_valid=True  collision=False  over_limit=False
[255] PASS  time= 13.200s  status=Exact solution     len=  5.766  endpoints_valid=True  collision=False  over_limit=False
[256] PASS  time= 26.268s  status=Exact solution     len=  2.765  endpoints_valid=True  collision=False  over_limit=False
[257] PASS  time= 21.986s  status=Exact solution     len= 10.340  endpoints_valid=True  collision=False  over_limit=False
[258] PASS  time=  5.410s  status=Exact solution     len=  2.855  endpoints_valid=True  collision=False  over_limit=False
[259] PASS  time=  2.376s  status=Exact solution     len=  2.282  endpoints_valid=True  collision=False  over_limit=False
[260] FAIL  time= 30.141s  status=Timeout            len=    nan  endpoints_valid=True  collision=False  over_limit=True
[261] PASS  time= 17.382s  status=Exact solution     len=  4.002  endpoints_valid=True  collision=False  over_limit=False
[262] PASS  time= 19.355s  status=Exact solution     len= 10.200  endpoints_valid=True  collision=False  over_limit=False
[263] FAIL  time= 30.060s  status=Timeout            len=    nan  endpoints_valid=True  collision=False  over_limit=True
[264] PASS  time=  0.486s  status=Exact solution     len=  0.474  endpoints_valid=True  collision=False  over_limit=False
[265] PASS  time= 11.557s  status=Exact solution     len=  8.513  endpoints_valid=True  collision=False  over_limit=False
[266] FAIL  time= 30.458s  status=Timeout            len=    nan  endpoints_valid=True  collision=False  over_limit=True
[267] PASS  time= 10.001s  status=Exact solution     len=  3.485  endpoints_valid=True  collision=False  over_limit=False
[268] PASS  time= 20.595s  status=Exact solution     len=  5.470  endpoints_valid=True  collision=False  over_limit=False
[269] FAIL  time= 31.692s  status=Timeout            len=    nan  endpoints_valid=True  collision=False  over_limit=True
[270] FAIL  time= 30.126s  status=Timeout            len=    nan  endpoints_valid=True  collision=False  over_limit=True
[271] FAIL  time= 31.508s  status=Timeout            len=    nan  endpoints_valid=True  collision=False  over_limit=True
[272] PASS  time= 24.531s  status=Exact solution     len=  2.905  endpoints_valid=True  collision=False  over_limit=False
[273] PASS  time=  2.709s  status=Exact solution     len=  4.803  endpoints_valid=True  collision=False  over_limit=False
[274] PASS  time= 13.978s  status=Exact solution     len=  6.768  endpoints_valid=True  collision=False  over_limit=False
[275] PASS  time= 14.146s  status=Exact solution     len=  2.978  endpoints_valid=True  collision=False  over_limit=False
[276] PASS  time=  3.629s  status=Exact solution     len=  6.105  endpoints_valid=True  collision=False  over_limit=False
[277] PASS  time= 29.846s  status=Exact solution     len=  9.403  endpoints_valid=True  collision=False  over_limit=False
[278] PASS  time= 15.358s  status=Exact solution     len=  4.886  endpoints_valid=True  collision=False  over_limit=False
[279] FAIL  time= 30.075s  status=Timeout            len=    nan  endpoints_valid=True  collision=False  over_limit=True
[280] PASS  time=  3.192s  status=Exact solution     len=  6.712  endpoints_valid=True  collision=False  over_limit=False
[281] FAIL  time= 31.881s  status=Exact solution     len=  7.463  endpoints_valid=True  collision=False  over_limit=True
[282] PASS  time= 24.218s  status=Exact solution     len=  5.983  endpoints_valid=True  collision=False  over_limit=False
[283] PASS  time=  4.544s  status=Exact solution     len=  5.027  endpoints_valid=True  collision=False  over_limit=False
[284] PASS  time=  8.957s  status=Exact solution     len=  5.373  endpoints_valid=True  collision=False  over_limit=False
[285] FAIL  time= 30.204s  status=Timeout            len=    nan  endpoints_valid=True  collision=False  over_limit=True
[286] PASS  time= 15.657s  status=Exact solution     len=  3.953  endpoints_valid=True  collision=False  over_limit=False
[287] PASS  time= 27.190s  status=Exact solution     len=  3.593  endpoints_valid=True  collision=False  over_limit=False
[288] PASS  time= 10.091s  status=Exact solution     len=  3.618  endpoints_valid=True  collision=False  over_limit=False
[289] PASS  time=  5.543s  status=Exact solution     len=  1.056  endpoints_valid=True  collision=False  over_limit=False
[290] PASS  time= 25.222s  status=Exact solution     len=  4.671  endpoints_valid=True  collision=False  over_limit=False
[291] PASS  time=  3.306s  status=Exact solution     len=  4.010  endpoints_valid=True  collision=False  over_limit=False
[292] FAIL  time= 30.229s  status=Timeout            len=    nan  endpoints_valid=True  collision=False  over_limit=True
[293] PASS  time=  0.094s  status=Exact solution     len=  0.559  endpoints_valid=True  collision=False  over_limit=False
[294] PASS  time=  3.234s  status=Exact solution     len=  4.195  endpoints_valid=True  collision=False  over_limit=False
[295] PASS  time= 10.968s  status=Exact solution     len=  3.755  endpoints_valid=True  collision=False  over_limit=False
[296] PASS  time= 18.784s  status=Exact solution     len= 10.829  endpoints_valid=True  collision=False  over_limit=False
[297] PASS  time=  0.058s  status=Exact solution     len=  0.453  endpoints_valid=True  collision=False  over_limit=False
[298] PASS  time= 17.652s  status=Exact solution     len=  4.246  endpoints_valid=True  collision=False  over_limit=False
[299] PASS  time=  4.336s  status=Exact solution     len=  2.679  endpoints_valid=True  collision=False  over_limit=False
[300] PASS  time= 15.987s  status=Exact solution     len= 11.653  endpoints_valid=True  collision=False  over_limit=False
[301] PASS  time=  9.346s  status=Exact solution     len=  5.940  endpoints_valid=True  collision=False  over_limit=False
[302] FAIL  time= 30.559s  status=Timeout            len=    nan  endpoints_valid=True  collision=False  over_limit=True
[303] PASS  time= 18.732s  status=Exact solution     len=  9.013  endpoints_valid=True  collision=False  over_limit=False
[304] PASS  time=  4.427s  status=Exact solution     len=  2.601  endpoints_valid=True  collision=False  over_limit=False
[305] FAIL  time= 31.655s  status=Timeout            len=    nan  endpoints_valid=True  collision=False  over_limit=True
[306] PASS  time= 28.793s  status=Exact solution     len= 12.284  endpoints_valid=True  collision=False  over_limit=False
[307] PASS  time=  0.077s  status=Exact solution     len=  0.594  endpoints_valid=True  collision=False  over_limit=False
[308] PASS  time= 14.670s  status=Exact solution     len=  8.556  endpoints_valid=True  collision=False  over_limit=False
[309] PASS  time= 15.121s  status=Exact solution     len=  6.214  endpoints_valid=True  collision=False  over_limit=False
[310] PASS  time= 23.395s  status=Exact solution     len=  2.534  endpoints_valid=True  collision=False  over_limit=False
[311] FAIL  time= 30.046s  status=Exact solution     len= 15.355  endpoints_valid=True  collision=False  over_limit=True
[312] PASS  time=  8.328s  status=Exact solution     len=  8.955  endpoints_valid=True  collision=False  over_limit=False
[313] PASS  time=  0.032s  status=Exact solution     len=  0.505  endpoints_valid=True  collision=False  over_limit=False
[314] PASS  time=  4.154s  status=Exact solution     len=  1.483  endpoints_valid=True  collision=False  over_limit=False
[315] PASS  time= 15.671s  status=Exact solution     len=  9.352  endpoints_valid=True  collision=False  over_limit=False
[316] FAIL  time= 30.710s  status=Timeout            len=    nan  endpoints_valid=True  collision=False  over_limit=True
[317] PASS  time= 20.004s  status=Exact solution     len=  4.672  endpoints_valid=True  collision=False  over_limit=False
[318] PASS  time= 25.378s  status=Exact solution     len=  7.539  endpoints_valid=True  collision=False  over_limit=False
[319] PASS  time=  4.550s  status=Exact solution     len=  6.295  endpoints_valid=True  collision=False  over_limit=False
[320] PASS  time= 18.420s  status=Exact solution     len=  3.185  endpoints_valid=True  collision=False  over_limit=False
[321] PASS  time= 26.620s  status=Exact solution     len=  6.313  endpoints_valid=True  collision=False  over_limit=False
[322] PASS  time= 16.964s  status=Exact solution     len=  7.332  endpoints_valid=True  collision=False  over_limit=False
[323] PASS  time=  6.594s  status=Exact solution     len=  4.704  endpoints_valid=True  collision=False  over_limit=False
[324] PASS  time=  5.545s  status=Exact solution     len=  1.884  endpoints_valid=True  collision=False  over_limit=False
[325] PASS  time=  0.787s  status=Exact solution     len=  2.121  endpoints_valid=True  collision=False  over_limit=False
[326] PASS  time= 13.793s  status=Exact solution     len=  3.990  endpoints_valid=True  collision=False  over_limit=False
[327] FAIL  time= 31.108s  status=Timeout            len=    nan  endpoints_valid=True  collision=False  over_limit=True
[328] FAIL  time= 31.056s  status=Timeout            len=    nan  endpoints_valid=True  collision=False  over_limit=True
[329] PASS  time=  7.976s  status=Exact solution     len=  3.756  endpoints_valid=True  collision=False  over_limit=False
[330] PASS  time=  6.269s  status=Exact solution     len=  6.418  endpoints_valid=True  collision=False  over_limit=False
[331] PASS  time= 21.758s  status=Exact solution     len= 10.061  endpoints_valid=True  collision=False  over_limit=False
[332] PASS  time=  5.096s  status=Exact solution     len=  5.578  endpoints_valid=True  collision=False  over_limit=False
[333] FAIL  time= 32.098s  status=Timeout            len=    nan  endpoints_valid=True  collision=False  over_limit=True
[334] PASS  time= 15.950s  status=Exact solution     len=  7.874  endpoints_valid=True  collision=False  over_limit=False
[335] FAIL  time= 31.764s  status=Timeout            len=    nan  endpoints_valid=True  collision=False  over_limit=True
[336] PASS  time=  0.287s  status=Exact solution     len=  2.125  endpoints_valid=True  collision=False  over_limit=False
[337] PASS  time=  0.411s  status=Exact solution     len=  1.139  endpoints_valid=True  collision=False  over_limit=False
[338] PASS  time=  4.719s  status=Exact solution     len=  3.005  endpoints_valid=True  collision=False  over_limit=False
[339] PASS  time= 16.394s  status=Exact solution     len=  6.240  endpoints_valid=True  collision=False  over_limit=False
[340] FAIL  time= 30.143s  status=Timeout            len=    nan  endpoints_valid=True  collision=False  over_limit=True
[341] PASS  time=  1.990s  status=Exact solution     len=  3.149  endpoints_valid=True  collision=False  over_limit=False
[342] PASS  time=  0.120s  status=Exact solution     len=  0.470  endpoints_valid=True  collision=False  over_limit=False
[343] PASS  time=  6.703s  status=Exact solution     len=  5.671  endpoints_valid=True  collision=False  over_limit=False
[344] FAIL  time= 30.187s  status=Timeout            len=    nan  endpoints_valid=True  collision=False  over_limit=True
[345] PASS  time= 17.224s  status=Exact solution     len=  9.901  endpoints_valid=True  collision=False  over_limit=False
[346] PASS  time=  0.574s  status=Exact solution     len=  1.504  endpoints_valid=True  collision=False  over_limit=False
[347] PASS  time=  3.688s  status=Exact solution     len=  3.431  endpoints_valid=True  collision=False  over_limit=False
[348] PASS  time=  2.908s  status=Exact solution     len=  2.831  endpoints_valid=True  collision=False  over_limit=False
[349] FAIL  time= 30.445s  status=Timeout            len=    nan  endpoints_valid=True  collision=False  over_limit=True
[350] PASS  time=  7.504s  status=Exact solution     len=  2.308  endpoints_valid=True  collision=False  over_limit=False
[351] PASS  time=  0.047s  status=Exact solution     len=  0.169  endpoints_valid=True  collision=False  over_limit=False
[352] PASS  time= 11.036s  status=Exact solution     len=  4.444  endpoints_valid=True  collision=False  over_limit=False
[353] PASS  time= 23.739s  status=Exact solution     len=  4.023  endpoints_valid=True  collision=False  over_limit=False
[354] PASS  time=  3.562s  status=Exact solution     len=  3.173  endpoints_valid=True  collision=False  over_limit=False
[355] PASS  time=  5.443s  status=Exact solution     len=  3.796  endpoints_valid=True  collision=False  over_limit=False
[356] FAIL  time= 30.056s  status=Timeout            len=    nan  endpoints_valid=True  collision=False  over_limit=True
[357] PASS  time=  7.496s  status=Exact solution     len=  8.417  endpoints_valid=True  collision=False  over_limit=False
[358] PASS  time=  5.665s  status=Exact solution     len=  2.809  endpoints_valid=True  collision=False  over_limit=False
[359] PASS  time=  2.298s  status=Exact solution     len=  1.132  endpoints_valid=True  collision=False  over_limit=False
[360] PASS  time=  2.407s  status=Exact solution     len=  1.948  endpoints_valid=True  collision=False  over_limit=False
[361] PASS  time=  6.314s  status=Exact solution     len=  8.116  endpoints_valid=True  collision=False  over_limit=False
[362] FAIL  time= 30.081s  status=Timeout            len=    nan  endpoints_valid=True  collision=False  over_limit=True
[363] PASS  time=  0.092s  status=Exact solution     len=  0.610  endpoints_valid=True  collision=False  over_limit=False
[364] PASS  time= 22.015s  status=Exact solution     len= 12.890  endpoints_valid=True  collision=False  over_limit=False
[365] PASS  time= 22.748s  status=Exact solution     len= 12.600  endpoints_valid=True  collision=False  over_limit=False
[366] PASS  time= 13.614s  status=Exact solution     len=  5.958  endpoints_valid=True  collision=False  over_limit=False
[367] FAIL  time= 30.080s  status=Timeout            len=    nan  endpoints_valid=True  collision=False  over_limit=True
[368] PASS  time= 11.827s  status=Exact solution     len=  1.569  endpoints_valid=True  collision=False  over_limit=False
[369] PASS  time=  3.573s  status=Exact solution     len=  2.185  endpoints_valid=True  collision=False  over_limit=False
[370] PASS  time= 24.689s  status=Exact solution     len=  6.674  endpoints_valid=True  collision=False  over_limit=False
[371] PASS  time= 21.038s  status=Exact solution     len= 10.536  endpoints_valid=True  collision=False  over_limit=False
[372] FAIL  time= 30.272s  status=Timeout            len=    nan  endpoints_valid=True  collision=False  over_limit=True
[373] PASS  time= 11.952s  status=Exact solution     len=  2.828  endpoints_valid=True  collision=False  over_limit=False
[374] PASS  time= 12.367s  status=Exact solution     len=  5.600  endpoints_valid=True  collision=False  over_limit=False
[375] FAIL  time= 30.152s  status=Timeout            len=    nan  endpoints_valid=True  collision=False  over_limit=True
[376] PASS  time=  9.143s  status=Exact solution     len=  3.552  endpoints_valid=True  collision=False  over_limit=False
[377] PASS  time=  8.285s  status=Exact solution     len= 10.189  endpoints_valid=True  collision=False  over_limit=False
[378] PASS  time=  9.619s  status=Exact solution     len=  4.872  endpoints_valid=True  collision=False  over_limit=False
[379] PASS  time= 18.762s  status=Exact solution     len=  4.375  endpoints_valid=True  collision=False  over_limit=False
[380] PASS  time= 29.371s  status=Exact solution     len=  4.486  endpoints_valid=True  collision=False  over_limit=False
[381] PASS  time=  7.820s  status=Exact solution     len=  5.823  endpoints_valid=True  collision=False  over_limit=False
[382] PASS  time= 15.022s  status=Exact solution     len= 10.047  endpoints_valid=True  collision=False  over_limit=False
[383] PASS  time=  4.793s  status=Exact solution     len=  5.196  endpoints_valid=True  collision=False  over_limit=False
[384] FAIL  time= 30.043s  status=Timeout            len=    nan  endpoints_valid=True  collision=False  over_limit=True
[385] PASS  time=  2.390s  status=Exact solution     len=  4.488  endpoints_valid=True  collision=False  over_limit=False
[386] PASS  time= 12.274s  status=Exact solution     len=  5.649  endpoints_valid=True  collision=False  over_limit=False
[387] PASS  time=  7.200s  status=Exact solution     len=  4.518  endpoints_valid=True  collision=False  over_limit=False
[388] PASS  time= 15.760s  status=Exact solution     len=  3.629  endpoints_valid=True  collision=False  over_limit=False
[389] PASS  time=  3.614s  status=Exact solution     len=  6.112  endpoints_valid=True  collision=False  over_limit=False
[390] PASS  time= 12.863s  status=Exact solution     len=  7.591  endpoints_valid=True  collision=False  over_limit=False
[391] PASS  time=  0.338s  status=Exact solution     len=  0.275  endpoints_valid=True  collision=False  over_limit=False
[392] PASS  time=  7.246s  status=Exact solution     len=  5.568  endpoints_valid=True  collision=False  over_limit=False
[393] PASS  time= 10.275s  status=Exact solution     len=  4.409  endpoints_valid=True  collision=False  over_limit=False
[394] FAIL  time= 30.172s  status=Timeout            len=    nan  endpoints_valid=True  collision=False  over_limit=True
[395] PASS  time=  6.657s  status=Exact solution     len=  8.836  endpoints_valid=True  collision=False  over_limit=False
[396] FAIL  time= 30.200s  status=Timeout            len=    nan  endpoints_valid=True  collision=False  over_limit=True
[397] FAIL  time= 30.270s  status=Timeout            len=    nan  endpoints_valid=True  collision=False  over_limit=True
[398] FAIL  time= 30.029s  status=Timeout            len=    nan  endpoints_valid=True  collision=False  over_limit=True
[399] FAIL  time= 30.161s  status=Timeout            len=    nan  endpoints_valid=True  collision=False  over_limit=True
[400] FAIL  time= 30.831s  status=Timeout            len=    nan  endpoints_valid=True  collision=False  over_limit=True
[401] PASS  time= 28.719s  status=Exact solution     len=  6.070  endpoints_valid=True  collision=False  over_limit=False
[402] PASS  time=  6.286s  status=Exact solution     len=  5.609  endpoints_valid=True  collision=False  over_limit=False
[403] PASS  time=  8.503s  status=Exact solution     len=  2.981  endpoints_valid=True  collision=False  over_limit=False
[404] PASS  time=  0.802s  status=Exact solution     len=  1.516  endpoints_valid=True  collision=False  over_limit=False
[405] PASS  time=  6.552s  status=Exact solution     len=  1.671  endpoints_valid=True  collision=False  over_limit=False
[406] PASS  time=  9.304s  status=Exact solution     len=  5.347  endpoints_valid=True  collision=False  over_limit=False
[407] PASS  time=  0.319s  status=Exact solution     len=  1.395  endpoints_valid=True  collision=False  over_limit=False
[408] PASS  time=  4.385s  status=Exact solution     len=  3.265  endpoints_valid=True  collision=False  over_limit=False
[409] PASS  time=  8.122s  status=Exact solution     len=  6.183  endpoints_valid=True  collision=False  over_limit=False
[410] PASS  time= 23.747s  status=Exact solution     len=  4.434  endpoints_valid=True  collision=False  over_limit=False
[411] PASS  time=  5.822s  status=Exact solution     len=  1.321  endpoints_valid=True  collision=False  over_limit=False
[412] PASS  time=  7.871s  status=Exact solution     len=  8.114  endpoints_valid=True  collision=False  over_limit=False
[413] PASS  time= 17.729s  status=Exact solution     len=  3.530  endpoints_valid=True  collision=False  over_limit=False
[414] FAIL  time= 30.202s  status=Timeout            len=    nan  endpoints_valid=True  collision=False  over_limit=True
[415] PASS  time= 11.484s  status=Exact solution     len=  6.678  endpoints_valid=True  collision=False  over_limit=False
[416] PASS  time= 25.954s  status=Exact solution     len= 10.318  endpoints_valid=True  collision=False  over_limit=False
[417] PASS  time= 24.721s  status=Exact solution     len=  5.340  endpoints_valid=True  collision=False  over_limit=False
[418] PASS  time=  6.750s  status=Exact solution     len=  2.936  endpoints_valid=True  collision=False  over_limit=False
[419] PASS  time= 23.815s  status=Exact solution     len= 10.187  endpoints_valid=True  collision=False  over_limit=False
[420] PASS  time= 12.105s  status=Exact solution     len= 14.675  endpoints_valid=True  collision=False  over_limit=False
[421] PASS  time=  7.137s  status=Exact solution     len=  4.629  endpoints_valid=True  collision=False  over_limit=False
[422] PASS  time= 11.033s  status=Exact solution     len=  7.599  endpoints_valid=True  collision=False  over_limit=False
[423] PASS  time=  9.804s  status=Exact solution     len=  8.312  endpoints_valid=True  collision=False  over_limit=False
[424] PASS  time= 13.305s  status=Exact solution     len= 11.402  endpoints_valid=True  collision=False  over_limit=False
[425] FAIL  time= 30.111s  status=Timeout            len=    nan  endpoints_valid=True  collision=False  over_limit=True
[426] PASS  time=  4.245s  status=Exact solution     len=  3.146  endpoints_valid=True  collision=False  over_limit=False
[427] PASS  time= 11.640s  status=Exact solution     len=  7.038  endpoints_valid=True  collision=False  over_limit=False
[428] PASS  time= 24.234s  status=Exact solution     len= 15.779  endpoints_valid=True  collision=False  over_limit=False
[429] PASS  time= 11.184s  status=Exact solution     len=  9.549  endpoints_valid=True  collision=False  over_limit=False
[430] PASS  time= 11.944s  status=Exact solution     len=  5.130  endpoints_valid=True  collision=False  over_limit=False
[431] PASS  time= 17.078s  status=Exact solution     len=  7.666  endpoints_valid=True  collision=False  over_limit=False
[432] PASS  time=  2.823s  status=Exact solution     len=  3.542  endpoints_valid=True  collision=False  over_limit=False
[433] PASS  time=  8.716s  status=Exact solution     len=  7.725  endpoints_valid=True  collision=False  over_limit=False
[434] PASS  time= 12.544s  status=Exact solution     len= 11.096  endpoints_valid=True  collision=False  over_limit=False
[435] FAIL  time= 30.081s  status=Timeout            len=    nan  endpoints_valid=True  collision=False  over_limit=True
[436] PASS  time=  0.242s  status=Exact solution     len=  0.461  endpoints_valid=True  collision=False  over_limit=False
[437] PASS  time=  6.367s  status=Exact solution     len=  5.693  endpoints_valid=True  collision=False  over_limit=False
[438] PASS  time= 24.398s  status=Exact solution     len=  5.679  endpoints_valid=True  collision=False  over_limit=False
[439] PASS  time= 17.491s  status=Exact solution     len= 13.686  endpoints_valid=True  collision=False  over_limit=False
[440] PASS  time=  5.577s  status=Exact solution     len=  3.322  endpoints_valid=True  collision=False  over_limit=False
[441] PASS  time= 12.248s  status=Exact solution     len=  1.026  endpoints_valid=True  collision=False  over_limit=False
[442] PASS  time= 18.344s  status=Exact solution     len=  6.220  endpoints_valid=True  collision=False  over_limit=False
[443] PASS  time=  0.176s  status=Exact solution     len=  0.507  endpoints_valid=True  collision=False  over_limit=False
[444] PASS  time=  5.806s  status=Exact solution     len=  2.866  endpoints_valid=True  collision=False  over_limit=False
[445] PASS  time=  7.654s  status=Exact solution     len=  5.202  endpoints_valid=True  collision=False  over_limit=False
[446] PASS  time=  2.871s  status=Exact solution     len=  2.613  endpoints_valid=True  collision=False  over_limit=False
[447] PASS  time= 14.713s  status=Exact solution     len=  6.138  endpoints_valid=True  collision=False  over_limit=False
[448] PASS  time= 10.854s  status=Exact solution     len=  8.032  endpoints_valid=True  collision=False  over_limit=False
[449] PASS  time= 24.722s  status=Exact solution     len=  3.698  endpoints_valid=True  collision=False  over_limit=False
[450] PASS  time=  8.238s  status=Exact solution     len=  4.779  endpoints_valid=True  collision=False  over_limit=False
[451] PASS  time= 10.712s  status=Exact solution     len=  4.169  endpoints_valid=True  collision=False  over_limit=False
[452] PASS  time= 21.833s  status=Exact solution     len=  6.072  endpoints_valid=True  collision=False  over_limit=False
[453] FAIL  time= 30.534s  status=Timeout            len=    nan  endpoints_valid=True  collision=False  over_limit=True
[454] PASS  time=  2.608s  status=Exact solution     len=  1.714  endpoints_valid=True  collision=False  over_limit=False
[455] PASS  time=  2.397s  status=Exact solution     len=  5.008  endpoints_valid=True  collision=False  over_limit=False
[456] PASS  time=  4.276s  status=Exact solution     len=  6.459  endpoints_valid=True  collision=False  over_limit=False
[457] PASS  time= 13.599s  status=Exact solution     len=  6.144  endpoints_valid=True  collision=False  over_limit=False
[458] PASS  time= 17.565s  status=Exact solution     len=  5.314  endpoints_valid=True  collision=False  over_limit=False
[459] PASS  time= 16.500s  status=Exact solution     len=  3.305  endpoints_valid=True  collision=False  over_limit=False
[460] PASS  time=  6.843s  status=Exact solution     len=  7.613  endpoints_valid=True  collision=False  over_limit=False
[461] PASS  time=  8.953s  status=Exact solution     len=  7.533  endpoints_valid=True  collision=False  over_limit=False
[462] PASS  time=  5.272s  status=Exact solution     len=  5.525  endpoints_valid=True  collision=False  over_limit=False
[463] PASS  time=  4.206s  status=Exact solution     len=  5.093  endpoints_valid=True  collision=False  over_limit=False
[464] PASS  time= 17.834s  status=Exact solution     len=  3.000  endpoints_valid=True  collision=False  over_limit=False
[465] PASS  time= 20.081s  status=Exact solution     len=  8.172  endpoints_valid=True  collision=False  over_limit=False
[466] PASS  time= 11.984s  status=Exact solution     len=  4.236  endpoints_valid=True  collision=False  over_limit=False
[467] PASS  time=  2.279s  status=Exact solution     len=  1.228  endpoints_valid=True  collision=False  over_limit=False
[468] PASS  time= 13.494s  status=Exact solution     len=  5.726  endpoints_valid=True  collision=False  over_limit=False
[469] PASS  time=  9.810s  status=Exact solution     len=  4.709  endpoints_valid=True  collision=False  over_limit=False
[470] PASS  time=  0.575s  status=Exact solution     len=  0.736  endpoints_valid=True  collision=False  over_limit=False
[471] PASS  time= 10.997s  status=Exact solution     len=  5.849  endpoints_valid=True  collision=False  over_limit=False
[472] PASS  time= 28.428s  status=Exact solution     len=  4.994  endpoints_valid=True  collision=False  over_limit=False
[473] PASS  time=  0.329s  status=Exact solution     len=  0.560  endpoints_valid=True  collision=False  over_limit=False
[474] PASS  time= 12.384s  status=Exact solution     len=  5.984  endpoints_valid=True  collision=False  over_limit=False
[475] PASS  time= 18.403s  status=Exact solution     len=  6.742  endpoints_valid=True  collision=False  over_limit=False
[476] PASS  time= 18.079s  status=Exact solution     len=  6.900  endpoints_valid=True  collision=False  over_limit=False
[477] FAIL  time= 30.176s  status=Timeout            len=    nan  endpoints_valid=True  collision=False  over_limit=True
[478] PASS  time= 16.788s  status=Exact solution     len=  5.484  endpoints_valid=True  collision=False  over_limit=False
[479] FAIL  time= 30.634s  status=Timeout            len=    nan  endpoints_valid=True  collision=False  over_limit=True
[480] PASS  time= 16.282s  status=Exact solution     len=  5.999  endpoints_valid=True  collision=False  over_limit=False
[481] PASS  time=  6.763s  status=Exact solution     len=  5.719  endpoints_valid=True  collision=False  over_limit=False
[482] PASS  time= 16.142s  status=Exact solution     len=  5.615  endpoints_valid=True  collision=False  over_limit=False
[483] PASS  time= 23.025s  status=Exact solution     len=  2.006  endpoints_valid=True  collision=False  over_limit=False
[484] PASS  time= 15.756s  status=Exact solution     len= 10.259  endpoints_valid=True  collision=False  over_limit=False
[485] PASS  time= 29.683s  status=Exact solution     len= 12.103  endpoints_valid=True  collision=False  over_limit=False
[486] PASS  time= 15.778s  status=Exact solution     len=  2.912  endpoints_valid=True  collision=False  over_limit=False
[487] PASS  time=  0.406s  status=Exact solution     len=  2.158  endpoints_valid=True  collision=False  over_limit=False
[488] PASS  time= 14.194s  status=Exact solution     len=  5.561  endpoints_valid=True  collision=False  over_limit=False
[489] PASS  time=  5.828s  status=Exact solution     len=  5.906  endpoints_valid=True  collision=False  over_limit=False
[490] PASS  time= 12.301s  status=Exact solution     len=  5.531  endpoints_valid=True  collision=False  over_limit=False
[491] PASS  time=  0.712s  status=Exact solution     len=  1.637  endpoints_valid=True  collision=False  over_limit=False
[492] FAIL  time= 30.102s  status=Timeout            len=    nan  endpoints_valid=True  collision=False  over_limit=True
[493] PASS  time= 17.181s  status=Exact solution     len= 13.126  endpoints_valid=True  collision=False  over_limit=False
[494] PASS  time=  6.202s  status=Exact solution     len=  5.858  endpoints_valid=True  collision=False  over_limit=False
[495] PASS  time= 28.840s  status=Exact solution     len= 11.950  endpoints_valid=True  collision=False  over_limit=False
[496] PASS  time= 10.480s  status=Exact solution     len=  4.598  endpoints_valid=True  collision=False  over_limit=False
[497] PASS  time= 17.015s  status=Exact solution     len=  8.066  endpoints_valid=True  collision=False  over_limit=False
[498] PASS  time=  8.053s  status=Exact solution     len=  3.378  endpoints_valid=True  collision=False  over_limit=False
[499] PASS  time= 17.055s  status=Exact solution     len=  5.282  endpoints_valid=True  collision=False  over_limit=False
[500] PASS  time= 12.589s  status=Exact solution     len=  9.616  endpoints_valid=True  collision=False  over_limit=False
[501] PASS  time= 29.109s  status=Exact solution     len=  6.482  endpoints_valid=True  collision=False  over_limit=False
[502] PASS  time= 22.577s  status=Exact solution     len=  8.062  endpoints_valid=True  collision=False  over_limit=False
[503] PASS  time=  3.927s  status=Exact solution     len=  3.717  endpoints_valid=True  collision=False  over_limit=False
[504] PASS  time= 13.271s  status=Exact solution     len=  7.528  endpoints_valid=True  collision=False  over_limit=False
[505] FAIL  time= 30.800s  status=Exact solution     len=  4.846  endpoints_valid=True  collision=False  over_limit=True
[506] PASS  time= 14.988s  status=Exact solution     len= 12.090  endpoints_valid=True  collision=False  over_limit=False
[507] PASS  time=  0.022s  status=Exact solution     len=  0.607  endpoints_valid=True  collision=False  over_limit=False
[508] PASS  time= 14.963s  status=Exact solution     len=  5.928  endpoints_valid=True  collision=False  over_limit=False
[509] PASS  time=  8.015s  status=Exact solution     len=  6.758  endpoints_valid=True  collision=False  over_limit=False
[510] PASS  time=  4.102s  status=Exact solution     len=  3.033  endpoints_valid=True  collision=False  over_limit=False
[511] PASS  time= 14.310s  status=Exact solution     len=  4.344  endpoints_valid=True  collision=False  over_limit=False
[512] PASS  time=  0.431s  status=Exact solution     len=  0.567  endpoints_valid=True  collision=False  over_limit=False
[513] PASS  time=  4.830s  status=Exact solution     len=  8.601  endpoints_valid=True  collision=False  over_limit=False
[514] PASS  time=  1.994s  status=Exact solution     len=  1.149  endpoints_valid=True  collision=False  over_limit=False
[515] PASS  time= 21.609s  status=Exact solution     len=  4.605  endpoints_valid=True  collision=False  over_limit=False
[516] PASS  time=  9.623s  status=Exact solution     len=  8.928  endpoints_valid=True  collision=False  over_limit=False
[517] PASS  time= 12.456s  status=Exact solution     len=  3.015  endpoints_valid=True  collision=False  over_limit=False
[518] PASS  time=  6.053s  status=Exact solution     len=  4.291  endpoints_valid=True  collision=False  over_limit=False
[519] PASS  time= 19.851s  status=Exact solution     len= 13.085  endpoints_valid=True  collision=False  over_limit=False
[520] PASS  time= 18.545s  status=Exact solution     len=  3.444  endpoints_valid=True  collision=False  over_limit=False
[521] PASS  time= 12.880s  status=Exact solution     len=  5.938  endpoints_valid=True  collision=False  over_limit=False
[522] PASS  time= 12.724s  status=Exact solution     len=  7.380  endpoints_valid=True  collision=False  over_limit=False
[523] PASS  time=  3.725s  status=Exact solution     len=  4.346  endpoints_valid=True  collision=False  over_limit=False
[524] PASS  time=  3.894s  status=Exact solution     len=  4.932  endpoints_valid=True  collision=False  over_limit=False
[525] PASS  time=  1.123s  status=Exact solution     len=  3.177  endpoints_valid=True  collision=False  over_limit=False
[526] PASS  time=  7.613s  status=Exact solution     len=  7.134  endpoints_valid=True  collision=False  over_limit=False
[527] PASS  time=  0.264s  status=Exact solution     len=  0.368  endpoints_valid=True  collision=False  over_limit=False
[528] PASS  time=  2.523s  status=Exact solution     len=  2.906  endpoints_valid=True  collision=False  over_limit=False
[529] PASS  time= 15.409s  status=Exact solution     len=  8.139  endpoints_valid=True  collision=False  over_limit=False
[530] PASS  time= 21.655s  status=Exact solution     len=  7.960  endpoints_valid=True  collision=False  over_limit=False
[531] PASS  time= 15.781s  status=Exact solution     len=  3.844  endpoints_valid=True  collision=False  over_limit=False
[532] FAIL  time= 30.048s  status=Timeout            len=    nan  endpoints_valid=True  collision=False  over_limit=True
[533] PASS  time=  7.802s  status=Exact solution     len=  9.698  endpoints_valid=True  collision=False  over_limit=False
[534] PASS  time= 18.838s  status=Exact solution     len=  2.881  endpoints_valid=True  collision=False  over_limit=False
[535] PASS  time= 19.988s  status=Exact solution     len=  5.993  endpoints_valid=True  collision=False  over_limit=False
[536] PASS  time=  5.788s  status=Exact solution     len=  2.909  endpoints_valid=True  collision=False  over_limit=False
[537] PASS  time= 11.708s  status=Exact solution     len=  8.398  endpoints_valid=True  collision=False  over_limit=False
[538] PASS  time= 15.367s  status=Exact solution     len=  7.564  endpoints_valid=True  collision=False  over_limit=False
[539] PASS  time=  3.280s  status=Exact solution     len=  2.892  endpoints_valid=True  collision=False  over_limit=False
[540] PASS  time= 26.172s  status=Exact solution     len=  6.184  endpoints_valid=True  collision=False  over_limit=False
[541] PASS  time= 23.825s  status=Exact solution     len=  8.983  endpoints_valid=True  collision=False  over_limit=False
[542] PASS  time=  9.134s  status=Exact solution     len=  6.242  endpoints_valid=True  collision=False  over_limit=False
[543] PASS  time=  4.546s  status=Exact solution     len=  5.468  endpoints_valid=True  collision=False  over_limit=False
[544] PASS  time=  4.721s  status=Exact solution     len=  2.978  endpoints_valid=True  collision=False  over_limit=False
[545] PASS  time=  5.009s  status=Exact solution     len=  4.659  endpoints_valid=True  collision=False  over_limit=False
[546] PASS  time=  0.034s  status=Exact solution     len=  0.289  endpoints_valid=True  collision=False  over_limit=False
[547] PASS  time= 13.529s  status=Exact solution     len=  5.543  endpoints_valid=True  collision=False  over_limit=False
[548] PASS  time= 11.985s  status=Exact solution     len=  5.510  endpoints_valid=True  collision=False  over_limit=False
[549] PASS  time= 11.986s  status=Exact solution     len=  6.082  endpoints_valid=True  collision=False  over_limit=False
[550] PASS  time= 22.771s  status=Exact solution     len=  7.746  endpoints_valid=True  collision=False  over_limit=False
[551] PASS  time=  0.127s  status=Exact solution     len=  0.372  endpoints_valid=True  collision=False  over_limit=False
[552] FAIL  time= 30.145s  status=Timeout            len=    nan  endpoints_valid=True  collision=False  over_limit=True
[553] PASS  time= 15.414s  status=Exact solution     len=  7.383  endpoints_valid=True  collision=False  over_limit=False
[554] PASS  time= 18.880s  status=Exact solution     len=  8.637  endpoints_valid=True  collision=False  over_limit=False
[555] PASS  time= 19.826s  status=Exact solution     len= 11.167  endpoints_valid=True  collision=False  over_limit=False
[556] PASS  time= 17.602s  status=Exact solution     len=  0.958  endpoints_valid=True  collision=False  over_limit=False
[557] PASS  time=  0.217s  status=Exact solution     len=  0.283  endpoints_valid=True  collision=False  over_limit=False
[558] PASS  time= 13.880s  status=Exact solution     len=  4.550  endpoints_valid=True  collision=False  over_limit=False
[559] PASS  time=  5.563s  status=Exact solution     len=  2.244  endpoints_valid=True  collision=False  over_limit=False
[560] PASS  time= 11.215s  status=Exact solution     len=  2.112  endpoints_valid=True  collision=False  over_limit=False
[561] PASS  time=  8.562s  status=Exact solution     len=  3.693  endpoints_valid=True  collision=False  over_limit=False
[562] PASS  time= 20.322s  status=Exact solution     len= 13.186  endpoints_valid=True  collision=False  over_limit=False
[563] PASS  time=  1.674s  status=Exact solution     len=  4.007  endpoints_valid=True  collision=False  over_limit=False
[564] PASS  time=  9.576s  status=Exact solution     len=  3.073  endpoints_valid=True  collision=False  over_limit=False
[565] PASS  time= 17.130s  status=Exact solution     len=  5.664  endpoints_valid=True  collision=False  over_limit=False
[566] PASS  time= 13.768s  status=Exact solution     len=  3.087  endpoints_valid=True  collision=False  over_limit=False
[567] PASS  time= 17.259s  status=Exact solution     len=  8.859  endpoints_valid=True  collision=False  over_limit=False
[568] PASS  time= 18.389s  status=Exact solution     len=  5.829  endpoints_valid=True  collision=False  over_limit=False
[569] PASS  time= 21.364s  status=Exact solution     len=  1.434  endpoints_valid=True  collision=False  over_limit=False
[570] PASS  time= 14.866s  status=Exact solution     len=  5.743  endpoints_valid=True  collision=False  over_limit=False
[571] PASS  time= 24.604s  status=Exact solution     len=  9.436  endpoints_valid=True  collision=False  over_limit=False
[572] PASS  time=  6.057s  status=Exact solution     len=  1.562  endpoints_valid=True  collision=False  over_limit=False
[573] PASS  time= 18.867s  status=Exact solution     len=  5.160  endpoints_valid=True  collision=False  over_limit=False
[574] PASS  time=  1.998s  status=Exact solution     len=  2.416  endpoints_valid=True  collision=False  over_limit=False
[575] FAIL  time= 30.376s  status=Timeout            len=    nan  endpoints_valid=True  collision=False  over_limit=True
[576] PASS  time= 16.219s  status=Exact solution     len=  7.035  endpoints_valid=True  collision=False  over_limit=False
[577] FAIL  time= 30.922s  status=Exact solution     len=  7.154  endpoints_valid=True  collision=False  over_limit=True
[578] PASS  time= 16.424s  status=Exact solution     len=  1.798  endpoints_valid=True  collision=False  over_limit=False
[579] PASS  time=  2.711s  status=Exact solution     len=  2.042  endpoints_valid=True  collision=False  over_limit=False
[580] PASS  time=  0.293s  status=Exact solution     len=  0.357  endpoints_valid=True  collision=False  over_limit=False
[581] PASS  time= 20.463s  status=Exact solution     len= 11.836  endpoints_valid=True  collision=False  over_limit=False
[582] PASS  time=  1.976s  status=Exact solution     len=  3.290  endpoints_valid=True  collision=False  over_limit=False
[583] PASS  time= 15.038s  status=Exact solution     len= 11.090  endpoints_valid=True  collision=False  over_limit=False
[584] PASS  time= 14.683s  status=Exact solution     len=  6.955  endpoints_valid=True  collision=False  over_limit=False
[585] FAIL  time= 30.153s  status=Timeout            len=    nan  endpoints_valid=True  collision=False  over_limit=True
[586] PASS  time=  7.536s  status=Exact solution     len=  6.622  endpoints_valid=True  collision=False  over_limit=False
[587] FAIL  time= 31.564s  status=Timeout            len=    nan  endpoints_valid=True  collision=False  over_limit=True
[588] PASS  time= 14.951s  status=Exact solution     len=  4.197  endpoints_valid=True  collision=False  over_limit=False
[589] PASS  time= 25.029s  status=Exact solution     len=  5.620  endpoints_valid=True  collision=False  over_limit=False
[590] FAIL  time= 30.235s  status=Timeout            len=    nan  endpoints_valid=True  collision=False  over_limit=True
[591] PASS  time= 20.025s  status=Exact solution     len=  5.496  endpoints_valid=True  collision=False  over_limit=False
[592] PASS  time= 29.315s  status=Exact solution     len=  2.894  endpoints_valid=True  collision=False  over_limit=False
[593] FAIL  time= 30.105s  status=Timeout            len=    nan  endpoints_valid=True  collision=False  over_limit=True
[594] PASS  time= 17.697s  status=Exact solution     len=  6.067  endpoints_valid=True  collision=False  over_limit=False
[595] FAIL  time= 30.282s  status=Timeout            len=    nan  endpoints_valid=True  collision=False  over_limit=True
[596] PASS  time=  1.667s  status=Exact solution     len=  1.378  endpoints_valid=True  collision=False  over_limit=False
[597] PASS  time=  0.604s  status=Exact solution     len=  1.002  endpoints_valid=True  collision=False  over_limit=False
[598] PASS  time=  4.366s  status=Exact solution     len=  3.437  endpoints_valid=True  collision=False  over_limit=False
[599] PASS  time=  2.940s  status=Exact solution     len=  2.344  endpoints_valid=True  collision=False  over_limit=False
[600] FAIL  time= 30.170s  status=Timeout            len=    nan  endpoints_valid=True  collision=False  over_limit=True
[601] PASS  time= 16.796s  status=Exact solution     len=  6.228  endpoints_valid=True  collision=False  over_limit=False
[602] PASS  time=  8.154s  status=Exact solution     len=  6.983  endpoints_valid=True  collision=False  over_limit=False
[603] PASS  time=  6.810s  status=Exact solution     len=  5.184  endpoints_valid=True  collision=False  over_limit=False
[604] PASS  time=  0.269s  status=Exact solution     len=  1.161  endpoints_valid=True  collision=False  over_limit=False
[605] PASS  time=  9.218s  status=Exact solution     len=  7.471  endpoints_valid=True  collision=False  over_limit=False
[606] PASS  time=  6.981s  status=Exact solution     len=  3.060  endpoints_valid=True  collision=False  over_limit=False
[607] PASS  time=  0.151s  status=Exact solution     len=  0.569  endpoints_valid=True  collision=False  over_limit=False
[608] PASS  time= 19.420s  status=Exact solution     len= 10.442  endpoints_valid=True  collision=False  over_limit=False
[609] PASS  time=  2.047s  status=Exact solution     len=  3.051  endpoints_valid=True  collision=False  over_limit=False
[610] PASS  time= 19.375s  status=Exact solution     len=  8.451  endpoints_valid=True  collision=False  over_limit=False
[611] PASS  time=  3.125s  status=Exact solution     len=  2.808  endpoints_valid=True  collision=False  over_limit=False
[612] PASS  time= 12.045s  status=Exact solution     len=  9.067  endpoints_valid=True  collision=False  over_limit=False
[613] PASS  time=  3.848s  status=Exact solution     len=  1.521  endpoints_valid=True  collision=False  over_limit=False
[614] PASS  time=  1.879s  status=Exact solution     len=  1.686  endpoints_valid=True  collision=False  over_limit=False
[615] PASS  time= 14.699s  status=Exact solution     len=  7.827  endpoints_valid=True  collision=False  over_limit=False
[616] PASS  time=  9.035s  status=Exact solution     len=  4.687  endpoints_valid=True  collision=False  over_limit=False
[617] PASS  time= 15.118s  status=Exact solution     len=  7.689  endpoints_valid=True  collision=False  over_limit=False
[618] PASS  time=  0.046s  status=Exact solution     len=  0.347  endpoints_valid=True  collision=False  over_limit=False
[619] PASS  time= 10.393s  status=Exact solution     len=  9.445  endpoints_valid=True  collision=False  over_limit=False
[620] PASS  time= 11.425s  status=Exact solution     len=  7.800  endpoints_valid=True  collision=False  over_limit=False
[621] PASS  time=  6.122s  status=Exact solution     len=  4.745  endpoints_valid=True  collision=False  over_limit=False
[622] PASS  time= 17.083s  status=Exact solution     len=  9.958  endpoints_valid=True  collision=False  over_limit=False
[623] PASS  time=  5.428s  status=Exact solution     len=  3.496  endpoints_valid=True  collision=False  over_limit=False
[624] PASS  time= 14.331s  status=Exact solution     len=  3.738  endpoints_valid=True  collision=False  over_limit=False
[625] PASS  time=  2.919s  status=Exact solution     len=  3.548  endpoints_valid=True  collision=False  over_limit=False
[626] PASS  time=  6.666s  status=Exact solution     len=  6.870  endpoints_valid=True  collision=False  over_limit=False
[627] PASS  time= 10.624s  status=Exact solution     len=  6.075  endpoints_valid=True  collision=False  over_limit=False
[628] PASS  time=  6.209s  status=Exact solution     len=  4.326  endpoints_valid=True  collision=False  over_limit=False
[629] PASS  time= 11.776s  status=Exact solution     len=  8.801  endpoints_valid=True  collision=False  over_limit=False
[630] FAIL  time= 30.066s  status=Timeout            len=    nan  endpoints_valid=True  collision=False  over_limit=True
[631] PASS  time=  2.763s  status=Exact solution     len=  4.020  endpoints_valid=True  collision=False  over_limit=False
[632] PASS  time= 10.206s  status=Exact solution     len=  3.365  endpoints_valid=True  collision=False  over_limit=False
[633] PASS  time= 17.367s  status=Exact solution     len=  9.114  endpoints_valid=True  collision=False  over_limit=False
[634] PASS  time=  4.809s  status=Exact solution     len=  5.566  endpoints_valid=True  collision=False  over_limit=False
[635] PASS  time= 11.004s  status=Exact solution     len=  6.172  endpoints_valid=True  collision=False  over_limit=False
[636] PASS  time= 19.495s  status=Exact solution     len=  9.527  endpoints_valid=True  collision=False  over_limit=False
[637] PASS  time=  4.970s  status=Exact solution     len=  2.689  endpoints_valid=True  collision=False  over_limit=False
[638] PASS  time=  8.789s  status=Exact solution     len=  5.358  endpoints_valid=True  collision=False  over_limit=False
[639] FAIL  time= 30.472s  status=Timeout            len=    nan  endpoints_valid=True  collision=False  over_limit=True
[640] PASS  time= 16.539s  status=Exact solution     len=  6.129  endpoints_valid=True  collision=False  over_limit=False
[641] PASS  time= 14.180s  status=Exact solution     len= 10.421  endpoints_valid=True  collision=False  over_limit=False
[642] PASS  time=  2.232s  status=Exact solution     len=  3.258  endpoints_valid=True  collision=False  over_limit=False
[643] PASS  time=  1.086s  status=Exact solution     len=  2.107  endpoints_valid=True  collision=False  over_limit=False
[644] PASS  time=  6.985s  status=Exact solution     len=  3.629  endpoints_valid=True  collision=False  over_limit=False
[645] PASS  time=  7.347s  status=Exact solution     len=  5.709  endpoints_valid=True  collision=False  over_limit=False
[646] PASS  time=  0.049s  status=Exact solution     len=  0.355  endpoints_valid=True  collision=False  over_limit=False
[647] PASS  time= 25.638s  status=Exact solution     len=  6.806  endpoints_valid=True  collision=False  over_limit=False
[648] PASS  time= 18.398s  status=Exact solution     len=  5.315  endpoints_valid=True  collision=False  over_limit=False
[649] PASS  time= 23.575s  status=Exact solution     len= 15.776  endpoints_valid=True  collision=False  over_limit=False
[650] PASS  time=  9.667s  status=Exact solution     len=  3.580  endpoints_valid=True  collision=False  over_limit=False
[651] PASS  time=  0.093s  status=Exact solution     len=  0.590  endpoints_valid=True  collision=False  over_limit=False
[652] PASS  time=  6.773s  status=Exact solution     len=  7.419  endpoints_valid=True  collision=False  over_limit=False
[653] PASS  time= 13.201s  status=Exact solution     len=  7.868  endpoints_valid=True  collision=False  over_limit=False
[654] PASS  time= 19.747s  status=Exact solution     len=  5.934  endpoints_valid=True  collision=False  over_limit=False
[655] PASS  time= 29.026s  status=Exact solution     len=  4.742  endpoints_valid=True  collision=False  over_limit=False
[656] PASS  time=  3.160s  status=Exact solution     len=  3.587  endpoints_valid=True  collision=False  over_limit=False
[657] PASS  time=  3.896s  status=Exact solution     len=  3.042  endpoints_valid=True  collision=False  over_limit=False
[658] PASS  time= 20.482s  status=Exact solution     len=  8.358  endpoints_valid=True  collision=False  over_limit=False
[659] PASS  time= 15.246s  status=Exact solution     len=  5.784  endpoints_valid=True  collision=False  over_limit=False
[660] PASS  time=  3.164s  status=Exact solution     len=  5.092  endpoints_valid=True  collision=False  over_limit=False
[661] PASS  time= 20.156s  status=Exact solution     len= 12.031  endpoints_valid=True  collision=False  over_limit=False
[662] PASS  time=  0.666s  status=Exact solution     len=  1.018  endpoints_valid=True  collision=False  over_limit=False
[663] PASS  time=  1.473s  status=Exact solution     len=  2.331  endpoints_valid=True  collision=False  over_limit=False
[664] PASS  time= 20.826s  status=Exact solution     len=  9.098  endpoints_valid=True  collision=False  over_limit=False
[665] PASS  time= 26.495s  status=Exact solution     len= 10.460  endpoints_valid=True  collision=False  over_limit=False
[666] PASS  time= 26.901s  status=Exact solution     len=  9.466  endpoints_valid=True  collision=False  over_limit=False
[667] PASS  time=  2.995s  status=Exact solution     len=  4.515  endpoints_valid=True  collision=False  over_limit=False
[668] FAIL  time= 30.502s  status=Timeout            len=    nan  endpoints_valid=True  collision=False  over_limit=True
[669] PASS  time= 26.063s  status=Exact solution     len=  4.029  endpoints_valid=True  collision=False  over_limit=False
[670] PASS  time= 18.292s  status=Exact solution     len=  9.724  endpoints_valid=True  collision=False  over_limit=False
[671] FAIL  time= 30.173s  status=Timeout            len=    nan  endpoints_valid=True  collision=False  over_limit=True
[672] PASS  time=  2.074s  status=Exact solution     len=  2.761  endpoints_valid=True  collision=False  over_limit=False
[673] FAIL  time= 31.523s  status=Exact solution     len=  8.452  endpoints_valid=True  collision=False  over_limit=True
[674] PASS  time=  9.551s  status=Exact solution     len= 10.720  endpoints_valid=True  collision=False  over_limit=False
[675] PASS  time= 24.218s  status=Exact solution     len=  4.085  endpoints_valid=True  collision=False  over_limit=False
[676] PASS  time= 13.423s  status=Exact solution     len=  3.163  endpoints_valid=True  collision=False  over_limit=False
[677] PASS  time=  7.570s  status=Exact solution     len=  5.096  endpoints_valid=True  collision=False  over_limit=False
[678] PASS  time=  4.334s  status=Exact solution     len=  3.717  endpoints_valid=True  collision=False  over_limit=False
[679] PASS  time= 10.871s  status=Exact solution     len= 11.879  endpoints_valid=True  collision=False  over_limit=False
[680] PASS  time=  6.169s  status=Exact solution     len=  1.841  endpoints_valid=True  collision=False  over_limit=False
[681] PASS  time= 15.257s  status=Exact solution     len=  5.388  endpoints_valid=True  collision=False  over_limit=False
[682] FAIL  time= 30.371s  status=Timeout            len=    nan  endpoints_valid=True  collision=False  over_limit=True
[683] PASS  time=  7.454s  status=Exact solution     len=  7.786  endpoints_valid=True  collision=False  over_limit=False
[684] PASS  time= 16.798s  status=Exact solution     len= 14.716  endpoints_valid=True  collision=False  over_limit=False
[685] PASS  time=  5.453s  status=Exact solution     len=  3.805  endpoints_valid=True  collision=False  over_limit=False
[686] FAIL  time= 30.053s  status=Timeout            len=    nan  endpoints_valid=True  collision=False  over_limit=True
[687] PASS  time=  2.615s  status=Exact solution     len=  4.104  endpoints_valid=True  collision=False  over_limit=False
[688] PASS  time= 10.022s  status=Exact solution     len=  5.589  endpoints_valid=True  collision=False  over_limit=False
[689] PASS  time=  5.705s  status=Exact solution     len=  5.057  endpoints_valid=True  collision=False  over_limit=False
[690] PASS  time= 15.586s  status=Exact solution     len=  6.350  endpoints_valid=True  collision=False  over_limit=False
[691] PASS  time= 13.382s  status=Exact solution     len=  4.231  endpoints_valid=True  collision=False  over_limit=False
[692] PASS  time=  1.063s  status=Exact solution     len=  1.022  endpoints_valid=True  collision=False  over_limit=False
[693] PASS  time=  1.824s  status=Exact solution     len=  3.103  endpoints_valid=True  collision=False  over_limit=False
[694] PASS  time=  1.952s  status=Exact solution     len=  4.122  endpoints_valid=True  collision=False  over_limit=False
[695] PASS  time=  0.274s  status=Exact solution     len=  0.162  endpoints_valid=True  collision=False  over_limit=False
[696] PASS  time=  3.663s  status=Exact solution     len=  3.685  endpoints_valid=True  collision=False  over_limit=False
[697] PASS  time=  3.860s  status=Exact solution     len=  4.472  endpoints_valid=True  collision=False  over_limit=False
[698] PASS  time=  5.850s  status=Exact solution     len=  3.385  endpoints_valid=True  collision=False  over_limit=False
[699] PASS  time=  4.790s  status=Exact solution     len=  6.758  endpoints_valid=True  collision=False  over_limit=False
[700] PASS  time=  3.391s  status=Exact solution     len=  3.012  endpoints_valid=True  collision=False  over_limit=False
[701] PASS  time= 10.843s  status=Exact solution     len=  7.899  endpoints_valid=True  collision=False  over_limit=False
[702] PASS  time= 13.281s  status=Exact solution     len= 12.004  endpoints_valid=True  collision=False  over_limit=False
[703] FAIL  time= 30.065s  status=Timeout            len=    nan  endpoints_valid=True  collision=False  over_limit=True
[704] PASS  time=  8.729s  status=Exact solution     len=  7.907  endpoints_valid=True  collision=False  over_limit=False
[705] PASS  time=  5.324s  status=Exact solution     len=  2.354  endpoints_valid=True  collision=False  over_limit=False
[706] PASS  time=  2.388s  status=Exact solution     len=  2.869  endpoints_valid=True  collision=False  over_limit=False
[707] PASS  time=  3.189s  status=Exact solution     len=  2.777  endpoints_valid=True  collision=False  over_limit=False
[708] PASS  time=  3.220s  status=Exact solution     len=  2.032  endpoints_valid=True  collision=False  over_limit=False
[709] PASS  time=  4.490s  status=Exact solution     len=  5.707  endpoints_valid=True  collision=False  over_limit=False
[710] PASS  time= 19.245s  status=Exact solution     len=  5.302  endpoints_valid=True  collision=False  over_limit=False
[711] PASS  time=  6.150s  status=Exact solution     len=  2.317  endpoints_valid=True  collision=False  over_limit=False
[712] PASS  time= 11.180s  status=Exact solution     len= 12.919  endpoints_valid=True  collision=False  over_limit=False
[713] PASS  time=  2.895s  status=Exact solution     len=  5.416  endpoints_valid=True  collision=False  over_limit=False
[714] PASS  time=  7.401s  status=Exact solution     len=  6.719  endpoints_valid=True  collision=False  over_limit=False
[715] PASS  time=  3.432s  status=Exact solution     len=  3.946  endpoints_valid=True  collision=False  over_limit=False
[716] PASS  time= 21.378s  status=Exact solution     len=  5.098  endpoints_valid=True  collision=False  over_limit=False
[717] PASS  time=  2.118s  status=Exact solution     len=  5.363  endpoints_valid=True  collision=False  over_limit=False
[718] PASS  time=  9.686s  status=Exact solution     len=  8.433  endpoints_valid=True  collision=False  over_limit=False
[719] PASS  time=  4.384s  status=Exact solution     len=  5.341  endpoints_valid=True  collision=False  over_limit=False
[720] PASS  time=  4.487s  status=Exact solution     len=  5.292  endpoints_valid=True  collision=False  over_limit=False
[721] PASS  time= 15.985s  status=Exact solution     len=  5.756  endpoints_valid=True  collision=False  over_limit=False
[722] PASS  time= 17.334s  status=Exact solution     len=  6.507  endpoints_valid=True  collision=False  over_limit=False
[723] PASS  time=  2.260s  status=Exact solution     len=  2.114  endpoints_valid=True  collision=False  over_limit=False
[724] PASS  time= 12.652s  status=Exact solution     len=  8.076  endpoints_valid=True  collision=False  over_limit=False
[725] PASS  time= 11.379s  status=Exact solution     len=  1.579  endpoints_valid=True  collision=False  over_limit=False
[726] PASS  time=  3.468s  status=Exact solution     len=  7.406  endpoints_valid=True  collision=False  over_limit=False
[727] FAIL  time= 30.087s  status=Timeout            len=    nan  endpoints_valid=True  collision=False  over_limit=True
[728] PASS  time=  1.163s  status=Exact solution     len=  1.896  endpoints_valid=True  collision=False  over_limit=False
[729] PASS  time=  3.653s  status=Exact solution     len=  9.137  endpoints_valid=True  collision=False  over_limit=False
[730] PASS  time=  0.105s  status=Exact solution     len=  0.422  endpoints_valid=True  collision=False  over_limit=False
[731] PASS  time=  4.487s  status=Exact solution     len=  4.865  endpoints_valid=True  collision=False  over_limit=False
[732] PASS  time= 16.326s  status=Exact solution     len=  6.448  endpoints_valid=True  collision=False  over_limit=False
[733] PASS  time= 24.849s  status=Exact solution     len=  7.639  endpoints_valid=True  collision=False  over_limit=False
[734] PASS  time= 18.777s  status=Exact solution     len=  8.187  endpoints_valid=True  collision=False  over_limit=False
[735] PASS  time= 23.405s  status=Exact solution     len=  7.999  endpoints_valid=True  collision=False  over_limit=False
[736] PASS  time= 22.459s  status=Exact solution     len=  2.983  endpoints_valid=True  collision=False  over_limit=False
[737] PASS  time=  8.138s  status=Exact solution     len=  6.484  endpoints_valid=True  collision=False  over_limit=False
[738] PASS  time= 12.854s  status=Exact solution     len=  5.544  endpoints_valid=True  collision=False  over_limit=False
[739] PASS  time=  2.201s  status=Exact solution     len=  4.225  endpoints_valid=True  collision=False  over_limit=False
[740] PASS  time=  5.028s  status=Exact solution     len=  2.658  endpoints_valid=True  collision=False  over_limit=False
[741] PASS  time=  9.485s  status=Exact solution     len=  7.677  endpoints_valid=True  collision=False  over_limit=False
[742] PASS  time=  0.106s  status=Exact solution     len=  0.486  endpoints_valid=True  collision=False  over_limit=False
[743] PASS  time= 10.247s  status=Exact solution     len=  8.270  endpoints_valid=True  collision=False  over_limit=False
[744] PASS  time=  5.794s  status=Exact solution     len=  6.068  endpoints_valid=True  collision=False  over_limit=False
[745] PASS  time= 17.587s  status=Exact solution     len=  5.816  endpoints_valid=True  collision=False  over_limit=False
[746] PASS  time=  0.087s  status=Exact solution     len=  0.449  endpoints_valid=True  collision=False  over_limit=False
[747] PASS  time=  6.089s  status=Exact solution     len=  6.760  endpoints_valid=True  collision=False  over_limit=False
[748] PASS  time= 14.620s  status=Exact solution     len=  7.317  endpoints_valid=True  collision=False  over_limit=False
[749] PASS  time=  5.330s  status=Exact solution     len=  5.120  endpoints_valid=True  collision=False  over_limit=False
[750] PASS  time= 11.229s  status=Exact solution     len=  6.810  endpoints_valid=True  collision=False  over_limit=False
[751] PASS  time= 13.526s  status=Exact solution     len=  9.375  endpoints_valid=True  collision=False  over_limit=False
[752] PASS  time= 19.806s  status=Exact solution     len=  3.212  endpoints_valid=True  collision=False  over_limit=False
[753] PASS  time=  7.456s  status=Exact solution     len=  6.071  endpoints_valid=True  collision=False  over_limit=False
[754] PASS  time=  2.031s  status=Exact solution     len=  3.973  endpoints_valid=True  collision=False  over_limit=False
[755] PASS  time= 12.227s  status=Exact solution     len=  4.693  endpoints_valid=True  collision=False  over_limit=False
[756] FAIL  time= 30.031s  status=Exact solution     len=  4.713  endpoints_valid=True  collision=False  over_limit=True
[757] PASS  time=  2.588s  status=Exact solution     len=  4.373  endpoints_valid=True  collision=False  over_limit=False
[758] PASS  time= 19.302s  status=Exact solution     len=  6.041  endpoints_valid=True  collision=False  over_limit=False
[759] PASS  time=  8.107s  status=Exact solution     len= 10.041  endpoints_valid=True  collision=False  over_limit=False
[760] PASS  time=  6.764s  status=Exact solution     len=  9.395  endpoints_valid=True  collision=False  over_limit=False
[761] PASS  time=  2.399s  status=Exact solution     len=  5.573  endpoints_valid=True  collision=False  over_limit=False
[762] FAIL  time= 30.037s  status=Timeout            len=    nan  endpoints_valid=True  collision=False  over_limit=True
[763] FAIL  time= 30.203s  status=Timeout            len=    nan  endpoints_valid=True  collision=False  over_limit=True
[764] FAIL  time= 30.090s  status=Timeout            len=    nan  endpoints_valid=True  collision=False  over_limit=True
[765] PASS  time=  6.360s  status=Exact solution     len=  9.998  endpoints_valid=True  collision=False  over_limit=False
[766] PASS  time= 19.876s  status=Exact solution     len=  7.177  endpoints_valid=True  collision=False  over_limit=False
[767] PASS  time=  1.447s  status=Exact solution     len=  3.000  endpoints_valid=True  collision=False  over_limit=False
[768] PASS  time= 23.803s  status=Exact solution     len=  2.843  endpoints_valid=True  collision=False  over_limit=False
[769] PASS  time= 23.500s  status=Exact solution     len= 13.456  endpoints_valid=True  collision=False  over_limit=False
[770] PASS  time=  8.177s  status=Exact solution     len=  4.368  endpoints_valid=True  collision=False  over_limit=False
[771] PASS  time=  4.385s  status=Exact solution     len=  6.500  endpoints_valid=True  collision=False  over_limit=False
[772] PASS  time=  6.802s  status=Exact solution     len=  6.250  endpoints_valid=True  collision=False  over_limit=False
[773] PASS  time=  1.196s  status=Exact solution     len=  1.532  endpoints_valid=True  collision=False  over_limit=False
[774] PASS  time=  4.188s  status=Exact solution     len=  4.696  endpoints_valid=True  collision=False  over_limit=False
[775] PASS  time= 19.013s  status=Exact solution     len=  9.094  endpoints_valid=True  collision=False  over_limit=False
[776] PASS  time= 12.630s  status=Exact solution     len=  4.371  endpoints_valid=True  collision=False  over_limit=False
[777] PASS  time= 18.595s  status=Exact solution     len=  9.578  endpoints_valid=True  collision=False  over_limit=False
[778] PASS  time= 11.430s  status=Exact solution     len=  6.129  endpoints_valid=True  collision=False  over_limit=False
[779] FAIL  time= 30.123s  status=Timeout            len=    nan  endpoints_valid=True  collision=False  over_limit=True
[780] PASS  time= 28.949s  status=Exact solution     len=  6.821  endpoints_valid=True  collision=False  over_limit=False
[781] PASS  time= 14.746s  status=Exact solution     len=  4.860  endpoints_valid=True  collision=False  over_limit=False
[782] PASS  time=  9.229s  status=Exact solution     len= 11.311  endpoints_valid=True  collision=False  over_limit=False
[783] PASS  time=  6.986s  status=Exact solution     len=  3.496  endpoints_valid=True  collision=False  over_limit=False
[784] PASS  time=  4.642s  status=Exact solution     len=  6.182  endpoints_valid=True  collision=False  over_limit=False
[785] PASS  time= 12.355s  status=Exact solution     len=  5.904  endpoints_valid=True  collision=False  over_limit=False
[786] PASS  time=  7.509s  status=Exact solution     len=  3.612  endpoints_valid=True  collision=False  over_limit=False
[787] PASS  time=  1.744s  status=Exact solution     len=  1.386  endpoints_valid=True  collision=False  over_limit=False
[788] PASS  time=  6.021s  status=Exact solution     len=  6.359  endpoints_valid=True  collision=False  over_limit=False
[789] PASS  time= 16.098s  status=Exact solution     len= 11.749  endpoints_valid=True  collision=False  over_limit=False
[790] PASS  time=  4.194s  status=Exact solution     len=  5.320  endpoints_valid=True  collision=False  over_limit=False
[791] PASS  time=  2.101s  status=Exact solution     len=  2.114  endpoints_valid=True  collision=False  over_limit=False
[792] PASS  time=  5.848s  status=Exact solution     len=  4.956  endpoints_valid=True  collision=False  over_limit=False
[793] PASS  time=  7.193s  status=Exact solution     len=  2.981  endpoints_valid=True  collision=False  over_limit=False
[794] PASS  time= 25.238s  status=Exact solution     len=  5.478  endpoints_valid=True  collision=False  over_limit=False
[795] PASS  time=  5.853s  status=Exact solution     len=  6.855  endpoints_valid=True  collision=False  over_limit=False
[796] PASS  time=  0.153s  status=Exact solution     len=  1.579  endpoints_valid=True  collision=False  over_limit=False
[797] PASS  time=  6.864s  status=Exact solution     len=  2.638  endpoints_valid=True  collision=False  over_limit=False
[798] PASS  time= 21.492s  status=Exact solution     len=  5.689  endpoints_valid=True  collision=False  over_limit=False
[799] PASS  time= 22.487s  status=Exact solution     len=  7.241  endpoints_valid=True  collision=False  over_limit=False
[800] PASS  time= 13.006s  status=Exact solution     len=  4.185  endpoints_valid=True  collision=False  over_limit=False
[801] PASS  time=  8.038s  status=Exact solution     len=  5.525  endpoints_valid=True  collision=False  over_limit=False
[802] PASS  time=  4.791s  status=Exact solution     len=  6.549  endpoints_valid=True  collision=False  over_limit=False
[803] PASS  time= 25.886s  status=Exact solution     len=  4.954  endpoints_valid=True  collision=False  over_limit=False
[804] PASS  time=  7.713s  status=Exact solution     len=  4.590  endpoints_valid=True  collision=False  over_limit=False
[805] PASS  time=  5.458s  status=Exact solution     len=  4.269  endpoints_valid=True  collision=False  over_limit=False
[806] PASS  time=  4.687s  status=Exact solution     len=  1.509  endpoints_valid=True  collision=False  over_limit=False
[807] PASS  time= 14.966s  status=Exact solution     len=  4.918  endpoints_valid=True  collision=False  over_limit=False
[808] PASS  time=  0.071s  status=Exact solution     len=  1.026  endpoints_valid=True  collision=False  over_limit=False
[809] PASS  time=  7.806s  status=Exact solution     len=  5.959  endpoints_valid=True  collision=False  over_limit=False
[810] FAIL  time= 30.134s  status=Timeout            len=    nan  endpoints_valid=True  collision=False  over_limit=True
[811] PASS  time= 14.428s  status=Exact solution     len=  6.814  endpoints_valid=True  collision=False  over_limit=False
[812] PASS  time=  3.437s  status=Exact solution     len=  3.195  endpoints_valid=True  collision=False  over_limit=False
[813] PASS  time=  7.818s  status=Exact solution     len=  7.698  endpoints_valid=True  collision=False  over_limit=False
[814] PASS  time= 12.445s  status=Exact solution     len=  5.496  endpoints_valid=True  collision=False  over_limit=False
[815] PASS  time= 15.596s  status=Exact solution     len=  5.755  endpoints_valid=True  collision=False  over_limit=False
[816] PASS  time=  2.637s  status=Exact solution     len=  3.897  endpoints_valid=True  collision=False  over_limit=False
[817] PASS  time=  1.980s  status=Exact solution     len=  1.559  endpoints_valid=True  collision=False  over_limit=False
[818] PASS  time= 14.956s  status=Exact solution     len= 10.912  endpoints_valid=True  collision=False  over_limit=False
[819] PASS  time= 18.803s  status=Exact solution     len=  8.470  endpoints_valid=True  collision=False  over_limit=False
[820] FAIL  time= 30.111s  status=Timeout            len=    nan  endpoints_valid=True  collision=False  over_limit=True
[821] PASS  time=  2.261s  status=Exact solution     len=  2.546  endpoints_valid=True  collision=False  over_limit=False
[822] PASS  time=  7.495s  status=Exact solution     len=  6.635  endpoints_valid=True  collision=False  over_limit=False
[823] PASS  time= 22.634s  status=Exact solution     len= 10.991  endpoints_valid=True  collision=False  over_limit=False
[824] PASS  time=  1.118s  status=Exact solution     len=  4.000  endpoints_valid=True  collision=False  over_limit=False
[825] PASS  time=  5.142s  status=Exact solution     len=  5.939  endpoints_valid=True  collision=False  over_limit=False
[826] PASS  time=  6.365s  status=Exact solution     len=  0.979  endpoints_valid=True  collision=False  over_limit=False
[827] PASS  time= 10.888s  status=Exact solution     len=  4.534  endpoints_valid=True  collision=False  over_limit=False
[828] PASS  time=  8.355s  status=Exact solution     len=  5.556  endpoints_valid=True  collision=False  over_limit=False
[829] PASS  time=  4.674s  status=Exact solution     len=  1.389  endpoints_valid=True  collision=False  over_limit=False
[830] PASS  time=  6.314s  status=Exact solution     len=  6.916  endpoints_valid=True  collision=False  over_limit=False
[831] PASS  time= 21.987s  status=Exact solution     len=  2.752  endpoints_valid=True  collision=False  over_limit=False
[832] PASS  time=  6.545s  status=Exact solution     len=  3.775  endpoints_valid=True  collision=False  over_limit=False
[833] PASS  time=  9.607s  status=Exact solution     len=  6.029  endpoints_valid=True  collision=False  over_limit=False
[834] PASS  time=  0.097s  status=Exact solution     len=  0.537  endpoints_valid=True  collision=False  over_limit=False
[835] PASS  time=  3.531s  status=Exact solution     len=  1.402  endpoints_valid=True  collision=False  over_limit=False
[836] PASS  time=  0.056s  status=Exact solution     len=  0.596  endpoints_valid=True  collision=False  over_limit=False
[837] PASS  time= 28.884s  status=Exact solution     len=  5.919  endpoints_valid=True  collision=False  over_limit=False
[838] FAIL  time= 30.435s  status=Timeout            len=    nan  endpoints_valid=True  collision=False  over_limit=True
[839] PASS  time= 13.386s  status=Exact solution     len= 14.659  endpoints_valid=True  collision=False  over_limit=False
[840] PASS  time= 15.706s  status=Exact solution     len=  5.439  endpoints_valid=True  collision=False  over_limit=False
[841] PASS  time= 18.577s  status=Exact solution     len=  8.481  endpoints_valid=True  collision=False  over_limit=False
[842] PASS  time=  8.562s  status=Exact solution     len=  4.188  endpoints_valid=True  collision=False  over_limit=False
[843] PASS  time= 14.068s  status=Exact solution     len= 13.988  endpoints_valid=True  collision=False  over_limit=False
[844] PASS  time= 11.504s  status=Exact solution     len=  4.270  endpoints_valid=True  collision=False  over_limit=False
[845] PASS  time= 21.892s  status=Exact solution     len=  7.620  endpoints_valid=True  collision=False  over_limit=False
[846] PASS  time= 16.532s  status=Exact solution     len=  5.829  endpoints_valid=True  collision=False  over_limit=False
[847] PASS  time=  2.162s  status=Exact solution     len=  2.438  endpoints_valid=True  collision=False  over_limit=False
[848] PASS  time=  9.114s  status=Exact solution     len= 10.099  endpoints_valid=True  collision=False  over_limit=False
[849] PASS  time=  0.506s  status=Exact solution     len=  2.136  endpoints_valid=True  collision=False  over_limit=False
[850] PASS  time=  7.551s  status=Exact solution     len=  6.022  endpoints_valid=True  collision=False  over_limit=False
[851] PASS  time= 14.819s  status=Exact solution     len=  4.689  endpoints_valid=True  collision=False  over_limit=False
[852] PASS  time= 11.675s  status=Exact solution     len=  5.541  endpoints_valid=True  collision=False  over_limit=False
[853] PASS  time=  0.554s  status=Exact solution     len=  0.917  endpoints_valid=True  collision=False  over_limit=False
[854] PASS  time=  6.342s  status=Exact solution     len=  5.676  endpoints_valid=True  collision=False  over_limit=False
[855] PASS  time= 14.110s  status=Exact solution     len=  7.541  endpoints_valid=True  collision=False  over_limit=False
[856] PASS  time= 14.126s  status=Exact solution     len=  9.490  endpoints_valid=True  collision=False  over_limit=False
[857] PASS  time= 15.029s  status=Exact solution     len=  5.815  endpoints_valid=True  collision=False  over_limit=False
[858] PASS  time=  5.677s  status=Exact solution     len=  5.540  endpoints_valid=True  collision=False  over_limit=False
[859] PASS  time=  2.258s  status=Exact solution     len=  4.115  endpoints_valid=True  collision=False  over_limit=False
[860] PASS  time= 10.807s  status=Exact solution     len= 12.111  endpoints_valid=True  collision=False  over_limit=False
[861] PASS  time=  7.382s  status=Exact solution     len=  8.303  endpoints_valid=True  collision=False  over_limit=False
[862] PASS  time= 24.013s  status=Exact solution     len=  8.244  endpoints_valid=True  collision=False  over_limit=False
[863] PASS  time= 15.736s  status=Exact solution     len=  5.470  endpoints_valid=True  collision=False  over_limit=False
[864] PASS  time=  5.654s  status=Exact solution     len=  2.328  endpoints_valid=True  collision=False  over_limit=False
[865] PASS  time=  6.383s  status=Exact solution     len=  8.065  endpoints_valid=True  collision=False  over_limit=False
[866] PASS  time= 22.035s  status=Exact solution     len= 10.648  endpoints_valid=True  collision=False  over_limit=False
[867] PASS  time= 28.271s  status=Exact solution     len=  6.157  endpoints_valid=True  collision=False  over_limit=False
[868] PASS  time=  4.171s  status=Exact solution     len=  4.564  endpoints_valid=True  collision=False  over_limit=False
[869] PASS  time=  3.909s  status=Exact solution     len=  8.544  endpoints_valid=True  collision=False  over_limit=False
[870] PASS  time=  4.586s  status=Exact solution     len=  6.238  endpoints_valid=True  collision=False  over_limit=False
[871] PASS  time= 15.865s  status=Exact solution     len=  2.872  endpoints_valid=True  collision=False  over_limit=False
[872] PASS  time= 11.486s  status=Exact solution     len=  2.912  endpoints_valid=True  collision=False  over_limit=False
[873] PASS  time=  9.121s  status=Exact solution     len=  5.531  endpoints_valid=True  collision=False  over_limit=False
[874] PASS  time=  5.512s  status=Exact solution     len=  4.940  endpoints_valid=True  collision=False  over_limit=False
[875] PASS  time= 11.670s  status=Exact solution     len= 11.264  endpoints_valid=True  collision=False  over_limit=False
[876] PASS  time=  0.366s  status=Exact solution     len=  0.533  endpoints_valid=True  collision=False  over_limit=False
[877] PASS  time= 18.112s  status=Exact solution     len=  7.988  endpoints_valid=True  collision=False  over_limit=False
[878] PASS  time=  5.116s  status=Exact solution     len=  4.739  endpoints_valid=True  collision=False  over_limit=False
[879] PASS  time=  7.805s  status=Exact solution     len=  5.120  endpoints_valid=True  collision=False  over_limit=False
[880] FAIL  time= 30.052s  status=Exact solution     len=  5.574  endpoints_valid=True  collision=False  over_limit=True
[881] PASS  time=  0.262s  status=Exact solution     len=  0.556  endpoints_valid=True  collision=False  over_limit=False
[882] PASS  time= 12.135s  status=Exact solution     len=  4.827  endpoints_valid=True  collision=False  over_limit=False
[883] PASS  time= 16.580s  status=Exact solution     len=  4.608  endpoints_valid=True  collision=False  over_limit=False
[884] PASS  time=  0.688s  status=Exact solution     len=  1.570  endpoints_valid=True  collision=False  over_limit=False
[885] PASS  time=  9.584s  status=Exact solution     len=  4.201  endpoints_valid=True  collision=False  over_limit=False
[886] PASS  time= 13.283s  status=Exact solution     len=  6.319  endpoints_valid=True  collision=False  over_limit=False
[887] PASS  time=  6.871s  status=Exact solution     len=  9.476  endpoints_valid=True  collision=False  over_limit=False
[888] PASS  time=  2.529s  status=Exact solution     len=  3.943  endpoints_valid=True  collision=False  over_limit=False
[889] PASS  time=  6.001s  status=Exact solution     len=  4.035  endpoints_valid=True  collision=False  over_limit=False
[890] PASS  time=  4.649s  status=Exact solution     len=  6.695  endpoints_valid=True  collision=False  over_limit=False
[891] PASS  time=  2.892s  status=Exact solution     len=  4.383  endpoints_valid=True  collision=False  over_limit=False
[892] PASS  time= 17.260s  status=Exact solution     len=  6.216  endpoints_valid=True  collision=False  over_limit=False
[893] PASS  time= 16.418s  status=Exact solution     len=  7.225  endpoints_valid=True  collision=False  over_limit=False
[894] PASS  time= 20.153s  status=Exact solution     len=  8.815  endpoints_valid=True  collision=False  over_limit=False
[895] PASS  time=  1.526s  status=Exact solution     len=  1.961  endpoints_valid=True  collision=False  over_limit=False
[896] PASS  time= 11.827s  status=Exact solution     len=  4.083  endpoints_valid=True  collision=False  over_limit=False
[897] FAIL  time= 31.285s  status=Timeout            len=    nan  endpoints_valid=True  collision=False  over_limit=True
[898] PASS  time= 13.437s  status=Exact solution     len=  7.644  endpoints_valid=True  collision=False  over_limit=False
[899] FAIL  time= 30.135s  status=Timeout            len=    nan  endpoints_valid=True  collision=False  over_limit=True
[900] PASS  time=  1.717s  status=Exact solution     len=  3.070  endpoints_valid=True  collision=False  over_limit=False
[901] PASS  time=  0.031s  status=Exact solution     len=  0.609  endpoints_valid=True  collision=False  over_limit=False
[902] PASS  time=  6.441s  status=Exact solution     len=  7.897  endpoints_valid=True  collision=False  over_limit=False
[903] PASS  time=  6.846s  status=Exact solution     len=  4.591  endpoints_valid=True  collision=False  over_limit=False
[904] PASS  time=  2.036s  status=Exact solution     len=  3.400  endpoints_valid=True  collision=False  over_limit=False
[905] PASS  time=  1.888s  status=Exact solution     len=  2.908  endpoints_valid=True  collision=False  over_limit=False
[906] FAIL  time= 30.060s  status=Timeout            len=    nan  endpoints_valid=True  collision=False  over_limit=True
[907] PASS  time= 10.581s  status=Exact solution     len=  5.259  endpoints_valid=True  collision=False  over_limit=False
[908] PASS  time= 12.944s  status=Exact solution     len=  4.148  endpoints_valid=True  collision=False  over_limit=False
[909] PASS  time= 13.635s  status=Exact solution     len=  2.521  endpoints_valid=True  collision=False  over_limit=False
[910] PASS  time=  0.085s  status=Exact solution     len=  0.354  endpoints_valid=True  collision=False  over_limit=False
[911] PASS  time= 14.795s  status=Exact solution     len=  4.879  endpoints_valid=True  collision=False  over_limit=False
[912] PASS  time= 11.780s  status=Exact solution     len=  4.913  endpoints_valid=True  collision=False  over_limit=False
[913] PASS  time= 18.366s  status=Exact solution     len=  7.212  endpoints_valid=True  collision=False  over_limit=False
[914] PASS  time=  1.189s  status=Exact solution     len=  3.847  endpoints_valid=True  collision=False  over_limit=False
[915] PASS  time=  7.214s  status=Exact solution     len=  6.320  endpoints_valid=True  collision=False  over_limit=False
[916] PASS  time=  9.294s  status=Exact solution     len=  6.821  endpoints_valid=True  collision=False  over_limit=False
[917] PASS  time= 13.251s  status=Exact solution     len=  6.176  endpoints_valid=True  collision=False  over_limit=False
[918] PASS  time=  0.239s  status=Exact solution     len=  0.581  endpoints_valid=True  collision=False  over_limit=False
[919] FAIL  time= 30.002s  status=Exact solution     len=  5.823  endpoints_valid=True  collision=False  over_limit=True
[920] PASS  time= 12.436s  status=Exact solution     len=  4.999  endpoints_valid=True  collision=False  over_limit=False
[921] PASS  time=  7.877s  status=Exact solution     len=  6.101  endpoints_valid=True  collision=False  over_limit=False
[922] PASS  time=  7.803s  status=Exact solution     len= 12.669  endpoints_valid=True  collision=False  over_limit=False
[923] PASS  time=  1.297s  status=Exact solution     len=  2.876  endpoints_valid=True  collision=False  over_limit=False
[924] FAIL  time= 30.792s  status=Timeout            len=    nan  endpoints_valid=True  collision=False  over_limit=True
[925] PASS  time=  6.374s  status=Exact solution     len=  8.201  endpoints_valid=True  collision=False  over_limit=False
[926] PASS  time=  7.844s  status=Exact solution     len=  6.247  endpoints_valid=True  collision=False  over_limit=False
[927] PASS  time=  0.206s  status=Exact solution     len=  0.536  endpoints_valid=True  collision=False  over_limit=False
[928] PASS  time=  9.210s  status=Exact solution     len=  5.700  endpoints_valid=True  collision=False  over_limit=False
[929] PASS  time=  6.147s  status=Exact solution     len=  6.660  endpoints_valid=True  collision=False  over_limit=False
[930] PASS  time= 19.187s  status=Exact solution     len=  7.933  endpoints_valid=True  collision=False  over_limit=False
[931] PASS  time= 24.701s  status=Exact solution     len=  8.789  endpoints_valid=True  collision=False  over_limit=False
[932] PASS  time= 20.987s  status=Exact solution     len=  2.670  endpoints_valid=True  collision=False  over_limit=False
[933] PASS  time= 13.102s  status=Exact solution     len= 14.340  endpoints_valid=True  collision=False  over_limit=False
[934] PASS  time= 18.461s  status=Exact solution     len=  4.909  endpoints_valid=True  collision=False  over_limit=False
[935] PASS  time= 25.981s  status=Exact solution     len= 14.641  endpoints_valid=True  collision=False  over_limit=False
[936] PASS  time=  7.223s  status=Exact solution     len=  4.860  endpoints_valid=True  collision=False  over_limit=False
[937] PASS  time= 25.532s  status=Exact solution     len= 15.118  endpoints_valid=True  collision=False  over_limit=False
[938] PASS  time= 12.082s  status=Exact solution     len=  5.824  endpoints_valid=True  collision=False  over_limit=False
[939] PASS  time=  1.798s  status=Exact solution     len=  1.419  endpoints_valid=True  collision=False  over_limit=False
[940] PASS  time= 10.295s  status=Exact solution     len=  7.258  endpoints_valid=True  collision=False  over_limit=False
[941] PASS  time=  5.742s  status=Exact solution     len=  9.890  endpoints_valid=True  collision=False  over_limit=False
[942] PASS  time= 24.716s  status=Exact solution     len=  5.646  endpoints_valid=True  collision=False  over_limit=False
[943] FAIL  time= 30.160s  status=Timeout            len=    nan  endpoints_valid=True  collision=False  over_limit=True
[944] PASS  time=  8.717s  status=Exact solution     len=  6.318  endpoints_valid=True  collision=False  over_limit=False
[945] PASS  time=  9.968s  status=Exact solution     len=  2.135  endpoints_valid=True  collision=False  over_limit=False
[946] PASS  time= 16.838s  status=Exact solution     len=  8.765  endpoints_valid=True  collision=False  over_limit=False
[947] PASS  time=  3.570s  status=Exact solution     len=  3.831  endpoints_valid=True  collision=False  over_limit=False
[948] PASS  time= 28.770s  status=Exact solution     len=  2.489  endpoints_valid=True  collision=False  over_limit=False
[949] PASS  time=  9.801s  status=Exact solution     len=  5.595  endpoints_valid=True  collision=False  over_limit=False
[950] PASS  time=  7.291s  status=Exact solution     len=  6.346  endpoints_valid=True  collision=False  over_limit=False
[951] PASS  time=  0.363s  status=Exact solution     len=  0.936  endpoints_valid=True  collision=False  over_limit=False
[952] PASS  time=  7.117s  status=Exact solution     len= 10.218  endpoints_valid=True  collision=False  over_limit=False
[953] PASS  time=  9.573s  status=Exact solution     len=  3.743  endpoints_valid=True  collision=False  over_limit=False
[954] PASS  time= 15.265s  status=Exact solution     len=  7.572  endpoints_valid=True  collision=False  over_limit=False
[955] PASS  time= 11.257s  status=Exact solution     len=  6.347  endpoints_valid=True  collision=False  over_limit=False
[956] FAIL  time= 30.068s  status=Timeout            len=    nan  endpoints_valid=True  collision=False  over_limit=True
[957] PASS  time=  0.062s  status=Exact solution     len=  0.545  endpoints_valid=True  collision=False  over_limit=False
[958] PASS  time= 14.090s  status=Exact solution     len=  7.556  endpoints_valid=True  collision=False  over_limit=False
[959] PASS  time= 17.831s  status=Exact solution     len=  1.202  endpoints_valid=True  collision=False  over_limit=False
[960] PASS  time= 12.629s  status=Exact solution     len=  5.486  endpoints_valid=True  collision=False  over_limit=False
[961] PASS  time=  8.176s  status=Exact solution     len=  4.663  endpoints_valid=True  collision=False  over_limit=False
[962] PASS  time=  4.508s  status=Exact solution     len=  2.769  endpoints_valid=True  collision=False  over_limit=False
[963] PASS  time=  8.128s  status=Exact solution     len=  5.560  endpoints_valid=True  collision=False  over_limit=False
[964] PASS  time= 12.557s  status=Exact solution     len=  5.732  endpoints_valid=True  collision=False  over_limit=False
[965] PASS  time= 17.171s  status=Exact solution     len=  7.480  endpoints_valid=True  collision=False  over_limit=False
[966] PASS  time= 12.403s  status=Exact solution     len=  4.874  endpoints_valid=True  collision=False  over_limit=False
[967] FAIL  time= 30.119s  status=Timeout            len=    nan  endpoints_valid=True  collision=False  over_limit=True
[968] PASS  time=  0.291s  status=Exact solution     len=  1.502  endpoints_valid=True  collision=False  over_limit=False
[969] PASS  time=  0.774s  status=Exact solution     len=  1.097  endpoints_valid=True  collision=False  over_limit=False
[970] PASS  time= 12.105s  status=Exact solution     len=  5.947  endpoints_valid=True  collision=False  over_limit=False
[971] PASS  time=  5.179s  status=Exact solution     len=  2.174  endpoints_valid=True  collision=False  over_limit=False
[972] PASS  time=  2.813s  status=Exact solution     len=  7.419  endpoints_valid=True  collision=False  over_limit=False
[973] PASS  time=  5.660s  status=Exact solution     len=  5.654  endpoints_valid=True  collision=False  over_limit=False
[974] PASS  time= 13.760s  status=Exact solution     len=  7.811  endpoints_valid=True  collision=False  over_limit=False
[975] PASS  time= 12.641s  status=Exact solution     len= 13.221  endpoints_valid=True  collision=False  over_limit=False
[976] PASS  time=  2.891s  status=Exact solution     len=  1.277  endpoints_valid=True  collision=False  over_limit=False
[977] PASS  time=  7.863s  status=Exact solution     len=  4.678  endpoints_valid=True  collision=False  over_limit=False
[978] PASS  time= 16.340s  status=Exact solution     len=  6.853  endpoints_valid=True  collision=False  over_limit=False
[979] FAIL  time= 30.135s  status=Timeout            len=    nan  endpoints_valid=True  collision=False  over_limit=True
[980] PASS  time= 22.046s  status=Exact solution     len=  3.428  endpoints_valid=True  collision=False  over_limit=False
[981] PASS  time= 16.809s  status=Exact solution     len=  4.517  endpoints_valid=True  collision=False  over_limit=False
[982] FAIL  time= 30.453s  status=Timeout            len=    nan  endpoints_valid=True  collision=False  over_limit=True
[983] PASS  time= 15.549s  status=Exact solution     len=  3.842  endpoints_valid=True  collision=False  over_limit=False
[984] PASS  time=  2.824s  status=Exact solution     len=  1.922  endpoints_valid=True  collision=False  over_limit=False
[985] PASS  time= 15.217s  status=Exact solution     len=  8.973  endpoints_valid=True  collision=False  over_limit=False
[986] PASS  time=  8.643s  status=Exact solution     len=  3.156  endpoints_valid=True  collision=False  over_limit=False
[987] PASS  time=  2.333s  status=Exact solution     len=  4.679  endpoints_valid=True  collision=False  over_limit=False
[988] PASS  time=  8.757s  status=Exact solution     len=  3.864  endpoints_valid=True  collision=False  over_limit=False
[989] PASS  time=  3.638s  status=Exact solution     len=  5.501  endpoints_valid=True  collision=False  over_limit=False
[990] PASS  time=  3.341s  status=Exact solution     len=  7.131  endpoints_valid=True  collision=False  over_limit=False
[991] PASS  time= 26.785s  status=Exact solution     len= 10.526  endpoints_valid=True  collision=False  over_limit=False
[992] PASS  time=  6.765s  status=Exact solution     len=  6.493  endpoints_valid=True  collision=False  over_limit=False
[993] PASS  time=  3.804s  status=Exact solution     len=  1.565  endpoints_valid=True  collision=False  over_limit=False
[994] FAIL  time= 30.894s  status=Timeout            len=    nan  endpoints_valid=True  collision=False  over_limit=True
[995] PASS  time= 19.620s  status=Exact solution     len=  3.576  endpoints_valid=True  collision=False  over_limit=False
[996] PASS  time=  3.180s  status=Exact solution     len=  4.568  endpoints_valid=True  collision=False  over_limit=False
[997] PASS  time= 17.335s  status=Exact solution     len=  8.953  endpoints_valid=True  collision=False  over_limit=False
[998] PASS  time=  0.958s  status=Exact solution     len=  2.152  endpoints_valid=True  collision=False  over_limit=False
[999] PASS  time=  5.168s  status=Exact solution     len= 10.196  endpoints_valid=True  collision=False  over_limit=False

shape                     : datasets/3dshape/Vshape3d.obj
environment               : datasets/3dshape/env4.obj
data_path                 : testing_data/3dshape/Vshape3d_env4
planner                   : LazyPRM (OMPL, SE(3))
roadmap                   : cleared per case
time_limit_per_case       : 30.000 s  (a case over this = fail)
path_simplification       : off

test_cases_total          : 1000
invalid_start_or_goal     : 0  (excluded, unplannable)
test_cases_scored         : 1000  [valid start+goal only]
successes                 : 894
failures                  : 106
  no_solution_in_time     : 96
  over_time_limit         : 10
  path_in_collision       : 0
success_rate              : 0.8940  (89.4%)  [894/1000]

time_mean                 : 12.6058 s   [all 1000 scored cases]
time_std                  : 9.4000 s
time_mean_successful      : 10.4968 s   [894 successful cases]
time_std_successful       : 7.5376 s
time_median               : 10.9287 s

path_length_mean          : 5.3804   [894 successful cases]
path_length_std           : 3.1069
path_length_total         : 4810.0490

total_time                : 12605.76 s
collision_checks          : 2392726

Wrote results/ompl_lazyprm/Vshape3d_env4/lazy_prm_success_rate.txt
Wrote results/ompl_lazyprm/Vshape3d_env4/lazy_prm_cases.csv
